"Sample","ID","MortYear","GMU","Region"
"CluIDFG21G_0001","C113914",2018,"1","panhandle"
"CluIDFG21G_0002","C113915",2018,"1","panhandle"
"CluIDFG21G_0003","C113916",2018,"1","panhandle"
"CluIDFG21G_0004","C113917",2018,"1","panhandle"
"CluIDFG21G_0005","C113918",2018,"1","panhandle"
"CluIDFG21G_0006","C113919",2018,"1","panhandle"
"CluIDFG21G_0007","C113920",2018,"1","panhandle"
"CluIDFG21G_0008","C113940",2017,"1","panhandle"
"CluIDFG21G_0009","C113942",2017,"1","panhandle"
"CluIDFG21G_0010","C113943",2017,"1","panhandle"
"CluIDFG21G_0011","C113944",2017,"1","panhandle"
"CluIDFG21G_0012","C113945",2017,"1","panhandle"
"CluIDFG21G_0013","C113946",2017,"1","panhandle"
"CluIDFG21G_0014","C113947",2017,"1","panhandle"
"CluIDFG21G_0015","C113949",2017,"1","panhandle"
"CluIDFG21G_0016","C113950",2018,"1","panhandle"
"CluIDFG21G_0017","C115042",2017,"4","panhandle"
"CluIDFG21G_0018","C115044",2017,"4","panhandle"
"CluIDFG21G_0019","C115045",2017,"4","panhandle"
"CluIDFG21G_0020","C115048",2017,"6","panhandle"
"CluIDFG21G_0021","C116276",2017,"1","panhandle"
"CluIDFG21G_0022","C116278",2017,"4","panhandle"
"CluIDFG21G_0023","C116280",2017,"4","panhandle"
"CluIDFG21G_0024","C116281",2017,"4","panhandle"
"CluIDFG21G_0025","C116282",2017,"4","panhandle"
"CluIDFG21G_0026","C116284",2017,"4","panhandle"
"CluIDFG21G_0027","C116285",2017,"4","panhandle"
"CluIDFG21G_0028","C116286",2017,"4","panhandle"
"CluIDFG21G_0029","C116287",2017,"4","panhandle"
"CluIDFG21G_0030","C116288",2017,"4","panhandle"
"CluIDFG21G_0031","C116289",2018,"1","panhandle"
"CluIDFG21G_0032","C116357",2018,"1","panhandle"
"CluIDFG21G_0033","C117537",2017,"18","clearwater"
"CluIDFG21G_0034","C117538",2017,"23","southwest"
"CluIDFG21G_0035","C117539",2017,"15","clearwater"
"CluIDFG21G_0036","C117540",2017,"15","clearwater"
"CluIDFG21G_0037","C117541",2018,"18","clearwater"
"CluIDFG21G_0038","C117559",2017,"10","clearwater"
"CluIDFG21G_0039","C117562",2017,"10","clearwater"
"CluIDFG21G_0040","C117565",2017,"8","clearwater"
"CluIDFG21G_0041","C117566",2017,"8","clearwater"
"CluIDFG21G_0042","C117567",2018,"10","clearwater"
"CluIDFG21G_0043","C117687",2017,"50","upper_snake"
"CluIDFG21G_0044","C117804",2017,"44","magic_valley"
"CluIDFG21G_0045","C117805",2018,"44","magic_valley"
"CluIDFG21G_0046","C117806",2018,"44","magic_valley"
"CluIDFG21G_0047","C117807",2018,"44","magic_valley"
"CluIDFG21G_0048","C117809",2018,"44","magic_valley"
"CluIDFG21G_0049","C117810",2018,"45","magic_valley"
"CluIDFG21G_0050","C117827",2017,"32","southwest"
"CluIDFG21G_0051","C117833",2017,"33","southwest"
"CluIDFG21G_0052","C117835",2017,"33","southwest"
"CluIDFG21G_0053","C117844",2018,"39","southwest"
"CluIDFG21G_0054","C117846",2018,"29","salmon"
"CluIDFG21G_0055","C117847",2018,"24","southwest"
"CluIDFG21G_0056","C117872",2017,"37","salmon"
"CluIDFG21G_0057","C117874",2017,"37","salmon"
"CluIDFG21G_0058","C118380",2018,"48","magic_valley"
"CluIDFG21G_0059","C118381",2018,"48","magic_valley"
"CluIDFG21G_0060","C118431",2017,"43","magic_valley"
"CluIDFG21G_0061","C119210",2017,"14","clearwater"
"CluIDFG21G_0062","C119354",2017,"36","salmon"
"CluIDFG21G_0063","C119355",2017,"36","salmon"
"CluIDFG21G_0064","C119358",2017,"27","salmon"
"CluIDFG21G_0065","C119788",2017,"14","clearwater"
"CluIDFG21G_0066","C119917",2018,"35","southwest"
"CluIDFG21G_0067","C120481",2017,"65","upper_snake"
"CluIDFG21G_0068","C120483",2018,"62","upper_snake"
"CluIDFG21G_0069","C120484",2018,"62","upper_snake"
"CluIDFG21G_0070","C120485",2018,"62","upper_snake"
"CluIDFG21G_0071","C120520",2017,"62","upper_snake"
"CluIDFG21G_0072","C121156",2016,"39","southwest"
"CluIDFG21G_0073","C122354",2018,"36","salmon"
"CluIDFG21G_0074","C122503",2018,"49","magic_valley"
"CluIDFG21G_0075","C122654",2017,"44","magic_valley"
"CluIDFG21G_0076","C122673",2017,"50","upper_snake"
"CluIDFG21G_0077","C123137",2017,"27","salmon"
"CluIDFG21G_0078","C123140",2018,"36","salmon"
"CluIDFG21G_0079","C123142",2018,"36","salmon"
"CluIDFG21G_0080","C123143",2018,"27","salmon"
"CluIDFG21G_0081","C123494",2017,"14","clearwater"
"CluIDFG21G_0082","C123495",2017,"14","clearwater"
"CluIDFG21G_0083","C123496",2017,"15","clearwater"
"CluIDFG21G_0084","C123497",2017,"14","clearwater"
"CluIDFG21G_0085","C123500",2018,"14","clearwater"
"CluIDFG21G_0086","C123787",2017,"10","clearwater"
"CluIDFG21G_0087","C124030",2018,"10","clearwater"
"CluIDFG21G_0088","C124403",2017,"43","magic_valley"
"CluIDFG21G_0089","C123750",2018,"26","southwest"
"CluIDFG21G_0090","C123783",2017,"36","salmon"
"CluIDFG21G_0091","C124406",2017,"34","southwest"
"CluIDFG21G_0092","C124411",2017,"39","southwest"
"CluIDFG21G_0093","C124412",2017,"39","southwest"
"CluIDFG21G_0094","C124415",2018,"39","southwest"
"CluIDFG21G_0095","C124420",2018,"35","southwest"
"NTCTray1",NA,NA,NA,NA
"CluIDFG21G_0096","C134010",2019,"65","upper_snake"
"CluIDFG21G_0097","C073526",2019,"59","upper_snake"
"CluIDFG21G_0098","C139691",2019,"23","southwest"
"CluIDFG21G_0099","C135348",2019,"51","upper_snake"
"CluIDFG21G_0100","C143632",2020,"24","southwest"
"CluIDFG21G_0101","C133113",2019,"23","southwest"
"CluIDFG21G_0102","C143633",2020,"32","southwest"
"CluIDFG21G_0103","C138114",2019,"6","panhandle"
"CluIDFG21G_0104","C131313",2019,"10","clearwater"
"CluIDFG21G_0105","C137760",2020,"33","southwest"
"CluIDFG21G_0106","C139685",2019,"33","southwest"
"CluIDFG21G_0107","C142804",2019,"6","panhandle"
"CluIDFG21G_0108","C142803",2019,"6","panhandle"
"CluIDFG21G_0109","C125106",2018,"24","southwest"
"CluIDFG21G_0110","C107369",2018,"34","southwest"
"CluIDFG21G_0111","C130354",2019,"44","magic_valley"
"CluIDFG21G_0112","C130355",2019,"44","magic_valley"
"CluIDFG21G_0113","C127281",2018,"29","salmon"
"CluIDFG21G_0114","C112804",2018,"4","panhandle"
"CluIDFG21G_0115","C137488",2019,"4","panhandle"
"CluIDFG21G_0116","C136326",2018,"17","clearwater"
"CluIDFG21G_0117","C125110",2018,"24","southwest"
"CluIDFG21G_0118","C022524",2019,"50","upper_snake"
"CluIDFG21G_0119","C125123",2019,"39","southwest"
"CluIDFG21G_0120","C136068",2018,"10","clearwater"
"CluIDFG21G_0121","C103375",2019,"50","upper_snake"
"CluIDFG21G_0122","C133305",2018,"6","panhandle"
"CluIDFG21G_0123","C133310",2018,"6","panhandle"
"CluIDFG21G_0124","C022525",2019,"50","upper_snake"
"CluIDFG21G_0125","C127208",2018,"27","salmon"
"CluIDFG21G_0126","C127348",2018,"36","salmon"
"CluIDFG21G_0127","C138618",2019,"17","clearwater"
"CluIDFG21G_0128","C139173",2019,"39","southwest"
"CluIDFG21G_0129","C117778",2018,"50","upper_snake"
"CluIDFG21G_0130","C133312",2018,"6","panhandle"
"CluIDFG21G_0131","C133315",2018,"7","panhandle"
"CluIDFG21G_0132","C139200",2019,"27","salmon"
"CluIDFG21G_0133","C137654",2018,"27","salmon"
"CluIDFG21G_0134","C122683",2019,"35","southwest"
"CluIDFG21G_0135","C073681",2019,"39","southwest"
"CluIDFG21G_0136","C139676",2019,"22","southwest"
"CluIDFG21G_0137","C073510",2019,"64","upper_snake"
"CluIDFG21G_0138","C073506",2019,"64","upper_snake"
"CluIDFG21G_0139","C133935",2019,"62","upper_snake"
"CluIDFG21G_0140","C117812",2019,"45","magic_valley"
"CluIDFG21G_0141","C073508",2019,"64","upper_snake"
"NTCTray2",NA,NA,NA,NA
"CluIDFG21G_0142","C127309",2018,"17","clearwater"
"CluIDFG21G_0143","C127341",2018,"17","clearwater"
"CluIDFG21G_0144","C127344",2018,"36","salmon"
"CluIDFG21G_0145","C127346",2018,"28","salmon"
"CluIDFG21G_0146","C127405",2018,"50","upper_snake"
"CluIDFG21G_0147","C128631",2018,"10","clearwater"
"CluIDFG21G_0148","C128633",2018,"10","clearwater"
"CluIDFG21G_0149","C128634",2018,"10","clearwater"
"CluIDFG21G_0150","C128635",2018,"10","clearwater"
"CluIDFG21G_0151","C129411",2018,"61","upper_snake"
"CluIDFG21G_0152","C115491",2018,"36","salmon"
"CluIDFG21G_0153","C115492",2018,"36","salmon"
"CluIDFG21G_0154","C115493",2018,"36","salmon"
"CluIDFG21G_0155","C115495",2018,"49","magic_valley"
"CluIDFG21G_0156","C115496",2018,"44","magic_valley"
"CluIDFG21G_0157","C115497",2018,"44","magic_valley"
"CluIDFG21G_0158","C115498",2018,"44","magic_valley"
"CluIDFG21G_0159","C117545",2018,"18","clearwater"
"CluIDFG21G_0160","C116167",2018,"20","clearwater"
"CluIDFG21G_0161","C116173",2018,"39","southwest"
"CluIDFG21G_0162","C116174",2018,"25","southwest"
"CluIDFG21G_0163","C116362",2018,"1","panhandle"
"CluIDFG21G_0164","C116363",2018,"1","panhandle"
"CluIDFG21G_0165","C116364",2018,"1","panhandle"
"CluIDFG21G_0166","C117544",2018,"18","clearwater"
"CluIDFG21G_0167","C116163",2018,"32","southwest"
"CluIDFG21G_0168","C117546",2018,"10","clearwater"
"CluIDFG21G_0169","C117547",2018,"18","clearwater"
"CluIDFG21G_0170","C117548",2018,"10","clearwater"
"CluIDFG21G_0171","C117779",2018,"28","salmon"
"CluIDFG21G_0172","C136614",2018,"15","clearwater"
"CluIDFG21G_0173","C136618",2018,"10","clearwater"
"CluIDFG21G_0174","C136624",2019,"15","clearwater"
"CluIDFG21G_0175","C136625",2019,"8","clearwater"
"CluIDFG21G_0176","C110721",2018,"12","clearwater"
"CluIDFG21G_0177","C108665",2018,"22","southwest"
"CluIDFG21G_0178","C101996",2018,"26","southwest"
"CluIDFG21G_0179","C101997",2018,"24","southwest"
"CluIDFG21G_0180","C081679",2018,"29","salmon"
"CluIDFG21G_0181","C081678",2018,"29","salmon"
"CluIDFG21G_0182","C081677",2018,"29","salmon"
"CluIDFG21G_0183","C081653",2018,"28","salmon"
"CluIDFG21G_0184","C117847",2018,"24","southwest"
"CluIDFG21G_0185","C117846",2018,"29","salmon"
"CluIDFG21G_0186","C117809",2018,"44","magic_valley"
"CluIDFG21G_0187","C117810",2018,"45","magic_valley"
"CluIDFG21G_0188","C117807",2018,"44","magic_valley"
"CluIDFG21G_0189","C117806",2018,"44","magic_valley"
"CluIDFG21G_0190","C117805",2018,"44","magic_valley"
"CluIDFG21G_0191","C117567",2018,"10","clearwater"
"CluIDFG21G_0192","C133750",2018,"4","panhandle"
"CluIDFG21G_0193","C134555",2018,"65","upper_snake"
"CluIDFG21G_0194","C134556",2018,"65","upper_snake"
"CluIDFG21G_0195","C135848",2018,"20","clearwater"
"CluIDFG21G_0196","C135870",2018,"20","clearwater"
"CluIDFG21G_0197","C135980",2018,"12","clearwater"
"CluIDFG21G_0198","C117543",2018,"18","clearwater"
"CluIDFG21G_0199","C124699",2018,"7","panhandle"
"CluIDFG21G_0200","C125103",2018,"24","southwest"
"CluIDFG21G_0201","C125107",2018,"39","southwest"
"CluIDFG21G_0202","C127219",2018,"17","clearwater"
"CluIDFG21G_0203","C127427",2018,"36","salmon"
"CluIDFG21G_0204","C127377",2019,"36","salmon"
"CluIDFG21G_0205","C127376",2018,"28","salmon"
"CluIDFG21G_0206","C127112",2018,"21","salmon"
"CluIDFG21G_0207","C124469",2019,"27","salmon"
"CluIDFG21G_0208","C123800",2019,"8","clearwater"
"CluIDFG21G_0209","C122683",2019,"35","southwest"
"CluIDFG21G_0210","C120265",2018,"67","upper_snake"
"CluIDFG21G_0211","C119211",2019,"15","clearwater"
"CluIDFG21G_0212","C118346",2018,"52","magic_valley"
"CluIDFG21G_0213","C116366",2018,"1","panhandle"
"CluIDFG21G_0214","C116367",2019,"1","panhandle"
"CluIDFG21G_0215","C116365",2018,"1","panhandle"
"CluIDFG21G_0216","C116295",2018,"1","panhandle"
"CluIDFG21G_0217","C116294",2018,"1","panhandle"
"CluIDFG21G_0218","C102446",2018,"6","panhandle"
"CluIDFG21G_0219","C137692",2019,"39","southwest"
"CluIDFG21G_0220","C102442",2018,"4","panhandle"
"CluIDFG21G_0221","C102441",2018,"4","panhandle"
"CluIDFG21G_0222","C101508",2018,"22","southwest"
"CluIDFG21G_0223","C101507",2018,"19","clearwater"
"CluIDFG21G_0224","C101506",2018,"23","southwest"
"CluIDFG21G_0225","C101504",2018,"15","clearwater"
"CluIDFG21G_0226","C101503",2018,"23","southwest"
"CluIDFG21G_0227","C127437",2019,"28","salmon"
"CluIDFG21G_0228","C127439",2019,"36","salmon"
"CluIDFG21G_0229","C127441",2019,"36","salmon"
"CluIDFG21G_0230","C131302",2018,"10","clearwater"
"CluIDFG21G_0231","C131303",2018,"12","clearwater"
"CluIDFG21G_0232","C131304",2018,"12","clearwater"
"CluIDFG21G_0233","C131306",2019,"12","clearwater"
"CluIDFG21G_0234","C131307",2019,"12","clearwater"
"CluIDFG21G_0235","C131308",2019,"12","clearwater"
"CluIDFG21G_0236","C131684",2018,"14","clearwater"
"CluIDFG21G_0237","C132182",2018,"25","southwest"
"CluIDFG21G_0238","C136806",2019,"10","clearwater"
"CluIDFG21G_0239","C136953",2018,"1","panhandle"
"CluIDFG21G_0240","C137481",2018,"1","panhandle"
"CluIDFG21G_0241","C137501",2018,"1","panhandle"
"CluIDFG21G_0242","C137502",2018,"1","panhandle"
"CluIDFG21G_0243","C137503",2018,"1","panhandle"
"CluIDFG21G_0244","C137504",2018,"1","panhandle"
"CluIDFG21G_0245","C137505",2018,"4","panhandle"
"CluIDFG21G_0246","C137641",2018,"39","southwest"
"CluIDFG21G_0247","C137643",2018,"33","southwest"
"CluIDFG21G_0248","C137645",2018,"20","clearwater"
"CluIDFG21G_0249","C137689",2019,"35","southwest"
"CluIDFG21G_0250","C127443",2019,"36","salmon"
"CluIDFG21G_0251","C127449",2019,"21","salmon"
"CluIDFG21G_0252","C127450",2019,"36","salmon"
"CluIDFG21G_0253","C127480",2019,"20","clearwater"
"CluIDFG21G_0254","C131309",2019,"16","clearwater"
"CluIDFG21G_0255","C131311",2019,"10","clearwater"
"CluIDFG21G_0256","C131312",2019,"10","clearwater"
"CluIDFG21G_0257","C127421",2018,"28","salmon"
"CluIDFG21G_0258","C115109",2018,"1","panhandle"
"CluIDFG21G_0259","C116290",2018,"4","panhandle"
"CluIDFG21G_0260","C127440",2019,"29","salmon"
"CluIDFG21G_0261","C116293",2018,"4","panhandle"
"CluIDFG21G_0262","C117550",2018,"13","clearwater"
"CluIDFG21G_0263","C117569",2018,"8","clearwater"
"CluIDFG21G_0264","C117570",2018,"8","clearwater"
"CluIDFG21G_0265","C119212",2019,"15","clearwater"
"CluIDFG21G_0266","C119213",2019,"20","clearwater"
"CluIDFG21G_0267","C103985",2019,"64","upper_snake"
"CluIDFG21G_0268","C102437",2018,"1","panhandle"
"CluIDFG21G_0269","C112828",2018,"7","panhandle"
"CluIDFG21G_0270","C112829",2018,"6","panhandle"
"CluIDFG21G_0271","C119336",2019,"36","salmon"
"CluIDFG21G_0272","C120205",2018,"62","upper_snake"
"CluIDFG21G_0273","C122028",2019,"28","salmon"
"CluIDFG21G_0274","C122363",2018,"48","magic_valley"
"CluIDFG21G_0275","C123750",2018,"26","southwest"
"CluIDFG21G_0276","C126490",2018,"6","panhandle"
"CluIDFG21G_0277","C126497",2018,"4","panhandle"
"CluIDFG21G_0278","C127153",2019,"36","salmon"
"CluIDFG21G_0279","C102435",2018,"4","panhandle"
"CluIDFG21G_0280","C102436",2018,"4","panhandle"
"CluIDFG21G_0281","C113298",2018,"20","clearwater"
"CluIDFG21G_0282","C113299",2018,"20","clearwater"
"CluIDFG21G_0283","C113300",2018,"20","clearwater"
"CluIDFG21G_0284","C137406",2018,"4","panhandle"
"CluIDFG21G_0285","C113923",2018,"1","panhandle"
"CluIDFG21G_0286","C113924",2018,"1","panhandle"
"CluIDFG21G_0287","C115105",2018,"1","panhandle"
"CluIDFG21G_0288","C131685",2019,"14","clearwater"
"CluIDFG21G_0289","C131686",2019,"15","clearwater"
"CluIDFG21G_0290","C133302",2018,"6","panhandle"
"CluIDFG21G_0291","C133101",2018,"13","clearwater"
"CluIDFG21G_0292","C133102",2018,"13","clearwater"
"CluIDFG21G_0293","C133303",2018,"6","panhandle"
"CluIDFG21G_0294","C133304",2018,"1","panhandle"
"CluIDFG21G_0295","C133306",2018,"1","panhandle"
"CluIDFG21G_0296","C133307",2018,"1","panhandle"
"CluIDFG21G_0297","C133311",2018,"6","panhandle"
"CluIDFG21G_0298","C133313",2018,"6","panhandle"
"CluIDFG21G_0299","C133314",2018,"4","panhandle"
"CluIDFG21G_0300","C133350",2018,"3","panhandle"
"CluIDFG21G_0301","C133795",2018,"15","clearwater"
"CluIDFG21G_0302","C134753",2018,"58","upper_snake"
"CluIDFG21G_0303","C135610",2018,"33","southwest"
"CluIDFG21G_0304","C136576",2018,"10","clearwater"
"CluIDFG21G_0305","C136577",2018,"10","clearwater"
"CluIDFG21G_0306","C136579",2018,"8","clearwater"
"CluIDFG21G_0307","C136923",2018,"6","panhandle"
"CluIDFG21G_0308","C137319",2018,"10","clearwater"
"CluIDFG21G_0309","C137326",2018,"19","clearwater"
"CluIDFG21G_0310","C137328",2018,"7","panhandle"
"CluIDFG21G_0311","C137329",2018,"7","panhandle"
"CluIDFG21G_0312","C137334",2018,"6","panhandle"
"CluIDFG21G_0313","C137335",2018,"7","panhandle"
"CluIDFG21G_0314","C137342",2018,"7","panhandle"
"CluIDFG21G_0315","C137343",2018,"7","panhandle"
"CluIDFG21G_0316","C137344",2018,"7","panhandle"
"CluIDFG21G_0317","C137345",2018,"7","panhandle"
"CluIDFG21G_0318","C137403",2018,"7","panhandle"
"CluIDFG21G_0319","C137404",2018,"5","panhandle"
"CluIDFG21G_0320","C137408",2018,"12","clearwater"
"CluIDFG21G_0321","C137428",2018,"6","panhandle"
"CluIDFG21G_0322","C137429",2018,"7","panhandle"
"CluIDFG21G_0323","C137459",2018,"1","panhandle"
"CluIDFG21G_0324","C137461",2018,"4","panhandle"
"CluIDFG21G_0325","C137462",2018,"4","panhandle"
"CluIDFG21G_0326","C137463",2018,"4","panhandle"
"CluIDFG21G_0327","C137477",2018,"1","panhandle"
"CluIDFG21G_0328","C137480",2018,"4","panhandle"
"CluIDFG21G_0329","C137655",2018,"39","southwest"
"CluIDFG21G_0330","C127420",2018,"17","clearwater"
"CluIDFG21G_0331","C136570",2018,"23","southwest"
"CluIDFG21G_0332","C137604",2018,"39","southwest"
"CluIDFG21G_0333","C136601",2018,"5","panhandle"
"CluIDFG21G_0334","C137513",2019,"6","panhandle"
"CluIDFG21G_0335","C137512",2019,"4","panhandle"
"CluIDFG21G_0336","C137511",2019,"4","panhandle"
"CluIDFG21G_0337","C137510",2019,"4","panhandle"
"CluIDFG21G_0338","C137508",2019,"4","panhandle"
"CluIDFG21G_0339","C137507",2019,"4","panhandle"
"CluIDFG21G_0340","C137506",2019,"4","panhandle"
"CluIDFG21G_0341","C137500",2019,"6","panhandle"
"CluIDFG21G_0342","C137499",2019,"2","panhandle"
"CluIDFG21G_0343","C111225",2018,"12","clearwater"
"CluIDFG21G_0344","C111224",2018,"12","clearwater"
"CluIDFG21G_0345","C111223",2018,"12","clearwater"
"CluIDFG21G_0346","C111222",2018,"12","clearwater"
"CluIDFG21G_0347","C111221",2018,"12","clearwater"
"CluIDFG21G_0348","C111220",2018,"16","clearwater"
"CluIDFG21G_0349","C111219",2018,"12","clearwater"
"CluIDFG21G_0350","C111216",2018,"15","clearwater"
"CluIDFG21G_0351","C108900",2018,"22","southwest"
"CluIDFG21G_0352","C136433",2018,"10","clearwater"
"CluIDFG21G_0353","C136931",2019,"6","panhandle"
"CluIDFG21G_0354","C136934",2019,"4","panhandle"
"CluIDFG21G_0355","C136956",2019,"1","panhandle"
"CluIDFG21G_0356","C137487",2019,"4","panhandle"
"CluIDFG21G_0357","C137490",2019,"7","panhandle"
"CluIDFG21G_0358","C137491",2019,"4","panhandle"
"CluIDFG21G_0359","C137493",2019,"4","panhandle"
"CluIDFG21G_0360","C137494",2019,"1","panhandle"
"CluIDFG21G_0361","C137495",2019,"4","panhandle"
"CluIDFG21G_0362","C137496",2019,"4","panhandle"
"CluIDFG21G_0363","C137498",2019,"4","panhandle"
"CluIDFG21G_0364","C113921",2018,"1","panhandle"
"CluIDFG21G_0365","C136329",2018,"15","clearwater"
"CluIDFG21G_0366","C136955",2018,"1","panhandle"
"CluIDFG21G_0367","C116296",2018,"1","panhandle"
"CluIDFG21G_0368","C115107",2018,"1","panhandle"
"CluIDFG21G_0369","C139151",2019,"43","magic_valley"
"CluIDFG21G_0370","C139130",2019,"35","southwest"
"CluIDFG21G_0371","C137980",2019,"1","panhandle"
"CluIDFG21G_0372","C137979",2019,"1","panhandle"
"CluIDFG21G_0373","C137978",2019,"1","panhandle"
"CluIDFG21G_0374","C137977",2019,"1","panhandle"
"CluIDFG21G_0375","C137976",2019,"1","panhandle"
"CluIDFG21G_0376","C137673",2019,"22","southwest"
"CluIDFG21G_0377","C137522",2019,"4","panhandle"
"CluIDFG21G_0378","C137521",2019,"7","panhandle"
"CluIDFG21G_0379","C137520",2019,"5","panhandle"
"CluIDFG21G_0380","C137519",2019,"4","panhandle"
"CluIDFG21G_0381","C137514",2019,"6","panhandle"
"CluIDFG21G_0382","C136930",2019,"3","panhandle"
"CluIDFG21G_0383","C136927",2019,"6","panhandle"
"CluIDFG21G_0384","C135500",2019,"1","panhandle"
"CluIDFG21G_0385","C129764",2019,"50","upper_snake"
"CluIDFG21G_0386","C108897",2018,"27","salmon"
"CluIDFG21G_0387","C125485",2019,"20","clearwater"
"CluIDFG21G_0388","C124651",2019,"1","panhandle"
"CluIDFG21G_0389","C116368",2019,"1","panhandle"
"CluIDFG21G_0390","C116300",2019,"4","panhandle"
"CluIDFG21G_0391","C116299",2019,"1","panhandle"
"CluIDFG21G_0392","C116298",2019,"1","panhandle"
"CluIDFG21G_0393","C116297",2019,"4","panhandle"
"CluIDFG21G_0394","C115112",2019,"1","panhandle"
"CluIDFG21G_0395","C106224",2019,"22","southwest"
"CluIDFG21G_0396","C104211",2019,"50","upper_snake"
"CluIDFG21G_0397","C103799",2019,"60","upper_snake"
"CluIDFG21G_0398","C103798",2019,"60","upper_snake"
"CluIDFG21G_0399","C136568",2018,"10","clearwater"
"CluIDFG21G_0400","C136567",2018,"15","clearwater"
"CluIDFG21G_0401","C136565",2018,"10","clearwater"
"CluIDFG21G_0402","C136558",2018,"10","clearwater"
"CluIDFG21G_0403","C136523",2018,"10","clearwater"
"CluIDFG21G_0404","C136522",2018,"10","clearwater"
"CluIDFG21G_0405","C136513",2018,"8","clearwater"
"CluIDFG21G_0406","C136511",2018,"10","clearwater"
"CluIDFG21G_0407","C136569",2018,"16","clearwater"
"CluIDFG21G_0408","C107365",2018,"25","southwest"
"CluIDFG21G_0409","C107361",2018,"14","clearwater"
"CluIDFG21G_0410","C107320",2018,"20","clearwater"
"CluIDFG21G_0411","C107304",2018,"23","southwest"
"CluIDFG21G_0412","C105145",2018,"15","clearwater"
"CluIDFG21G_0413","C105144",2018,"15","clearwater"
"CluIDFG21G_0414","C105141",2018,"15","clearwater"
"CluIDFG21G_0415","C101501",2018,"23","southwest"
"CluIDFG21G_0416","C073505",2018,"64","upper_snake"
"CluIDFG21G_0417","C073504",2018,"64","upper_snake"
"CluIDFG21G_0418","C136602",2018,"10","clearwater"
"CluIDFG21G_0419","C131779",2018,"14","clearwater"
"CluIDFG21G_0420","C131777",2018,"17","clearwater"
"CluIDFG21G_0421","C131427",2018,"12","clearwater"
"CluIDFG21G_0422","C130282",2018,"44","magic_valley"
"CluIDFG21G_0423","C130256",2018,"39","southwest"
"CluIDFG21G_0424","C130251",2018,"43","magic_valley"
"CluIDFG21G_0425","C129276",2018,"17","clearwater"
"CluIDFG21G_0426","C128637",2018,"10","clearwater"
"CluIDFG21G_0427","C128636",2018,"10","clearwater"
"NTCTray5",NA,NA,NA,NA
"CluIDFG21G_0428","C136070",2018,"15","clearwater"
"CluIDFG21G_0429","C136069",2018,"15","clearwater"
"CluIDFG21G_0430","C136067",2018,"10","clearwater"
"CluIDFG21G_0431","C136013",2018,"20","clearwater"
"CluIDFG21G_0432","C135702",2018,"34","southwest"
"CluIDFG21G_0433","C134667",2018,"34","southwest"
"CluIDFG21G_0434","C134589",2018,"44","magic_valley"
"CluIDFG21G_0435","C134144",2018,"44","magic_valley"
"CluIDFG21G_0436","C137631",2018,"35","southwest"
"CluIDFG21G_0437","C137626",2018,"39","southwest"
"CluIDFG21G_0438","C137622",2018,"4","panhandle"
"CluIDFG21G_0439","C137616",2018,"34","southwest"
"CluIDFG21G_0440","C137615",2018,"34","southwest"
"CluIDFG21G_0441","C136608",2018,"14","clearwater"
"CluIDFG21G_0442","C127298",2018,"27","salmon"
"CluIDFG21G_0443","C126735",2018,"6","panhandle"
"CluIDFG21G_0444","C125115",2018,"24","southwest"
"CluIDFG21G_0445","C125484",2018,"20","clearwater"
"CluIDFG21G_0446","C125483",2018,"20","clearwater"
"CluIDFG21G_0447","C125114",2018,"24","southwest"
"CluIDFG21G_0448","C124459",2018,"32","southwest"
"CluIDFG21G_0449","C123343",2018,"21","salmon"
"CluIDFG21G_0450","C123220",2018,"20","clearwater"
"CluIDFG21G_0451","C122600",2018,"43","magic_valley"
"CluIDFG21G_0452","C122347",2018,"20","clearwater"
"CluIDFG21G_0453","C122006",2018,"44","magic_valley"
"CluIDFG21G_0454","C122002",2018,"36","salmon"
"CluIDFG21G_0455","C122001",2018,"48","magic_valley"
"CluIDFG21G_0456","C119921",2018,"33","southwest"
"CluIDFG21G_0457","C119698",2018,"43","magic_valley"
"CluIDFG21G_0458","C119697",2018,"43","magic_valley"
"CluIDFG21G_0459","C118550",2018,"43","magic_valley"
"CluIDFG21G_0460","C123222",2018,"19","clearwater"
"CluIDFG21G_0461","C123221",2018,"19","clearwater"
"CluIDFG21G_0462","C108895",2018,"35","southwest"
"CluIDFG21G_0463","C108871",2018,"14","clearwater"
"CluIDFG21G_0464","C108865",2018,"35","southwest"
"CluIDFG21G_0465","C108668",2018,"24","southwest"
"CluIDFG21G_0466","C108666",2018,"24","southwest"
"CluIDFG21G_0467","C107947",2018,"14","clearwater"
"CluIDFG21G_0468","C107377",2018,"27","salmon"
"CluIDFG21G_0469","C107376",2018,"25","southwest"
"CluIDFG21G_0470","C107372",2018,"23","southwest"
"CluIDFG21G_0471","C107370",2018,"19","clearwater"
"CluIDFG21G_0472","C101519",2019,"27","salmon"
"CluIDFG21G_0473","C101522",2019,"26","southwest"
"CluIDFG21G_0474","C122509",2019,"48","magic_valley"
"CluIDFG21G_0475","C127479",2019,"36","salmon"
"CluIDFG21G_0476","C128638",2019,"10","clearwater"
"CluIDFG21G_0477","C139160",2019,"33","southwest"
"NTCTray6",NA,NA,NA,NA
"CluIDFG21G_0478","C031415",2020,"35","southwest"
"CluIDFG21G_0479","C073507",2019,"64","upper_snake"
"CluIDFG21G_0480","C073509",2019,"64","upper_snake"
"CluIDFG21G_0481","C087563",2019,"51","upper_snake"
"CluIDFG21G_0482","C087564",2019,"50","upper_snake"
"CluIDFG21G_0483","C104185",2020,"51","upper_snake"
"CluIDFG21G_0484","C104186",2020,"51","upper_snake"
"CluIDFG21G_0485","C104187",2020,"50","upper_snake"
"CluIDFG21G_0486","C104188",2020,"50","upper_snake"
"CluIDFG21G_0487","C105227",2019,"7","panhandle"
"CluIDFG21G_0488","C105234",2019,"9","panhandle"
"CluIDFG21G_0489","C105235",2019,"9","panhandle"
"CluIDFG21G_0490","C106339",2019,"43","magic_valley"
"CluIDFG21G_0491","C107384",2020,"20","clearwater"
"CluIDFG21G_0492","C107386",2020,"25","southwest"
"CluIDFG21G_0493","C108671",2020,"22","southwest"
"CluIDFG21G_0494","C108670",2019,"24","southwest"
"CluIDFG21G_0495","C109341",2019,"10","clearwater"
"CluIDFG21G_0496","C109342",2019,"10","clearwater"
"CluIDFG21G_0497","C111883",2020,"23","southwest"
"CluIDFG21G_0498","C111884",2020,"23","southwest"
"CluIDFG21G_0499","C112814",2019,"10","clearwater"
"CluIDFG21G_0500","C112879",2019,"6","panhandle"
"CluIDFG21G_0501","C113249",2020,"1","panhandle"
"CluIDFG21G_0502","C113250",2020,"1","panhandle"
"CluIDFG21G_0503","C115114",2019,"9","panhandle"
"CluIDFG21G_0504","C115115",2019,"9","panhandle"
"CluIDFG21G_0505","C115499",2019,"44","magic_valley"
"CluIDFG21G_0506","C115500",2019,"44","magic_valley"
"CluIDFG21G_0507","C116330",2019,"1","panhandle"
"CluIDFG21G_0508","C116331",2020,"1","panhandle"
"CluIDFG21G_0509","C116332",2020,"1","panhandle"
"CluIDFG21G_0510","C116333",2020,"1","panhandle"
"CluIDFG21G_0511","C116334",2020,"1","panhandle"
"CluIDFG21G_0512","C116370",2019,"1","panhandle"
"CluIDFG21G_0513","C116371",2019,"1","panhandle"
"CluIDFG21G_0514","C116372",2019,"1","panhandle"
"CluIDFG21G_0515","C116374",2019,"1","panhandle"
"CluIDFG21G_0516","C116375",2019,"1","panhandle"
"CluIDFG21G_0517","C117573",2019,"10","clearwater"
"CluIDFG21G_0518","C117574",2019,"10","clearwater"
"CluIDFG21G_0519","C117813",2019,"45","magic_valley"
"CluIDFG21G_0520","C117814",2020,"39","southwest"
"CluIDFG21G_0521","C119215",2019,"15","clearwater"
"CluIDFG21G_0522","C119216",2019,"15","clearwater"
"CluIDFG21G_0523","C119217",2019,"15","clearwater"
"CluIDFG21G_0524","C119218",2019,"12","clearwater"
"CluIDFG21G_0525","C119219",2019,"12","clearwater"
"CluIDFG21G_0526","C119220",2019,"12","clearwater"
"CluIDFG21G_0527","C119221",2019,"12","clearwater"
"CluIDFG21G_0528","C119222",2019,"15","clearwater"
"CluIDFG21G_0529","C119223",2020,"15","clearwater"
"CluIDFG21G_0530","C119224",2020,"15","clearwater"
"CluIDFG21G_0531","C119225",2020,"15","clearwater"
"CluIDFG21G_0532","C120216",2019,"65","upper_snake"
"CluIDFG21G_0533","C122123",2019,"49","magic_valley"
"CluIDFG21G_0534","C122149",2019,"43","magic_valley"
"CluIDFG21G_0535","C122176",2019,"43","magic_valley"
"CluIDFG21G_0536","C122179",2019,"44","magic_valley"
"CluIDFG21G_0537","C122180",2019,"44","magic_valley"
"CluIDFG21G_0538","C122696",2019,"49","magic_valley"
"CluIDFG21G_0539","C122903",2019,"49","magic_valley"
"CluIDFG21G_0540","C124629",2020,"4","panhandle"
"CluIDFG21G_0541","C124630",2020,"4","panhandle"
"CluIDFG21G_0542","C124652",2020,"1","panhandle"
"CluIDFG21G_0543","C124923",2019,"5","panhandle"
"CluIDFG21G_0544","C125487",2019,"21","salmon"
"CluIDFG21G_0545","C125488",2019,"21","salmon"
"CluIDFG21G_0546","C127005",2020,"36","salmon"
"CluIDFG21G_0547","C127157",2019,"28","salmon"
"CluIDFG21G_0548","C127158",2019,"28","salmon"
"CluIDFG21G_0549","C127160",2019,"36","salmon"
"CluIDFG21G_0550","C127180",2020,"36","salmon"
"CluIDFG21G_0551","C127394",2020,"21","salmon"
"CluIDFG21G_0552","C127396",2020,"27","salmon"
"CluIDFG21G_0553","C127397",2020,"27","salmon"
"CluIDFG21G_0554","C127464",2020,"21","salmon"
"CluIDFG21G_0555","C127465",2020,"21","salmon"
"CluIDFG21G_0556","C127660",2019,"17","clearwater"
"CluIDFG21G_0557","C127676",2019,"27","salmon"
"CluIDFG21G_0558","C127696",2019,"17","clearwater"
"CluIDFG21G_0559","C127697",2019,"17","clearwater"
"CluIDFG21G_0560","C127699",2019,"17","clearwater"
"CluIDFG21G_0561","C127700",2019,"17","clearwater"
"CluIDFG21G_0562","C127701",2019,"29","salmon"
"CluIDFG21G_0563","C127706",2019,"17","clearwater"
"CluIDFG21G_0564","C127707",2019,"17","clearwater"
"CluIDFG21G_0565","C127714",2019,"21","salmon"
"CluIDFG21G_0566","C127718",2019,"21","salmon"
"CluIDFG21G_0567","C127721",2019,"29","salmon"
"CluIDFG21G_0568","C127722",2019,"28","salmon"
"CluIDFG21G_0569","C127729",2019,"37","salmon"
"CluIDFG21G_0570","C127735",2019,"36","salmon"
"CluIDFG21G_0571","C127742",2019,"51","upper_snake"
"CluIDFG21G_0572","C127745",2019,"30","salmon"
"CluIDFG21G_0573","C127748",2019,"17","clearwater"
"CluIDFG21G_0574","C127749",2019,"17","clearwater"
"CluIDFG21G_0575","C127750",2019,"21","salmon"
"CluIDFG21G_0576","C127754",2020,"36","salmon"
"CluIDFG21G_0577","C127755",2020,"36","salmon"
"CluIDFG21G_0578","C127776",2019,"29","salmon"
"CluIDFG21G_0579","C127779",2019,"28","salmon"
"CluIDFG21G_0580","C127782",2020,"36","salmon"
"CluIDFG21G_0581","C127783",2020,"29","salmon"
"CluIDFG21G_0582","C127787",2020,"21","salmon"
"CluIDFG21G_0583","C127794",2020,"26","southwest"
"CluIDFG21G_0584","C127801",2020,"27","salmon"
"CluIDFG21G_0585","C127829",2020,"27","salmon"
"CluIDFG21G_0586","C129200",2019,"65","upper_snake"
"CluIDFG21G_0587","C130186",2019,"10","clearwater"
"CluIDFG21G_0588","C130352",2019,"44","magic_valley"
"CluIDFG21G_0589","C130353",2019,"44","magic_valley"
"CluIDFG21G_0590","C130356",2019,"44","magic_valley"
"CluIDFG21G_0591","C130428",2020,"49","magic_valley"
"CluIDFG21G_0592","C130429",2020,"49","magic_valley"
"CluIDFG21G_0593","C130927",2020,"12","clearwater"
"CluIDFG21G_0594","C130929",2020,"12","clearwater"
"CluIDFG21G_0595","C130930",2020,"12","clearwater"
"CluIDFG21G_0596","C131314",2019,"10","clearwater"
"CluIDFG21G_0597","C131315",2019,"10","clearwater"
"CluIDFG21G_0598","C131316",2019,"10","clearwater"
"CluIDFG21G_0599","C131317",2019,"10","clearwater"
"CluIDFG21G_0600","C131318",2019,"10","clearwater"
"CluIDFG21G_0601","C131319",2019,"10","clearwater"
"CluIDFG21G_0602","C131320",2019,"10","clearwater"
"CluIDFG21G_0603","C131321",2019,"10","clearwater"
"CluIDFG21G_0604","C131692",2019,"20","clearwater"
"CluIDFG21G_0605","C131693",2019,"15","clearwater"
"CluIDFG21G_0606","C131695",2019,"14","clearwater"
"CluIDFG21G_0607","C131696",2019,"14","clearwater"
"CluIDFG21G_0608","C131792",2019,"14","clearwater"
"CluIDFG21G_0609","C131793",2019,"14","clearwater"
"CluIDFG21G_0610","C132707",2019,"43","magic_valley"
"CluIDFG21G_0611","C132712",2019,"34","southwest"
"CluIDFG21G_0612","C132717",2019,"25","southwest"
"CluIDFG21G_0613","C132730",2019,"50","upper_snake"
"CluIDFG21G_0614","C132732",2019,"25","southwest"
"CluIDFG21G_0615","C132733",2019,"25","southwest"
"CluIDFG21G_0616","C132740",2019,"27","salmon"
"CluIDFG21G_0617","C132744",2019,"20","clearwater"
"CluIDFG21G_0618","C132747",2019,"39","southwest"
"CluIDFG21G_0619","C132753",2019,"35","southwest"
"CluIDFG21G_0620","C132757",2019,"36","salmon"
"CluIDFG21G_0621","C132766",2019,"39","southwest"
"CluIDFG21G_0622","C132767",2019,"20","clearwater"
"CluIDFG21G_0623","C132785",2019,"43","magic_valley"
"CluIDFG21G_0624","C132786",2019,"20","clearwater"
"CluIDFG21G_0625","C132787",2019,"27","salmon"
"CluIDFG21G_0626","C132793",2019,"32","southwest"
"CluIDFG21G_0627","C132808",2019,"23","southwest"
"CluIDFG21G_0628","C132831",2019,"39","southwest"
"CluIDFG21G_0629","C132832",2019,"39","southwest"
"CluIDFG21G_0630","C132833",2019,"39","southwest"
"CluIDFG21G_0631","C132917",2019,"23","southwest"
"CluIDFG21G_0632","C133106",2019,"15","clearwater"
"CluIDFG21G_0633","C133107",2019,"15","clearwater"
"CluIDFG21G_0634","C133108",2019,"15","clearwater"
"CluIDFG21G_0635","C133109",2019,"23","southwest"
"CluIDFG21G_0636","C133110",2019,"23","southwest"
"CluIDFG21G_0637","C133111",2019,"23","southwest"
"CluIDFG21G_0638","C133112",2019,"23","southwest"
"CluIDFG21G_0639","C133114",2019,"23","southwest"
"CluIDFG21G_0640","C133321",2019,"7","panhandle"
"CluIDFG21G_0641","C133322",2019,"7","panhandle"
"CluIDFG21G_0642","C133324",2019,"9","panhandle"
"CluIDFG21G_0643","C133325",2019,"7","panhandle"
"CluIDFG21G_0644","C133945",2019,"65","upper_snake"
"CluIDFG21G_0645","C134006",2019,"65","upper_snake"
"CluIDFG21G_0646","C134008",2019,"62","upper_snake"
"CluIDFG21G_0647","C134009",2019,"65","upper_snake"
"CluIDFG21G_0648","C134011",2019,"62","upper_snake"
"CluIDFG21G_0649","C134607",2019,"28","salmon"
"CluIDFG21G_0650","C134617",2020,"27","salmon"
"CluIDFG21G_0651","C134618",2020,"27","salmon"
"CluIDFG21G_0652","C134619",2020,"27","salmon"
"CluIDFG21G_0653","C134620",2019,"27","salmon"
"CluIDFG21G_0654","C134621",2020,"27","salmon"
"CluIDFG21G_0655","C134692",2020,"25","southwest"
"CluIDFG21G_0656","C134694",2020,"25","southwest"
"CluIDFG21G_0657","C135219",2019,"27","salmon"
"CluIDFG21G_0658","C136205",2019,"10","clearwater"
"CluIDFG21G_0659","C136206",2019,"10","clearwater"
"CluIDFG21G_0660","C136209",2019,"10","clearwater"
"CluIDFG21G_0661","C136210",2019,"10","clearwater"
"CluIDFG21G_0662","C136211",2019,"10","clearwater"
"CluIDFG21G_0663","C136212",2019,"12","clearwater"
"CluIDFG21G_0664","C136665",2019,"15","clearwater"
"CluIDFG21G_0665","C136669",2019,"15","clearwater"
"CluIDFG21G_0666","C136701",2019,"12","clearwater"
"CluIDFG21G_0667","C136702",2019,"15","clearwater"
"CluIDFG21G_0668","C136703",2019,"14","clearwater"
"NTCTray8",NA,NA,NA,NA
"CluIDFG21G_0669","C136705",2019,"15","clearwater"
"CluIDFG21G_0670","C136706",2019,"15","clearwater"
"CluIDFG21G_0671","C136708",2020,"15","clearwater"
"CluIDFG21G_0672","C136958",2019,"1","panhandle"
"CluIDFG21G_0673","C137351",2019,"10","clearwater"
"CluIDFG21G_0674","C137366",2019,"4","panhandle"
"CluIDFG21G_0675","C137369",2019,"4","panhandle"
"CluIDFG21G_0676","C137374",2019,"1","panhandle"
"CluIDFG21G_0677","C137527",2019,"1","panhandle"
"CluIDFG21G_0678","C137758",2020,"33","southwest"
"CluIDFG21G_0679","C137807",2019,"1","panhandle"
"CluIDFG21G_0680","C137812",2019,"1","panhandle"
"CluIDFG21G_0681","C137813",2019,"1","panhandle"
"CluIDFG21G_0682","C137814",2019,"1","panhandle"
"CluIDFG21G_0683","C137982",2019,"1","panhandle"
"CluIDFG21G_0684","C137983",2019,"4","panhandle"
"CluIDFG21G_0685","C137984",2019,"4","panhandle"
"CluIDFG21G_0686","C137985",2019,"4","panhandle"
"CluIDFG21G_0687","C137987",2019,"4","panhandle"
"CluIDFG21G_0688","C137988",2019,"4","panhandle"
"CluIDFG21G_0689","C137989",2019,"4","panhandle"
"CluIDFG21G_0690","C137990",2019,"4","panhandle"
"CluIDFG21G_0691","C137991",2019,"1","panhandle"
"CluIDFG21G_0692","C137992",2019,"4","panhandle"
"CluIDFG21G_0693","C137993",2019,"4","panhandle"
"CluIDFG21G_0694","C137994",2019,"4","panhandle"
"CluIDFG21G_0695","C137995",2019,"4","panhandle"
"CluIDFG21G_0696","C137996",2019,"4","panhandle"
"CluIDFG21G_0697","C137997",2019,"4","panhandle"
"CluIDFG21G_0698","C137998",2019,"1","panhandle"
"CluIDFG21G_0699","C138000",2019,"1","panhandle"
"CluIDFG21G_0700","C138103",2019,"10","clearwater"
"CluIDFG21G_0701","C138104",2019,"10","clearwater"
"CluIDFG21G_0702","C138105",2019,"6","panhandle"
"CluIDFG21G_0703","C138106",2019,"6","panhandle"
"CluIDFG21G_0704","C138107",2019,"6","panhandle"
"CluIDFG21G_0705","C138108",2019,"6","panhandle"
"CluIDFG21G_0706","C138109",2019,"6","panhandle"
"CluIDFG21G_0707","C138110",2019,"10","clearwater"
"CluIDFG21G_0708","C138111",2019,"5","panhandle"
"CluIDFG21G_0709","C138112",2019,"5","panhandle"
"CluIDFG21G_0710","C138113",2019,"10","clearwater"
"CluIDFG21G_0711","C138115",2019,"6","panhandle"
"CluIDFG21G_0712","C138116",2019,"10","clearwater"
"CluIDFG21G_0713","C138119",2019,"10","clearwater"
"CluIDFG21G_0714","C138124",2019,"6","panhandle"
"CluIDFG21G_0715","C138125",2019,"6","panhandle"
"CluIDFG21G_0716","C138279",2019,"7","panhandle"
"CluIDFG21G_0717","C138280",2019,"7","panhandle"
"CluIDFG21G_0718","C138281",2019,"7","panhandle"
"CluIDFG21G_0719","C138282",2019,"7","panhandle"
"CluIDFG21G_0720","C138283",2019,"1","panhandle"
"CluIDFG21G_0721","C138298",2019,"6","panhandle"
"CluIDFG21G_0722","C138804",2019,"10","clearwater"
"CluIDFG21G_0723","C138805",2019,"10","clearwater"
"CluIDFG21G_0724","C138806",2019,"10","clearwater"
"CluIDFG21G_0725","C138807",2019,"10","clearwater"
"CluIDFG21G_0726","C138808",2019,"10","clearwater"
"CluIDFG21G_0727","C138818",2019,"10","clearwater"
"CluIDFG21G_0728","C138819",2019,"10","clearwater"
"CluIDFG21G_0729","C138820",2019,"10","clearwater"
"CluIDFG21G_0730","C138821",2019,"10","clearwater"
"CluIDFG21G_0731","C138822",2019,"10","clearwater"
"CluIDFG21G_0732","C138824",2019,"10","clearwater"
"CluIDFG21G_0733","C138906",2019,"15","clearwater"
"CluIDFG21G_0734","C139444",2019,"24","southwest"
"CluIDFG21G_0735","C139477",2019,"23","southwest"
"CluIDFG21G_0736","C139479",2019,"36","salmon"
"CluIDFG21G_0737","C139503",2019,"45","magic_valley"
"CluIDFG21G_0738","C139652",2020,"31","southwest"
"CluIDFG21G_0739","C139686",2019,"33","southwest"
"CluIDFG21G_0740","C139687",2019,"33","southwest"
"CluIDFG21G_0741","C139689",2019,"22","southwest"
"CluIDFG21G_0742","C139693",2020,"24","southwest"
"CluIDFG21G_0743","C139695",2020,"50","upper_snake"
"CluIDFG21G_0744","C139696",2020,"36","salmon"
"CluIDFG21G_0745","C139698",2020,"39","southwest"
"CluIDFG21G_0746","C140127",2019,"7","panhandle"
"CluIDFG21G_0747","C140163",2019,"4","panhandle"
"CluIDFG21G_0748","C140164",2019,"4","panhandle"
"CluIDFG21G_0749","C140165",2019,"4","panhandle"
"CluIDFG21G_0750","C140172",2019,"43","magic_valley"
"CluIDFG21G_0751","C140190",2019,"4","panhandle"
"CluIDFG21G_0752","C140194",2019,"9","panhandle"
"CluIDFG21G_0753","C140200",2019,"4","panhandle"
"CluIDFG21G_0754","C140397",2019,"9","panhandle"
"CluIDFG21G_0755","C140499",2019,"4","panhandle"
"CluIDFG21G_0756","C140643",2019,"23","southwest"
"CluIDFG21G_0757","C140645",2019,"14","clearwater"
"CluIDFG21G_0758","C140649",2019,"27","salmon"
"CluIDFG21G_0759","C140665",2019,"19","clearwater"
"CluIDFG21G_0760","C140668",2019,"26","southwest"
"CluIDFG21G_0761","C140669",2019,"20","clearwater"
"CluIDFG21G_0762","C140675",2019,"15","clearwater"
"CluIDFG21G_0763","C140676",2019,"15","clearwater"
"NTCTray9",NA,NA,NA,NA
"CluIDFG21G_0764","C140680",2019,"15","clearwater"
"CluIDFG21G_0765","C140685",2020,"22","southwest"
"CluIDFG21G_0766","C140687",2020,"19","clearwater"
"CluIDFG21G_0767","C140689",2020,"25","southwest"
"CluIDFG21G_0768","C140691",2020,"19","clearwater"
"CluIDFG21G_0769","C140692",2020,"22","southwest"
"CluIDFG21G_0770","C140693",2020,"25","southwest"
"CluIDFG21G_0771","C140694",2020,"19","clearwater"
"CluIDFG21G_0772","C141151",2019,"10","clearwater"
"CluIDFG21G_0773","C141329",2019,"19","clearwater"
"CluIDFG21G_0774","C141335",2019,"16","clearwater"
"CluIDFG21G_0775","C141362",2019,"10","clearwater"
"CluIDFG21G_0776","C141363",2019,"10","clearwater"
"CluIDFG21G_0777","C141369",2019,"8","clearwater"
"CluIDFG21G_0778","C141443",2019,"14","clearwater"
"CluIDFG21G_0779","C141449",2019,"10","clearwater"
"CluIDFG21G_0780","C141479",2019,"8","clearwater"
"CluIDFG21G_0781","C141483",2019,"8","clearwater"
"CluIDFG21G_0782","C141484",2019,"16","clearwater"
"CluIDFG21G_0783","C141485",2019,"16","clearwater"
"CluIDFG21G_0784","C141493",2019,"8","clearwater"
"CluIDFG21G_0785","C141494",2019,"8","clearwater"
"CluIDFG21G_0786","C141498",2019,"8","clearwater"
"CluIDFG21G_0787","C141499",2019,"13","clearwater"
"CluIDFG21G_0788","C141508",2019,"12","clearwater"
"CluIDFG21G_0789","C141517",2019,"10","clearwater"
"CluIDFG21G_0790","C141518",2019,"12","clearwater"
"CluIDFG21G_0791","C141520",2019,"10","clearwater"
"CluIDFG21G_0792","C141521",2020,"8","clearwater"
"CluIDFG21G_0793","C141526",2019,"12","clearwater"
"CluIDFG21G_0794","C141527",2019,"12","clearwater"
"CluIDFG21G_0795","C141528",2019,"12","clearwater"
"CluIDFG21G_0796","C141529",2019,"10","clearwater"
"CluIDFG21G_0797","C141530",2019,"10","clearwater"
"CluIDFG21G_0798","C141531",2019,"10","clearwater"
"CluIDFG21G_0799","C141532",2019,"10","clearwater"
"CluIDFG21G_0800","C141533",2019,"10","clearwater"
"CluIDFG21G_0801","C141534",2019,"10","clearwater"
"CluIDFG21G_0802","C141535",2019,"10","clearwater"
"CluIDFG21G_0803","C141536",2019,"10","clearwater"
"CluIDFG21G_0804","C141538",2019,"12","clearwater"
"CluIDFG21G_0805","C141551",2019,"10","clearwater"
"CluIDFG21G_0806","C141552",2019,"12","clearwater"
"CluIDFG21G_0807","C141554",2019,"10","clearwater"
"CluIDFG21G_0808","C141562",2020,"10","clearwater"
"CluIDFG21G_0809","C141657",2020,"8","clearwater"
"CluIDFG21G_0810","C141661",2020,"1","panhandle"
"CluIDFG21G_0811","C141662",2020,"1","panhandle"
"CluIDFG21G_0812","C141663",2020,"10","clearwater"
"CluIDFG21G_0813","C141665",2020,"10","clearwater"
"CluIDFG21G_0814","C141670",2020,"10","clearwater"
"CluIDFG21G_0815","C141671",2020,"10","clearwater"
"CluIDFG21G_0816","C141813",2020,"17","clearwater"
"CluIDFG21G_0817","C142137",2020,"62","upper_snake"
"CluIDFG21G_0818","C142138",2020,"50","upper_snake"
"CluIDFG21G_0819","C142139",2020,"62","upper_snake"
"CluIDFG21G_0820","C142140",2020,"62","upper_snake"
"CluIDFG21G_0821","C142180",2020,"64","upper_snake"
"CluIDFG21G_0822","C142187",2020,"62","upper_snake"
"CluIDFG21G_0823","C142188",2020,"62","upper_snake"
"CluIDFG21G_0824","C142189",2020,"62","upper_snake"
"CluIDFG21G_0825","C142190",2020,"62","upper_snake"
"CluIDFG21G_0826","C142230",2020,"1","panhandle"
"CluIDFG21G_0827","C142231",2020,"1","panhandle"
"CluIDFG21G_0828","C142232",2020,"1","panhandle"
"CluIDFG21G_0829","C142233",2020,"1","panhandle"
"CluIDFG21G_0830","C142234",2020,"1","panhandle"
"CluIDFG21G_0831","C142235",2020,"1","panhandle"
"CluIDFG21G_0832","C142236",2020,"1","panhandle"
"CluIDFG21G_0833","C142237",2020,"1","panhandle"
"CluIDFG21G_0834","C142238",2020,"1","panhandle"
"CluIDFG21G_0835","C142239",2020,"1","panhandle"
"CluIDFG21G_0836","C142240",2020,"1","panhandle"
"CluIDFG21G_0837","C142253",2019,"62","upper_snake"
"CluIDFG21G_0838","C142256",2019,"59","upper_snake"
"CluIDFG21G_0839","C142508",2020,"62","upper_snake"
"CluIDFG21G_0840","C142530",2019,"58","upper_snake"
"CluIDFG21G_0841","C142539",2019,"27","salmon"
"CluIDFG21G_0842","C142543",2019,"51","upper_snake"
"CluIDFG21G_0843","C142599",2019,"59","upper_snake"
"CluIDFG21G_0844","C142702",2019,"6","panhandle"
"CluIDFG21G_0845","C142718",2019,"4","panhandle"
"CluIDFG21G_0846","C142722",2019,"6","panhandle"
"CluIDFG21G_0847","C142729",2019,"5","panhandle"
"CluIDFG21G_0848","C142735",2019,"4","panhandle"
"CluIDFG21G_0849","C142736",2019,"4","panhandle"
"CluIDFG21G_0850","C142737",2019,"7","panhandle"
"CluIDFG21G_0851","C142741",2020,"4","panhandle"
"CluIDFG21G_0852","C142742",2020,"4","panhandle"
"CluIDFG21G_0853","C142743",2020,"6","panhandle"
"CluIDFG21G_0854","C142744",2020,"4","panhandle"
"CluIDFG21G_0855","C142747",2020,"4","panhandle"
"CluIDFG21G_0856","C142748",2020,"4","panhandle"
"CluIDFG21G_0857","C142750",2020,"4","panhandle"
"CluIDFG21G_0858","C142753",2019,"4","panhandle"
"NTCTray10",NA,NA,NA,NA
"CluIDFG21G_0859","C142755",2019,"4","panhandle"
"CluIDFG21G_0860","C142756",2019,"1","panhandle"
"CluIDFG21G_0861","C142763",2020,"4","panhandle"
"CluIDFG21G_0862","C142766",2020,"4","panhandle"
"CluIDFG21G_0863","C142767",2020,"4","panhandle"
"CluIDFG21G_0864","C142776",2019,"4","panhandle"
"CluIDFG21G_0865","C142777",2019,"4","panhandle"
"CluIDFG21G_0866","C142778",2019,"5","panhandle"
"CluIDFG21G_0867","C142801",2019,"6","panhandle"
"CluIDFG21G_0868","C142802",2019,"6","panhandle"
"CluIDFG21G_0869","C142805",2019,"4","panhandle"
"CluIDFG21G_0870","C142806",2019,"4","panhandle"
"CluIDFG21G_0871","C142807",2019,"6","panhandle"
"CluIDFG21G_0872","C142811",2020,"4","panhandle"
"CluIDFG21G_0873","C142878",2020,"7","panhandle"
"CluIDFG21G_0874","C142879",2020,"7","panhandle"
"CluIDFG21G_0875","C142951",2019,"7","panhandle"
"CluIDFG21G_0876","C142953",2019,"6","panhandle"
"CluIDFG21G_0877","C142954",2019,"6","panhandle"
"CluIDFG21G_0878","C142955",2019,"4","panhandle"
"CluIDFG21G_0879","C142957",2019,"4","panhandle"
"CluIDFG21G_0880","C142960",2019,"4","panhandle"
"CluIDFG21G_0881","C142961",2019,"4","panhandle"
"CluIDFG21G_0882","C142969",2020,"6","panhandle"
"CluIDFG21G_0883","C142976",2019,"4","panhandle"
"CluIDFG21G_0884","C142979",2020,"6","panhandle"
"CluIDFG21G_0885","C143001",2019,"1","panhandle"
"CluIDFG21G_0886","C143002",2019,"1","panhandle"
"CluIDFG21G_0887","C143003",2019,"1","panhandle"
"CluIDFG21G_0888","C143004",2019,"1","panhandle"
"CluIDFG21G_0889","C143005",2019,"1","panhandle"
"CluIDFG21G_0890","C143006",2019,"1","panhandle"
"CluIDFG21G_0891","C143007",2020,"1","panhandle"
"CluIDFG21G_0892","C143101",2020,"1","panhandle"
"CluIDFG21G_0893","C143102",2020,"1","panhandle"
"CluIDFG21G_0894","C143103",2020,"1","panhandle"
"CluIDFG21G_0895","C143104",2020,"1","panhandle"
"CluIDFG21G_0896","C143501",2019,"15","clearwater"
"CluIDFG21G_0897","C143502",2019,"39","southwest"
"CluIDFG21G_0898","C143506",2019,"32","southwest"
"CluIDFG21G_0899","C143530",2020,"35","southwest"
"CluIDFG21G_0900","C143531",2020,"35","southwest"
"CluIDFG21G_0901","C143538",2020,"39","southwest"
"CluIDFG21G_0902","C143543",2020,"39","southwest"
"CluIDFG21G_0903","C143544",2020,"33","southwest"
"CluIDFG21G_0904","C143551",2019,"39","southwest"
"CluIDFG21G_0905","C143554",2020,"35","southwest"
"CluIDFG21G_0906","C143555",2020,"35","southwest"
"CluIDFG21G_0907","C143626",2020,"15","clearwater"
"CluIDFG21G_0908","C143631",2020,"29","salmon"
"CluIDFG21G_0909","C143670",2020,"25","southwest"
"CluIDFG21G_0910","C143691",2020,"43","magic_valley"
"CluIDFG21G_0911","C136704",2019,"15","clearwater"
"CluIDFG21G_0912","C140679",2019,"22","southwest"
"CluIDFG21G_0913","C142754",2019,"4","panhandle"
"CluIDFG21G_0914","C118011",2020,"36","salmon"
"CluIDFG21G_0915","C142243",2020,"1","panhandle"
"CluIDFG21G_0916","C118015",2020,"36","salmon"
"CluIDFG21G_0917","C132360",2019,"49","magic_valley"
"CluIDFG21G_0918","C081655",2020,"36","salmon"
"CluIDFG21G_0919","C081654",2020,"49","magic_valley"
"CluIDFG21G_0920","C130431",2020,"49","magic_valley"
"CluIDFG21G_0921","C142242",2020,"1","panhandle"
"CluIDFG21G_0922","C142245",2020,"19","clearwater"
"CluIDFG21G_0923","C118027",2020,"36","salmon"
"CluIDFG21G_0924","C142244",2020,"19","clearwater"
"CluIDFG21G_0925","C136707",2020,"10","clearwater"
"CluIDFG21G_0926","C105236",2019,"4","panhandle"
"CluIDFG21G_0927","C118012",2020,"36","salmon"
"CluIDFG21G_0928","C104186",2020,"51","upper_snake"
"CluIDFG21G_0929","C105227",2019,"7","panhandle"
"CluIDFG21G_0930","C105235",2019,"9","panhandle"
"CluIDFG21G_0931","C109342",2019,"10","clearwater"
"CluIDFG21G_0932","C113249",2020,"1","panhandle"
"CluIDFG21G_0933","C104222",2019,"28","salmon"
"CluIDFG21G_0934","C133105",2019,"13","clearwater"
"CluIDFG21G_0935","C107158",2019,"24","southwest"
"CluIDFG21G_0936","C131690",2019,"14","clearwater"
"CluIDFG21G_0937","C131691",2019,"14","clearwater"
"CluIDFG21G_0938","C133103",2019,"13","clearwater"
"CluIDFG21G_0939","C133104",2019,"13","clearwater"
"CluIDFG21G_0940","C127154",2019,"27","salmon"
"CluIDFG21G_0941","C127567",2019,"28","salmon"
"CluIDFG21G_0942","C138718",2019,"10","clearwater"
"CluIDFG21G_0943","C135405",2019,"28","salmon"
"CluIDFG21G_0944","C138219",2019,"10","clearwater"
"CluIDFG21G_0945","C138223",2019,"10","clearwater"
"NTCTray11",NA,NA,NA,NA
"CluIDFG21G_0946","230-47P",NA,NA,NA
"CluIDFG21G_0947","230-2A",NA,NA,NA
"CluIDFG21G_0948","230-9A",NA,NA,NA
"CluIDFG21G_0949","BV-25A",NA,NA,NA
"CluIDFG21G_0950","BB-12P",NA,NA,NA
"CluIDFG21G_0951","BB-47P",NA,NA,NA
"CluIDFG21G_0952","TL-7A",NA,NA,NA
"CluIDFG21G_0953","TL-52P",NA,NA,NA
"CluIDFG21G_0954","TL-34P",NA,NA,NA
"CluIDFG21G_0955","270-6A",NA,NA,NA
"CluIDFG21G_0956","722B-2AI",NA,NA,NA
"CluIDFG21G_0957","200B-9AI",NA,NA,NA
"CluIDFG21G_0958","FS-125 - 3A",NA,NA,NA
"CluIDFG21G_0959","EH  - 7A",NA,NA,NA
"CluIDFG21G_0960","FS-5 - 2AI",NA,NA,NA
"CluIDFG21G_0961","164 - 1A",NA,NA,NA
"CluIDFG21G_0962","69 - 1AI",NA,NA,NA
"CluIDFG21G_0963","DC - 1A",NA,NA,NA
"CluIDFG21G_0964","DC - 16A",NA,NA,NA
"CluIDFG21G_0965","TL - 11p",NA,NA,NA
"CluIDFG21G_0966","FS-TL - 22P",NA,NA,NA
"CluIDFG21G_0967","TL - 1AI",NA,NA,NA
"CluIDFG21G_0968","LC - 10A",NA,NA,NA
"CluIDFG21G_0969","LC - 7AI",NA,NA,NA
"CluIDFG21G_0970","602 - 3A",NA,NA,NA
"CluIDFG21G_0971","EH-2 - 26A",NA,NA,NA
"CluIDFG21G_0972","EH-2 - 26P",NA,NA,NA
"CluIDFG21G_0973","BB - 10PI",NA,NA,NA
"CluIDFG21G_0974","FS-8 - 1AI",NA,NA,NA
"CluIDFG21G_0975","Whitehawk - 8A",NA,NA,NA
"CluIDFG21G_0976","BB - 46A",NA,NA,NA
"CluIDFG21G_0977","BB - 33A",NA,NA,NA
"CluIDFG21G_0978","DQ - 4AI",NA,NA,NA
"CluIDFG21G_0979","Saw - 61A",NA,NA,NA
"CluIDFG21G_0980","282-INC-A1",NA,NA,NA
"CluIDFG21G_0981","15-P5",NA,NA,NA
"CluIDFG21G_0982","360-A6",NA,NA,NA
"CluIDFG21G_0983","360-P2",NA,NA,NA
"CluIDFG21G_0984","134-P14",NA,NA,NA
"CluIDFG21G_0985","150-INC-2",NA,NA,NA
"CluIDFG21G_0986","594-INC-1",NA,NA,NA
"CluIDFG21G_0987","L105-INC-7",NA,NA,NA
"CluIDFG21G_0988","1000-INC-1",NA,NA,NA
"CluIDFG21G_0989","680-A-1",NA,NA,NA
"CluIDFG21G_0990","367-P-8",NA,NA,NA
"CluIDFG21G_0991","CM-INC-013",NA,NA,NA
"NTCTray12",NA,NA,NA,NA
"CluIDFG21G_0023","C116280",2017,"4","panhandle"
"CluIDFG21G_0032","C116357",2018,"1","panhandle"
"CluIDFG21G_0034","C117538",2017,"23","southwest"
"CluIDFG21G_0036","C117540",2017,"15","clearwater"
"CluIDFG21G_0040","C117565",2017,"8","clearwater"
"CluIDFG21G_0041","C117566",2017,"8","clearwater"
"CluIDFG21G_0056","C117872",2017,"37","salmon"
"CluIDFG21G_0061","C119210",2017,"14","clearwater"
"CluIDFG21G_0103","C138114",2019,"6","panhandle"
"CluIDFG21G_0105","C137760",2020,"33","southwest"
"CluIDFG21G_0106","C139685",2019,"33","southwest"
"CluIDFG21G_0107","C142804",2019,"6","panhandle"
"CluIDFG21G_0108","C142803",2019,"6","panhandle"
"CluIDFG21G_0109","C125106",2018,"24","southwest"
"CluIDFG21G_0113","C127281",2018,"29","salmon"
"CluIDFG21G_0115","C137488",2019,"4","panhandle"
"CluIDFG21G_0117","C125110",2018,"24","southwest"
"CluIDFG21G_0120","C136068",2018,"10","clearwater"
"CluIDFG21G_0128","C139173",2019,"39","southwest"
"CluIDFG21G_0133","C137654",2018,"27","salmon"
"CluIDFG21G_0135","C073681",2019,"39","southwest"
"CluIDFG21G_0158","C115498",2018,"44","magic_valley"
"CluIDFG21G_0163","C116362",2018,"1","panhandle"
"CluIDFG21G_0164","C116363",2018,"1","panhandle"
"CluIDFG21G_0165","C116364",2018,"1","panhandle"
"CluIDFG21G_0175","C136625",2019,"8","clearwater"
"CluIDFG21G_0186","C117809",2018,"44","magic_valley"
"CluIDFG21G_0188","C117807",2018,"44","magic_valley"
"CluIDFG21G_0201","C125107",2018,"39","southwest"
"CluIDFG21G_0210","C120265",2018,"67","upper_snake"
"CluIDFG21G_0212","C118346",2018,"52","magic_valley"
"CluIDFG21G_0213","C116366",2018,"1","panhandle"
"CluIDFG21G_0215","C116365",2018,"1","panhandle"
"CluIDFG21G_0216","C116295",2018,"1","panhandle"
"CluIDFG21G_0221","C102441",2018,"4","panhandle"
"CluIDFG21G_0226","C101503",2018,"23","southwest"
"CluIDFG21G_0228","C127439",2019,"36","salmon"
"CluIDFG21G_0237","C132182",2018,"25","southwest"
"CluIDFG21G_0262","C117550",2018,"13","clearwater"
"CluIDFG21G_0271","C119336",2019,"36","salmon"
"CluIDFG21G_0273","C122028",2019,"28","salmon"
"CluIDFG21G_0279","C102435",2018,"4","panhandle"
"CluIDFG21G_0280","C102436",2018,"4","panhandle"
"CluIDFG21G_0291","C133101",2018,"13","clearwater"
"CluIDFG21G_0292","C133102",2018,"13","clearwater"
"CluIDFG21G_0308","C137319",2018,"10","clearwater"
"CluIDFG21G_0323","C137459",2018,"1","panhandle"
"CluIDFG21G_0328","C137480",2018,"4","panhandle"
"CluIDFG21G_0451","C122600",2018,"43","magic_valley"
"CluIDFG21G_0496","C109342",2019,"10","clearwater"
"CluIDFG21G_0505","C115499",2019,"44","magic_valley"
"CluIDFG21G_0517","C117573",2019,"10","clearwater"
"CluIDFG21G_0585","C127829",2020,"27","salmon"
"CluIDFG21G_0588","C130352",2019,"44","magic_valley"
"CluIDFG21G_0590","C130356",2019,"44","magic_valley"
"CluIDFG21G_0591","C130428",2020,"49","magic_valley"
"CluIDFG21G_0592","C130429",2020,"49","magic_valley"
"CluIDFG21G_0614","C132732",2019,"25","southwest"
"CluIDFG21G_0635","C133109",2019,"23","southwest"
"CluIDFG21G_0646","C134008",2019,"62","upper_snake"
"CluIDFG21G_0647","C134009",2019,"65","upper_snake"
"CluIDFG21G_0648","C134011",2019,"62","upper_snake"
"CluIDFG21G_0650","C134617",2020,"27","salmon"
"CluIDFG21G_0651","C134618",2020,"27","salmon"
"CluIDFG21G_0652","C134619",2020,"27","salmon"
"CluIDFG21G_0653","C134620",2019,"27","salmon"
"CluIDFG21G_0654","C134621",2020,"27","salmon"
"CluIDFG21G_0732","C138824",2019,"10","clearwater"
"CluIDFG21G_0740","C139687",2019,"33","southwest"
"CluIDFG21G_0832","C142236",2020,"1","panhandle"
"CluIDFG21G_0899","C143530",2020,"35","southwest"
"CluIDFG21G_0917","C132360",2019,"49","magic_valley"
"CluIDFG21G_0921","C142242",2020,"1","panhandle"
"CluIDFG21G_0923","C118027",2020,"36","salmon"
"CluIDFG21G_0931","C109342",2019,"10","clearwater"
"CluIDFG21G_0941","C127567",2019,"28","salmon"
"CluIDFG21G_0942","C138718",2019,"10","clearwater"
"NTCTray13",NA,NA,NA,NA
"CluIDFG21G_0014","C113947",2017,"1","panhandle"
"CluIDFG21G_0074","C122503",2018,"49","magic_valley"
"CluIDFG21G_0119","C125123",2019,"39","southwest"
"CluIDFG21G_0137","C073510",2019,"64","upper_snake"
"CluIDFG21G_0145","C127346",2018,"28","salmon"
"CluIDFG21G_0154","C115493",2018,"36","salmon"
"CluIDFG21G_0260","C127440",2019,"29","salmon"
"CluIDFG21G_0314","C137342",2018,"7","panhandle"
"CluIDFG21G_0364","C113921",2018,"1","panhandle"
"CluIDFG21G_0405","C136513",2018,"8","clearwater"
"CluIDFG21G_0428","C136070",2018,"15","clearwater"
"CluIDFG21G_0477","C139160",2019,"33","southwest"
"CluIDFG21G_0520","C117814",2020,"39","southwest"
"CluIDFG21G_0534","C122149",2019,"43","magic_valley"
"CluIDFG21G_0605","C131693",2019,"15","clearwater"
"CluIDFG21G_0644","C133945",2019,"65","upper_snake"
"CluIDFG21G_0689","C137989",2019,"4","panhandle"
"CluIDFG21G_0690","C137990",2019,"4","panhandle"
"CluIDFG21G_0845","C142718",2019,"4","panhandle"
"CluIDFG21G_0853","C142743",2020,"6","panhandle"
"CluIDFG21G_0885","C143001",2019,"1","panhandle"
"CluIDFG21G_0926","C105236",2019,"4","panhandle"
"NTCQCTray01",NA,NA,NA,NA
"CluIDFG21G_1134","C135309",2020,"1","panhandle"
"CluIDFG21G_1135","C136715",2021,"15","clearwater"
"CluIDFG21G_1136","C139873",2020,"28","salmon"
"CluIDFG21G_1137","C139961",2021,"21","salmon"
"CluIDFG21G_1138","C140746",2020,"27","salmon"
"CluIDFG21G_1139","C140843",2021,"14","clearwater"
"CluIDFG21G_1140","C141756",2020,"10","clearwater"
"CluIDFG21G_1141","C142973",2021,"4","panhandle"
"CluIDFG21G_1142","C135310",2020,"1","panhandle"
"CluIDFG21G_1143","C138085",2020,"4","panhandle"
"CluIDFG21G_1144","C139891",2020,"28","salmon"
"CluIDFG21G_1145","C139966",2021,"21","salmon"
"CluIDFG21G_1146","C140813",2020,"26","southwest"
"CluIDFG21G_1147","C140854",2020,"22","southwest"
"CluIDFG21G_1148","C142086",2020,"10","clearwater"
"CluIDFG21G_1149","C142974",2021,"4","panhandle"
"CluIDFG21G_1150","C135311",2021,"1","panhandle"
"CluIDFG21G_1151","C138318",2020,"61","upper_snake"
"CluIDFG21G_1152","C139892",2021,"28","salmon"
"CluIDFG21G_1153","C140307",2021,"1","panhandle"
"CluIDFG21G_1154","C140817",2020,"24","southwest"
"CluIDFG21G_1155","C140856",2020,"19","clearwater"
"CluIDFG21G_1156","C142199",2020,"62","upper_snake"
"CluIDFG21G_1157","C142984",2020,"7","panhandle"
"CluIDFG21G_1158","C135312",2021,"1","panhandle"
"CluIDFG21G_1159","C138388",2020,"27","salmon"
"CluIDFG21G_1160","C139900",2021,"21","salmon"
"CluIDFG21G_1161","C140308",2021,"1","panhandle"
"CluIDFG21G_1162","C140819",2020,"24","southwest"
"CluIDFG21G_1163","C140857",2020,"19","clearwater"
"CluIDFG21G_1164","C142447",2020,"61","upper_snake"
"CluIDFG21G_1165","C142985",2020,"4","panhandle"
"CluIDFG21G_1166","C135313",2021,"1","panhandle"
"CluIDFG21G_1167","C138910",2020,"15","clearwater"
"CluIDFG21G_1168","C139909",2020,"30","salmon"
"CluIDFG21G_1169","C140309",2021,"1","panhandle"
"CluIDFG21G_1170","C140821",2020,"27","salmon"
"CluIDFG21G_1171","C140859",2020,"25","southwest"
"CluIDFG21G_1172","C142451",2020,"61","upper_snake"
"CluIDFG21G_1173","C142986",2020,"9","panhandle"
"CluIDFG21G_1174","C135314",2021,"1","panhandle"
"CluIDFG21G_1175","C139707",2020,"21","salmon"
"CluIDFG21G_1176","C139911",2020,"29","salmon"
"CluIDFG21G_1177","C140310",2021,"1","panhandle"
"CluIDFG21G_1178","C140829",2020,"14","clearwater"
"CluIDFG21G_1179","C140860",2021,"19","clearwater"
"CluIDFG21G_1180","C142676",2020,"61","upper_snake"
"CluIDFG21G_1181","C142987",2020,"4","panhandle"
"CluIDFG21G_1182","C135315",2021,"1","panhandle"
"CluIDFG21G_1183","C139755",2021,"27","salmon"
"CluIDFG21G_1184","C139913",2020,"36","salmon"
"CluIDFG21G_1185","C140312",2021,"1","panhandle"
"CluIDFG21G_1186","C140832",2020,"14","clearwater"
"CluIDFG21G_1187","C140862",2021,"19","clearwater"
"CluIDFG21G_1188","C142677",2020,"61","upper_snake"
"CluIDFG21G_1189","C142988",2020,"6","panhandle"
"CluIDFG21G_1190","C135316",2021,"1","panhandle"
"CluIDFG21G_1191","C139776",2020,"28","salmon"
"CluIDFG21G_1192","C139916",2020,"21","salmon"
"CluIDFG21G_1193","C140313",2021,"1","panhandle"
"CluIDFG21G_1194","C140833",2020,"14","clearwater"
"CluIDFG21G_1195","C140863",2021,"33","southwest"
"CluIDFG21G_1196","C142872",2020,"7","panhandle"
"CluIDFG21G_1197","C142989",2020,"10","clearwater"
"CluIDFG21G_1198","C136633",2020,"12","clearwater"
"CluIDFG21G_1199","C139777",2020,"28","salmon"
"CluIDFG21G_1200","C139918",2020,"21","salmon"
"CluIDFG21G_1201","C140543",2020,"24","southwest"
"CluIDFG21G_1202","C140834",2020,"14","clearwater"
"CluIDFG21G_1203","C140865",2021,"19","clearwater"
"CluIDFG21G_1204","C142891",2021,"4","panhandle"
"CluIDFG21G_1205","C142990",2020,"6","panhandle"
"CluIDFG21G_1206","C136634",2020,"15","clearwater"
"CluIDFG21G_1207","C139810",2020,"37","salmon"
"CluIDFG21G_1208","C139923",2021,"36","salmon"
"CluIDFG21G_1209","C140551",2020,"20","clearwater"
"CluIDFG21G_1210","C140838",2021,"14","clearwater"
"CluIDFG21G_1211","C140866",2021,"20","clearwater"
"CluIDFG21G_1212","C142892",2021,"1","panhandle"
"CluIDFG21G_1213","C142992",2020,"4","panhandle"
"CluIDFG21G_1214","C136636",2021,"15","clearwater"
"CluIDFG21G_1215","C139814",2021,"21","salmon"
"CluIDFG21G_1216","C139925",2021,"17","clearwater"
"CluIDFG21G_1217","C140704",2021,"20","clearwater"
"CluIDFG21G_1218","C140839",2021,"1","panhandle"
"CluIDFG21G_1219","C141547",2021,"15","clearwater"
"CluIDFG21G_1220","C142893",2021,"1","panhandle"
"CluIDFG21G_1221","C136637",2021,"12","clearwater"
"CluIDFG21G_1222","C139870",2020,"28","salmon"
"CluIDFG21G_1223","C139953",2021,"36","salmon"
"CluIDFG21G_1224","C140740",2020,"26","southwest"
"CluIDFG21G_1225","C140842",2021,"14","clearwater"
"CluIDFG21G_1226","C141677",2020,"14","clearwater"
"CluIDFG21G_1227","C142898",2021,"1","panhandle"
"NTCTray2",NA,NA,NA,NA
"CluIDFG21G_1228","C142993",2020,"4","panhandle"
"CluIDFG21G_1229","C143014",2020,"4","panhandle"
"CluIDFG21G_1230","C143106",2020,"1","panhandle"
"CluIDFG21G_1231","C144376",2020,"10","clearwater"
"CluIDFG21G_1232","C145185",2020,"6","panhandle"
"CluIDFG21G_1233","C145505",2020,"43","magic_valley"
"CluIDFG21G_1234","C145824",2020,"20","clearwater"
"CluIDFG21G_1235","C146024",2021,"35","southwest"
"CluIDFG21G_1236","C142994",2020,"4","panhandle"
"CluIDFG21G_1237","C143015",2020,"4","panhandle"
"CluIDFG21G_1238","C143107",2021,"1","panhandle"
"CluIDFG21G_1239","C144382",2020,"12","clearwater"
"CluIDFG21G_1240","C145190",2020,"6","panhandle"
"CluIDFG21G_1241","C145510",2020,"43","magic_valley"
"CluIDFG21G_1242","C145831",2020,"27","salmon"
"CluIDFG21G_1243","C146029",2021,"33","southwest"
"CluIDFG21G_1244","C142995",2020,"6","panhandle"
"CluIDFG21G_1245","C143016",2020,"1","panhandle"
"CluIDFG21G_1246","C143108",2021,"1","panhandle"
"CluIDFG21G_1247","C144391",2020,"10","clearwater"
"CluIDFG21G_1248","C145278",2020,"10","clearwater"
"CluIDFG21G_1249","C145513",2020,"10","clearwater"
"CluIDFG21G_1250","C145883",2020,"20","clearwater"
"CluIDFG21G_1251","C146031",2021,"33","southwest"
"CluIDFG21G_1252","C142996",2020,"10","clearwater"
"CluIDFG21G_1253","C143018",2020,"1","panhandle"
"CluIDFG21G_1254","C143109",2021,"1","panhandle"
"CluIDFG21G_1255","C144393",2020,"10","clearwater"
"CluIDFG21G_1256","C145279",2020,"7","panhandle"
"CluIDFG21G_1257","C145514",2020,"35","southwest"
"CluIDFG21G_1258","C145906",2020,"39","southwest"
"CluIDFG21G_1259","C146034",2021,"20","clearwater"
"CluIDFG21G_1260","C142998",2020,"5","panhandle"
"CluIDFG21G_1261","C143019",2020,"4","panhandle"
"CluIDFG21G_1262","C143698",2020,"10","clearwater"
"CluIDFG21G_1263","C144504",2020,"19","clearwater"
"CluIDFG21G_1264","C145289",2020,"20","clearwater"
"CluIDFG21G_1265","C145526",2020,"31","southwest"
"CluIDFG21G_1266","C145943",2020,"33","southwest"
"CluIDFG21G_1267","C146865",2020,"7","panhandle"
"CluIDFG21G_1268","C142999",2020,"6","panhandle"
"CluIDFG21G_1269","C143020",2020,"4","panhandle"
"CluIDFG21G_1270","C144076",2020,"33","southwest"
"CluIDFG21G_1271","C144525",2020,"15","clearwater"
"CluIDFG21G_1272","C145401",2020,"14","clearwater"
"CluIDFG21G_1273","C145529",2020,"27","salmon"
"CluIDFG21G_1274","C145960",2021,"35","southwest"
"CluIDFG21G_1275","C146867",2020,"7","panhandle"
"CluIDFG21G_1276","C143000",2020,"6","panhandle"
"CluIDFG21G_1277","C143021",2020,"1","panhandle"
"CluIDFG21G_1278","C144235",2020,"10","clearwater"
"CluIDFG21G_1279","C144641",2020,"10","clearwater"
"CluIDFG21G_1280","C145407",2020,"36","salmon"
"CluIDFG21G_1281","C145530",2020,"39","southwest"
"CluIDFG21G_1282","C145963",2021,"22","southwest"
"CluIDFG21G_1283","C146868",2020,"7","panhandle"
"CluIDFG21G_1284","C143009",2020,"4","panhandle"
"CluIDFG21G_1285","C143024",2021,"1","panhandle"
"CluIDFG21G_1286","C144236",2020,"10","clearwater"
"CluIDFG21G_1287","C144766",2020,"20","clearwater"
"CluIDFG21G_1288","C145418",2020,"27","salmon"
"CluIDFG21G_1289","C145533",2020,"32","southwest"
"CluIDFG21G_1290","C145972",2021,"39","southwest"
"CluIDFG21G_1291","C146874",2020,"6","panhandle"
"CluIDFG21G_1292","C143010",2020,"4","panhandle"
"CluIDFG21G_1293","C143025",2021,"1","panhandle"
"CluIDFG21G_1294","C144244",2020,"15","clearwater"
"CluIDFG21G_1295","C144892",2020,"10","clearwater"
"CluIDFG21G_1296","C145423",2020,"20","clearwater"
"CluIDFG21G_1297","C145540",2020,"43","magic_valley"
"CluIDFG21G_1298","C145990",2020,"31","southwest"
"CluIDFG21G_1299","C146875",2020,"4","panhandle"
"CluIDFG21G_1300","C143011",2020,"4","panhandle"
"CluIDFG21G_1301","C143029",2021,"4","panhandle"
"CluIDFG21G_1302","C144309",2020,"16","clearwater"
"CluIDFG21G_1303","C144964",2020,"13","clearwater"
"CluIDFG21G_1304","C145479",2020,"24","southwest"
"CluIDFG21G_1305","C145545",2020,"20","clearwater"
"CluIDFG21G_1306","C145998",2020,"39","southwest"
"CluIDFG21G_1307","C146885",2020,"6","panhandle"
"CluIDFG21G_1308","C143012",2020,"4","panhandle"
"CluIDFG21G_1309","C143030",2021,"1","panhandle"
"CluIDFG21G_1310","C144315",2020,"15","clearwater"
"CluIDFG21G_1311","C145077",2020,"5","panhandle"
"CluIDFG21G_1312","C145488",2020,"34","southwest"
"CluIDFG21G_1313","C145548",2020,"33","southwest"
"CluIDFG21G_1314","C145999",2020,"33","southwest"
"CluIDFG21G_1315","C143013",2020,"4","panhandle"
"CluIDFG21G_1316","C143105",2020,"1","panhandle"
"CluIDFG21G_1317","C144316",2020,"15","clearwater"
"CluIDFG21G_1318","C145113",2020,"7","panhandle"
"CluIDFG21G_1319","C145504",2020,"43","magic_valley"
"CluIDFG21G_1320","C145777",2020,"43","magic_valley"
"CluIDFG21G_1321","C146000",2020,"27","salmon"
"NTCTray3",NA,NA,NA,NA
"CluIDFG21G_1322","C146886",2020,"1","panhandle"
"CluIDFG21G_1323","C146952",2020,"1","panhandle"
"CluIDFG21G_1324","C147012",2020,"10","clearwater"
"CluIDFG21G_1325","C147043",2020,"10","clearwater"
"CluIDFG21G_1326","C147095",2020,"6","panhandle"
"CluIDFG21G_1327","C147535",2020,"10","clearwater"
"CluIDFG21G_1328","C147926",2020,"15","clearwater"
"CluIDFG21G_1329","C140867",2021,"22","southwest"
"CluIDFG21G_1330","C146896",2020,"4","panhandle"
"CluIDFG21G_1331","C146953",2020,"3","panhandle"
"CluIDFG21G_1332","C147019",2020,"10","clearwater"
"CluIDFG21G_1333","C147044",2020,"10","clearwater"
"CluIDFG21G_1334","C147099",2020,"6","panhandle"
"CluIDFG21G_1335","C147544",2020,"11","clearwater"
"CluIDFG21G_1336","C148285",2020,"62","upper_snake"
"CluIDFG21G_1337","C140872",2021,"22","southwest"
"CluIDFG21G_1338","C146899",2020,"10","clearwater"
"CluIDFG21G_1339","C146954",2020,"4","panhandle"
"CluIDFG21G_1340","C147028",2020,"10","clearwater"
"CluIDFG21G_1341","C147045",2020,"10","clearwater"
"CluIDFG21G_1342","C147281",2020,"9","panhandle"
"CluIDFG21G_1343","C147552",2020,"11","clearwater"
"CluIDFG21G_1344","C149778",2021,"4","panhandle"
"CluIDFG21G_1345","C122958",2020,"43","magic_valley"
"CluIDFG21G_1346","C146900",2020,"4","panhandle"
"CluIDFG21G_1347","C146955",2020,"4","panhandle"
"CluIDFG21G_1348","C147029",2020,"4","panhandle"
"CluIDFG21G_1349","C147046",2020,"10","clearwater"
"CluIDFG21G_1350","C147295",2020,"4","panhandle"
"CluIDFG21G_1351","C147554",2020,"12","clearwater"
"CluIDFG21G_1352","C149779",2021,"7","panhandle"
"CluIDFG21G_1353","C125011",2020,"36","salmon"
"CluIDFG21G_1354","C146927",2020,"1","panhandle"
"CluIDFG21G_1355","C146956",2020,"6","panhandle"
"CluIDFG21G_1356","C147031",2020,"4","panhandle"
"CluIDFG21G_1357","C147047",2020,"10","clearwater"
"CluIDFG21G_1358","C147296",2020,"4","panhandle"
"CluIDFG21G_1359","C147559",2020,"20","clearwater"
"CluIDFG21G_1360","C149787",2021,"4","panhandle"
"CluIDFG21G_1361","C139897",2021,"28","salmon"
"CluIDFG21G_1362","C146930",2020,"4","panhandle"
"CluIDFG21G_1363","C146957",2020,"7","panhandle"
"CluIDFG21G_1364","C147032",2020,"4","panhandle"
"CluIDFG21G_1365","C147049",2020,"4","panhandle"
"CluIDFG21G_1366","C147297",2020,"4","panhandle"
"CluIDFG21G_1367","C147563",2020,"12","clearwater"
"CluIDFG21G_1368","C149789",2021,"4","panhandle"
"CluIDFG21G_1369","C139954",2021,"28","salmon"
"CluIDFG21G_1370","C146935",2021,"7","panhandle"
"CluIDFG21G_1371","C146966",2021,"7","panhandle"
"CluIDFG21G_1372","C147033",2020,"7","panhandle"
"CluIDFG21G_1373","C147050",2020,"1","panhandle"
"CluIDFG21G_1374","C147298",2020,"4","panhandle"
"CluIDFG21G_1375","C147570",2020,"11","clearwater"
"CluIDFG21G_1376","C149790",2021,"4","panhandle"
"CluIDFG21G_1377","C139956",2021,"17","clearwater"
"CluIDFG21G_1378","C146937",2021,"4","panhandle"
"CluIDFG21G_1379","C146969",2021,"4","panhandle"
"CluIDFG21G_1380","C147034",2020,"3","panhandle"
"CluIDFG21G_1381","C147051",2021,"6","panhandle"
"CluIDFG21G_1382","C147299",2020,"4","panhandle"
"CluIDFG21G_1383","C147572",2020,"20","clearwater"
"CluIDFG21G_1384","C149791",2021,"4","panhandle"
"CluIDFG21G_1385","C139976",2021,"37","salmon"
"CluIDFG21G_1386","C146939",2021,"7","panhandle"
"CluIDFG21G_1387","C146971",2021,"7","panhandle"
"CluIDFG21G_1388","C147035",2020,"3","panhandle"
"CluIDFG21G_1389","C147086",2020,"4","panhandle"
"CluIDFG21G_1390","C147300",2020,"4","panhandle"
"CluIDFG21G_1391","C147616",2021,"11","clearwater"
"CluIDFG21G_1392","C149792",2021,"4","panhandle"
"CluIDFG21G_1393","C139977",2021,"36","salmon"
"CluIDFG21G_1394","C146941",2021,"1","panhandle"
"CluIDFG21G_1395","C146973",2021,"7","panhandle"
"CluIDFG21G_1396","C147038",2020,"27","salmon"
"CluIDFG21G_1397","C147092",2020,"4","panhandle"
"CluIDFG21G_1398","C147528",2020,"11","clearwater"
"CluIDFG21G_1399","C147680",2021,"10","clearwater"
"CluIDFG21G_1400","C149793",2021,"7","panhandle"
"CluIDFG21G_1401","C143028",2020,"1","panhandle"
"CluIDFG21G_1402","C146946",2021,"1","panhandle"
"CluIDFG21G_1403","C147010",2020,"6","panhandle"
"CluIDFG21G_1404","C147041",2020,"4","panhandle"
"CluIDFG21G_1405","C147093",2020,"4","panhandle"
"CluIDFG21G_1406","C147533",2020,"17","clearwater"
"CluIDFG21G_1407","C147727",2021,"14","clearwater"
"CluIDFG21G_1408","C149794",2021,"7","panhandle"
"CluIDFG21G_1409","C146948",2021,"1","panhandle"
"CluIDFG21G_1410","C147011",2020,"10","clearwater"
"CluIDFG21G_1411","C147042",2020,"10","clearwater"
"CluIDFG21G_1412","C147094",2020,"6","panhandle"
"CluIDFG21G_1413","C147534",2020,"10","clearwater"
"CluIDFG21G_1414","C147752",2021,"12","clearwater"
"CluIDFG21G_1415","C140844",2021,"14","clearwater"
"NTCTray4",NA,NA,NA,NA
"CluIDFG21G_1416","C022510",2017,"45","magic_valley"
"CluIDFG21G_1417","C129639",2017,"63","upper_snake"
"CluIDFG21G_1418","C111030",2017,"15","clearwater"
"CluIDFG21G_1419","C123367",2017,"20","clearwater"
"CluIDFG21G_1420","C123241",2017,"39","southwest"
"CluIDFG21G_1421","C132171",2017,"33","southwest"
"CluIDFG21G_1422","C108660",2017,"24","southwest"
"CluIDFG21G_1423","C115042",2017,"4","panhandle"
"CluIDFG21G_1424","C132136",2017,"35","southwest"
"CluIDFG21G_1425","C123492",2017,"16","clearwater"
"CluIDFG21G_1426","C105133",2016,"16","clearwater"
"CluIDFG21G_1427","C129720",2017,"62","upper_snake"
"CluIDFG21G_1428","C125075",2017,"37","salmon"
"CluIDFG21G_1429","C128182",2017,"10","clearwater"
"CluIDFG21G_1430","C123640",2017,"10","clearwater"
"CluIDFG21G_1431","C124589",2017,"4","panhandle"
"CluIDFG21G_1432","C103935",2017,"62","upper_snake"
"CluIDFG21G_1433","C117871",2017,"37","salmon"
"CluIDFG21G_1434","C132134",2017,"35","southwest"
"CluIDFG21G_1435","C123354",2017,"28","salmon"
"CluIDFG21G_1436","C117835",2017,"33","southwest"
"CluIDFG21G_1437","C118430",2016,"43","magic_valley"
"CluIDFG21G_1438","C120846",2017,"24","southwest"
"CluIDFG21G_1439","C112803",2017,"4","panhandle"
"CluIDFG21G_1440","C131341",2017,"14","clearwater"
"CluIDFG21G_1441","C123373",2017,"28","salmon"
"CluIDFG21G_1442","C108657",2017,"32","southwest"
"CluIDFG21G_1443","C106414",2017,"14","clearwater"
"CluIDFG21G_1444","C088258",2012,"26","southwest"
"CluIDFG21G_1445","C111013",2017,"16","clearwater"
"CluIDFG21G_1446","C108658",2017,"24","southwest"
"CluIDFG21G_1447","C105135",2017,"15","clearwater"
"CluIDFG21G_1448","C123562",2017,"28","salmon"
"CluIDFG21G_1449","C106411",2017,"15","clearwater"
"CluIDFG21G_1450","C128412",2017,"12","clearwater"
"CluIDFG21G_1451","C125055",2017,"17","clearwater"
"CluIDFG21G_1452","C105728",2017,"28","salmon"
"CluIDFG21G_1453","C105134",2017,"20","clearwater"
"CluIDFG21G_1454","C106410",2017,"14","clearwater"
"CluIDFG21G_1455","C124590",2017,"4","panhandle"
"CluIDFG21G_1456","C123362",2017,"21","salmon"
"CluIDFG21G_1457","C115654",2017,"39","southwest"
"CluIDFG21G_1458","C123353",2017,"28","salmon"
"CluIDFG21G_1459","C132135",2017,"35","southwest"
"CluIDFG21G_1460","C106417",2017,"15","clearwater"
"CluIDFG21G_1461","C117804",2017,"44","magic_valley"
"CluIDFG21G_1462","C123334",2017,"28","salmon"
"CluIDFG21G_1463","C117562",2017,"10","clearwater"
"CluIDFG21G_1464","C092207",2012,"27","salmon"
"CluIDFG21G_1465","C125417",2017,"28","salmon"
"CluIDFG21G_1466","C110391",2017,"15","clearwater"
"CluIDFG21G_1467","C132122",2017,"76","southeast"
"CluIDFG21G_1468","C106448",2017,"25","southwest"
"CluIDFG21G_1469","C117872",2017,"37","salmon"
"CluIDFG21G_1470","C101804",2017,"21","salmon"
"CluIDFG21G_1471","C116276",2017,"1","panhandle"
"CluIDFG21G_1472","C111012",2017,"16","clearwater"
"CluIDFG21G_1473","C124406",2017,"34","southwest"
"CluIDFG21G_1474","C111483",2017,"10","clearwater"
"CluIDFG21G_1475","C022511",2017,"45","magic_valley"
"CluIDFG21G_1476","C129873",2016,"18","clearwater"
"CluIDFG21G_1477","C106416",2017,"25","southwest"
"CluIDFG21G_1478","C115045",2017,"4","panhandle"
"CluIDFG21G_1479","C115048",2017,"6","panhandle"
"CluIDFG21G_1480","C124591",2017,"4","panhandle"
"CluIDFG21G_1481","C124403",2017,"43","magic_valley"
"CluIDFG21G_1482","C128749",2017,"8","clearwater"
"CluIDFG21G_1483","C087770",2017,"27","salmon"
"CluIDFG21G_1484","C128132",2017,"15","clearwater"
"CluIDFG21G_1485","C132008",2017,"25","southwest"
"CluIDFG21G_1486","C132601",2017,"26","southwest"
"CluIDFG21G_1487","C123494",2017,"14","clearwater"
"CluIDFG21G_1488","C133877",2017,"28","salmon"
"CluIDFG21G_1489","C124412",2017,"39","southwest"
"CluIDFG21G_1490","C126369",2017,"1","panhandle"
"CluIDFG21G_1491","C128750",2017,"16","clearwater"
"CluIDFG21G_1492","C125079",2017,"29","salmon"
"CluIDFG21G_1493","C113750",2017,"1","panhandle"
"CluIDFG21G_1494","C108661",2017,"32","southwest"
"CluIDFG21G_1495","C119210",2017,"14","clearwater"
"CluIDFG21G_1496","C133876",2017,"28","salmon"
"CluIDFG21G_1497","C124411",2017,"39","southwest"
"CluIDFG21G_1498","C128664",2017,"8","clearwater"
"CluIDFG21G_1499","C106500",2017,"26","southwest"
"CluIDFG21G_1500","C117599",2017,"24","southwest"
"CluIDFG21G_1501","C117827",2017,"32","southwest"
"CluIDFG21G_1502","C108659",2017,"24","southwest"
"CluIDFG21G_1503","C111034",2017,"10","clearwater"
"CluIDFG21G_1504","C103360",2017,"50","upper_snake"
"CluIDFG21G_1505","C125101",2017,"50","upper_snake"
"CluIDFG21G_1506","C126726",2017,"6","panhandle"
"CluIDFG21G_1507","C125077",2017,"29","salmon"
"CluIDFG21G_1508","C125078",2017,"29","salmon"
"CluIDFG21G_1509","C106445",2017,"24","southwest"
"CluIDFG21G_1510","C125182",2017,"27","salmon"
"CluIDFG21G_1511","C111032",2017,"20","clearwater"
"CluIDFG21G_1512","C111031",2017,"24","southwest"
"CluIDFG21G_1513","C132561",2017,"27","salmon"
"CluIDFG21G_1514","C125195",2017,"28","salmon"
"CluIDFG21G_1515","C119358",2017,"27","salmon"
"CluIDFG21G_1516","C113901",2018,"1","panhandle"
"CluIDFG21G_1517","C127062",2017,"27","salmon"
"CluIDFG21G_1518","C133702",2017,"4","panhandle"
"CluIDFG21G_1519","C124626",2017,"4","panhandle"
"CluIDFG21G_1520","C132571",2017,"6","panhandle"
"CluIDFG21G_1521","C132570",2017,"1","panhandle"
"CluIDFG21G_1522","C117875",2017,"29","salmon"
"CluIDFG21G_1523","C104798",2018,"65","upper_snake"
"CluIDFG21G_1524","C132485",2017,"6","panhandle"
"CluIDFG21G_1525","C117565",2017,"8","clearwater"
"CluIDFG21G_1526","C101946",2017,"19","clearwater"
"CluIDFG21G_1527","C113902",2018,"1","panhandle"
"CluIDFG21G_1528","C132401",2017,"23","southwest"
"CluIDFG21G_1529","C132597",2017,"7","panhandle"
"CluIDFG21G_1530","ID829-M",NA,NA,NA
"CluIDFG21G_1531","C133746",2018,"1","panhandle"
"CluIDFG21G_1532","C133895",2017,"36","salmon"
"CluIDFG21G_1533","C132500",2017,"6","panhandle"
"CluIDFG21G_1534","C133733",2017,"4","panhandle"
"CluIDFG21G_1535","C133726",2017,"6","panhandle"
"CluIDFG21G_1536","C124600",2017,"10","clearwater"
"CluIDFG21G_1537","C117540",2017,"15","clearwater"
"CluIDFG21G_1538","C133894",2017,"36","salmon"
"CluIDFG21G_1539","C116287",2017,"4","panhandle"
"CluIDFG21G_1540","C128901",2018,"61","upper_snake"
"CluIDFG21G_1541","C113945",2017,"1","panhandle"
"CluIDFG21G_1542","C132486",2017,"1","panhandle"
"CluIDFG21G_1543","C119355",2017,"36","salmon"
"CluIDFG21G_1544","C124688",2017,"7","panhandle"
"CluIDFG21G_1545","C129159",2017,"29","salmon"
"CluIDFG21G_1546","C105125",2018,"60","upper_snake"
"CluIDFG21G_1547","C119354",2017,"36","salmon"
"CluIDFG21G_1548","C132490",2017,"6","panhandle"
"CluIDFG21G_1549","C132499",2017,"4","panhandle"
"CluIDFG21G_1550","C101950",2018,"19","clearwater"
"CluIDFG21G_1551","C116285",2017,"4","panhandle"
"CluIDFG21G_1552","C117538",2017,"23","southwest"
"CluIDFG21G_1553","C117539",2017,"15","clearwater"
"CluIDFG21G_1554","C116284",2017,"4","panhandle"
"CluIDFG21G_1555","C133747",2018,"1","panhandle"
"CluIDFG21G_1556","C127064",2017,"36","salmon"
"CluIDFG21G_1557","C116288",2017,"4","panhandle"
"CluIDFG21G_1558","C101949",2018,"15","clearwater"
"CluIDFG21G_1559","C116280",2017,"4","panhandle"
"CluIDFG21G_1560","C106453",2017,"25","southwest"
"CluIDFG21G_1561","C105129",2016,"15","clearwater"
"CluIDFG21G_1562","C133892",2017,"36","salmon"
"CluIDFG21G_1563","C133734",2017,"4","panhandle"
"CluIDFG21G_1564","C133728",2017,"4","panhandle"
"CluIDFG21G_1565","C116281",2017,"4","panhandle"
"CluIDFG21G_1566","C132484",2017,"6","panhandle"
"CluIDFG21G_1567","C113946",2017,"1","panhandle"
"CluIDFG21G_1568","C132523",2017,"7","panhandle"
"CluIDFG21G_1569","C126880",2017,"6","panhandle"
"CluIDFG21G_1570","C107236",2018,"19","clearwater"
"CluIDFG21G_1571","C127061",2017,"27","salmon"
"CluIDFG21G_1572","C116282",2017,"4","panhandle"
"CluIDFG21G_1573","C127054",2017,"28","salmon"
"CluIDFG21G_1574","C127077",2017,"36","salmon"
"CluIDFG21G_1575","C111204",2017,"10","clearwater"
"CluIDFG21G_1576","C103359",2017,"50","upper_snake"
"CluIDFG21G_1577","C117833",2017,"33","southwest"
"CluIDFG21G_1578","C123135",2017,"36","salmon"
"CluIDFG21G_1579","C125404",2017,"28","salmon"
"CluIDFG21G_1580","C117687",2017,"50","upper_snake"
"CluIDFG21G_1581","C087771",2017,"36","salmon"
"CluIDFG21G_1582","C125076",2017,"37","salmon"
"CluIDFG21G_1583","C107254",2017,"19","clearwater"
"CluIDFG21G_1584","C106426",2017,"19","clearwater"
"CluIDFG21G_1585","C111015",2017,"15","clearwater"
"CluIDFG21G_1586","C106481",2017,"24","southwest"
"CluIDFG21G_1587","C123137",2017,"27","salmon"
"CluIDFG21G_1588","C131134",2017,"8","clearwater"
"CluIDFG21G_1589","C087775",2017,"10","clearwater"
"CluIDFG21G_1590","C125388",2017,"27","salmon"
"CluIDFG21G_1591","C117537",2017,"18","clearwater"
"CluIDFG21G_1592","C131144",2017,"10","clearwater"
"CluIDFG21G_1593","C106482",2017,"24","southwest"
"CluIDFG21G_1594","C111014",2017,"15","clearwater"
"CluIDFG21G_1595","C106441",2017,"32","southwest"
"CluIDFG21G_1596","C125084",2017,"21","salmon"
"CluIDFG21G_1597","C125193",2017,"29","salmon"
"CluIDFG21G_1598","C106446",2017,"25","southwest"
"CluIDFG21G_1599","C110714",2017,"12","clearwater"
"CluIDFG21G_1600","C131142",2017,"12","clearwater"
"CluIDFG21G_1601","C022518",2017,"33","southwest"
"CluIDFG21G_1602","C128333",2017,"10","clearwater"
"CluIDFG21G_1603","C125196",2017,"28","salmon"
"CluIDFG21G_1604","C117834",2017,"32","southwest"
"CluIDFG21G_1605","C108855",2017,"39","southwest"
"CluIDFG21G_1606","C131272",2017,"20","clearwater"
"CluIDFG21G_1607","C111033",2017,"10","clearwater"
"CluIDFG21G_1608","C101945",2017,"22","southwest"
"CluIDFG21G_1609","C101940",2017,"23","southwest"
"CluIDFG21G_1610","C123497",2017,"14","clearwater"
"CluIDFG21G_1611","C111017",2017,"12","clearwater"
"CluIDFG21G_1612","C110715",2017,"12","clearwater"
"CluIDFG21G_1613","C106454",2017,"24","southwest"
"CluIDFG21G_1614","C108859",2017,"39","southwest"
"CluIDFG21G_1615","C132611",2017,"36","salmon"
"CluIDFG21G_1616","C113940",2017,"1","panhandle"
"CluIDFG21G_1617","C111207",2017,"12","clearwater"
"CluIDFG21G_1618","C113291",2017,"4","panhandle"
"CluIDFG21G_1619","C127050",2017,"28","salmon"
"CluIDFG21G_1620","C120481",2017,"65","upper_snake"
"CluIDFG21G_1621","C105138",2017,"14","clearwater"
"CluIDFG21G_1622","C132612",2017,"25","southwest"
"CluIDFG21G_1623","C103946",2017,"62","upper_snake"
"CluIDFG21G_1624","C116278",2017,"4","panhandle"
"CluIDFG21G_1625","C111205",2017,"12","clearwater"
"CluIDFG21G_1626","C104797",2018,"65","upper_snake"
"CluIDFG21G_1627","C131394",2017,"10","clearwater"
"CluIDFG21G_1628","C111021",2017,"12","clearwater"
"CluIDFG21G_1629","C131381",2017,"16","clearwater"
"CluIDFG21G_1630","C111019",2017,"10","clearwater"
"CluIDFG21G_1631","C103945",2017,"62","upper_snake"
"CluIDFG21G_1632","C111206",2017,"12","clearwater"
"CluIDFG21G_1633","C133748",2018,"1","panhandle"
"CluIDFG21G_1634","C127076",2017,"36","salmon"
"CluIDFG21G_1635","C132675",2017,"39","southwest"
"CluIDFG21G_1636","C110717",2017,"12","clearwater"
"CluIDFG21G_1637","C105414",2017,"17","clearwater"
"CluIDFG21G_1638","C111016",2017,"12","clearwater"
"CluIDFG21G_1639","C107551",2017,"15","clearwater"
"CluIDFG21G_1640","C127063",2017,"28","salmon"
"CluIDFG21G_1641","C123496",2017,"15","clearwater"
"CluIDFG21G_1642","C111203",2017,"12","clearwater"
"CluIDFG21G_1643","C111022",2017,"15","clearwater"
"CluIDFG21G_1644","C127048",2017,"27","salmon"
"CluIDFG21G_1645","C132609",2017,"36","salmon"
"CluIDFG21G_1646","C110716",2017,"12","clearwater"
"CluIDFG21G_1647","C123495",2017,"14","clearwater"
"CluIDFG21G_1648","C132497",2017,"4","panhandle"
"CluIDFG21G_1649","C101948",2018,"25","southwest"
"CluIDFG21G_1650","C101947",2017,"22","southwest"
"CluIDFG21G_1651","C132476",2017,"1","panhandle"
"CluIDFG21G_1652","C132660",2017,"39","southwest"
"CluIDFG21G_1653","C132653",2017,"39","southwest"
"CluIDFG21G_1654","C108858",2017,"39","southwest"
"CluIDFG21G_1655","C132610",2017,"36","salmon"
"CluIDFG21G_1656","C132480",2017,"4","panhandle"
"CluIDFG21G_1657","C110719",2017,"12","clearwater"
"CluIDFG21G_1658","C127047",2017,"17","clearwater"
"CluIDFG21G_1659","C131527",2017,"4","panhandle"
"CluIDFG21G_1660","C131350",2017,"10","clearwater"
"CluIDFG21G_1661","C108856",2017,"39","southwest"
"CluIDFG21G_1662","C111020",2017,"12","clearwater"
"CluIDFG21G_1663","C133802",2017,"37","salmon"
"CluIDFG21G_1664","C116286",2017,"4","panhandle"
"CluIDFG21G_1665","C117566",2017,"8","clearwater"
"CluIDFG21G_1666","C128670",2017,"10","clearwater"
"CluIDFG21G_1667","C131396",2017,"15","clearwater"
"CluIDFG21G_1668","C132614",2017,"39","southwest"
"CluIDFG21G_1669","C101938",2017,"25","southwest"
"CluIDFG21G_1670","C131399",2017,"15","clearwater"
"CluIDFG21G_1671","C133801",2017,"29","salmon"
"CluIDFG21G_1672","C121528",2016,"34","southwest"
"CluIDFG21G_1673","C117801",2016,"39","southwest"
"CluIDFG21G_1674","C107286",2016,"24","southwest"
"CluIDFG21G_1675","ID821-F",NA,NA,NA
"CluIDFG21G_1676","ID804-M",NA,NA,NA
"CluIDFG21G_1677","B557-F",NA,NA,NA
"CluIDFG21G_1678","C101957",2018,"23","southwest"
"CluIDFG21G_1679","C101901",2018,"19","clearwater"
"CluIDFG21G_1680","C108655",2016,"22","southwest"
"CluIDFG21G_1681","C107154",2016,"24","southwest"
"CluIDFG21G_1682","C115647",2016,"22","southwest"
"CluIDFG21G_1683","ID831-M",NA,NA,NA
"CluIDFG21G_1684","ID789-M",NA,NA,NA
"CluIDFG21G_1685","ID788-F",NA,NA,NA
"CluIDFG21G_1686","C101951",2018,"18","clearwater"
"CluIDFG21G_1687","C101959",2018,"24","southwest"
"CluIDFG21G_1688","C133803",2017,"37","salmon"
"CluIDFG21G_1689","C108653",2016,"22","southwest"
"CluIDFG21G_1690","ID833-M",NA,NA,NA
"CluIDFG21G_1691","ID835-F",NA,NA,NA
"CluIDFG21G_1692","ID802-M",NA,NA,NA
"CluIDFG21G_1693","ID818-M",NA,NA,NA
"CluIDFG21G_1694","C117841",2018,"32","southwest"
"CluIDFG21G_1695","C122654",2017,"44","magic_valley"
"CluIDFG21G_1696","C121500",2016,"27","salmon"
"CluIDFG21G_1697","C123626",2016,"10","clearwater"
"CluIDFG21G_1698","ID834-M",NA,NA,NA
"CluIDFG21G_1699","ID832-M",NA,NA,NA
"CluIDFG21G_1700","ID823-M",NA,NA,NA
"CluIDFG21G_1701","C123140",2018,"36","salmon"
"CluIDFG21G_1702","C109848",2018,"8","clearwater"
"CluIDFG21G_1703","C124420",2018,"35","southwest"
"CluIDFG21G_1704","ID838-M",NA,NA,NA
"CluIDFG21G_1705","C111023",2018,"15","clearwater"
"CluIDFG21G_1706","C113920",2018,"1","panhandle"
"CluIDFG21G_1707","C111211",2018,"10","clearwater"
"CluIDFG21G_1708","C111024",2018,"15","clearwater"
"CluIDFG21G_1709","C116289",2018,"1","panhandle"
"CluIDFG21G_1710","C132386",2018,"6","panhandle"
"CluIDFG21G_1711","C133011",2018,"35","southwest"
"CluIDFG21G_1712","C120485",2018,"62","upper_snake"
"CluIDFG21G_1713","C113915",2018,"1","panhandle"
"CluIDFG21G_1714","C113917",2018,"1","panhandle"
"CluIDFG21G_1715","C111208",2018,"10","clearwater"
"CluIDFG21G_1716","C111212",2018,"16","clearwater"
"CluIDFG21G_1717","C127067",2017,"37","salmon"
"CluIDFG21G_1718","C113913",2018,"1","panhandle"
"CluIDFG21G_1719","C133002",2017,"32","southwest"
"CluIDFG21G_1720","C110718",2017,"12","clearwater"
"CluIDFG21G_1721","C113916",2018,"1","panhandle"
"CluIDFG21G_1722","C113919",2018,"1","panhandle"
"CluIDFG21G_1723","C111209",2018,"10","clearwater"
"CluIDFG21G_1724","C127070",2018,"27","salmon"
"CluIDFG21G_1725","C127083",2018,"21","salmon"
"CluIDFG21G_1726","C113911",2018,"1","panhandle"
"CluIDFG21G_1727","C113912",2018,"1","panhandle"
"CluIDFG21G_1728","C131393",2017,"17","clearwater"
"CluIDFG21G_1729","C113918",2018,"1","panhandle"
"CluIDFG21G_1730","C128689",2018,"10","clearwater"
"CluIDFG21G_1731","C111025",2018,"15","clearwater"
"CluIDFG21G_1732","C127069",2018,"21","salmon"
"CluIDFG21G_1733","C127085",2018,"21","salmon"
"CluIDFG21G_1734","C113910",2018,"1","panhandle"
"CluIDFG21G_1735","C102358",2018,"33","southwest"
"CluIDFG21G_1736","C125250",2018,"66","upper_snake"
"CluIDFG21G_1737","C133055",2018,"39","southwest"
"CluIDFG21G_1738","C132467",2018,"6","panhandle"
"CluIDFG21G_1739","C128691",2018,"10","clearwater"
"CluIDFG21G_1740","C132611",2017,"36","salmon"
"CluIDFG21G_1741","C113905",2018,"1","panhandle"
"CluIDFG21G_1742","C113909",2018,"1","panhandle"
"CluIDFG21G_1743","C102357",2018,"32","southwest"
"CluIDFG21G_1744","C131637",2018,"20","clearwater"
"CluIDFG21G_1745","C132660",2017,"39","southwest"
"CluIDFG21G_1746","C132464",2018,"4","panhandle"
"CluIDFG21G_1747","C131543",2018,"12","clearwater"
"CluIDFG21G_1748","C132614",2017,"39","southwest"
"CluIDFG21G_1749","C113906",2018,"1","panhandle"
"CluIDFG21G_1750","C113908",2018,"4","panhandle"
"CluIDFG21G_1751","C133063",2018,"33","southwest"
"CluIDFG21G_1752","C131644",2018,"10","clearwater"
"CluIDFG21G_1753","C128927",2018,"50","upper_snake"
"CluIDFG21G_1754","C132381",2018,"4","panhandle"
"CluIDFG21G_1755","C123500",2018,"14","clearwater"
"CluIDFG21G_1756","C117844",2018,"39","southwest"
"CluIDFG21G_1757","C133750",2018,"4","panhandle"
"CluIDFG21G_1758","C118381",2018,"48","magic_valley"
"CluIDFG21G_1759","C122354",2018,"36","salmon"
"CluIDFG21G_1760","ID836-M",NA,NA,NA
"CluIDFG21G_1761","C120483",2018,"62","upper_snake"
"CluIDFG21G_1762","C132380",2018,"4","panhandle"
"CluIDFG21G_1763","C131677",2018,"14","clearwater"
"CluIDFG21G_1764","C132466",2018,"4","panhandle"
"CluIDFG21G_1765","C102283",2018,"4","panhandle"
"CluIDFG21G_1766","C133061",2018,"39","southwest"
"CluIDFG21G_1767","C118380",2018,"48","magic_valley"
"CluIDFG21G_1768","C108654",2016,"22","southwest"
"CluIDFG21G_1769","C115650",2016,"22","southwest"
"CluIDFG21G_1770","C123938",2016,"6","panhandle"
"CluIDFG21G_1771","ID714-M",NA,NA,NA
"CluIDFG21G_1772","ID801-M",NA,NA,NA
"CluIDFG21G_1773","C131676",2018,"15","clearwater"
"CluIDFG21G_1774","C124030",2018,"10","clearwater"
"CluIDFG21G_1775","C124415",2018,"39","southwest"
"CluIDFG21G_1776","C115644",2016,"22","southwest"
"CluIDFG21G_1777","C115648",2016,"22","southwest"
"CluIDFG21G_1778","C123211",2016,"15","clearwater"
"CluIDFG21G_1779","ID825-F",NA,NA,NA
"CluIDFG21G_1780","ID786-F",NA,NA,NA
"CluIDFG21G_1781","C131678",2018,"14","clearwater"
"CluIDFG21G_1782","C113950",2018,"1","panhandle"
"CluIDFG21G_1783","C081651",2018,"36","salmon"
"CluIDFG21G_1784","C123061",2016,"17","clearwater"
"CluIDFG21G_1785","C115645",2016,"22","southwest"
"CluIDFG21G_1786","C115486",2016,"44","magic_valley"
"CluIDFG21G_1787","ID822-F",NA,NA,NA
"CluIDFG21G_1788","C107237",2018,"19","clearwater"
"CluIDFG21G_1789","C107240",2018,"19","clearwater"
"CluIDFG21G_1790","C113296",2018,"1","panhandle"
"CluIDFG21G_1791","C081652",2018,"36","salmon"
"CluIDFG21G_1792","C103928",2017,"60","upper_snake"
"CluIDFG21G_1793","C115649",2016,"22","southwest"
"CluIDFG21G_1794","ID805-M",NA,NA,NA
"CluIDFG21G_1795","ID803-F",NA,NA,NA
"CluIDFG21G_1796","C116357",2018,"1","panhandle"
"CluIDFG21G_1797","C107238",2018,"19","clearwater"
"CluIDFG21G_1798","C127087",2018,"29","salmon"
"CluIDFG21G_1799","ID837-M",NA,NA,NA
"CluIDFG21G_1800","C123142",2018,"36","salmon"
"CluIDFG21G_1801","C122503",2018,"49","magic_valley"
"CluIDFG21G_1802","ID705-M",NA,NA,NA
"CluIDFG21G_1803","ID751-M",NA,NA,NA
"CluIDFG21G_1804","ID763-M",NA,NA,NA
"CluIDFG21G_1805","C117541",2018,"18","clearwater"
"CluIDFG21G_1806","C127095",2018,"21","salmon"
"CluIDFG21G_1807","ID697-F",NA,NA,NA
"CluIDFG21G_1808","C119917",2018,"35","southwest"
"CluIDFG21G_1809","C125479",2018,"20","clearwater"
"CluIDFG21G_1810","ID691-F",NA,NA,NA
"CluIDFG21G_1811","ID760-M",NA,NA,NA
"CluIDFG21G_1812","C102360",2018,"33","southwest"
"CluIDFG21G_1813","C131776",2018,"14","clearwater"
"CluIDFG21G_1814","ID690-F",NA,NA,NA
"CluIDFG21G_1815","ID759-F",NA,NA,NA
"CluIDFG21G_1816","C102365",2018,"39","southwest"
"CluIDFG21G_1817","C124434",2018,"35","southwest"
"CluIDFG21G_1818","ID755-F",NA,NA,NA
"CluIDFG21G_1819","ID757-F",NA,NA,NA
"CluIDFG21G_1820","C125480",2018,"20","clearwater"
"CluIDFG21G_1821","C125478",2018,"20","clearwater"
"CluIDFG21G_1822","ID754-M",NA,NA,NA
"CluIDFG21G_1823","ID756-M",NA,NA,NA
"CluIDFG21G_1824","C127097",2018,"21","salmon"
"CluIDFG21G_1825","ID689-F",NA,NA,NA
"CluIDFG21G_1826","ID753-F",NA,NA,NA
"CluIDFG21G_1827","ID766-F",NA,NA,NA
"CluIDFG21G_1828","C127094",2018,"28","salmon"
"CluIDFG21G_1829","ID706-F",NA,NA,NA
"CluIDFG21G_1830","ID752-M",NA,NA,NA
"CluIDFG21G_1831","ID765-M",NA,NA,NA
"CluIDFG21G_1832","ID761-M",NA,NA,NA
"CluVARI21C_0001",NA,NA,NA,NA
"CluVARI21C_0002",NA,NA,NA,NA
"CluVARI21C_0003",NA,NA,NA,NA
"CluVARI21C_0004",NA,NA,NA,NA
"CluVARI21C_0005",NA,NA,NA,NA
"CluVARI21C_0005",NA,NA,NA,NA
"CluVARI21C_0006",NA,NA,NA,NA
"CluVARI21C_0006",NA,NA,NA,NA
"CluVARI21C_0007",NA,NA,NA,NA
"CluVARI21C_0008",NA,NA,NA,NA
"CluVARI21C_0009",NA,NA,NA,NA
"CluVARI21C_0010",NA,NA,NA,NA
"CluVARI21C_0011",NA,NA,NA,NA
"CluVARI21C_0012",NA,NA,NA,NA
"CluVARI21C_0013",NA,NA,NA,NA
"CluVARI21C_0013",NA,NA,NA,NA
"CluVARI21C_0014",NA,NA,NA,NA
"CluVARI21C_0015",NA,NA,NA,NA
"CluVARI21C_0016",NA,NA,NA,NA
"CluVARI21C_0017",NA,NA,NA,NA
"CluVARI21C_0018",NA,NA,NA,NA
"CluVARI21C_0019",NA,NA,NA,NA
"CluVARI21C_0020",NA,NA,NA,NA
"CluVARI21C_0021",NA,NA,NA,NA
"CluVARI21C_0022",NA,NA,NA,NA
"CluVARI21C_0023",NA,NA,NA,NA
"CluVARI21C_0024",NA,NA,NA,NA
"CluVARI21C_0025",NA,NA,NA,NA
"CluVARI21C_0025",NA,NA,NA,NA
"CluVARI21C_0026",NA,NA,NA,NA
"CluVARI21C_0027",NA,NA,NA,NA
"CluVARI21C_0028",NA,NA,NA,NA
"CluVARI21C_0028",NA,NA,NA,NA
"CluVARI21C_0029",NA,NA,NA,NA
"CluVARI21C_0030",NA,NA,NA,NA
"CluVARI21C_0031",NA,NA,NA,NA
"CluVARI21C_0032",NA,NA,NA,NA
"CluVARI21C_0033",NA,NA,NA,NA
"CluVARI21C_0034",NA,NA,NA,NA
"NTCTray9",NA,NA,NA,NA
"CluIDFG21G_1040","21BFJUDUT",2021,"20","clearwater"
"CluIDFG21G_1041","C111664",2020,"4","panhandle"
"CluIDFG21G_1042","C117815",2020,"39","southwest"
"CluIDFG21G_1043","C125012",2021,"36","salmon"
"CluIDFG21G_1044","C127191",2021,"27","salmon"
"CluIDFG21G_1045","C130555",2020,"36","salmon"
"CluIDFG21G_1046","C131799",2020,"15","clearwater"
"CluIDFG21G_1047","C134615",2020,"36","salmon"
"CluIDFG21G_1048","21BNNT38A",2021,"39","southwest"
"CluIDFG21G_1049","C112815",2020,"1","panhandle"
"CluIDFG21G_1050","C118162",2020,"36","salmon"
"CluIDFG21G_1051","C126817",2020,"1","panhandle"
"CluIDFG21G_1052","C127842",2020,"28","salmon"
"CluIDFG21G_1053","C130940",2020,"15","clearwater"
"CluIDFG21G_1054","C132190",2020,"31","southwest"
"CluIDFG21G_1055","C134622",2020,"27","salmon"
"CluIDFG21G_1056","21EPGMA8H",2021,"10","clearwater"
"CluIDFG21G_1057","C113051",2021,"1","panhandle"
"CluIDFG21G_1058","C119753",2021,"31","southwest"
"CluIDFG21G_1059","C126818",2020,"1","panhandle"
"CluIDFG21G_1060","C127853",2020,"20","clearwater"
"CluIDFG21G_1061","C130941",2020,"15","clearwater"
"CluIDFG21G_1062","C133116",2020,"13","clearwater"
"CluIDFG21G_1063","C134623",2020,"27","salmon"
"CluIDFG21G_1064","C081661",2020,"49","magic_valley"
"CluIDFG21G_1065","C113052",2021,"1","panhandle"
"CluIDFG21G_1066","C119754",2021,"31","southwest"
"CluIDFG21G_1067","C126819",2020,"1","panhandle"
"CluIDFG21G_1068","C127876",2020,"28","salmon"
"CluIDFG21G_1069","C130943",2020,"12","clearwater"
"CluIDFG21G_1070","C134032",2020,"65","upper_snake"
"CluIDFG21G_1071","C135276",2020,"1","panhandle"
"CluIDFG21G_1072","C081662",2020,"50","upper_snake"
"CluIDFG21G_1073","C115122",2021,"1","panhandle"
"CluIDFG21G_1074","C120812",2020,"44","magic_valley"
"CluIDFG21G_1075","C126820",2020,"1","panhandle"
"CluIDFG21G_1076","C127927",2020,"21","salmon"
"CluIDFG21G_1077","C130944",2020,"12","clearwater"
"CluIDFG21G_1078","C134069",2020,"62","upper_snake"
"CluIDFG21G_1079","C135277",2020,"1","panhandle"
"CluIDFG21G_1080","C086441",2020,"15","clearwater"
"CluIDFG21G_1081","C115678",2020,"8","clearwater"
"CluIDFG21G_1082","C121809",2020,"20","clearwater"
"CluIDFG21G_1083","C126821",2020,"1","panhandle"
"CluIDFG21G_1084","C127992",2020,"20","clearwater"
"CluIDFG21G_1085","C130945",2020,"12","clearwater"
"CluIDFG21G_1086","C134070",2020,"62","upper_snake"
"CluIDFG21G_1087","C135278",2020,"1","panhandle"
"CluIDFG21G_1088","C086442",2021,"15","clearwater"
"CluIDFG21G_1089","C115679",2020,"8","clearwater"
"CluIDFG21G_1090","C122193",2021,"48","magic_valley"
"CluIDFG21G_1091","C126822",2020,"1","panhandle"
"CluIDFG21G_1092","C130060",2020,"45","magic_valley"
"CluIDFG21G_1093","C130946",2020,"12","clearwater"
"CluIDFG21G_1094","C134115",2021,"61","upper_snake"
"CluIDFG21G_1095","C135303",2020,"1","panhandle"
"CluIDFG21G_1096","C086443",2021,"15","clearwater"
"CluIDFG21G_1097","C115680",2020,"8","clearwater"
"CluIDFG21G_1098","C123145",2020,"28","salmon"
"CluIDFG21G_1099","C126824",2020,"1","panhandle"
"CluIDFG21G_1100","C130189",2020,"27","salmon"
"CluIDFG21G_1101","C130947",2021,"16","clearwater"
"CluIDFG21G_1102","C134158",2020,"50","upper_snake"
"CluIDFG21G_1103","C135306",2020,"1","panhandle"
"CluIDFG21G_1104","C103991",2020,"61","upper_snake"
"CluIDFG21G_1105","C115681",2020,"8","clearwater"
"CluIDFG21G_1106","C123146",2021,"36","salmon"
"CluIDFG21G_1107","C126825",2021,"1","panhandle"
"CluIDFG21G_1108","C130508",2021,"50","upper_snake"
"CluIDFG21G_1109","C130949",2021,"16","clearwater"
"CluIDFG21G_1110","C134213",2020,"62","upper_snake"
"CluIDFG21G_1111","C135307",2020,"1","panhandle"
"CluIDFG21G_1112","C106235",2020,"29","salmon"
"CluIDFG21G_1113","C115682",2020,"8","clearwater"
"CluIDFG21G_1114","C123445",2020,"48","magic_valley"
"CluIDFG21G_1115","C127161",2021,"26","southwest"
"CluIDFG21G_1116","C130509",2021,"48","magic_valley"
"CluIDFG21G_1117","C131796",2020,"16","clearwater"
"CluIDFG21G_1118","C134236",2020,"28","salmon"
"CluIDFG21G_1119","C135308",2020,"1","panhandle"
"CluIDFG21G_1120","C107390",2020,"25","southwest"
"CluIDFG21G_1121","C115683",2020,"10","clearwater"
"CluIDFG21G_1122","C124631",2020,"4","panhandle"
"CluIDFG21G_1123","C127189",2021,"36","salmon"
"CluIDFG21G_1124","C130535",2020,"62","upper_snake"
"CluIDFG21G_1125","C131797",2020,"11","clearwater"
"CluIDFG21G_1126","C134359",2020,"58","upper_snake"
"CluIDFG21G_1127","C107395",2020,"25","southwest"
"CluIDFG21G_1128","C115684",2020,"8","clearwater"
"CluIDFG21G_1129","C125010",2021,"36","salmon"
"CluIDFG21G_1130","C127190",2021,"28","salmon"
"CluIDFG21G_1131","C130546",2020,"44","magic_valley"
"CluIDFG21G_1132","C131798",2020,"15","clearwater"
"CluIDFG21G_1133","C134366",2020,"62","upper_snake"
"NTCTray1",NA,NA,NA,NA
"CluIDFG21G_1047","C134615",2020,"36","salmon"
"CluIDFG21G_1072","C081662",2020,"50","upper_snake"
"CluIDFG21G_1073","C115122",2021,"1","panhandle"
"CluIDFG21G_1100","C130189",2020,"27","salmon"
"CluIDFG21G_1109","C130949",2021,"16","clearwater"
"CluIDFG21G_1113","C115682",2020,"8","clearwater"
"CluIDFG21G_1148","C142086",2020,"10","clearwater"
"CluIDFG21G_1165","C142985",2020,"4","panhandle"
"CluIDFG21G_1226","C141677",2020,"14","clearwater"
"CluIDFG21G_1234","C145824",2020,"20","clearwater"
"CluIDFG21G_1296","C145423",2020,"20","clearwater"
"CluIDFG21G_1334","C147099",2020,"6","panhandle"
"CluIDFG21G_1348","C147029",2020,"4","panhandle"
"CluIDFG21G_1349","C147046",2020,"10","clearwater"
"CluIDFG21G_1350","C147295",2020,"4","panhandle"
"CluIDFG21G_1351","C147554",2020,"12","clearwater"
"CluIDFG21G_1355","C146956",2020,"6","panhandle"
"CluIDFG21G_1356","C147031",2020,"4","panhandle"
"CluIDFG21G_1359","C147559",2020,"20","clearwater"
"CluIDFG21G_1408","C149794",2021,"7","panhandle"
"CluIDFG21G_1418","C111030",2017,"15","clearwater"
"CluIDFG21G_1432","C103935",2017,"62","upper_snake"
"CluIDFG21G_1441","C123373",2017,"28","salmon"
"CluIDFG21G_1449","C106411",2017,"15","clearwater"
"CluIDFG21G_1469","C117872",2017,"37","salmon"
"CluIDFG21G_1478","C115045",2017,"4","panhandle"
"CluIDFG21G_1493","C113750",2017,"1","panhandle"
"CluIDFG21G_1506","C126726",2017,"6","panhandle"
"CluIDFG21G_1509","C106445",2017,"24","southwest"
"CluIDFG21G_1511","C111032",2017,"20","clearwater"
"CluIDFG21G_1512","C111031",2017,"24","southwest"
"CluIDFG21G_1513","C132561",2017,"27","salmon"
"CluIDFG21G_1524","C132485",2017,"6","panhandle"
"CluIDFG21G_1527","C113902",2018,"1","panhandle"
"CluIDFG21G_1530","ID829-M",NA,NA,NA
"CluIDFG21G_1533","C132500",2017,"6","panhandle"
"CluIDFG21G_1534","C133733",2017,"4","panhandle"
"CluIDFG21G_1536","C124600",2017,"10","clearwater"
"CluIDFG21G_1541","C113945",2017,"1","panhandle"
"CluIDFG21G_1545","C129159",2017,"29","salmon"
"CluIDFG21G_1547","C119354",2017,"36","salmon"
"CluIDFG21G_1555","C133747",2018,"1","panhandle"
"CluIDFG21G_1556","C127064",2017,"36","salmon"
"CluIDFG21G_1563","C133734",2017,"4","panhandle"
"CluIDFG21G_1567","C113946",2017,"1","panhandle"
"CluIDFG21G_1572","C116282",2017,"4","panhandle"
"CluIDFG21G_1601","C022518",2017,"33","southwest"
"CluIDFG21G_1609","C101940",2017,"23","southwest"
"CluIDFG21G_1616","C113940",2017,"1","panhandle"
"CluIDFG21G_1617","C111207",2017,"12","clearwater"
"CluIDFG21G_1623","C103946",2017,"62","upper_snake"
"CluIDFG21G_1625","C111205",2017,"12","clearwater"
"CluIDFG21G_1627","C131394",2017,"10","clearwater"
"CluIDFG21G_1632","C111206",2017,"12","clearwater"
"CluIDFG21G_1639","C107551",2017,"15","clearwater"
"CluIDFG21G_1641","C123496",2017,"15","clearwater"
"CluIDFG21G_1642","C111203",2017,"12","clearwater"
"CluIDFG21G_1649","C101948",2018,"25","southwest"
"CluIDFG21G_1650","C101947",2017,"22","southwest"
"CluIDFG21G_1654","C108858",2017,"39","southwest"
"CluIDFG21G_1655","C132610",2017,"36","salmon"
"CluIDFG21G_1656","C132480",2017,"4","panhandle"
"CluIDFG21G_1657","C110719",2017,"12","clearwater"
"CluIDFG21G_1664","C116286",2017,"4","panhandle"
"CluIDFG21G_1665","C117566",2017,"8","clearwater"
"CluIDFG21G_1672","C121528",2016,"34","southwest"
"CluIDFG21G_1673","C117801",2016,"39","southwest"
"CluIDFG21G_1677","B557-F",NA,NA,NA
"CluIDFG21G_1679","C101901",2018,"19","clearwater"
"CluIDFG21G_1686","C101951",2018,"18","clearwater"
"CluIDFG21G_1687","C101959",2018,"24","southwest"
"CluIDFG21G_1695","C122654",2017,"44","magic_valley"
"CluIDFG21G_1701","C123140",2018,"36","salmon"
"CluIDFG21G_1702","C109848",2018,"8","clearwater"
"CluIDFG21G_1706","C113920",2018,"1","panhandle"
"CluIDFG21G_1715","C111208",2018,"10","clearwater"
"CluIDFG21G_1718","C113913",2018,"1","panhandle"
"CluIDFG21G_1719","C133002",2017,"32","southwest"
"CluIDFG21G_1721","C113916",2018,"1","panhandle"
"CluIDFG21G_1725","C127083",2018,"21","salmon"
"CluIDFG21G_1726","C113911",2018,"1","panhandle"
"CluIDFG21G_1727","C113912",2018,"1","panhandle"
"CluIDFG21G_1733","C127085",2018,"21","salmon"
"CluIDFG21G_1734","C113910",2018,"1","panhandle"
"CluIDFG21G_1737","C133055",2018,"39","southwest"
"CluIDFG21G_1745","C132660",2017,"39","southwest"
"CluIDFG21G_1750","C113908",2018,"4","panhandle"
"CluIDFG21G_1752","C131644",2018,"10","clearwater"
"CluIDFG21G_1753","C128927",2018,"50","upper_snake"
"CluIDFG21G_1755","C123500",2018,"14","clearwater"
"CluIDFG21G_1788","C107237",2018,"19","clearwater"
"CluIDFG21G_1789","C107240",2018,"19","clearwater"
"CluIDFG21G_1797","C107238",2018,"19","clearwater"
"CluIDFG21G_1798","C127087",2018,"29","salmon"
"CluIDFG21G_1800","C123142",2018,"36","salmon"
"NTCTray10",NA,NA,NA,NA
"CluIDFG21G_1802","ID705-M",NA,NA,NA
"CluIDFG21G_1803","ID751-M",NA,NA,NA
"CluIDFG21G_1804","ID763-M",NA,NA,NA
"CluIDFG21G_1806","C127095",2018,"21","salmon"
"CluIDFG21G_1807","ID697-F",NA,NA,NA
"CluIDFG21G_1810","ID691-F",NA,NA,NA
"CluIDFG21G_1811","ID760-M",NA,NA,NA
"CluIDFG21G_1812","C102360",2018,"33","southwest"
"CluIDFG21G_1814","ID690-F",NA,NA,NA
"CluIDFG21G_1815","ID759-F",NA,NA,NA
"CluIDFG21G_1818","ID755-F",NA,NA,NA
"CluIDFG21G_1819","ID757-F",NA,NA,NA
"CluIDFG21G_1820","C125480",2018,"20","clearwater"
"CluIDFG21G_1821","C125478",2018,"20","clearwater"
"CluIDFG21G_1822","ID754-M",NA,NA,NA
"CluIDFG21G_1824","C127097",2018,"21","salmon"
"CluIDFG21G_1825","ID689-F",NA,NA,NA
"CluIDFG21G_1826","ID753-F",NA,NA,NA
"CluIDFG21G_1827","ID766-F",NA,NA,NA
"CluIDFG21G_1828","C127094",2018,"28","salmon"
"CluIDFG21G_1829","ID706-F",NA,NA,NA
"CluIDFG21G_1830","ID752-M",NA,NA,NA
"CluIDFG21G_1831","ID765-M",NA,NA,NA
"CluIDFG21G_1832","ID761-M",NA,NA,NA
"CluVARI21C_0001",NA,NA,NA,NA
"CluVARI21C_0002",NA,NA,NA,NA
"CluVARI21C_0003",NA,NA,NA,NA
"CluVARI21C_0004",NA,NA,NA,NA
"CluVARI21C_0005",NA,NA,NA,NA
"CluVARI21C_0006",NA,NA,NA,NA
"CluVARI21C_0007",NA,NA,NA,NA
"CluVARI21C_0008",NA,NA,NA,NA
"CluVARI21C_0009",NA,NA,NA,NA
"CluVARI21C_0011",NA,NA,NA,NA
"CluVARI21C_0013",NA,NA,NA,NA
"CluVARI21C_0015",NA,NA,NA,NA
"CluVARI21C_0016",NA,NA,NA,NA
"CluVARI21C_0017",NA,NA,NA,NA
"CluVARI21C_0020",NA,NA,NA,NA
"CluVARI21C_0021",NA,NA,NA,NA
"CluVARI21C_0022",NA,NA,NA,NA
"CluVARI21C_0023",NA,NA,NA,NA
"CluVARI21C_0024",NA,NA,NA,NA
"CluVARI21C_0025",NA,NA,NA,NA
"CluVARI21C_0027",NA,NA,NA,NA
"CluVARI21C_0028",NA,NA,NA,NA
"CluVARI21C_0030",NA,NA,NA,NA
"CluVARI21C_0031",NA,NA,NA,NA
"CluVARI21C_0032",NA,NA,NA,NA
"CluVARI21C_0033",NA,NA,NA,NA
"CluIDFG21G_1072","C081662",2020,"50","upper_snake"
"CluIDFG21G_1080","C086441",2020,"15","clearwater"
"CluIDFG21G_1088","C086442",2021,"15","clearwater"
"CluIDFG21G_1096","C086443",2021,"15","clearwater"
"CluIDFG21G_1166","C135313",2021,"1","panhandle"
"CluIDFG21G_1174","C135314",2021,"1","panhandle"
"CluIDFG21G_1182","C135315",2021,"1","panhandle"
"CluIDFG21G_1190","C135316",2021,"1","panhandle"
"CluIDFG21G_1260","C142998",2020,"5","panhandle"
"CluIDFG21G_1268","C142999",2020,"6","panhandle"
"CluIDFG21G_1276","C143000",2020,"6","panhandle"
"CluIDFG21G_1284","C143009",2020,"4","panhandle"
"CluIDFG21G_1354","C146927",2020,"1","panhandle"
"CluIDFG21G_1362","C146930",2020,"4","panhandle"
"CluIDFG21G_1370","C146935",2021,"7","panhandle"
"CluIDFG21G_1378","C146937",2021,"4","panhandle"
"CluIDFG21G_1448","C123562",2017,"28","salmon"
"CluIDFG21G_1456","C123362",2017,"21","salmon"
"CluIDFG21G_1464","C092207",2012,"27","salmon"
"CluIDFG21G_1472","C111012",2017,"16","clearwater"
"CluIDFG21G_1544","C124688",2017,"7","panhandle"
"CluIDFG21G_1552","C117538",2017,"23","southwest"
"CluIDFG21G_1560","C106453",2017,"25","southwest"
"CluIDFG21G_1568","C132523",2017,"7","panhandle"
"CluIDFG21G_1640","C127063",2017,"28","salmon"
"CluIDFG21G_1648","C132497",2017,"4","panhandle"
"CluIDFG21G_1656","C132480",2017,"4","panhandle"
"CluIDFG21G_1664","C116286",2017,"4","panhandle"
"CluIDFG21G_1736","C125250",2018,"66","upper_snake"
"CluIDFG21G_1744","C131637",2018,"20","clearwater"
"CluIDFG21G_1752","C131644",2018,"10","clearwater"
"CluIDFG21G_1760","ID836-M",NA,NA,NA
"CluIDFG21G_1832","ID761-M",NA,NA,NA
"CluVARI21C_0001",NA,NA,NA,NA
"CluVARI21C_0007",NA,NA,NA,NA
"CluVARI21C_0014",NA,NA,NA,NA
"NTCTray11",NA,NA,NA,NA
"CluIDFG22G_0001_initial_C081663","C081663",2021,"50","upper_snake"
"CluIDFG22G_0002_initial_C103955","C103955",2021,"62","upper_snake"
"CluIDFG22G_0003_initial_C104000","C104000",2021,"62","upper_snake"
"CluIDFG22G_0004_initial_C106001","C106001",2021,"1","panhandle"
"CluIDFG22G_0005_initial_C106008","C106008",2021,"1","panhandle"
"CluIDFG22G_0006_initial_C112436","C112436",2021,"6","panhandle"
"CluIDFG22G_0007_initial_C112437","C112437",2021,"6","panhandle"
"CluIDFG22G_0008_initial_C114051","C114051",2021,"6","panhandle"
"CluIDFG22G_0009_initial_C114052","C114052",2021,"6","panhandle"
"CluIDFG22G_0010_initial_C115253","C115253",2021,"60","upper_snake"
"CluIDFG22G_0011_initial_C119758","C119758",2021,"22","southwest"
"CluIDFG22G_0012_initial_C120822","C120822",2021,"4","panhandle"
"CluIDFG22G_0013_initial_C121895","C121895",2021,"43","magic_valley"
"CluIDFG22G_0014_initial_C123147","C123147",2021,"36","salmon"
"CluIDFG22G_0015_initial_C123148","C123148",2021,"36","salmon"
"CluIDFG22G_0016_initial_C123149","C123149",2021,"36","salmon"
"CluIDFG22G_0017_initial_C124632","C124632",2021,"4","panhandle"
"CluIDFG22G_0018_initial_C125451","C125451",2021,"36","salmon"
"CluIDFG22G_0019_initial_C125792","C125792",2021,"7","panhandle"
"CluIDFG22G_0020_initial_C125795","C125795",2021,"6","panhandle"
"CluIDFG22G_0021_initial_C125796","C125796",2021,"6","panhandle"
"CluIDFG22G_0022_initial_C125797","C125797",2021,"7","panhandle"
"CluIDFG22G_0023_initial_C125799","C125799",2021,"6","panhandle"
"CluIDFG22G_0024_initial_C125800","C125800",2021,"6","panhandle"
"CluIDFG22G_0025_initial_C127163","C127163",2021,"28","salmon"
"CluIDFG22G_0026_initial_C127164","C127164",2021,"28","salmon"
"CluIDFG22G_0027_initial_C127168","C127168",2021,"36","salmon"
"CluIDFG22G_0028_initial_C127171","C127171",2021,"36","salmon"
"CluIDFG22G_0029_initial_C127172","C127172",2021,"36","salmon"
"CluIDFG22G_0030_initial_C127173","C127173",2021,"36","salmon"
"CluIDFG22G_0031_initial_C127195","C127195",2021,"36","salmon"
"CluIDFG22G_0032_initial_C127196","C127196",2021,"27","salmon"
"CluIDFG22G_0033_initial_C130012","C130012",2021,"50","upper_snake"
"CluIDFG22G_0034_initial_C130301","C130301",2021,"49","magic_valley"
"CluIDFG22G_0035_initial_C130358","C130358",2021,"48","magic_valley"
"CluIDFG22G_0036_initial_C130359","C130359",2021,"44","magic_valley"
"CluIDFG22G_0037_initial_C130413","C130413",2021,"36","salmon"
"CluIDFG22G_0038_initial_C132638","C132638",2021,"39","southwest"
"CluIDFG22G_0039_initial_C133120","C133120",2021,"13","clearwater"
"CluIDFG22G_0040_initial_C135319","C135319",2021,"1","panhandle"
"CluIDFG22G_0041_initial_C135323","C135323",2021,"1","panhandle"
"CluIDFG22G_0042_initial_C135324","C135324",2021,"1","panhandle"
"CluIDFG22G_0043_initial_C135325","C135325",2021,"1","panhandle"
"CluIDFG22G_0044_initial_C136639","C136639",2021,"17","clearwater"
"CluIDFG22G_0045_initial_C136723","C136723",2021,"15","clearwater"
"CluIDFG22G_0046_initial_C139763","C139763",2021,"36","salmon"
"CluIDFG22G_0047_initial_C139764","C139764",2021,"35","southwest"
"CluIDFG22G_0048_initial_C139779","C139779",2021,"58","upper_snake"
"CluIDFG22G_0049_initial_C139780","C139780",2021,"58","upper_snake"
"CluIDFG22G_0050_initial_C140708","C140708",2021,"26","southwest"
"CluIDFG22G_0051_initial_C140878","C140878",2021,"24","southwest"
"CluIDFG22G_0052_initial_C141854","C141854",2021,"44","magic_valley"
"CluIDFG22G_0053_initial_C141857","C141857",2021,"44","magic_valley"
"CluIDFG22G_0054_initial_C141858","C141858",2021,"44","magic_valley"
"CluIDFG22G_0055_initial_C141859","C141859",2021,"44","magic_valley"
"CluIDFG22G_0056_initial_C141939","C141939",2021,"23","southwest"
"CluIDFG22G_0057_initial_C142651","C142651",2021,"61","upper_snake"
"CluIDFG22G_0058_initial_C143042","C143042",2021,"4","panhandle"
"CluIDFG22G_0059_initial_C143043","C143043",2021,"4","panhandle"
"CluIDFG22G_0060_initial_C143044","C143044",2021,"4","panhandle"
"CluIDFG22G_0061_initial_C143045","C143045",2021,"4","panhandle"
"CluIDFG22G_0062_initial_C143046","C143046",2021,"4","panhandle"
"CluIDFG22G_0063_initial_C143047","C143047",2021,"4","panhandle"
"CluIDFG22G_0064_initial_C143048","C143048",2021,"4","panhandle"
"CluIDFG22G_0065_initial_C143110","C143110",2021,"1","panhandle"
"CluIDFG22G_0066_initial_C143111","C143111",2021,"1","panhandle"
"CluIDFG22G_0067_initial_C143112","C143112",2021,"1","panhandle"
"CluIDFG22G_0068_initial_C143113","C143113",2021,"1","panhandle"
"CluIDFG22G_0069_initial_C144081","C144081",2021,"33","southwest"
"CluIDFG22G_0070_initial_C144657","C144657",2021,"10","clearwater"
"CluIDFG22G_0071_initial_C144659","C144659",2021,"10","clearwater"
"CluIDFG22G_0072_initial_C144661","C144661",2021,"10","clearwater"
"CluIDFG22G_0073_initial_C144662","C144662",2021,"10","clearwater"
"CluIDFG22G_0074_initial_C145636","C145636",2021,"33","southwest"
"CluIDFG22G_0075_initial_C146202","C146202",2021,"17","clearwater"
"CluIDFG22G_0076_initial_C147489","C147489",2021,"11","clearwater"
"CluIDFG22G_0077_initial_C147584","C147584",2021,"17","clearwater"
"CluIDFG22G_0078_initial_C147636","C147636",2021,"15","clearwater"
"CluIDFG22G_0079_initial_C147684","C147684",2021,"10","clearwater"
"CluIDFG22G_0080_initial_C147696","C147696",2021,"10","clearwater"
"CluIDFG22G_0081_initial_C147729","C147729",2021,"10","clearwater"
"CluIDFG22G_0082_initial_C149032","C149032",2021,"15","clearwater"
"CluIDFG22G_0083_initial_C149033","C149033",2021,"12","clearwater"
"CluIDFG22G_0084_initial_C149034","C149034",2021,"12","clearwater"
"CluIDFG22G_0085_initial_C149035","C149035",2021,"10","clearwater"
"CluIDFG22G_0086_initial_C149338","C149338",2021,"10","clearwater"
"CluIDFG22G_0087_initial_C149339","C149339",2021,"10","clearwater"
"CluIDFG22G_0088_initial_C149406","C149406",2021,"15","clearwater"
"CluIDFG22G_0089_initial_C149487","C149487",2021,"15","clearwater"
"CluIDFG22G_0090_initial_C149488","C149488",2021,"15","clearwater"
"CluIDFG22G_0091_initial_C149489","C149489",2021,"13","clearwater"
"CluIDFG22G_0092_initial_C149493","C149493",2021,"15","clearwater"
"CluIDFG22G_0093_initial_C149494","C149494",2021,"15","clearwater"
"CluIDFG22G_0094_initial_C149495","C149495",2021,"15","clearwater"
"CluIDFG22G_0095_initial_C149496","C149496",2021,"15","clearwater"
"CluIDFG22G_0096_initial_C149497","C149497",2021,"15","clearwater"
"CluIDFG22G_0097_initial_C150508","C150508",2021,"48","magic_valley"
"CluIDFG22G_0098_initial_C150510","C150510",2021,"49","magic_valley"
"CluIDFG22G_0099_initial_C150562","C150562",2021,"36","salmon"
"CluIDFG22G_0100_initial_C150582","C150582",2021,"44","magic_valley"
"CluIDFG22G_0101_initial_C165102","C165102",2021,"48","magic_valley"
"CluIDFG22G_0102_initial_C165326","C165326",2021,"44","magic_valley"
"CluIDFG22G_0103_initial_C167102","C167102",2021,"61","upper_snake"
"CluIDFG22G_0104_initial_C167251","C167251",2021,"33","southwest"
"CluIDFG22G_0105_initial_C167326","C167326",2021,"33","southwest"
"CluIDFG22G_0106_initial_C167327","C167327",2022,"39","southwest"
"CluIDFG22G_0107_initial_C167328","C167328",2022,"33","southwest"
"CluIDFG22G_0108_initial_C167329","C167329",2022,"33","southwest"
"CluIDFG22G_0109_initial_C168530","C168530",2021,"4","panhandle"
"CluIDFG22G_0110_initial_C168601","C168601",2021,"4","panhandle"
"CluIDFG22G_0111_initial_C168603","C168603",2022,"4","panhandle"
"CluIDFG22G_0112_initial_C168626","C168626",2021,"1","panhandle"
"CluIDFG22G_0113_initial_C168628","C168628",2021,"1","panhandle"
"CluIDFG22G_0114_initial_C168629","C168629",2021,"1","panhandle"
"CluIDFG22G_0115_initial_C168630","C168630",2021,"1","panhandle"
"CluIDFG22G_0116_initial_C168726","C168726",2022,"1","panhandle"
"CluIDFG22G_0117_initial_C168728","C168728",2022,"1","panhandle"
"CluIDFG22G_0118_initial_C168803","C168803",2021,"1","panhandle"
"CluIDFG22G_0119_initial_C168804","C168804",2021,"1","panhandle"
"CluIDFG22G_0120_initial_C168808","C168808",2022,"4","panhandle"
"CluIDFG22G_0121_initial_C168851","C168851",2021,"1","panhandle"
"CluIDFG22G_0122_initial_C169001","C169001",2021,"6","panhandle"
"CluIDFG22G_0123_initial_C169003","C169003",2021,"10","clearwater"
"CluIDFG22G_0124_initial_C169004","C169004",2021,"10","clearwater"
"CluIDFG22G_0125_initial_C169005","C169005",2021,"10","clearwater"
"CluIDFG22G_0126_initial_C169006","C169006",2021,"10","clearwater"
"CluIDFG22G_0127_initial_C169008","C169008",2021,"6","panhandle"
"CluIDFG22G_0128_initial_C169009","C169009",2021,"6","panhandle"
"CluIDFG22G_0129_initial_C169576","C169576",2022,"1","panhandle"
"CluIDFG22G_0130_initial_C169577","C169577",2022,"1","panhandle"
"CluIDFG22G_0131_initial_C169578","C169578",2022,"1","panhandle"
"CluIDFG22G_0132_initial_C169579","C169579",2022,"1","panhandle"
"CluIDFG22G_0133_initial_C169580","C169580",2022,"1","panhandle"
"CluIDFG22G_0134_initial_C169676","C169676",2021,"12","clearwater"
"CluIDFG22G_0135_initial_C169701","C169701",2021,"15","clearwater"
"CluIDFG22G_0136_initial_C169702","C169702",2022,"15","clearwater"
"CluIDFG22G_0137_initial_C169703","C169703",2022,"15","clearwater"
"CluIDFG22G_0138_initial_C169726","C169726",2021,"10","clearwater"
"CluIDFG22G_0139_initial_C169751","C169751",2021,"16","clearwater"
"CluIDFG22G_0140_initial_C169752","C169752",2022,"12","clearwater"
"CluIDFG22G_0141_initial_C169755","C169755",2022,"16","clearwater"
"CluIDFG22G_0142_initial_C169804","C169804",2021,"15","clearwater"
"CluIDFG22G_0143_initial_C169806","C169806",2021,"12","clearwater"
"CluIDFG22G_0144_initial_C169807","C169807",2021,"12","clearwater"
"CluIDFG22G_0145_initial_C169810","C169810",2022,"16","clearwater"
"CluIDFG22G_0146_initial_C169813","C169813",2022,"15","clearwater"
"CluIDFG22G_0147_initial_C169814","C169814",2022,"15","clearwater"
"CluIDFG22G_0148_initial_C169816","C169816",2022,"16","clearwater"
"CluIDFG22G_0149_initial_C169876","C169876",2021,"16","clearwater"
"CluIDFG22G_0150_initial_C169878","C169878",2022,"15","clearwater"
"CluIDFG22G_0151_initial_C169901","C169901",2021,"15","clearwater"
"CluIDFG22G_0152_initial_C169902","C169902",2021,"15","clearwater"
"CluIDFG22G_0153_initial_C169903","C169903",2021,"15","clearwater"
"CluIDFG22G_0154_initial_C169906","C169906",2021,"14","clearwater"
"CluIDFG22G_0155_initial_C169907","C169907",2021,"15","clearwater"
"CluIDFG22G_0156_initial_C169909","C169909",2022,"14","clearwater"
"CluIDFG22G_0157_initial_C169910","C169910",2022,"14","clearwater"
"CluIDFG22G_0158_initial_C169911","C169911",2022,"14","clearwater"
"CluIDFG22G_0159_initial_C169912","C169912",2022,"14","clearwater"
"CluIDFG22G_0160_initial_C169913","C169913",2022,"14","clearwater"
"CluIDFG22G_0161_initial_C169914","C169914",2022,"14","clearwater"
"CluIDFG22G_0162_initial_C169915","C169915",2022,"14","clearwater"
"CluIDFG22G_0163_initial_C169916","C169916",2022,"16","clearwater"
"CluIDFG22G_0164_initial_C170004","C170004",2021,"11","clearwater"
"CluIDFG22G_0165_initial_C170005","C170005",2021,"16","clearwater"
"CluIDFG22G_0166_initial_C170018","C170018",2022,"11","clearwater"
"CluIDFG22G_0167_initial_C170019","C170019",2022,"11","clearwater"
"CluIDFG22G_0168_initial_C170026","C170026",2021,"15","clearwater"
"CluIDFG22G_0169_initial_C170326","C170326",2021,"15","clearwater"
"CluIDFG22G_0170_initial_C171501","C171501",2021,"36","salmon"
"CluIDFG22G_0171_initial_C171528","C171528",2021,"28","salmon"
"CluIDFG22G_0172_initial_C171551","C171551",2021,"26","southwest"
"CluIDFG22G_0173_initial_C171553","C171553",2021,"28","salmon"
"CluIDFG22G_0174_initial_C171556","C171556",2021,"28","salmon"
"CluIDFG22G_0175_initial_C171562","C171562",2021,"28","salmon"
"CluIDFG22G_0176_initial_C171564","C171564",2021,"36","salmon"
"CluIDFG22G_0177_initial_C171566","C171566",2021,"17","clearwater"
"CluIDFG22G_0178_initial_C171567","C171567",2021,"17","clearwater"
"CluIDFG22G_0179_initial_C171574","C171574",2022,"28","salmon"
"CluIDFG22G_0180_initial_C171575","C171575",2022,"21","salmon"
"CluIDFG22G_0181_initial_C171601","C171601",2021,"28","salmon"
"CluIDFG22G_0182_initial_C171602","C171602",2022,"28","salmon"
"CluIDFG22G_0183_initial_C171603","C171603",2022,"28","salmon"
"CluIDFG22G_0184_initial_C171604","C171604",2022,"28","salmon"
"CluIDFG22G_0185_initial_C171626","C171626",2021,"36","salmon"
"CluIDFG22G_0186_initial_C171627","C171627",2021,"27","salmon"
"CluIDFG22G_0187_initial_C171629","C171629",2021,"27","salmon"
"CluIDFG22G_0188_initial_C171630","C171630",2022,"36","salmon"
"CluIDFG22G_0189_initial_C171655","C171655",2022,"36","salmon"
"CluIDFG22G_0190_initial_C171658","C171658",2022,"36","salmon"
"CluIDFG22G_0191_initial_C171701","C171701",2021,"36","salmon"
"CluIDFG22G_0192_initial_C171702","C171702",2021,"36","salmon"
"CluIDFG22G_0193_initial_C171703","C171703",2021,"36","salmon"
"CluIDFG22G_0194_initial_C171704","C171704",2021,"36","salmon"
"CluIDFG22G_0195_initial_C171706","C171706",2022,"36","salmon"
"CluIDFG22G_0196_initial_C171751","C171751",2021,"17","clearwater"
"CluIDFG22G_0197_initial_C171752","C171752",2021,"17","clearwater"
"CluIDFG22G_0198_initial_C171754","C171754",2021,"17","clearwater"
"CluIDFG22G_0199_initial_C171776","C171776",2022,"50","upper_snake"
"CluIDFG22G_0200_initial_C171833","C171833",2022,"27","salmon"
"CluIDFG22G_0201_initial_C171837","C171837",2022,"21","salmon"
"CluIDFG22G_0202_initial_C172051","C172051",2022,"4","panhandle"
"CluIDFG22G_0203_initial_C172052","C172052",2022,"4","panhandle"
"CluIDFG22G_0204_initial_C172053","C172053",2022,"4","panhandle"
"CluIDFG22G_0205_initial_C172054","C172054",2022,"4","panhandle"
"CluIDFG22G_0206_initial_2134XCY6T","2134XCY6T",2021,"4","panhandle"
"CluIDFG22G_0207_initial_21364QF3V","21364QF3V",2021,"28","salmon"
"CluIDFG22G_0208_initial_2136TMEP4","2136TMEP4",2021,"25","southwest"
"CluIDFG22G_0209_initial_2137WTDAR","2137WTDAR",2021,"39","southwest"
"CluIDFG22G_0210_initial_213HWLYYR","213HWLYYR",2021,"36","salmon"
"CluIDFG22G_0211_initial_213NGUKXC","213NGUKXC",2021,"10","clearwater"
"CluIDFG22G_0212_initial_213QMFJ76","213QMFJ76",2021,"4","panhandle"
"CluIDFG22G_0213_initial_213VB6RXY","213VB6RXY",2021,"1","panhandle"
"CluIDFG22G_0214_initial_214BNQUAH","214BNQUAH",2021,"10","clearwater"
"CluIDFG22G_0215_initial_214HJNWHN","214HJNWHN",2021,"4","panhandle"
"CluIDFG22G_0216_initial_214TTJF7K","214TTJF7K",2021,"7","panhandle"
"CluIDFG22G_0217_initial_214VPU4W6","214VPU4W6",2021,"28","salmon"
"CluIDFG22G_0218_initial_2168AMYMC","2168AMYMC",2021,"1","panhandle"
"CluIDFG22G_0219_initial_216RF7P6D","216RF7P6D",2021,"19","clearwater"
"CluIDFG22G_0220_initial_216UTADUF","216UTADUF",2021,"21","salmon"
"CluIDFG22G_0221_initial_21747GGN3","21747GGN3",2021,"7","panhandle"
"CluIDFG22G_0222_initial_217BE6QKF","217BE6QKF",2021,"17","clearwater"
"CluIDFG22G_0223_initial_217KKTJV8","217KKTJV8",2021,"36","salmon"
"CluIDFG22G_0224_initial_2183QAJB7","2183QAJB7",2021,"39","southwest"
"CluIDFG22G_0225_initial_2183TUGPR","2183TUGPR",2021,"17","clearwater"
"CluIDFG22G_0226_initial_2184UJWNY","2184UJWNY",2021,"4","panhandle"
"CluIDFG22G_0227_initial_2188UAMBU","2188UAMBU",2021,"28","salmon"
"CluIDFG22G_0228_initial_218DLFMTV","218DLFMTV",2021,"39","southwest"
"CluIDFG22G_0229_initial_218UPADJG","218UPADJG",2021,"10","clearwater"
"CluIDFG22G_0230_initial_218WY6RW4","218WY6RW4",2021,"10","clearwater"
"CluIDFG22G_0231_initial_218X8NXP3","218X8NXP3",2021,"10","clearwater"
"CluIDFG22G_0232_initial_21A47YWPJ","21A47YWPJ",2021,"20","clearwater"
"CluIDFG22G_0233_initial_21A4WJ6UE","21A4WJ6UE",2021,"17","clearwater"
"CluIDFG22G_0234_initial_21A78WEPJ","21A78WEPJ",2021,"28","salmon"
"CluIDFG22G_0235_initial_21AD7G7Q4","21AD7G7Q4",2021,"27","salmon"
"CluIDFG22G_0236_initial_21AJTVBMV","21AJTVBMV",2021,"1","panhandle"
"CluIDFG22G_0237_initial_21AYTCBK3","21AYTCBK3",2021,"7","panhandle"
"CluIDFG22G_0238_initial_21B3JWV8A","21B3JWV8A",2021,"4","panhandle"
"CluIDFG22G_0239_initial_21B4JK3DT","21B4JK3DT",2021,"15","clearwater"
"CluIDFG22G_0240_initial_21B6GEXPV","21B6GEXPV",2021,"61","upper_snake"
"CluIDFG22G_0241_initial_21BEDGDW4","21BEDGDW4",2021,"4","panhandle"
"CluIDFG22G_0242_initial_21BRJ8WJK","21BRJ8WJK",2021,"4","panhandle"
"CluIDFG22G_0243_initial_21CNK7C4R","21CNK7C4R",2021,"27","salmon"
"CluIDFG22G_0244_initial_21DF3ARRP","21DF3ARRP",2021,"6","panhandle"
"CluIDFG22G_0245_initial_21DKLPAM4","21DKLPAM4",2021,"6","panhandle"
"CluIDFG22G_0246_initial_21DUAVGAP","21DUAVGAP",2021,"6","panhandle"
"CluIDFG22G_0247_initial_21EGFBM7Q","21EGFBM7Q",2021,"22","southwest"
"CluIDFG22G_0248_initial_21EJX7XJP","21EJX7XJP",2021,"10","clearwater"
"CluIDFG22G_0249_initial_21ELYAJX6","21ELYAJX6",2021,"22","southwest"
"CluIDFG22G_0250_initial_21EPBDJNX","21EPBDJNX",2021,"1","panhandle"
"CluIDFG22G_0251_initial_21EV8RJYT","21EV8RJYT",2021,"6","panhandle"
"CluIDFG22G_0252_initial_21F6RVVCK","21F6RVVCK",2021,"43","magic_valley"
"CluIDFG22G_0253_initial_21F7CT3GW","21F7CT3GW",2021,"26","southwest"
"CluIDFG22G_0254_initial_21FJTBGQE","21FJTBGQE",2021,"10","clearwater"
"CluIDFG22G_0255_initial_21FMC7EGM","21FMC7EGM",2021,"4","panhandle"
"CluIDFG22G_0256_initial_21FRT8KAN","21FRT8KAN",2021,"34","southwest"
"CluIDFG22G_0257_initial_21G4XX4Y6","21G4XX4Y6",2021,"4","panhandle"
"CluIDFG22G_0258_initial_21GAHTTY3","21GAHTTY3",2021,"13","clearwater"
"CluIDFG22G_0259_initial_21GBADJTL","21GBADJTL",2021,"17","clearwater"
"CluIDFG22G_0260_initial_21GJLNVPG","21GJLNVPG",2021,"4","panhandle"
"CluIDFG22G_0261_initial_21GQCENQV","21GQCENQV",2021,"39","southwest"
"CluIDFG22G_0262_initial_21GY7LHTA","21GY7LHTA",2021,"26","southwest"
"CluIDFG22G_0263_initial_21H7YJVRD","21H7YJVRD",2021,"21","salmon"
"CluIDFG22G_0264_initial_21H84U7HN","21H84U7HN",2021,"28","salmon"
"CluIDFG22G_0265_initial_21HF7TXR3","21HF7TXR3",2021,"19","clearwater"
"CluIDFG22G_0266_initial_21HLCMGPQ","21HLCMGPQ",2021,"4","panhandle"
"CluIDFG22G_0267_initial_21HTTYDKT","21HTTYDKT",2021,"4","panhandle"
"CluIDFG22G_0268_initial_21JGNJRJR","21JGNJRJR",2021,"4","panhandle"
"CluIDFG22G_0269_initial_21JJHWDVV","21JJHWDVV",2021,"30","salmon"
"CluIDFG22G_0270_initial_21JKGBP7T","21JKGBP7T",2021,"10","clearwater"
"CluIDFG22G_0271_initial_21JMUTJRE","21JMUTJRE",2021,"6","panhandle"
"CluIDFG22G_0272_initial_21JV7KKBE","21JV7KKBE",2021,"17","clearwater"
"CluIDFG22G_0273_initial_21JV8LUTG","21JV8LUTG",2021,"4","panhandle"
"CluIDFG22G_0274_initial_21JWK7UFH","21JWK7UFH",2021,"25","southwest"
"CluIDFG22G_0275_initial_21K8XY6HR","21K8XY6HR",2021,"4","panhandle"
"CluIDFG22G_0276_initial_21KGPCVBY","21KGPCVBY",2021,"6","panhandle"
"CluIDFG22G_0277_initial_21KNNU8GX","21KNNU8GX",2021,"9","panhandle"
"CluIDFG22G_0278_initial_21KR4HHQH","21KR4HHQH",2021,"6","panhandle"
"CluIDFG22G_0279_initial_21L3EYF4Y","21L3EYF4Y",2021,"10","clearwater"
"CluIDFG22G_0280_initial_21L7YGB6D","21L7YGB6D",2021,"10","clearwater"
"CluIDFG22G_0281_initial_21L8NDLWH","21L8NDLWH",2021,"59","upper_snake"
"CluIDFG22G_0282_initial_21LDN6NWM","21LDN6NWM",2021,"11","clearwater"
"CluIDFG22G_0189_f1_C171655","C171655",2022,"36","salmon"
"CluIDFG22G_0190_f1_C171658","C171658",2022,"36","salmon"
"CluIDFG22G_0191_f1_C171701","C171701",2021,"36","salmon"
"CluIDFG22G_0192_f1_C171702","C171702",2021,"36","salmon"
"CluIDFG22G_0193_f1_C171703","C171703",2021,"36","salmon"
"CluIDFG22G_0194_f1_C171704","C171704",2021,"36","salmon"
"CluIDFG22G_0195_f1_C171706","C171706",2022,"36","salmon"
"CluIDFG22G_0196_f1_C171751","C171751",2021,"17","clearwater"
"CluIDFG22G_0197_f1_C171752","C171752",2021,"17","clearwater"
"CluIDFG22G_0198_f1_C171754","C171754",2021,"17","clearwater"
"CluIDFG22G_0199_f1_C171776","C171776",2022,"50","upper_snake"
"CluIDFG22G_0200_f1_C171833","C171833",2022,"27","salmon"
"CluIDFG22G_0201_f1_C171837","C171837",2022,"21","salmon"
"CluIDFG22G_0202_f1_C172051","C172051",2022,"4","panhandle"
"CluIDFG22G_0203_f1_C172052","C172052",2022,"4","panhandle"
"CluIDFG22G_0204_f1_C172053","C172053",2022,"4","panhandle"
"CluIDFG22G_0205_f1_C172054","C172054",2022,"4","panhandle"
"CluIDFG22G_0206_f1_2134XCY6T","2134XCY6T",2021,"4","panhandle"
"CluIDFG22G_0207_f1_21364QF3V","21364QF3V",2021,"28","salmon"
"CluIDFG22G_0208_f1_2136TMEP4","2136TMEP4",2021,"25","southwest"
"CluIDFG22G_0209_f1_2137WTDAR","2137WTDAR",2021,"39","southwest"
"CluIDFG22G_0210_f1_213HWLYYR","213HWLYYR",2021,"36","salmon"
"CluIDFG22G_0211_f1_213NGUKXC","213NGUKXC",2021,"10","clearwater"
"CluIDFG22G_0212_f1_213QMFJ76","213QMFJ76",2021,"4","panhandle"
"CluIDFG22G_0213_f1_213VB6RXY","213VB6RXY",2021,"1","panhandle"
"CluIDFG22G_0214_f1_214BNQUAH","214BNQUAH",2021,"10","clearwater"
"CluIDFG22G_0215_f1_214HJNWHN","214HJNWHN",2021,"4","panhandle"
"CluIDFG22G_0216_f1_214TTJF7K","214TTJF7K",2021,"7","panhandle"
"CluIDFG22G_0217_f1_214VPU4W6","214VPU4W6",2021,"28","salmon"
"CluIDFG22G_0218_f1_2168AMYMC","2168AMYMC",2021,"1","panhandle"
"CluIDFG22G_0219_f1_216RF7P6D","216RF7P6D",2021,"19","clearwater"
"CluIDFG22G_0220_f1_216UTADUF","216UTADUF",2021,"21","salmon"
"CluIDFG22G_0221_f1_21747GGN3","21747GGN3",2021,"7","panhandle"
"CluIDFG22G_0222_f1_217BE6QKF","217BE6QKF",2021,"17","clearwater"
"CluIDFG22G_0223_f1_217KKTJV8","217KKTJV8",2021,"36","salmon"
"CluIDFG22G_0224_f1_2183QAJB7","2183QAJB7",2021,"39","southwest"
"CluIDFG22G_0225_f1_2183TUGPR","2183TUGPR",2021,"17","clearwater"
"CluIDFG22G_0226_f1_2184UJWNY","2184UJWNY",2021,"4","panhandle"
"CluIDFG22G_0227_f1_2188UAMBU","2188UAMBU",2021,"28","salmon"
"CluIDFG22G_0228_f1_218DLFMTV","218DLFMTV",2021,"39","southwest"
"CluIDFG22G_0229_f1_218UPADJG","218UPADJG",2021,"10","clearwater"
"CluIDFG22G_0230_f1_218WY6RW4","218WY6RW4",2021,"10","clearwater"
"CluIDFG22G_0231_f1_218X8NXP3","218X8NXP3",2021,"10","clearwater"
"CluIDFG22G_0232_f1_21A47YWPJ","21A47YWPJ",2021,"20","clearwater"
"CluIDFG22G_0233_f1_21A4WJ6UE","21A4WJ6UE",2021,"17","clearwater"
"CluIDFG22G_0234_f1_21A78WEPJ","21A78WEPJ",2021,"28","salmon"
"CluIDFG22G_0235_f1_21AD7G7Q4","21AD7G7Q4",2021,"27","salmon"
"CluIDFG22G_0236_f1_21AJTVBMV","21AJTVBMV",2021,"1","panhandle"
"CluIDFG22G_0237_f1_21AYTCBK3","21AYTCBK3",2021,"7","panhandle"
"CluIDFG22G_0238_f1_21B3JWV8A","21B3JWV8A",2021,"4","panhandle"
"CluIDFG22G_0239_f1_21B4JK3DT","21B4JK3DT",2021,"15","clearwater"
"CluIDFG22G_0240_f1_21B6GEXPV","21B6GEXPV",2021,"61","upper_snake"
"CluIDFG22G_0241_f1_21BEDGDW4","21BEDGDW4",2021,"4","panhandle"
"CluIDFG22G_0242_f1_21BRJ8WJK","21BRJ8WJK",2021,"4","panhandle"
"CluIDFG22G_0243_f1_21CNK7C4R","21CNK7C4R",2021,"27","salmon"
"CluIDFG22G_0244_f1_21DF3ARRP","21DF3ARRP",2021,"6","panhandle"
"CluIDFG22G_0245_f1_21DKLPAM4","21DKLPAM4",2021,"6","panhandle"
"CluIDFG22G_0246_f1_21DUAVGAP","21DUAVGAP",2021,"6","panhandle"
"CluIDFG22G_0247_f1_21EGFBM7Q","21EGFBM7Q",2021,"22","southwest"
"CluIDFG22G_0248_f1_21EJX7XJP","21EJX7XJP",2021,"10","clearwater"
"CluIDFG22G_0249_f1_21ELYAJX6","21ELYAJX6",2021,"22","southwest"
"CluIDFG22G_0250_f1_21EPBDJNX","21EPBDJNX",2021,"1","panhandle"
"CluIDFG22G_0251_f1_21EV8RJYT","21EV8RJYT",2021,"6","panhandle"
"CluIDFG22G_0252_f1_21F6RVVCK","21F6RVVCK",2021,"43","magic_valley"
"CluIDFG22G_0253_f1_21F7CT3GW","21F7CT3GW",2021,"26","southwest"
"CluIDFG22G_0254_f1_21FJTBGQE","21FJTBGQE",2021,"10","clearwater"
"CluIDFG22G_0255_f1_21FMC7EGM","21FMC7EGM",2021,"4","panhandle"
"CluIDFG22G_0256_f1_21FRT8KAN","21FRT8KAN",2021,"34","southwest"
"CluIDFG22G_0257_f1_21G4XX4Y6","21G4XX4Y6",2021,"4","panhandle"
"CluIDFG22G_0258_f1_21GAHTTY3","21GAHTTY3",2021,"13","clearwater"
"CluIDFG22G_0259_f1_21GBADJTL","21GBADJTL",2021,"17","clearwater"
"CluIDFG22G_0260_f1_21GJLNVPG","21GJLNVPG",2021,"4","panhandle"
"CluIDFG22G_0261_f1_21GQCENQV","21GQCENQV",2021,"39","southwest"
"CluIDFG22G_0262_f1_21GY7LHTA","21GY7LHTA",2021,"26","southwest"
"CluIDFG22G_0263_f1_21H7YJVRD","21H7YJVRD",2021,"21","salmon"
"CluIDFG22G_0264_f1_21H84U7HN","21H84U7HN",2021,"28","salmon"
"CluIDFG22G_0265_f1_21HF7TXR3","21HF7TXR3",2021,"19","clearwater"
"CluIDFG22G_0266_f1_21HLCMGPQ","21HLCMGPQ",2021,"4","panhandle"
"CluIDFG22G_0267_f1_21HTTYDKT","21HTTYDKT",2021,"4","panhandle"
"CluIDFG22G_0268_f1_21JGNJRJR","21JGNJRJR",2021,"4","panhandle"
"CluIDFG22G_0269_f1_21JJHWDVV","21JJHWDVV",2021,"30","salmon"
"CluIDFG22G_0270_f1_21JKGBP7T","21JKGBP7T",2021,"10","clearwater"
"CluIDFG22G_0271_f1_21JMUTJRE","21JMUTJRE",2021,"6","panhandle"
"CluIDFG22G_0272_f1_21JV7KKBE","21JV7KKBE",2021,"17","clearwater"
"CluIDFG22G_0273_f1_21JV8LUTG","21JV8LUTG",2021,"4","panhandle"
"CluIDFG22G_0274_f1_21JWK7UFH","21JWK7UFH",2021,"25","southwest"
"CluIDFG22G_0275_f1_21K8XY6HR","21K8XY6HR",2021,"4","panhandle"
"CluIDFG22G_0276_f1_21KGPCVBY","21KGPCVBY",2021,"6","panhandle"
"CluIDFG22G_0277_f1_21KNNU8GX","21KNNU8GX",2021,"9","panhandle"
"CluIDFG22G_0278_f1_21KR4HHQH","21KR4HHQH",2021,"6","panhandle"
"CluIDFG22G_0279_f1_21L3EYF4Y","21L3EYF4Y",2021,"10","clearwater"
"CluIDFG22G_0280_f1_21L7YGB6D","21L7YGB6D",2021,"10","clearwater"
"CluIDFG22G_0281_f1_21L8NDLWH","21L8NDLWH",2021,"59","upper_snake"
"CluIDFG22G_0282_f1_21LDN6NWM","21LDN6NWM",2021,"11","clearwater"
"CluIDFG22G_0283_initial_21LE6RBAQ","21LE6RBAQ",2021,"21","salmon"
"CluIDFG22G_0284_initial_21LJPELNF","21LJPELNF",2021,"39","southwest"
"CluIDFG22G_0285_initial_21LQCTXWG","21LQCTXWG",2021,"4","panhandle"
"CluIDFG22G_0286_initial_21LTGMDJP","21LTGMDJP",2021,"27","salmon"
"CluIDFG22G_0287_initial_21LYC3VG8","21LYC3VG8",2021,"23","southwest"
"CluIDFG22G_0288_initial_21M3XMHRP","21M3XMHRP",2021,"25","southwest"
"CluIDFG22G_0289_initial_21M4QFVXM","21M4QFVXM",2021,"33","southwest"
"CluIDFG22G_0290_initial_21MCMXPHU","21MCMXPHU",2021,"1","panhandle"
"CluIDFG22G_0291_initial_21MLMCNGQ","21MLMCNGQ",2021,"7","panhandle"
"CluIDFG22G_0292_initial_21MNKLYXR","21MNKLYXR",2021,"39","southwest"
"CluIDFG22G_0293_initial_21MYWH36K","21MYWH36K",2021,"35","southwest"
"CluIDFG22G_0294_initial_21N7T4FFB","21N7T4FFB",2021,"1","panhandle"
"CluIDFG22G_0295_initial_21NGU6NNM","21NGU6NNM",2021,"39","southwest"
"CluIDFG22G_0296_initial_21NTCN7L7","21NTCN7L7",2021,"24","southwest"
"CluIDFG22G_0297_initial_21NUKXT8Y","21NUKXT8Y",2021,"12","clearwater"
"CluIDFG22G_0298_initial_21NW3NV7M","21NW3NV7M",2021,"17","clearwater"
"CluIDFG22G_0299_initial_21NYQFNQA","21NYQFNQA",2021,"4","panhandle"
"CluIDFG22G_0300_initial_21P7VWA6E","21P7VWA6E",2021,"27","salmon"
"CluIDFG22G_0301_initial_21PQERC3G","21PQERC3G",2021,"24","southwest"
"CluIDFG22G_0302_initial_21PVNJBYU","21PVNJBYU",2021,"17","clearwater"
"CluIDFG22G_0303_initial_21PY3BUAX","21PY3BUAX",2021,"10","clearwater"
"CluIDFG22G_0304_initial_21QGY6Y36","21QGY6Y36",2021,"1","panhandle"
"CluIDFG22G_0305_initial_21QNJHKW3","21QNJHKW3",2021,"19","clearwater"
"CluIDFG22G_0306_initial_21QQLYY8C","21QQLYY8C",2021,"10","clearwater"
"CluIDFG22G_0307_initial_21QU8TELF","21QU8TELF",2021,"1","panhandle"
"CluIDFG22G_0308_initial_21QUC7BEY","21QUC7BEY",2021,"19","clearwater"
"CluIDFG22G_0309_initial_21R6X4PBG","21R6X4PBG",2021,"11","clearwater"
"CluIDFG22G_0310_initial_21REGRPMY","21REGRPMY",2021,"1","panhandle"
"CluIDFG22G_0311_initial_21RMT64NF","21RMT64NF",2021,"4","panhandle"
"CluIDFG22G_0312_initial_21RNAYLMW","21RNAYLMW",2021,"6","panhandle"
"CluIDFG22G_0313_initial_21RRENBYL","21RRENBYL",2021,"4","panhandle"
"CluIDFG22G_0314_initial_21RVLRFCB","21RVLRFCB",2021,"10","clearwater"
"CluIDFG22G_0315_initial_21RWB4C4L","21RWB4C4L",2021,"34","southwest"
"CluIDFG22G_0316_initial_21TEE84C8","21TEE84C8",2021,"6","panhandle"
"CluIDFG22G_0317_initial_21THQALWA","21THQALWA",2021,"28","salmon"
"CluIDFG22G_0318_initial_21TNCDYVR","21TNCDYVR",2021,"13","clearwater"
"CluIDFG22G_0319_initial_21TNEMVNR","21TNEMVNR",2021,"19","clearwater"
"CluIDFG22G_0320_initial_21TTAAWNM","21TTAAWNM",2021,"16","clearwater"
"CluIDFG22G_0321_initial_21RBKKCQ6","21RBKKCQ6",2021,"13","clearwater"
"CluIDFG22G_0322_initial_21U3PL3MU","21U3PL3MU",2021,"28","salmon"
"CluIDFG22G_0323_initial_21U8EHMH7","21U8EHMH7",2021,"27","salmon"
"CluIDFG22G_0324_initial_21UC6LWXU","21UC6LWXU",2021,"16","clearwater"
"CluIDFG22G_0325_initial_21UDPRVTG","21UDPRVTG",2021,"34","southwest"
"CluIDFG22G_0326_initial_21UQPQMVM","21UQPQMVM",2021,"33","southwest"
"CluIDFG22G_0327_initial_21V7PVAQL","21V7PVAQL",2021,"9","panhandle"
"CluIDFG22G_0328_initial_21V7XHJLN","21V7XHJLN",2021,"4","panhandle"
"CluIDFG22G_0329_initial_21VF3VYEF","21VF3VYEF",2021,"4","panhandle"
"CluIDFG22G_0330_initial_21VFGVPMQ","21VFGVPMQ",2021,"19","clearwater"
"CluIDFG22G_0331_initial_21VFH4F66","21VFH4F66",2021,"1","panhandle"
"CluIDFG22G_0332_initial_21VJ8ER33","21VJ8ER33",2021,"43","magic_valley"
"CluIDFG22G_0333_initial_21VNLTLJB","21VNLTLJB",2021,"6","panhandle"
"CluIDFG22G_0334_initial_21VRPCJNX","21VRPCJNX",2021,"39","southwest"
"CluIDFG22G_0335_initial_21VTP8N7F","21VTP8N7F",2021,"28","salmon"
"CluIDFG22G_0336_initial_21WB4HCUN","21WB4HCUN",2021,"33","southwest"
"CluIDFG22G_0337_initial_21WDGK7H6","21WDGK7H6",2021,"7","panhandle"
"CluIDFG22G_0338_initial_21WQ7UTWU","21WQ7UTWU",2021,"4","panhandle"
"CluIDFG22G_0339_initial_21WXW4MBM","21WXW4MBM",2021,"10","clearwater"
"CluIDFG22G_0340_initial_21XB8QA3G","21XB8QA3G",2021,"24","southwest"
"CluIDFG22G_0341_initial_21XLWJ6KM","21XLWJ6KM",2021,"43","magic_valley"
"CluIDFG22G_0342_initial_21XKQPHHG","21XKQPHHG",2021,"39","southwest"
"CluIDFG22G_0343_initial_21XPGJK4E","21XPGJK4E",2021,"7","panhandle"
"CluIDFG22G_0344_initial_21XTHPCFW","21XTHPCFW",2021,"4","panhandle"
"CluIDFG22G_0345_initial_21YC3J3MX","21YC3J3MX",2021,"28","salmon"
"CluIDFG22G_0346_initial_21YPHAVQB","21YPHAVQB",2021,"1","panhandle"
"CluIDFG22G_0347_initial_21YY7PNA4","21YY7PNA4",2021,"6","panhandle"
"CluIDFG22G_0348_initial_223FVVB6U","223FVVB6U",2022,"28","salmon"
"CluIDFG22G_0349_initial_223HUCPVB","223HUCPVB",2022,"4","panhandle"
"CluIDFG22G_0350_initial_224GBLHPA","224GBLHPA",2022,"12","clearwater"
"CluIDFG22G_0351_initial_226FEEJTC","226FEEJTC",2022,"6","panhandle"
"CluIDFG22G_0352_initial_226WJBUUB","226WJBUUB",2022,"10","clearwater"
"CluIDFG22G_0353_initial_2273VL38Y","2273VL38Y",2022,"4","panhandle"
"CluIDFG22G_0354_initial_2274DCJWL","2274DCJWL",2022,"22","southwest"
"CluIDFG22G_0355_initial_227CDT38D","227CDT38D",2022,"33","southwest"
"CluIDFG22G_0356_initial_227MTJFQ3","227MTJFQ3",2022,"33","southwest"
"CluIDFG22G_0357_initial_227WA8QPF","227WA8QPF",2022,"6","panhandle"
"CluIDFG22G_0358_initial_2288CRXYH","2288CRXYH",2022,"1","panhandle"
"CluIDFG22G_0359_initial_228QE6YTA","228QE6YTA",2022,"10","clearwater"
"CluIDFG22G_0360_initial_228QM8NBQ","228QM8NBQ",2022,"33","southwest"
"CluIDFG22G_0361_initial_228XR4GPK","228XR4GPK",2022,"25","southwest"
"CluIDFG22G_0362_initial_22ACHRKL7","22ACHRKL7",2022,"28","salmon"
"CluIDFG22G_0363_initial_22AU8UTX4","22AU8UTX4",2022,"21","salmon"
"CluIDFG22G_0364_initial_22AUU7JJB","22AUU7JJB",2022,"62","upper_snake"
"CluIDFG22G_0365_initial_22AYE887P","22AYE887P",2022,"24","southwest"
"CluIDFG22G_0366_initial_22BBGAV36","22BBGAV36",2022,"4","panhandle"
"CluIDFG22G_0367_initial_22BHL6LTA","22BHL6LTA",2022,"50","upper_snake"
"CluIDFG22G_0368_initial_22BQLHPBP","22BQLHPBP",2022,"33","southwest"
"CluIDFG22G_0369_initial_22CE3LKKY","22CE3LKKY",2022,"6","panhandle"
"CluIDFG22G_0370_initial_22CNKCYB4","22CNKCYB4",2022,"27","salmon"
"CluIDFG22G_0371_initial_22D68MRRE","22D68MRRE",2022,"21","salmon"
"CluIDFG22G_0372_initial_22D7JRWJH","22D7JRWJH",2022,"4","panhandle"
"CluIDFG22G_0373_initial_22DGUPLFW","22DGUPLFW",2022,"6","panhandle"
"CluIDFG22G_0374_initial_22E4XWH4M","22E4XWH4M",2022,"12","clearwater"
"CluIDFG22G_0375_initial_22EHKR76L","22EHKR76L",2022,"58","upper_snake"
"CluIDFG22G_0376_initial_22EK6DTQW","22EK6DTQW",2022,"4","panhandle"
"CluIDFG22G_0377_initial_22FKXHTFE","22FKXHTFE",2022,"10","clearwater"
"CluIDFG22G_0378_initial_22GFYWNBQ","22GFYWNBQ",2022,"21","salmon"
"CluIDFG22G_0379_initial_22HNY3YYR","22HNY3YYR",2022,"4","panhandle"
"CluIDFG22G_0380_initial_22HTTW6UW","22HTTW6UW",2022,"19","clearwater"
"CluIDFG22G_0381_initial_22JBNDN6L","22JBNDN6L",2022,"43","magic_valley"
"CluIDFG22G_0382_initial_22JDCEJKD","22JDCEJKD",2022,"1","panhandle"
"CluIDFG22G_0383_initial_22JHC3UXU","22JHC3UXU",2022,"6","panhandle"
"CluIDFG22G_0384_initial_22JQPLRCA","22JQPLRCA",2022,"19","clearwater"
"CluIDFG22G_0385_initial_22JQVWD76","22JQVWD76",2022,"19","clearwater"
"CluIDFG22G_0386_initial_22JRQ3QVA","22JRQ3QVA",2022,"28","salmon"
"CluIDFG22G_0387_initial_22JUCDBHE","22JUCDBHE",2022,"33","southwest"
"CluIDFG22G_0388_initial_22JWKWAF6","22JWKWAF6",2022,"6","panhandle"
"CluIDFG22G_0389_initial_22KGFYWWQ","22KGFYWWQ",2022,"20","clearwater"
"CluIDFG22G_0390_initial_22KQFANFN","22KQFANFN",2022,"24","southwest"
"CluIDFG22G_0391_initial_22LDPT7TV","22LDPT7TV",2022,"4","panhandle"
"CluIDFG22G_0392_initial_22LQAHHDN","22LQAHHDN",2022,"62","upper_snake"
"CluIDFG22G_0393_initial_22LR4LLC6","22LR4LLC6",2022,"6","panhandle"
"CluIDFG22G_0394_initial_22N7GTYD3","22N7GTYD3",2022,"1","panhandle"
"CluIDFG22G_0395_initial_22NEY66NQ","22NEY66NQ",2022,"4","panhandle"
"CluIDFG22G_0396_initial_22NTYCNJQ","22NTYCNJQ",2022,"6","panhandle"
"CluIDFG22G_0397_initial_22PM7NFD7","22PM7NFD7",2022,"28","salmon"
"CluIDFG22G_0398_initial_22PUEFUUT","22PUEFUUT",2022,"28","salmon"
"CluIDFG22G_0399_initial_22PVUPUBY","22PVUPUBY",2022,"3","panhandle"
"CluIDFG22G_0400_initial_22PWDVYYJ","22PWDVYYJ",2022,"33","southwest"
"CluIDFG22G_0401_initial_22Q6QPP3N","22Q6QPP3N",2022,"21","salmon"
"CluIDFG22G_0402_initial_22QJE8QUY","22QJE8QUY",2022,"12","clearwater"
"CluIDFG22G_0403_initial_22QY6G3K7","22QY6G3K7",2022,"20","clearwater"
"CluIDFG22G_0404_initial_22R3MHNJR","22R3MHNJR",2022,"4","panhandle"
"CluIDFG22G_0405_initial_22RHTGQCK","22RHTGQCK",2022,"36","salmon"
"CluIDFG22G_0406_initial_22T8FQCBF","22T8FQCBF",2022,"36","salmon"
"CluIDFG22G_0407_initial_22TML4D4P","22TML4D4P",2022,"28","salmon"
"CluIDFG22G_0408_initial_22TUPGLL4","22TUPGLL4",2022,"36","salmon"
"CluIDFG22G_0409_initial_22U7MDL47","22U7MDL47",2022,"28","salmon"
"CluIDFG22G_0410_initial_22V3ATVXY","22V3ATVXY",2022,"26","southwest"
"CluIDFG22G_0411_initial_22VHBEU6K","22VHBEU6K",2022,"36","salmon"
"CluIDFG22G_0412_initial_22VKQC8L7","22VKQC8L7",2022,"28","salmon"
"CluIDFG22G_0413_initial_22VXL6JL8","22VXL6JL8",2022,"4","panhandle"
"CluIDFG22G_0414_initial_22WABA4EG","22WABA4EG",2022,"6","panhandle"
"CluIDFG22G_0415_initial_22Y7TWNGV","22Y7TWNGV",2022,"43","magic_valley"
"CluIDFG22G_0416_initial_22YC3NFUR","22YC3NFUR",2022,"4","panhandle"
"CluIDFG22G_0417_initial_22YECMN84","22YECMN84",2022,"6","panhandle"
"CluIDFG22G_0418_initial_22YKNYNW6","22YKNYNW6",2022,"4","panhandle"
"CluIDFG22G_0419_initial_C168805","C168805",2021,"1","panhandle"
"CluIDFG22G_0420_initial_214DREYUW","214DREYUW",2021,"23","southwest"
"CluIDFG22G_0421_initial_21RNKL36N","21RNKL36N",2021,"23","southwest"
"CluIDFG22G_0422_initial_C147902","C147902",NA,NA,NA
"CluIDFG22G_0423_initial_21LTQMWAM","21LTQMWAM",2021,"23","southwest"
"CluIDFG22G_0424_initial_22PXRXW6Y","22PXRXW6Y",NA,NA,NA
"CluIDFG22G_0002","C103955",2021,"62","upper_snake"
"CluIDFG22G_0003","C104000",2021,"62","upper_snake"
"CluIDFG22G_0010","C115253",2021,"60","upper_snake"
"CluIDFG22G_0026","C127164",2021,"28","salmon"
"CluIDFG22G_0035","C130358",2021,"48","magic_valley"
"CluIDFG22G_0041","C135323",2021,"1","panhandle"
"CluIDFG22G_0059","C143043",2021,"4","panhandle"
"CluIDFG22G_0070","C144657",2021,"10","clearwater"
"CluIDFG22G_0103","C167102",2021,"61","upper_snake"
"CluIDFG22G_0127","C169008",2021,"6","panhandle"
"CluIDFG22G_0143","C169806",2021,"12","clearwater"
"CluIDFG22G_0151","C169901",2021,"15","clearwater"
"CluIDFG22G_0155","C169907",2021,"15","clearwater"
"CluIDFG22G_0156","C169909",2022,"14","clearwater"
"CluIDFG22G_0162","C169915",2022,"14","clearwater"
"CluIDFG22G_0183","C171603",2022,"28","salmon"
"CluIDFG22G_0191","C171701",2021,"36","salmon"
"CluIDFG22G_0201","C171837",2022,"21","salmon"
"CluIDFG22G_0221","21747GGN3",2021,"7","panhandle"
"CluIDFG22G_0280","21L7YGB6D",2021,"10","clearwater"
"CluIDFG22G_0290","21MCMXPHU",2021,"1","panhandle"
"CluIDFG22G_0298","21NW3NV7M",2021,"17","clearwater"
"CluIDFG22G_0322","21U3PL3MU",2021,"28","salmon"
"CluIDFG22G_0334","21VRPCJNX",2021,"39","southwest"
"CluIDFG22G_0370","22CNKCYB4",2022,"27","salmon"
"CluIDFG22G_0033","C130012",2021,"50","upper_snake"
"CluIDFG22G_0041","C135323",2021,"1","panhandle"
"CluIDFG22G_0049","C139780",2021,"58","upper_snake"
"CluIDFG22G_0057","C142651",2021,"61","upper_snake"
"CluIDFG22G_0127","C169008",2021,"6","panhandle"
"CluIDFG22G_0135","C169701",2021,"15","clearwater"
"CluIDFG22G_0143","C169806",2021,"12","clearwater"
"CluIDFG22G_0151","C169901",2021,"15","clearwater"
"CluIDFG22G_0221","21747GGN3",2021,"7","panhandle"
"CluIDFG22G_0229","218UPADJG",2021,"10","clearwater"
"CluIDFG22G_0237","21AYTCBK3",2021,"7","panhandle"
"CluIDFG22G_0245","21DKLPAM4",2021,"6","panhandle"
"CluIDFG22G_0315","21RWB4C4L",2021,"34","southwest"
"CluIDFG22G_0323","21U8EHMH7",2021,"27","salmon"
"CluIDFG22G_0331","21VFH4F66",2021,"1","panhandle"
"CluIDFG22G_0339","21WXW4MBM",2021,"10","clearwater"
"CluIDFG22G_0409","22U7MDL47",2022,"28","salmon"
"CluIDFG22G_0417","22YECMN84",2022,"6","panhandle"
"CluIDFG22G_0423","21LTQMWAM",2021,"23","southwest"
"NTCTray7",NA,NA,NA,NA
"CluIDFG23G_0001","C117692",2020,"29","salmon"
"CluIDFG23G_0002","C140575",2020,"25","southwest"
"CluIDFG23G_0003","C140574",2020,"25","southwest"
"CluIDFG23G_0004","C142997",2020,"10","clearwater"
"CluIDFG23G_0005","C139778",2020,"28","salmon"
"CluIDFG23G_0006","C138442",2020,"50","upper_snake"
"CluIDFG23G_0007","C081656",2020,"49","magic_valley"
"CluIDFG23G_0008","C143638",2020,"24","southwest"
"CluIDFG23G_0009","C147615",2021,"20","clearwater"
"CluIDFG23G_0010","C147037",2020,"1","panhandle"
"CluIDFG23G_0011","C139851",2020,"17","clearwater"
"CluIDFG23G_0012","C144638",2020,"10","clearwater"
"ExtControl",NA,NA,NA,NA
"CluIDFG23G_0013","C145981",2020,"36","salmon"
"CluIDFG23G_0014","C147726",2021,"15","clearwater"
"CluIDFG23G_0015","C144318",2021,"15","clearwater"
"CluIDFG23G_0016","C168176",2022,"33","southwest"
"CluIDFG23G_0017","C147902",NA,NA,NA
"CluIDFG23G_0018","F222301",NA,NA,NA
"CluIDFG23G_0019","XC1",NA,NA,NA
"CluIDFG23G_0020","22HKTMFHB",2022,"4","panhandle"
"CluIDFG23G_0021","XC1",NA,NA,NA
"NTCTray1",NA,NA,NA,NA
"CluIDFG23G_1_0001","ID610",NA,NA,NA
"CluIDFG23G_1_0002","C073772",NA,NA,NA
"CluIDFG23G_1_0003","C075514",2012,"6","panhandle"
"CluIDFG23G_1_0004","C079158",2013,"6","panhandle"
"CluIDFG23G_1_0005","C081035",2010,"36","salmon"
"CluIDFG23G_1_0006","C098051",2012,"1","panhandle"
"CluIDFG23G_1_0007","C097436",2013,"3","panhandle"
"CluIDFG23G_1_0008","B563",NA,NA,NA
"CluIDFG23G_1_0009","TS0588",NA,NA,NA
"CluIDFG23G_1_0010","C088278",2013,"36","salmon"
"CluIDFG23G_1_0011","ID672",NA,NA,NA
"CluIDFG23G_1_0012","C092201",2012,"27","salmon"
"CluIDFG23G_1_0013","TS1444",NA,NA,NA
"CluIDFG23G_1_0014","C083847",2011,"10","clearwater"
"CluIDFG23G_1_0015","C091382",2012,"10","clearwater"
"CluIDFG23G_1_0016","75707",NA,NA,NA
"CluIDFG23G_1_0017","TS0331",NA,NA,NA
"CluIDFG23G_1_0018","C087883",2012,"28","salmon"
"CluIDFG23G_1_0019","TS0037",NA,NA,NA
"CluIDFG23G_1_0020","TS1423",NA,NA,NA
"CluIDFG23G_1_0021","C085682",2013,"4","panhandle"
"CluIDFG23G_1_0022","TS0393",NA,NA,NA
"CluIDFG23G_1_0023","C085097",2012,"4","panhandle"
"CluIDFG23G_1_0024","C070579",2012,"21","salmon"
"CluIDFG23G_1_0025","TS1017",NA,NA,NA
"CluIDFG23G_1_0026","TS0533",NA,NA,NA
"CluIDFG23G_1_0027","TS0070",NA,NA,NA
"CluIDFG23G_1_0028","TS1082",NA,NA,NA
"CluIDFG23G_1_0029","TS1080",NA,NA,NA
"CluIDFG23G_1_0030","TS0522",NA,NA,NA
"CluIDFG23G_1_0031","TS0534",NA,NA,NA
"CluIDFG23G_1_0032","TS0019",NA,NA,NA
"CluIDFG23G_1_0033","TS1041",NA,NA,NA
"CluIDFG23G_1_0034","TS0994",NA,NA,NA
"CluIDFG23G_1_0035","TS1036",NA,NA,NA
"CluIDFG23G_1_0036","TS0975",NA,NA,NA
"CluIDFG23G_1_0037","TS0215",NA,NA,NA
"CluIDFG23G_1_0038","TS1070",NA,NA,NA
"CluIDFG23G_1_0039","TS0440",NA,NA,NA
"CluIDFG23G_1_0040","TS0361",NA,NA,NA
"CluIDFG23G_1_0041","TS0418",NA,NA,NA
"CluIDFG23G_1_0042","TS0986",NA,NA,NA
"CluIDFG23G_1_0043","TS0990",NA,NA,NA
"CluIDFG23G_1_0044","TS1013",NA,NA,NA
"CluIDFG23G_1_0045","TS0052",NA,NA,NA
"CluIDFG23G_1_0046","TS1043",NA,NA,NA
"CluIDFG23G_1_0047","TS0413",NA,NA,NA
"CluIDFG23G_1_0048","TS0143",NA,NA,NA
"CluIDFG23G_1_0049","TS1030",NA,NA,NA
"CluIDFG23G_1_0050","TS0490",NA,NA,NA
"CluIDFG23G_1_0051","TS0262",NA,NA,NA
"CluIDFG23G_1_0052","TS0211",NA,NA,NA
"CluIDFG23G_1_0053","TS0450",NA,NA,NA
"CluIDFG23G_1_0054","TS0980",NA,NA,NA
"CluIDFG23G_1_0055","TS0497",NA,NA,NA
"CluIDFG23G_1_0056","TS1067",NA,NA,NA
"CluIDFG23G_1_0057","TS1062",NA,NA,NA
"CluIDFG23G_1_0058","TS0097",NA,NA,NA
"CluIDFG23G_1_0059","TS1061",NA,NA,NA
"CluIDFG23G_1_0060","TS0032",NA,NA,NA
"CluIDFG23G_1_0061","TS1026",NA,NA,NA
"CluIDFG23G_1_0062","TS1051",NA,NA,NA
"CluIDFG23G_1_0063","TS0992",NA,NA,NA
"CluIDFG23G_1_0064","TS0210",NA,NA,NA
"CluIDFG23G_1_0065","TS0673",NA,NA,NA
"CluIDFG23G_1_0066","TS0561",NA,NA,NA
"CluIDFG23G_1_0067","TS0553",NA,NA,NA
"CluIDFG23G_1_0068","TS0107",NA,NA,NA
"CluIDFG23G_1_0069","TS0147",NA,NA,NA
"CluIDFG23G_1_0070","WLAU01",NA,NA,NA
"CluIDFG23G_1_0071","TS1077",NA,NA,NA
"CluIDFG23G_1_0072","TS0532",NA,NA,NA
"CluIDFG23G_1_0073","TS0276",NA,NA,NA
"CluIDFG23G_1_0074","TS0632",NA,NA,NA
"CluIDFG23G_1_0075","TS0192",NA,NA,NA
"CluIDFG23G_1_0076","TS1064",NA,NA,NA
"CluIDFG23G_1_0077","TS1050",NA,NA,NA
"CluIDFG23G_1_0078","TS0414",NA,NA,NA
"CluIDFG23G_1_0079","TS0555",NA,NA,NA
"CluIDFG23G_1_0080","TS1052",NA,NA,NA
"CluIDFG23G_1_0081","TS0991",NA,NA,NA
"CluIDFG23G_1_0082","TS1056",NA,NA,NA
"CluIDFG23G_1_0083","TS1011",NA,NA,NA
"CluIDFG23G_1_0084","TS0447",NA,NA,NA
"CluIDFG23G_1_0085","TS0976",NA,NA,NA
"CluIDFG23G_1_0086","TS1049",NA,NA,NA
"CluIDFG23G_1_0087","TS0106",NA,NA,NA
"CluIDFG23G_1_0088","TS0996",NA,NA,NA
"CluIDFG23G_1_0089","TS1060",NA,NA,NA
"CluIDFG23G_1_0090","TS0498",NA,NA,NA
"CluIDFG23G_1_0091","TS0626",NA,NA,NA
"CluIDFG23G_1_0092","TS0412",NA,NA,NA
"CluIDFG23G_1_0093","TS1028",NA,NA,NA
"CluIDFG23G_1_0094","TS1073",NA,NA,NA
"CluIDFG23G_1_0095","TS1037",NA,NA,NA
"CluIDFG23G_1_0096","TS0985",NA,NA,NA
"CluIDFG23G_1_0097","TS0101",NA,NA,NA
"CluIDFG23G_1_0098","TS0051",NA,NA,NA
"CluIDFG23G_1_0099","TS1038",NA,NA,NA
"CluIDFG23G_1_0100","TS1027",NA,NA,NA
"CluIDFG23G_1_0101","TS0981",NA,NA,NA
"CluIDFG23G_1_0102","TS0109",NA,NA,NA
"CluIDFG23G_1_0103","TS1022",NA,NA,NA
"CluIDFG23G_1_0104","TS1059",NA,NA,NA
"CluIDFG23G_1_0105","TS1001",NA,NA,NA
"CluIDFG23G_1_0106","TS0987",NA,NA,NA
"CluIDFG23G_1_0107","TS0983",NA,NA,NA
"CluIDFG23G_1_0108","TS1031",NA,NA,NA
"CluIDFG23G_1_0109","TS1035",NA,NA,NA
"CluIDFG23G_1_0110","TS1033",NA,NA,NA
"CluIDFG23G_1_0111","TS1046",NA,NA,NA
"CluIDFG23G_1_0112","TS1058",NA,NA,NA
"CluIDFG23G_1_0113","TS0982",NA,NA,NA
"CluIDFG23G_1_0114","TS0977",NA,NA,NA
"CluIDFG23G_1_0115","TS1023",NA,NA,NA
"CluIDFG23G_1_0116","TS0978",NA,NA,NA
"CluIDFG23G_1_0117","TS1047",NA,NA,NA
"CluIDFG23G_1_0118","TS0010",NA,NA,NA
"CluIDFG23G_1_0119","TS1025",NA,NA,NA
"CluIDFG23G_1_0120","C090878",2011,"35","southwest"
"CluIDFG23G_1_0121","C097438",2013,"4","panhandle"
"CluIDFG23G_1_0122","C097439",2013,"4","panhandle"
"CluIDFG23G_1_0123","C097439",2013,"4","panhandle"
"CluIDFG23G_1_0124","C097440",2013,"6","panhandle"
"CluIDFG23G_1_0125","C097441",2013,"4","panhandle"
"CluIDFG23G_1_0126","C097441",2013,"4","panhandle"
"CluIDFG23G_1_0127","C097441",2013,"4","panhandle"
"CluIDFG23G_1_0128","C097442",2013,"6","panhandle"
"CluIDFG23G_1_0129","C097449",2013,"4","panhandle"
"CluIDFG23G_1_0130","C097530",2012,"4","panhandle"
"CluIDFG23G_1_0131","C097538",2012,"4","panhandle"
"CluIDFG23G_1_0132","C097853",2012,"6","panhandle"
"CluIDFG23G_1_0133","C097983",2012,"4","panhandle"
"CluIDFG23G_1_0134","C097986",2012,"6","panhandle"
"CluIDFG23G_1_0135","C097872",2013,"4","panhandle"
"CluIDFG23G_1_0136","C097872",2013,"4","panhandle"
"CluIDFG23G_1_0137","C097873",2013,"6","panhandle"
"CluIDFG23G_1_0138","C097972",2012,"7","panhandle"
"CluIDFG23G_1_0139","C098051",2012,"1","panhandle"
"CluIDFG23G_1_0140","B568",NA,NA,NA
"CluIDFG23G_1_0141","B568",NA,NA,NA
"CluIDFG23G_1_0142","C096476",2012,"4","panhandle"
"CluIDFG23G_1_0143","C096524",2013,"6","panhandle"
"CluIDFG23G_1_0144","C096558",NA,NA,NA
"CluIDFG23G_1_0145","C096558",NA,NA,NA
"CluIDFG23G_1_0146","C096567",2012,"13","clearwater"
"CluIDFG23G_1_0147","C096575",2012,"30","salmon"
"CluIDFG23G_1_0148","C097378",2012,"39","southwest"
"CluIDFG23G_1_0149","C097426",2013,"4","panhandle"
"CluIDFG23G_1_0150","C097429",2013,"4","panhandle"
"CluIDFG23G_1_0151","C097402",2013,"1","panhandle"
"CluIDFG23G_1_0152","C097404",2013,"1","panhandle"
"CluIDFG23G_1_0153","C097401",2013,"1","panhandle"
"CluIDFG23G_1_0154","C097432",2013,"4","panhandle"
"CluIDFG23G_1_0155","C097432",2013,"4","panhandle"
"CluIDFG23G_1_0156","C097433",2013,"6","panhandle"
"CluIDFG23G_1_0157","C097434",2013,"5","panhandle"
"CluIDFG23G_1_0158","C097435",2013,"7","panhandle"
"CluIDFG23G_1_0159","C094307",2012,"33","southwest"
"CluIDFG23G_1_0160","C094373",2012,"33","southwest"
"CluIDFG23G_1_0161","C094509",2012,"7","panhandle"
"CluIDFG23G_1_0162","C094510",2012,"3","panhandle"
"CluIDFG23G_1_0163","C094511",2012,"1","panhandle"
"CluIDFG23G_1_0164","C094511",2012,"1","panhandle"
"CluIDFG23G_1_0165","C094519",2012,"4","panhandle"
"CluIDFG23G_1_0166","C094521",2012,"6","panhandle"
"CluIDFG23G_1_0167","C094521",2012,"6","panhandle"
"CluIDFG23G_1_0168","C094521",2012,"6","panhandle"
"CluIDFG23G_1_0169","C094522",2012,"6","panhandle"
"CluIDFG23G_1_0170","C094552",2012,"6","panhandle"
"CluIDFG23G_1_0171","C094552",2012,"6","panhandle"
"CluIDFG23G_1_0172","C094552",2012,"6","panhandle"
"CluIDFG23G_1_0173","C094781",NA,NA,NA
"CluIDFG23G_1_0174","C094786",NA,NA,NA
"CluIDFG23G_1_0175","C094787",NA,NA,NA
"CluIDFG23G_1_0176","C095128",2012,"6","panhandle"
"CluIDFG23G_1_0177","C096218",2012,"4","panhandle"
"CluIDFG23G_1_0178","ID675",NA,NA,NA
"CluIDFG23G_1_0179","ID678",NA,NA,NA
"CluIDFG23G_1_0180","ID679",NA,NA,NA
"CluIDFG23G_1_0181","ID681",NA,NA,NA
"CluIDFG23G_1_0182","ID682",NA,NA,NA
"CluIDFG23G_1_0183","Ransom 1",NA,NA,NA
"CluIDFG23G_1_0184","Ransom 2",NA,NA,NA
"CluIDFG23G_1_0185","Ransom 3",NA,NA,NA
"CluIDFG23G_1_0186","B499",NA,NA,NA
"CluIDFG23G_1_0187","B494",NA,NA,NA
"CluIDFG23G_1_0188","Ransom 6",NA,NA,NA
"CluIDFG23G_1_0189","C102561",NA,NA,NA
"CluIDFG23G_1_0190","C094353",2011,"48","magic_valley"
"CluIDFG23G_1_0191","C097683",NA,NA,NA
"CluIDFG23G_1_0192","B495",NA,NA,NA
"CluIDFG23G_1_1825","TS0038",NA,NA,NA
"CluIDFG23G_1_1826","TS1436",NA,NA,NA
"CluIDFG23G_1_1827","TS0426",NA,NA,NA
"CluIDFG23G_1_1828","TS1445",NA,NA,NA
"CluIDFG23G_1_1829","TS1327",NA,NA,NA
"CluIDFG23G_1_1830","TS0156",NA,NA,NA
"CluIDFG23G_1_1831","TS1437",NA,NA,NA
"CluIDFG23G_1_1832","TS0586",NA,NA,NA
"CluIDFG23G_1_1833","TS1446",NA,NA,NA
"CluIDFG23G_1_1834","TS1333",NA,NA,NA
"CluIDFG23G_1_1835","TS0164",NA,NA,NA
"CluIDFG23G_1_1836","TS1439",NA,NA,NA
"CluIDFG23G_1_1837","TS0687",NA,NA,NA
"CluIDFG23G_1_1838","TS1447",NA,NA,NA
"CluIDFG23G_1_1839","TS1348",NA,NA,NA
"CluIDFG23G_1_1840","TS0197",NA,NA,NA
"CluIDFG23G_1_1841","TS1440",NA,NA,NA
"CluIDFG23G_1_1842","TS1513",NA,NA,NA
"CluIDFG23G_1_1843","TS0779",NA,NA,NA
"CluIDFG23G_1_1844","TS1448",NA,NA,NA
"CluIDFG23G_1_1845","TS1401",NA,NA,NA
"CluIDFG23G_1_1846","TS0199",NA,NA,NA
"CluIDFG23G_1_1847","TS0780",NA,NA,NA
"CluIDFG23G_1_1848","TS1449",NA,NA,NA
"CluIDFG23G_1_1849","TS1406",NA,NA,NA
"CluIDFG23G_1_1850","TS0201",NA,NA,NA
"CluIDFG23G_1_1851","TS0270",NA,NA,NA
"CluIDFG23G_1_1852","TS0854",NA,NA,NA
"CluIDFG23G_1_1853","TS1450",NA,NA,NA
"CluIDFG23G_1_1854","TS1422",NA,NA,NA
"CluIDFG23G_1_1855","TS0216",NA,NA,NA
"CluIDFG23G_1_1856","TS0525",NA,NA,NA
"CluIDFG23G_1_1857","TS0911",NA,NA,NA
"CluIDFG23G_1_1858","TS1501",NA,NA,NA
"CluIDFG23G_1_1859","TS1953",NA,NA,NA
"CluIDFG23G_1_1860","TS0253",NA,NA,NA
"CluIDFG23G_1_1861","TS0662",NA,NA,NA
"CluIDFG23G_1_1862","TS0920",NA,NA,NA
"CluIDFG23G_1_1863","TS1764",NA,NA,NA
"CluIDFG23G_1_1864","TS0261",NA,NA,NA
"CluIDFG23G_1_1865","TS0254",NA,NA,NA
"CluIDFG23G_1_1866","TS0901",NA,NA,NA
"CluIDFG23G_1_1867","TS1218",NA,NA,NA
"CluIDFG23G_1_1868","TS1861",NA,NA,NA
"CluIDFG23G_1_1869","TS0704",NA,NA,NA
"CluIDFG23G_1_1870","TS0256",NA,NA,NA
"CluIDFG23G_1_1871","TS0902",NA,NA,NA
"CluIDFG23G_1_1872","TS1320",NA,NA,NA
"CluIDFG23G_1_1873","TS1956",NA,NA,NA
"CluIDFG23G_1_1874","TS0912",NA,NA,NA
"CluIDFG23G_1_1875","TS0257",NA,NA,NA
"CluIDFG23G_1_1876","TS0904",NA,NA,NA
"CluIDFG23G_1_1877","TS1408",NA,NA,NA
"CluIDFG23G_1_1878","TS2716",NA,NA,NA
"CluIDFG23G_1_1879","TS0018",NA,NA,NA
"CluIDFG23G_1_1880","TS0259",NA,NA,NA
"CluIDFG23G_1_1881","TS0946",NA,NA,NA
"CluIDFG23G_1_1882","TS1409",NA,NA,NA
"CluIDFG23G_1_1883","WLWZZ9",NA,NA,NA
"CluIDFG23G_1_1884","TS0395",NA,NA,NA
"CluIDFG23G_1_1885","TS0273",NA,NA,NA
"CluIDFG23G_1_1886","TS1471",NA,NA,NA
"CluIDFG23G_1_1887","TS1410",NA,NA,NA
"CluIDFG23G_1_1888","TS0077",NA,NA,NA
"CluIDFG23G_1_1889","TS0608",NA,NA,NA
"CluIDFG23G_1_1890","TS0277",NA,NA,NA
"CluIDFG23G_1_1891","TS1473",NA,NA,NA
"CluIDFG23G_1_1892","TS1411",NA,NA,NA
"CluIDFG23G_1_1893","TS0078",NA,NA,NA
"CluIDFG23G_1_1894","TS0730",NA,NA,NA
"CluIDFG23G_1_1895","TS0282",NA,NA,NA
"CluIDFG23G_1_1896","TS1477",NA,NA,NA
"CluIDFG23G_1_1897","TS1412",NA,NA,NA
"CluIDFG23G_1_1898","TS0081",NA,NA,NA
"CluIDFG23G_1_1899","TS0950",NA,NA,NA
"CluIDFG23G_1_1900","TS0283",NA,NA,NA
"CluIDFG23G_1_1901","TS1479",NA,NA,NA
"CluIDFG23G_1_1902","TS1413",NA,NA,NA
"CluIDFG23G_1_1903","TS0162",NA,NA,NA
"CluIDFG23G_1_1904","TS1188",NA,NA,NA
"CluIDFG23G_1_1905","TS0284",NA,NA,NA
"CluIDFG23G_1_1906","TS0011",NA,NA,NA
"CluIDFG23G_1_1907","TS1418",NA,NA,NA
"CluIDFG23G_1_1908","TS0169",NA,NA,NA
"CluIDFG23G_1_1909","TS1203",NA,NA,NA
"CluIDFG23G_1_1910","TS0296",NA,NA,NA
"CluIDFG23G_1_1911","TS0027",NA,NA,NA
"CluIDFG23G_1_1912","TS1420",NA,NA,NA
"CluIDFG23G_1_1913","TS0264",NA,NA,NA
"CluIDFG23G_1_1914","TS1442",NA,NA,NA
"CluIDFG23G_1_1915","TS0299",NA,NA,NA
"CluIDFG23G_1_1916","TS0036",NA,NA,NA
"CluIDFG23G_1_1917","TS1421",NA,NA,NA
"CluIDFG23G_1_1918","TS0334",NA,NA,NA
"CluIDFG23G_1_1919","TS1443",NA,NA,NA
"CluIDFG23G_1_1920","C093420",2013,"1","panhandle"
"CluIDFG23G_1_1921","C099236",2013,"39","southwest"
"CluIDFG23G_1_1922","C088264",2012,"36","salmon"
"CluIDFG23G_1_1923","C091007",2011,"5","panhandle"
"CluIDFG23G_1_1924","C092360",2012,"36","salmon"
"CluIDFG23G_1_1925","C099235",2013,"39","southwest"
"CluIDFG23G_1_1926","C087995",2012,"35","southwest"
"CluIDFG23G_1_1927","C090878",2011,"35","southwest"
"CluIDFG23G_1_1928","C092359",2012,"21","salmon"
"CluIDFG23G_1_1929","C093420",2013,"1","panhandle"
"CluIDFG23G_1_1930","C099235",2013,"39","southwest"
"CluIDFG23G_1_1931","C087995",2012,"35","southwest"
"CluIDFG23G_1_1932","C090878",2011,"35","southwest"
"CluIDFG23G_1_1933","C092355",2012,"28","salmon"
"CluIDFG23G_1_1934","C093419",2013,"1","panhandle"
"CluIDFG23G_1_1935","C099235",2013,"39","southwest"
"CluIDFG23G_1_1936","C087985",2012,"39","southwest"
"CluIDFG23G_1_1937","C090877",2011,"35","southwest"
"CluIDFG23G_1_1938","C092354",2012,"21","salmon"
"CluIDFG23G_1_1939","C093418",2013,"1","panhandle"
"CluIDFG23G_1_1940","C099105",2013,"39","southwest"
"CluIDFG23G_1_1941","C087979",2011,"39","southwest"
"CluIDFG23G_1_1942","C090877",2011,"35","southwest"
"CluIDFG23G_1_1943","C092349",2012,"28","salmon"
"CluIDFG23G_1_1944","C093418",2013,"1","panhandle"
"CluIDFG23G_1_1945","C099105",2013,"39","southwest"
"CluIDFG23G_1_1946","C087978",NA,NA,NA
"CluIDFG23G_1_1947","C090852",2012,"39","southwest"
"CluIDFG23G_1_1948","C092347",2012,"21","salmon"
"CluIDFG23G_1_1949","C093402",2012,"4","panhandle"
"CluIDFG23G_1_1950","C099105",2013,"39","southwest"
"CluIDFG23G_1_1951","C087977",2011,"34","southwest"
"CluIDFG23G_1_1952","C090780",2011,"35","southwest"
"CluIDFG23G_1_1953","C092345",2012,"28","salmon"
"CluIDFG23G_1_1954","C093320",2012,"36","salmon"
"CluIDFG23G_1_1955","C099102",2013,"39","southwest"
"CluIDFG23G_1_1956","C087898",2012,"28","salmon"
"CluIDFG23G_1_1957","C090762",2011,"35","southwest"
"CluIDFG23G_1_1958","C092342",2012,"21","salmon"
"CluIDFG23G_1_1959","C093316",2012,"21","salmon"
"CluIDFG23G_1_1960","C098481",2013,"39","southwest"
"CluIDFG23G_1_1961","C087894",2012,"28","salmon"
"CluIDFG23G_1_1962","C090744",2013,"39","southwest"
"CluIDFG23G_1_1963","C092341",2012,"28","salmon"
"CluIDFG23G_1_1964","C093303",2011,"28","salmon"
"CluIDFG23G_1_1965","C098059",2013,"4","panhandle"
"CluIDFG23G_1_1966","C087893",2012,"28","salmon"
"CluIDFG23G_1_1967","C090734",2013,"33","southwest"
"CluIDFG23G_1_1968","C092340",2012,"21","salmon"
"CluIDFG23G_1_1969","C093254",2011,"21","salmon"
"CluIDFG23G_1_1970","C098059",2013,"4","panhandle"
"CluIDFG23G_1_1971","C087892",NA,NA,NA
"CluIDFG23G_1_1972","C090733",2013,"35","southwest"
"CluIDFG23G_1_1973","C092339",2012,"21","salmon"
"CluIDFG23G_1_1974","C092505",2013,"28","salmon"
"CluIDFG23G_1_1975","C098058",2013,"4","panhandle"
"CluIDFG23G_1_1976","C099276",2013,"35","southwest"
"CluIDFG23G_1_1977","C090721",2012,"39","southwest"
"CluIDFG23G_1_1978","C092210",2012,"28","salmon"
"CluIDFG23G_1_1979","C092505",2013,"28","salmon"
"CluIDFG23G_1_1980","C098056",2013,"1","panhandle"
"CluIDFG23G_1_1981","C099276",2013,"35","southwest"
"CluIDFG23G_1_1982","C090721",2012,"39","southwest"
"CluIDFG23G_1_1983","C092210",2012,"28","salmon"
"CluIDFG23G_1_1984","C092502",2013,"28","salmon"
"CluIDFG23G_1_1985","C098054",2012,"1","panhandle"
"CluIDFG23G_1_1986","C099251",2013,"34","southwest"
"CluIDFG23G_1_1987","C090713",2012,"39","southwest"
"CluIDFG23G_1_1988","C092210",2012,"28","salmon"
"CluIDFG23G_1_1989","C092502",2013,"28","salmon"
"CluIDFG23G_1_1990","C098054",2012,"1","panhandle"
"CluIDFG23G_1_1991","C099243",2013,"33","southwest"
"CluIDFG23G_1_1992","C090650",2011,"34","southwest"
"CluIDFG23G_1_1993","C092208",2012,"21","salmon"
"CluIDFG23G_1_1994","C092450",2013,"21","salmon"
"CluIDFG23G_1_1995","C098054",2012,"1","panhandle"
"CluIDFG23G_1_1996","C099243",2013,"33","southwest"
"CluIDFG23G_1_1997","C090627",2011,"35","southwest"
"CluIDFG23G_1_1998","C092203",2012,"21","salmon"
"CluIDFG23G_1_1999","C092438",2013,"28","salmon"
"CluIDFG23G_1_2000","C098052",2012,"1","panhandle"
"CluIDFG23G_1_2001","C099240",2013,"39","southwest"
"CluIDFG23G_1_2002","C089205",NA,NA,NA
"CluIDFG23G_1_2003","C091386",2012,"6","panhandle"
"CluIDFG23G_1_2004","C092438",2013,"28","salmon"
"CluIDFG23G_1_2005","C098057",2013,"1","panhandle"
"CluIDFG23G_1_2006","C099240",2013,"39","southwest"
"CluIDFG23G_1_2007","C088270",2012,"36","salmon"
"CluIDFG23G_1_2008","C092205",2012,"36","salmon"
"CluIDFG23G_1_2009","C092435",2013,"28","salmon"
"CluIDFG23G_1_2010","C092374",2012,"21","salmon"
"CluIDFG23G_1_2011","C091286",NA,NA,NA
"CluIDFG23G_1_2012","C088270",2012,"36","salmon"
"CluIDFG23G_1_2013","C099238",2013,"39","southwest"
"CluIDFG23G_1_2014","C098057",2013,"1","panhandle"
"CluTUNA21B_0001",NA,NA,NA,NA
"NTCTray21",NA,NA,NA,NA
