Indiv,Clu_CM000001_4_107998114_allele1,Clu_CM000001_4_107998114_allele2,Clu_CM000001_4_11971911_allele1,Clu_CM000001_4_11971911_allele2,Clu_CM000001_4_14963079_allele1,Clu_CM000001_4_14963079_allele2,Clu_CM000001_4_18555876_allele1,Clu_CM000001_4_18555876_allele2,Clu_CM000001_4_2063927_allele1,Clu_CM000001_4_2063927_allele2,Clu_CM000001_4_21533701_allele1,Clu_CM000001_4_21533701_allele2,Clu_CM000001_4_30672183_allele1,Clu_CM000001_4_30672183_allele2,Clu_CM000001_4_40580125_allele1,Clu_CM000001_4_40580125_allele2,Clu_CM000001_4_42676185_allele1,Clu_CM000001_4_42676185_allele2,Clu_CM000001_4_47668979_allele1,Clu_CM000001_4_47668979_allele2,Clu_CM000001_4_58825164_allele1,Clu_CM000001_4_58825164_allele2,Clu_CM000001_4_62655706_allele1,Clu_CM000001_4_62655706_allele2,Clu_CM000001_4_65535477_allele1,Clu_CM000001_4_65535477_allele2,Clu_CM000001_4_72080102_allele1,Clu_CM000001_4_72080102_allele2,Clu_CM000001_4_77197557_allele1,Clu_CM000001_4_77197557_allele2,Clu_CM000001_4_8833163_allele1,Clu_CM000001_4_8833163_allele2,Clu_CM000001_4_88484444_allele1,Clu_CM000001_4_88484444_allele2,Clu_CM000001_4_98815414_allele1,Clu_CM000001_4_98815414_allele2,Clu_CM000002_4_13460110_allele1,Clu_CM000002_4_13460110_allele2,Clu_CM000002_4_18647136_allele1,Clu_CM000002_4_18647136_allele2,Clu_CM000002_4_25100117_allele1,Clu_CM000002_4_25100117_allele2,Clu_CM000002_4_31268510_allele1,Clu_CM000002_4_31268510_allele2,Clu_CM000002_4_33839012_allele1,Clu_CM000002_4_33839012_allele2,Clu_CM000002_4_38764283_allele1,Clu_CM000002_4_38764283_allele2,Clu_CM000002_4_58193917_allele1,Clu_CM000002_4_58193917_allele2,Clu_CM000002_4_70242928_allele1,Clu_CM000002_4_70242928_allele2,Clu_CM000002_4_7243669_allele1,Clu_CM000002_4_7243669_allele2,Clu_CM000002_4_79182372_allele1,Clu_CM000002_4_79182372_allele2,Clu_CM000002_4_81773732_allele1,Clu_CM000002_4_81773732_allele2,Clu_CM000003_4_13260504_allele1,Clu_CM000003_4_13260504_allele2,Clu_CM000003_4_27449998_allele1,Clu_CM000003_4_27449998_allele2,Clu_CM000003_4_37695403_allele1,Clu_CM000003_4_37695403_allele2,Clu_CM000003_4_49666979_allele1,Clu_CM000003_4_49666979_allele2,Clu_CM000003_4_51973364_allele1,Clu_CM000003_4_51973364_allele2,Clu_CM000003_4_57185740_allele1,Clu_CM000003_4_57185740_allele2,Clu_CM000003_4_65055076_allele1,Clu_CM000003_4_65055076_allele2,Clu_CM000003_4_69280895_allele1,Clu_CM000003_4_69280895_allele2,Clu_CM000003_4_88141132_allele1,Clu_CM000003_4_88141132_allele2,Clu_CM000003_4_93113552_allele1,Clu_CM000003_4_93113552_allele2,Clu_CM000004_4_10258625_allele1,Clu_CM000004_4_10258625_allele2,Clu_CM000004_4_15907227_allele1,Clu_CM000004_4_15907227_allele2,Clu_CM000004_4_18368340_allele1,Clu_CM000004_4_18368340_allele2,Clu_CM000004_4_27540882_allele1,Clu_CM000004_4_27540882_allele2,Clu_CM000004_4_32351447_allele1,Clu_CM000004_4_32351447_allele2,Clu_CM000004_4_41442770_allele1,Clu_CM000004_4_41442770_allele2,Clu_CM000004_4_43925588_allele1,Clu_CM000004_4_43925588_allele2,Clu_CM000004_4_55571744_allele1,Clu_CM000004_4_55571744_allele2,Clu_CM000004_4_60121069_allele1,Clu_CM000004_4_60121069_allele2,Clu_CM000004_4_81069221_allele1,Clu_CM000004_4_81069221_allele2,Clu_CM000004_4_84634357_allele1,Clu_CM000004_4_84634357_allele2,Clu_CM000005_4_10801144_allele1,Clu_CM000005_4_10801144_allele2,Clu_CM000005_4_17273932_allele1,Clu_CM000005_4_17273932_allele2,Clu_CM000005_4_19643076_allele1,Clu_CM000005_4_19643076_allele2,Clu_CM000005_4_26189713_allele1,Clu_CM000005_4_26189713_allele2,Clu_CM000005_4_31180595_allele1,Clu_CM000005_4_31180595_allele2,Clu_CM000005_4_35046040_allele1,Clu_CM000005_4_35046040_allele2,Clu_CM000005_4_4296151_allele1,Clu_CM000005_4_4296151_allele2,Clu_CM000005_4_51349606_allele1,Clu_CM000005_4_51349606_allele2,Clu_CM000005_4_57504115_allele1,Clu_CM000005_4_57504115_allele2,Clu_CM000005_4_64573693_allele1,Clu_CM000005_4_64573693_allele2,Clu_CM000005_4_71030986_allele1,Clu_CM000005_4_71030986_allele2,Clu_CM000005_4_75468476_allele1,Clu_CM000005_4_75468476_allele2,Clu_CM000005_4_79960466_allele1,Clu_CM000005_4_79960466_allele2,Clu_CM000005_4_83040455_allele1,Clu_CM000005_4_83040455_allele2,Clu_CM000006_4_14679355_allele1,Clu_CM000006_4_14679355_allele2,Clu_CM000006_4_20851698_allele1,Clu_CM000006_4_20851698_allele2,Clu_CM000006_4_23483590_allele1,Clu_CM000006_4_23483590_allele2,Clu_CM000006_4_28568132_allele1,Clu_CM000006_4_28568132_allele2,Clu_CM000006_4_33768765_allele1,Clu_CM000006_4_33768765_allele2,Clu_CM000006_4_3521583_allele1,Clu_CM000006_4_3521583_allele2,Clu_CM000006_4_38073933_allele1,Clu_CM000006_4_38073933_allele2,Clu_CM000006_4_40833158_allele1,Clu_CM000006_4_40833158_allele2,Clu_CM000006_4_44306020_allele1,Clu_CM000006_4_44306020_allele2,Clu_CM000006_4_61570270_allele1,Clu_CM000006_4_61570270_allele2,Clu_CM000006_4_71342134_allele1,Clu_CM000006_4_71342134_allele2,Clu_CM000007_4_1317300_allele1,Clu_CM000007_4_1317300_allele2,Clu_CM000007_4_14478960_allele1,Clu_CM000007_4_14478960_allele2,Clu_CM000007_4_20753273_allele1,Clu_CM000007_4_20753273_allele2,Clu_CM000007_4_23823928_allele1,Clu_CM000007_4_23823928_allele2,Clu_CM000007_4_26889129_allele1,Clu_CM000007_4_26889129_allele2,Clu_CM000007_4_37586974_allele1,Clu_CM000007_4_37586974_allele2,Clu_CM000007_4_72334052_allele1,Clu_CM000007_4_72334052_allele2,Clu_CM000007_4_75021251_allele1,Clu_CM000007_4_75021251_allele2,Clu_CM000007_4_79786147_allele1,Clu_CM000007_4_79786147_allele2,Clu_CM000008_4_15890115_allele1,Clu_CM000008_4_15890115_allele2,Clu_CM000008_4_2136466_allele1,Clu_CM000008_4_2136466_allele2,Clu_CM000008_4_27090339_allele1,Clu_CM000008_4_27090339_allele2,Clu_CM000008_4_32512147_allele1,Clu_CM000008_4_32512147_allele2,Clu_CM000008_4_44408931_allele1,Clu_CM000008_4_44408931_allele2,Clu_CM000008_4_62665622_allele1,Clu_CM000008_4_62665622_allele2,Clu_CM000009_4_11776460_allele1,Clu_CM000009_4_11776460_allele2,Clu_CM000009_4_2243195_allele1,Clu_CM000009_4_2243195_allele2,Clu_CM000009_4_22723518_allele1,Clu_CM000009_4_22723518_allele2,Clu_CM000009_4_25894540_allele1,Clu_CM000009_4_25894540_allele2,Clu_CM000009_4_44879591_allele1,Clu_CM000009_4_44879591_allele2,Clu_CM000009_4_48595_allele1,Clu_CM000009_4_48595_allele2,Clu_CM000009_4_48947975_allele1,Clu_CM000009_4_48947975_allele2,Clu_CM000009_4_4999485_allele1,Clu_CM000009_4_4999485_allele2,Clu_CM000009_4_54388333_allele1,Clu_CM000009_4_54388333_allele2,Clu_CM000009_4_60133904_allele1,Clu_CM000009_4_60133904_allele2,Clu_CM000010_4_14223828_allele1,Clu_CM000010_4_14223828_allele2,Clu_CM000010_4_19536037_allele1,Clu_CM000010_4_19536037_allele2,Clu_CM000010_4_26017081_allele1,Clu_CM000010_4_26017081_allele2,Clu_CM000010_4_28684996_allele1,Clu_CM000010_4_28684996_allele2,Clu_CM000010_4_31178429_allele1,Clu_CM000010_4_31178429_allele2,Clu_CM000010_4_40898854_allele1,Clu_CM000010_4_40898854_allele2,Clu_CM000010_4_45249328_allele1,Clu_CM000010_4_45249328_allele2,Clu_CM000010_4_56031396_allele1,Clu_CM000010_4_56031396_allele2,Clu_CM000010_4_60100316_allele1,Clu_CM000010_4_60100316_allele2,Clu_CM000010_4_67812878_allele1,Clu_CM000010_4_67812878_allele2,Clu_CM000011_4_14387765_allele1,Clu_CM000011_4_14387765_allele2,Clu_CM000011_4_20443121_allele1,Clu_CM000011_4_20443121_allele2,Clu_CM000011_4_22840121_allele1,Clu_CM000011_4_22840121_allele2,Clu_CM000011_4_3242856_allele1,Clu_CM000011_4_3242856_allele2,Clu_CM000011_4_33953383_allele1,Clu_CM000011_4_33953383_allele2,Clu_CM000011_4_41046898_allele1,Clu_CM000011_4_41046898_allele2,Clu_CM000011_4_60102821_allele1,Clu_CM000011_4_60102821_allele2,Clu_CM000012_4_10454755_allele1,Clu_CM000012_4_10454755_allele2,Clu_CM000012_4_19712572_allele1,Clu_CM000012_4_19712572_allele2,Clu_CM000012_4_30027353_allele1,Clu_CM000012_4_30027353_allele2,Clu_CM000012_4_49902994_allele1,Clu_CM000012_4_49902994_allele2,Clu_CM000012_4_63688517_allele1,Clu_CM000012_4_63688517_allele2,Clu_CM000013_4_2510763_allele1,Clu_CM000013_4_2510763_allele2,Clu_CM000013_4_25365117_allele1,Clu_CM000013_4_25365117_allele2,Clu_CM000013_4_33590803_allele1,Clu_CM000013_4_33590803_allele2,Clu_CM000013_4_38632731_allele1,Clu_CM000013_4_38632731_allele2,Clu_CM000013_4_52174036_allele1,Clu_CM000013_4_52174036_allele2,Clu_CM000014_4_11719120_allele1,Clu_CM000014_4_11719120_allele2,Clu_CM000014_4_22834397_allele1,Clu_CM000014_4_22834397_allele2,Clu_CM000014_4_375484_allele1,Clu_CM000014_4_375484_allele2,Clu_CM000014_4_38865394_allele1,Clu_CM000014_4_38865394_allele2,Clu_CM000014_4_42959892_allele1,Clu_CM000014_4_42959892_allele2,Clu_CM000014_4_46993489_allele1,Clu_CM000014_4_46993489_allele2,Clu_CM000014_4_51051551_allele1,Clu_CM000014_4_51051551_allele2,Clu_CM000014_4_55537371_allele1,Clu_CM000014_4_55537371_allele2,Clu_CM000014_4_6743067_allele1,Clu_CM000014_4_6743067_allele2,Clu_CM000015_4_13172841_allele1,Clu_CM000015_4_13172841_allele2,Clu_CM000015_4_20346831_allele1,Clu_CM000015_4_20346831_allele2,Clu_CM000015_4_22693855_allele1,Clu_CM000015_4_22693855_allele2,Clu_CM000015_4_32675734_allele1,Clu_CM000015_4_32675734_allele2,Clu_CM000015_4_36377462_allele1,Clu_CM000015_4_36377462_allele2,Clu_CM000015_4_42548037_allele1,Clu_CM000015_4_42548037_allele2,Clu_CM000015_4_46712954_allele1,Clu_CM000015_4_46712954_allele2,Clu_CM000015_4_468669_allele1,Clu_CM000015_4_468669_allele2,Clu_CM000015_4_50197822_allele1,Clu_CM000015_4_50197822_allele2,Clu_CM000015_4_55704305_allele1,Clu_CM000015_4_55704305_allele2,Clu_CM000015_4_61384596_allele1,Clu_CM000015_4_61384596_allele2,Clu_CM000015_4_63791963_allele1,Clu_CM000015_4_63791963_allele2,Clu_CM000015_4_8285080_allele1,Clu_CM000015_4_8285080_allele2,Clu_CM000016_4_1487699_allele1,Clu_CM000016_4_1487699_allele2,Clu_CM000016_4_33500360_allele1,Clu_CM000016_4_33500360_allele2,Clu_CM000016_4_3568828_allele1,Clu_CM000016_4_3568828_allele2,Clu_CM000016_4_36557056_allele1,Clu_CM000016_4_36557056_allele2,Clu_CM000016_4_44806416_allele1,Clu_CM000016_4_44806416_allele2,Clu_CM000016_4_47473818_allele1,Clu_CM000016_4_47473818_allele2,Clu_CM000016_4_9514592_allele1,Clu_CM000016_4_9514592_allele2,Clu_CM000017_4_13801341_allele1,Clu_CM000017_4_13801341_allele2,Clu_CM000017_4_15807923_allele1,Clu_CM000017_4_15807923_allele2,Clu_CM000017_4_24323605_allele1,Clu_CM000017_4_24323605_allele2,Clu_CM000017_4_29767731_allele1,Clu_CM000017_4_29767731_allele2,Clu_CM000017_4_37649428_allele1,Clu_CM000017_4_37649428_allele2,Clu_CM000017_4_56970002_allele1,Clu_CM000017_4_56970002_allele2,Clu_CM000017_4_60407110_allele1,Clu_CM000017_4_60407110_allele2,Clu_CM000018_4_29225241_allele1,Clu_CM000018_4_29225241_allele2,Clu_CM000018_4_35152686_allele1,Clu_CM000018_4_35152686_allele2,Clu_CM000018_4_44246831_allele1,Clu_CM000018_4_44246831_allele2,Clu_CM000018_4_46890291_allele1,Clu_CM000018_4_46890291_allele2,Clu_CM000018_4_53337711_allele1,Clu_CM000018_4_53337711_allele2,Clu_CM000019_4_10869317_allele1,Clu_CM000019_4_10869317_allele2,Clu_CM000019_4_126213_allele1,Clu_CM000019_4_126213_allele2,Clu_CM000019_4_18621920_allele1,Clu_CM000019_4_18621920_allele2,Clu_CM000019_4_27171221_allele1,Clu_CM000019_4_27171221_allele2,Clu_CM000019_4_29194628_allele1,Clu_CM000019_4_29194628_allele2,Clu_CM000019_4_36983501_allele1,Clu_CM000019_4_36983501_allele2,Clu_CM000019_4_39221794_allele1,Clu_CM000019_4_39221794_allele2,Clu_CM000020_4_12620885_allele1,Clu_CM000020_4_12620885_allele2,Clu_CM000020_4_19948934_allele1,Clu_CM000020_4_19948934_allele2,Clu_CM000020_4_23023046_allele1,Clu_CM000020_4_23023046_allele2,Clu_CM000020_4_2513217_allele1,Clu_CM000020_4_2513217_allele2,Clu_CM000020_4_35494911_allele1,Clu_CM000020_4_35494911_allele2,Clu_CM000020_4_37701864_allele1,Clu_CM000020_4_37701864_allele2,Clu_CM000020_4_45667352_allele1,Clu_CM000020_4_45667352_allele2,Clu_CM000020_4_48422072_allele1,Clu_CM000020_4_48422072_allele2,Clu_CM000020_4_53459102_allele1,Clu_CM000020_4_53459102_allele2,Clu_CM000020_4_57844857_allele1,Clu_CM000020_4_57844857_allele2,Clu_CM000021_4_21807055_allele1,Clu_CM000021_4_21807055_allele2,Clu_CM000021_4_28231596_allele1,Clu_CM000021_4_28231596_allele2,Clu_CM000021_4_31181997_allele1,Clu_CM000021_4_31181997_allele2,Clu_CM000021_4_34793788_allele1,Clu_CM000021_4_34793788_allele2,Clu_CM000021_4_39120164_allele1,Clu_CM000021_4_39120164_allele2,Clu_CM000021_4_6359298_allele1,Clu_CM000021_4_6359298_allele2,Clu_CM000021_4_8375695_allele1,Clu_CM000021_4_8375695_allele2,Clu_CM000022_4_42333522_allele1,Clu_CM000022_4_42333522_allele2,Clu_CM000022_4_45882365_allele1,Clu_CM000022_4_45882365_allele2,Clu_CM000022_4_54994375_allele1,Clu_CM000022_4_54994375_allele2,Clu_CM000022_4_57800579_allele1,Clu_CM000022_4_57800579_allele2,Clu_CM000022_4_60128704_allele1,Clu_CM000022_4_60128704_allele2,Clu_CM000022_4_9812988_allele1,Clu_CM000022_4_9812988_allele2,Clu_CM000023_4_12403559_allele1,Clu_CM000023_4_12403559_allele2,Clu_CM000023_4_17000771_allele1,Clu_CM000023_4_17000771_allele2,Clu_CM000023_4_1863625_allele1,Clu_CM000023_4_1863625_allele2,Clu_CM000023_4_27222289_allele1,Clu_CM000023_4_27222289_allele2,Clu_CM000023_4_30690680_allele1,Clu_CM000023_4_30690680_allele2,Clu_CM000023_4_35770746_allele1,Clu_CM000023_4_35770746_allele2,Clu_CM000023_4_38742797_allele1,Clu_CM000023_4_38742797_allele2,Clu_CM000023_4_4061462_allele1,Clu_CM000023_4_4061462_allele2,Clu_CM000023_4_44664126_allele1,Clu_CM000023_4_44664126_allele2,Clu_CM000023_4_9069626_allele1,Clu_CM000023_4_9069626_allele2,Clu_CM000024_4_19328861_allele1,Clu_CM000024_4_19328861_allele2,Clu_CM000024_4_22112507_allele1,Clu_CM000024_4_22112507_allele2,Clu_CM000024_4_27962415_allele1,Clu_CM000024_4_27962415_allele2,Clu_CM000024_4_33783455_allele1,Clu_CM000024_4_33783455_allele2,Clu_CM000025_4_17433035_allele1,Clu_CM000025_4_17433035_allele2,Clu_CM000025_4_20440981_allele1,Clu_CM000025_4_20440981_allele2,Clu_CM000025_4_27641802_allele1,Clu_CM000025_4_27641802_allele2,Clu_CM000025_4_38069498_allele1,Clu_CM000025_4_38069498_allele2,Clu_CM000025_4_40169574_allele1,Clu_CM000025_4_40169574_allele2,Clu_CM000025_4_4481089_allele1,Clu_CM000025_4_4481089_allele2,Clu_CM000025_4_6688732_allele1,Clu_CM000025_4_6688732_allele2,Clu_CM000025_4_9894874_allele1,Clu_CM000025_4_9894874_allele2,Clu_CM000026_4_16266083_allele1,Clu_CM000026_4_16266083_allele2,Clu_CM000026_4_21319378_allele1,Clu_CM000026_4_21319378_allele2,Clu_CM000026_4_31903580_allele1,Clu_CM000026_4_31903580_allele2,Clu_CM000026_4_35136894_allele1,Clu_CM000026_4_35136894_allele2,Clu_CM000026_4_3574780_allele1,Clu_CM000026_4_3574780_allele2,Clu_CM000026_4_37515105_allele1,Clu_CM000026_4_37515105_allele2,Clu_CM000026_4_7318946_allele1,Clu_CM000026_4_7318946_allele2,Clu_CM000027_5_12026384_allele1,Clu_CM000027_5_12026384_allele2,Clu_CM000027_5_18700391_allele1,Clu_CM000027_5_18700391_allele2,Clu_CM000027_5_2724686_allele1,Clu_CM000027_5_2724686_allele2,Clu_CM000027_5_30389478_allele1,Clu_CM000027_5_30389478_allele2,Clu_CM000027_5_45347320_allele1,Clu_CM000027_5_45347320_allele2,Clu_CM000028_4_11193564_allele1,Clu_CM000028_4_11193564_allele2,Clu_CM000028_4_13430306_allele1,Clu_CM000028_4_13430306_allele2,Clu_CM000028_4_15940997_allele1,Clu_CM000028_4_15940997_allele2,Clu_CM000028_4_19047062_allele1,Clu_CM000028_4_19047062_allele2,Clu_CM000028_4_21682769_allele1,Clu_CM000028_4_21682769_allele2,Clu_CM000028_4_37287211_allele1,Clu_CM000028_4_37287211_allele2,Clu_CM000028_4_39713790_allele1,Clu_CM000028_4_39713790_allele2,Clu_CM000029_4_16340006_allele1,Clu_CM000029_4_16340006_allele2,Clu_CM000029_4_37177873_allele1,Clu_CM000029_4_37177873_allele2,Clu_CM000029_4_5538072_allele1,Clu_CM000029_4_5538072_allele2,Clu_CM000030_4_11805360_allele1,Clu_CM000030_4_11805360_allele2,Clu_CM000030_4_16149517_allele1,Clu_CM000030_4_16149517_allele2,Clu_CM000030_4_38148117_allele1,Clu_CM000030_4_38148117_allele2,Clu_CM000030_4_793232_allele1,Clu_CM000030_4_793232_allele2,Clu_CM000031_4_31008979_allele1,Clu_CM000031_4_31008979_allele2,Clu_CM000031_4_34385824_allele1,Clu_CM000031_4_34385824_allele2,Clu_CM000031_4_3952896_allele1,Clu_CM000031_4_3952896_allele2,Clu_CM000031_4_7854087_allele1,Clu_CM000031_4_7854087_allele2,Clu_CM000032_5_15250289_allele1,Clu_CM000032_5_15250289_allele2,Clu_CM000032_5_21231302_allele1,Clu_CM000032_5_21231302_allele2,Clu_CM000032_5_31314479_allele1,Clu_CM000032_5_31314479_allele2,Clu_CM000032_5_5526601_allele1,Clu_CM000032_5_5526601_allele2,Clu_CM000033_4_13753414_allele1,Clu_CM000033_4_13753414_allele2,Clu_CM000033_4_15910031_allele1,Clu_CM000033_4_15910031_allele2,Clu_CM000033_4_18592030_allele1,Clu_CM000033_4_18592030_allele2,Clu_CM000033_4_4695236_allele1,Clu_CM000033_4_4695236_allele2,Clu_CM000034_4_12020072_allele1,Clu_CM000034_4_12020072_allele2,Clu_CM000034_4_14317473_allele1,Clu_CM000034_4_14317473_allele2,Clu_CM000034_4_16367950_allele1,Clu_CM000034_4_16367950_allele2,Clu_CM000034_4_21293159_allele1,Clu_CM000034_4_21293159_allele2,Clu_CM000034_4_23994330_allele1,Clu_CM000034_4_23994330_allele2,Clu_CM000034_4_26271218_allele1,Clu_CM000034_4_26271218_allele2,Clu_CM000034_4_48650577_allele1,Clu_CM000034_4_48650577_allele2,Clu_CM000034_4_5215590_allele1,Clu_CM000034_4_5215590_allele2,Clu_CM000035_4_13115542_allele1,Clu_CM000035_4_13115542_allele2,Clu_CM000035_4_1875061_allele1,Clu_CM000035_4_1875061_allele2,Clu_CM000035_4_23786176_allele1,Clu_CM000035_4_23786176_allele2,Clu_CM000036_4_17635682_allele1,Clu_CM000036_4_17635682_allele2,Clu_CM000036_4_26434639_allele1,Clu_CM000036_4_26434639_allele2,Clu_CM000036_4_29900470_allele1,Clu_CM000036_4_29900470_allele2,Clu_CM000036_4_3317581_allele1,Clu_CM000036_4_3317581_allele2,Clu_CM000036_4_9481167_allele1,Clu_CM000036_4_9481167_allele2,Clu_CM000037_4_2361781_allele1,Clu_CM000037_4_2361781_allele2,Clu_CM000037_4_26411307_allele1,Clu_CM000037_4_26411307_allele2,Clu_CM000037_4_8095091_allele1,Clu_CM000037_4_8095091_allele2,Clu_CM000038_4_10323532_allele1,Clu_CM000038_4_10323532_allele2,Clu_CM000038_4_16360231_allele1,Clu_CM000038_4_16360231_allele2,Clu_CM000038_4_2868664_allele1,Clu_CM000038_4_2868664_allele2
CluIDFG21G_0007,2,2,3,2,4,4,2,3,2,1,3,3,1,1,4,3,2,2,2,1,3,2,1,2,1,2,4,2,2,2,2,3,2,3,1,2,1,1,1,4,4,3,3,3,3,3,2,2,1,2,3,2,2,2,1,1,1,2,1,1,2,2,4,4,1,2,4,1,2,2,1,3,2,3,3,1,3,2,3,1,2,2,1,2,2,2,2,3,2,1,1,2,1,1,1,1,3,4,1,1,2,2,2,2,3,3,1,2,4,4,1,1,2,1,2,2,3,3,2,4,1,1,3,1,1,1,3,3,4,2,2,2,3,3,1,2,2,3,3,2,1,1,2,2,2,2,3,1,1,1,1,1,3,1,2,4,1,1,2,2,3,3,1,2,2,2,1,2,1,1,1,1,3,3,3,1,1,1,2,2,3,2,1,1,1,1,1,2,1,1,2,1,4,4,2,2,1,2,2,2,3,2,1,4,2,1,2,4,3,2,2,2,2,2,1,2,1,1,2,2,3,2,2,1,3,4,1,1,2,2,1,2,1,2,3,1,1,1,2,1,2,3,1,3,2,2,3,2,1,4,2,1,2,2,3,3,1,1,1,2,2,4,2,3,3,2,2,1,2,4,2,1,1,2,2,2,1,3,2,2,3,1,2,2,1,1,2,2,2,2,2,2,5,2,1,3,3,3,2,2,2,2,1,2,3,1,1,4,2,2,1,1,1,2,2,2,1,2,1,1,3,2,2,1,2,3,3,1,1,1,1,2,3,4,5,5,2,1,2,1,2,1,1,3,2,3,2,2,2,1,1,1,4,2,1,1,1,1,2,2,1,1,2,3,1,3,1,2,2,3,2,3,1,1,1,1,1,2,4,5,3,3,1,1,1,1,2,2,2,1,2,1,3,1,1,2,3,3,1,3,2,1,3,2,2,1,3,2,2,1,1,2,1,1,2,2,3,2,3,3,1,3,2,3,3,1,3,3,2,3,1,2,2,1,1,1,3,3,3,3,3,2,2,3,2,1,3,3,4,4,2,2,2,1,3,1,1,1,1,1,2,2,1,2,2,2,1,2,2,1,2,3,2,2,4,2,3,3,2,3,1,1,2,1,1,1,2,1,2,2,2,2,2,2,2,1,2,1,1,3,1,3,2,4,2,2,1,2,1,2,3,3,2,1,3,3,3,1,2,2,1,2,3,2,3,1,2,4,2,3,1,1,1,2,4,2,2,1,3,1,2,1,2,4,1,1,2,3,3,2,1,4,3,1,3,1,1,2,1,1
CluIDFG21G_0080,1,2,2,1,2,4,3,1,1,2,1,1,4,3,4,3,2,1,3,2,3,3,1,1,1,1,4,4,4,2,2,2,2,2,1,2,3,1,3,1,3,4,1,1,3,3,3,2,2,2,4,3,2,2,2,3,1,1,1,2,1,1,4,3,1,2,2,1,2,2,2,3,1,2,3,3,2,2,2,1,3,3,1,1,2,3,3,4,1,3,2,2,2,3,3,1,3,4,1,1,2,2,3,1,1,1,2,2,5,4,3,2,1,2,1,2,1,1,1,3,2,1,3,2,2,1,1,1,1,4,3,3,1,1,1,1,2,1,2,2,2,1,2,1,1,2,3,3,1,2,1,1,3,3,2,2,3,3,2,2,3,3,1,2,1,2,3,1,3,3,1,1,3,3,2,2,1,1,1,1,2,2,2,2,2,3,1,2,2,2,1,1,7,6,2,3,1,2,2,2,2,2,2,2,3,1,2,1,1,1,4,2,1,2,1,1,2,2,3,3,3,3,2,2,3,4,2,1,1,1,2,2,1,1,1,1,1,1,2,2,3,2,3,1,1,3,3,3,4,1,2,3,1,1,2,3,1,1,2,2,2,1,1,2,3,1,2,2,2,4,1,1,2,1,1,1,2,1,1,1,2,3,3,3,1,2,3,3,1,3,1,2,1,1,2,2,2,3,3,3,1,2,1,1,2,3,3,3,2,2,3,1,1,2,1,2,2,2,2,2,4,3,1,2,1,2,3,3,5,5,3,1,2,3,4,4,2,2,2,1,1,2,2,1,1,2,3,1,1,2,2,1,5,4,1,1,2,1,2,2,2,1,2,2,1,3,3,3,3,4,3,2,2,2,1,3,3,1,4,4,1,1,1,2,2,1,1,1,2,2,2,2,2,1,2,1,3,3,1,3,2,2,3,2,3,2,3,1,2,2,1,1,3,1,2,2,2,3,3,3,3,4,3,3,3,3,4,3,1,1,2,1,2,4,2,1,2,3,3,3,2,2,2,1,2,1,2,3,4,4,4,2,2,2,3,1,1,1,1,2,2,1,2,2,1,1,1,1,1,2,3,3,1,5,3,4,3,4,2,2,1,1,2,2,5,1,2,2,2,5,1,2,3,1,2,2,2,1,4,1,4,3,2,2,2,1,1,2,1,3,3,1,2,2,3,1,2,3,1,3,3,3,2,2,1,1,2,4,2,3,3,3,1,2,4,1,1,2,3,1,4,4,2,1,2,1,3,2,1,1,2,1,3,2,2,3,3,2,1,1
CluIDFG21G_0101,1,1,1,1,4,4,1,2,2,1,1,1,1,3,3,2,2,1,2,1,3,3,1,1,2,1,2,4,1,1,2,2,2,1,1,3,4,3,3,3,1,3,3,3,1,1,2,3,1,1,1,3,2,1,1,3,1,2,1,2,1,3,4,1,3,2,1,1,3,3,1,2,1,3,4,4,3,3,3,1,2,3,2,2,3,3,2,4,1,3,2,2,3,1,2,3,3,3,2,2,2,2,2,2,3,1,1,2,1,4,1,1,2,2,1,2,1,2,3,1,2,1,3,3,2,1,1,2,1,2,3,1,1,2,1,1,2,4,2,1,1,1,1,2,1,2,3,3,2,1,2,2,1,2,2,4,2,1,2,1,2,2,2,2,2,2,1,3,3,1,1,1,3,3,3,2,1,2,2,4,3,1,2,2,1,2,1,2,2,1,2,1,7,4,3,3,2,1,1,1,1,2,1,1,2,1,4,2,1,1,4,4,3,2,1,1,1,2,3,3,3,3,3,4,4,3,2,1,1,2,3,2,2,1,1,1,2,1,1,2,2,2,2,1,1,1,3,3,3,1,2,3,1,1,2,2,1,1,2,2,2,3,2,3,3,3,2,1,4,1,2,2,1,1,1,1,3,1,1,1,3,3,3,2,1,1,2,1,3,3,1,1,1,3,3,1,3,1,1,3,1,1,2,1,2,1,1,3,3,3,1,2,1,2,2,1,2,3,2,1,4,3,2,2,2,2,2,1,3,1,3,1,1,4,3,5,1,2,2,2,1,2,2,1,3,3,2,3,1,1,1,3,4,2,1,1,2,1,2,2,3,1,2,2,1,3,3,2,2,4,2,3,1,1,1,5,2,1,5,4,3,3,2,1,1,1,1,1,2,1,1,3,2,3,2,2,1,2,1,3,2,2,2,3,3,2,3,2,2,2,2,1,2,3,3,4,3,1,3,2,3,1,1,3,3,3,3,3,2,1,2,1,2,1,1,2,3,3,3,3,2,2,3,3,3,3,3,3,4,4,4,5,1,3,3,1,2,1,2,2,2,1,2,1,2,2,1,2,1,1,2,3,5,2,4,4,4,2,3,3,1,1,1,2,3,1,1,1,3,4,2,2,1,2,2,2,1,2,2,1,4,1,2,4,2,2,1,1,2,3,1,1,1,2,3,3,3,1,2,2,1,1,2,3,1,1,2,4,2,3,1,3,2,2,3,3,3,2,2,2,1,2,1,2,2,1,3,2,2,2,3,2,2,1,3,2,1,2,2,1
CluIDFG21G_0106,1,2,1,1,4,4,1,1,2,2,1,1,1,3,2,3,2,2,2,3,3,3,1,1,3,1,4,4,3,1,2,2,2,1,2,1,3,1,3,3,3,3,3,1,3,1,2,2,1,1,2,1,2,1,3,1,1,2,1,1,3,2,4,5,3,2,2,3,2,3,3,2,3,2,3,4,2,3,2,1,2,1,1,2,1,2,4,2,3,2,1,2,2,1,1,1,3,4,1,2,2,1,2,2,3,1,2,2,4,2,3,3,2,2,1,1,3,2,3,3,3,1,2,3,2,2,2,1,2,2,2,2,3,2,1,2,1,1,1,1,2,2,2,1,3,1,5,1,2,2,2,2,1,1,4,2,1,1,2,2,2,2,2,1,2,3,1,1,3,3,1,2,2,3,2,3,1,2,1,1,2,2,1,3,2,2,2,2,2,2,1,1,6,2,3,2,1,1,2,2,2,3,4,1,1,1,4,4,3,2,1,2,2,1,2,2,2,1,1,3,3,3,3,3,1,3,1,1,1,1,2,2,1,1,2,1,1,1,1,2,3,3,3,2,1,1,3,3,3,1,3,2,2,2,2,3,2,1,1,1,2,2,2,2,3,3,2,2,1,2,1,2,1,1,1,2,2,2,2,1,3,3,3,3,2,2,2,3,3,3,2,2,3,5,3,3,2,3,3,3,1,2,1,2,1,2,3,2,2,2,1,1,1,1,1,1,1,2,1,2,3,4,1,2,2,2,3,3,1,2,3,1,2,1,5,5,3,2,2,1,1,1,1,1,2,2,3,3,1,1,1,1,5,5,1,1,1,2,1,2,1,3,2,2,3,1,3,3,2,4,2,2,1,1,1,3,2,2,5,4,2,1,2,2,2,2,1,2,1,2,2,3,2,2,1,1,3,3,3,3,1,2,3,3,2,2,3,3,2,1,1,1,1,1,2,3,2,2,2,3,1,4,3,1,1,3,3,2,1,3,1,2,2,2,3,2,1,3,3,3,2,3,3,2,1,3,3,1,1,4,2,2,1,1,1,1,1,1,2,2,2,2,1,1,3,1,2,1,2,1,3,3,2,2,3,3,3,2,3,3,1,1,2,1,1,2,1,2,4,4,2,2,3,4,2,2,2,1,3,4,4,3,2,1,3,2,1,1,2,2,1,3,2,2,3,3,2,1,3,3,3,3,2,1,1,1,1,2,3,2,3,3,2,1,4,1,1,2,3,3,4,1,4,2,2,3,2,3,3,2,1,3,1,2,3,1,3,2,1,2
CluIDFG21G_0124,1,1,3,1,4,4,3,2,2,2,1,3,3,1,4,3,3,2,2,2,1,2,2,2,2,2,2,4,1,1,2,2,1,3,1,1,1,2,3,2,2,3,3,1,1,1,3,1,2,1,2,3,2,2,2,1,2,2,1,1,3,2,4,4,3,2,3,1,2,3,2,1,3,2,3,3,3,3,3,1,1,3,1,2,2,2,3,5,1,2,1,2,3,3,1,1,3,3,2,1,2,3,1,2,3,1,2,2,2,2,3,3,1,2,1,1,1,1,1,3,2,1,1,1,1,3,3,2,1,2,1,2,1,1,2,1,2,4,2,2,1,1,2,1,2,2,1,5,1,1,2,2,1,3,4,2,1,1,2,2,2,2,2,2,1,2,1,3,3,1,2,1,2,3,2,3,1,1,1,2,1,2,2,3,3,3,1,1,2,2,2,1,6,4,2,3,1,1,1,2,1,2,1,3,1,1,4,3,2,2,1,2,1,2,1,1,2,2,2,3,3,1,1,1,3,3,2,2,1,1,3,1,1,1,1,1,1,1,2,1,3,3,1,1,2,1,3,3,1,1,3,1,2,1,2,3,1,1,2,2,1,2,1,2,3,3,2,2,1,1,2,2,1,1,2,2,3,3,2,2,2,2,3,3,1,2,2,1,1,2,1,1,4,1,1,3,2,3,3,3,2,1,2,1,3,2,3,3,3,3,1,1,2,2,1,1,2,2,1,1,4,4,1,1,1,2,3,3,3,5,3,1,2,4,2,2,2,2,2,1,2,1,1,1,2,2,2,1,2,1,3,1,4,5,1,1,1,2,2,2,2,3,3,3,1,1,1,3,3,3,2,3,2,2,3,5,3,2,4,4,3,1,2,1,2,2,2,1,2,2,3,2,3,1,1,1,3,3,1,1,2,2,2,1,3,2,3,3,2,2,1,2,2,2,2,3,2,3,1,3,1,3,1,2,3,3,1,3,1,3,2,1,2,3,1,1,2,2,3,3,2,3,3,2,2,2,1,3,4,4,1,2,1,1,3,1,2,1,2,1,1,2,1,2,1,1,1,2,2,1,3,3,5,2,1,4,2,3,3,2,1,2,2,1,1,1,2,1,2,3,1,3,2,1,1,2,1,2,3,4,2,2,2,2,2,2,2,2,2,2,4,1,2,2,2,3,1,1,3,3,2,3,3,1,1,1,1,2,2,3,3,3,1,2,4,1,1,2,2,2,3,4,2,2,2,1,3,2,3,2,2,3,1,3,3,2,2,2,2,2
CluIDFG21G_0140,2,1,2,3,4,1,3,1,1,2,1,3,3,3,3,3,3,1,3,5,3,1,1,2,2,2,2,4,1,2,3,2,2,3,2,1,1,1,1,1,2,3,3,1,3,3,3,2,1,2,4,2,2,2,2,2,2,2,2,1,2,2,4,4,2,3,2,4,2,2,2,1,2,3,3,4,3,3,1,1,3,3,1,1,3,3,4,2,2,2,1,1,3,1,2,1,3,4,1,2,1,3,2,2,3,3,2,1,2,1,2,3,3,3,2,1,2,3,1,4,1,1,2,2,1,3,1,3,1,1,2,3,1,3,2,1,3,1,2,2,2,2,2,1,3,3,5,3,1,2,1,1,1,1,2,2,1,1,2,2,1,2,2,2,2,2,1,2,3,3,1,1,1,3,3,2,2,1,2,2,3,1,1,1,3,2,2,2,1,1,1,2,4,4,1,2,1,1,1,1,2,3,4,4,1,1,4,4,3,3,2,4,2,2,1,1,1,2,2,3,1,3,4,1,3,3,1,2,1,2,3,2,2,1,2,2,1,1,1,1,3,3,3,1,1,1,3,2,3,3,1,3,1,1,3,2,1,1,1,2,3,2,2,2,2,2,2,1,4,2,2,3,3,1,2,2,2,2,1,1,2,2,3,2,1,2,2,3,3,3,2,2,1,4,1,1,3,2,1,1,2,1,2,2,2,2,1,3,2,2,2,2,2,1,2,2,2,2,1,1,3,3,2,1,2,2,3,2,4,3,1,1,4,5,2,1,1,2,2,1,2,2,2,1,2,2,1,2,1,2,3,3,1,4,1,1,2,2,1,2,1,3,1,3,3,3,2,3,4,2,1,3,1,1,4,1,1,2,5,4,1,1,2,2,1,1,1,2,1,2,1,3,1,1,1,2,3,1,1,1,2,2,1,2,2,3,3,3,1,2,2,1,1,1,2,2,3,1,3,3,3,1,3,3,1,1,3,3,3,3,1,1,2,3,3,3,1,1,3,3,2,1,2,3,2,2,2,3,4,3,5,5,1,2,1,1,1,1,1,2,2,2,1,1,1,3,2,2,2,1,3,2,2,5,4,4,2,3,2,3,1,1,1,1,1,1,2,1,2,3,3,2,2,4,1,2,1,1,4,1,4,1,2,3,2,2,1,2,2,3,3,1,1,1,3,3,1,1,2,2,1,1,2,2,1,1,4,4,3,2,3,1,2,1,4,4,2,1,3,3,1,2,4,4,1,3,2,3,2,3,1,1,3,3,2,3,3,2,2,1
CluIDFG21G_0146,1,1,1,2,4,4,3,2,2,2,1,1,1,3,4,4,1,2,2,2,3,3,1,1,1,2,4,2,2,4,2,2,1,2,1,1,2,3,1,3,3,4,3,1,3,1,2,2,1,2,3,1,2,1,3,3,2,1,2,1,1,2,4,3,2,2,2,1,2,3,3,2,3,2,4,3,1,2,3,1,3,1,2,1,1,2,5,1,1,3,2,2,3,1,1,1,3,4,2,1,2,2,2,2,2,1,1,2,2,4,3,1,1,2,1,1,3,2,4,3,1,1,2,3,2,2,3,2,1,1,2,2,2,2,1,1,2,1,2,2,2,1,2,2,2,2,5,1,1,2,2,2,3,1,2,2,3,3,2,2,2,3,2,2,2,2,1,1,1,3,2,2,3,2,3,2,1,1,1,2,2,2,1,2,3,3,1,2,1,2,1,1,7,7,1,1,2,1,1,2,2,2,3,4,1,1,3,2,3,1,2,1,1,2,1,1,1,1,3,2,3,3,3,3,3,1,1,2,1,1,3,3,1,1,1,1,2,1,2,2,3,2,3,3,2,2,3,3,3,1,3,3,1,1,3,3,1,2,2,2,2,2,2,3,3,2,1,2,2,1,1,1,1,1,2,1,2,3,2,2,2,3,3,3,2,2,3,3,2,2,1,1,4,4,3,3,2,3,3,3,2,1,1,1,3,3,1,3,2,2,3,3,3,3,2,1,2,3,2,2,3,4,2,1,2,2,2,2,1,1,3,1,1,2,2,3,2,2,1,1,1,1,1,2,1,1,2,3,2,1,1,1,2,5,2,1,1,1,2,1,3,3,3,3,1,3,1,2,4,3,3,2,1,2,1,5,2,3,3,4,1,3,1,1,1,2,1,1,2,2,2,1,1,3,1,2,3,3,1,1,1,2,2,1,3,1,2,3,2,2,2,1,2,3,2,3,2,3,1,1,3,3,2,2,1,3,1,2,1,1,1,1,2,1,2,3,1,1,3,3,2,2,3,2,1,2,1,2,3,2,4,4,2,3,1,3,1,2,2,1,1,2,3,2,3,3,2,1,2,1,2,3,4,5,2,2,2,4,3,2,1,3,2,2,2,2,2,1,5,2,2,2,2,2,1,2,2,2,4,2,4,2,4,4,1,2,1,1,3,3,1,4,2,1,3,1,2,1,3,3,2,3,3,2,1,1,2,2,2,2,3,3,1,2,3,3,2,1,2,2,4,4,2,4,3,2,2,2,2,3,1,3,3,3,1,2,2,2,2,2
CluIDFG21G_0148,2,2,2,1,4,4,3,2,2,1,2,2,3,1,4,4,3,2,2,5,3,1,2,2,2,2,2,2,1,4,2,2,2,1,1,1,1,1,2,3,2,2,3,3,1,1,3,1,1,1,2,3,2,1,1,1,2,2,1,2,2,2,4,4,2,2,2,4,1,3,1,2,3,3,3,3,3,3,1,1,1,1,2,2,1,1,1,1,2,3,2,2,1,3,2,1,4,4,3,3,2,1,2,2,3,3,1,2,4,4,1,1,1,2,2,2,2,2,1,1,3,2,1,2,1,3,2,3,4,1,2,1,1,1,1,2,3,2,2,1,2,2,1,1,2,1,5,3,2,1,2,1,1,3,2,2,1,1,1,2,2,2,2,1,3,2,3,1,3,3,1,3,2,2,2,2,2,1,4,4,2,2,2,1,2,2,1,1,1,2,1,1,1,4,2,3,1,2,1,2,2,4,4,1,2,3,4,3,2,1,4,2,2,1,2,1,2,2,3,4,1,1,3,3,3,3,1,1,2,2,2,2,2,2,2,3,2,2,2,2,2,2,1,1,1,1,2,2,4,4,1,1,1,2,2,3,2,1,2,2,3,2,1,2,3,3,3,3,4,4,2,1,1,1,2,2,2,2,1,2,1,3,1,1,2,1,3,1,3,3,1,1,4,1,3,2,2,3,1,1,1,1,1,1,3,2,3,1,3,2,3,2,3,3,1,2,1,1,1,1,4,4,1,1,1,2,3,2,1,3,1,2,2,2,3,2,3,2,2,1,2,2,1,1,2,2,1,2,1,2,1,1,5,5,2,1,2,2,1,1,3,1,3,3,3,3,2,2,4,4,1,2,1,2,3,2,2,2,3,3,3,3,2,1,2,2,2,2,1,1,1,3,1,3,1,1,1,3,3,3,2,1,2,1,3,3,2,3,2,2,2,2,1,3,3,2,2,1,3,3,3,3,1,1,1,3,3,4,3,2,2,2,3,2,3,1,1,1,3,3,2,3,2,2,1,2,3,3,4,1,5,2,1,3,3,3,2,2,1,1,2,2,1,2,3,3,1,1,2,2,4,4,5,5,1,3,1,4,2,1,1,3,1,2,1,1,2,2,2,2,2,3,2,1,1,2,2,2,3,4,3,3,4,2,2,1,2,1,3,2,1,4,2,2,3,3,3,3,2,2,1,3,3,3,3,1,2,2,2,2,3,3,3,2,3,5,2,3,3,1,1,3,1,4,1,1,3,2,2,2,4,2,1,3,3,3,3,2,2,1
CluIDFG21G_0168,2,2,1,3,4,4,2,2,2,2,2,2,3,3,4,4,3,2,5,1,1,3,2,1,2,2,4,2,1,1,2,3,2,2,2,2,3,1,2,1,1,3,3,3,3,3,2,2,1,1,3,3,2,1,1,2,1,2,2,1,1,2,4,4,3,2,1,2,3,2,1,2,2,3,1,4,3,3,3,2,3,3,2,2,2,2,4,3,1,2,1,1,1,3,1,1,3,3,1,2,1,2,2,2,3,3,2,2,4,4,1,3,2,2,2,2,3,2,1,2,2,1,2,2,2,3,1,1,2,2,2,1,3,2,1,2,3,2,3,1,1,1,2,2,2,2,5,3,2,1,1,2,3,1,2,2,1,3,2,2,2,3,3,2,2,2,2,1,1,3,1,3,1,2,3,3,2,1,1,2,2,3,1,1,2,3,2,1,1,2,1,1,7,4,2,2,1,2,2,2,2,2,2,2,1,3,2,4,1,2,2,1,3,1,1,2,2,2,1,1,3,3,4,3,4,3,2,1,1,2,1,2,2,2,3,2,3,2,2,1,2,2,3,1,1,2,3,2,3,4,2,2,2,2,2,3,2,2,2,2,4,2,2,3,3,3,3,3,4,4,1,1,2,3,1,2,3,2,2,1,3,3,2,3,1,2,2,3,3,3,2,1,4,1,3,2,2,3,2,1,1,2,2,2,3,2,1,1,2,2,2,2,1,1,2,2,1,2,1,1,2,4,1,2,2,1,1,2,4,1,3,1,2,4,2,4,2,2,1,1,2,2,1,1,2,3,3,2,1,1,1,1,5,1,1,1,2,2,2,2,1,1,2,2,1,1,3,3,2,1,1,2,2,1,1,3,3,3,5,3,3,3,1,2,2,2,1,2,2,2,3,2,3,2,2,2,2,3,1,1,2,2,2,1,3,2,3,2,2,1,2,2,2,1,2,3,1,3,3,3,3,3,1,3,1,3,4,3,3,3,2,2,3,2,2,1,3,3,3,2,2,2,3,2,1,2,5,3,1,4,4,2,2,1,3,1,1,3,1,1,1,2,1,2,1,1,1,2,1,1,2,3,2,2,1,4,1,1,3,3,2,2,1,2,1,1,2,2,5,2,2,2,1,1,2,2,2,2,2,3,3,3,4,4,2,2,1,1,3,3,1,1,2,2,3,3,3,2,3,4,3,3,3,3,1,1,2,2,2,2,3,1,3,3,3,3,2,2,1,1,3,1,1,1,1,2,2,2,2,3,3,3,1,1,3,3,3,3,1,1
CluIDFG21G_0172,1,1,2,1,1,1,3,3,1,1,3,1,3,4,4,3,1,2,2,2,1,3,1,1,1,1,4,4,3,4,2,3,2,2,1,1,1,1,1,3,1,3,1,3,3,1,2,2,1,1,1,3,2,2,3,3,2,1,1,1,2,2,1,5,1,3,3,1,3,3,1,3,2,3,3,3,2,2,3,1,3,3,2,2,2,3,5,2,3,3,2,2,2,3,1,1,2,3,2,1,2,2,2,2,3,3,2,2,2,4,3,1,2,1,1,2,3,3,3,1,3,1,3,3,2,2,3,2,4,1,3,2,3,3,1,1,4,1,3,2,2,2,1,2,3,1,3,5,2,2,1,1,1,3,1,2,1,1,2,2,1,3,2,2,1,3,1,3,3,1,1,1,3,2,3,3,1,1,2,1,2,2,3,2,1,1,1,2,1,1,1,1,4,4,3,2,1,1,1,2,4,4,1,2,2,1,2,2,1,1,4,4,1,3,2,2,2,2,4,3,3,1,3,1,3,3,2,1,1,1,2,3,2,2,2,2,1,1,2,1,3,2,1,1,1,3,3,3,4,3,1,2,1,1,3,2,1,1,2,2,2,1,1,1,3,3,2,2,1,4,2,2,1,1,2,2,2,2,1,2,3,1,3,3,1,2,2,2,2,3,2,1,4,3,1,3,3,3,3,1,1,2,1,2,3,3,1,3,2,3,1,1,3,1,2,1,2,2,2,1,3,4,1,2,2,2,3,3,5,1,1,1,3,4,4,1,3,2,2,2,2,2,3,2,3,2,3,2,1,1,3,3,1,5,2,2,2,1,2,2,2,1,2,2,3,3,3,3,4,4,1,2,2,1,3,1,3,2,3,3,2,1,2,2,2,2,2,2,2,1,1,2,3,2,2,2,3,3,3,1,1,2,3,1,2,1,3,2,2,2,1,2,1,2,2,3,1,1,3,3,1,1,3,3,2,1,3,3,2,3,2,2,4,2,3,1,3,1,2,3,2,2,2,3,2,2,1,2,4,4,2,2,2,2,1,3,1,2,2,2,2,2,1,1,3,2,1,2,2,1,2,3,4,2,3,4,2,4,3,3,1,3,1,2,5,5,2,1,5,2,2,2,2,2,1,2,2,2,1,4,2,3,2,1,3,3,1,1,2,2,1,1,2,1,3,3,3,1,2,3,1,3,1,2,1,1,4,1,1,3,3,3,2,2,1,3,1,1,3,1,1,3,2,1,2,1,1,2,1,3,3,1,2,2,3,2,1,1,2,2
CluIDFG21G_0180,2,2,1,1,2,4,3,1,2,2,3,1,3,4,4,4,1,3,3,2,1,3,2,1,2,2,1,2,1,1,2,2,2,2,2,2,1,4,1,3,3,3,3,3,1,3,3,3,1,2,4,4,2,2,3,3,1,1,2,1,2,3,4,4,3,3,1,1,2,1,1,2,3,3,4,2,3,3,3,3,3,3,2,2,2,2,3,5,1,1,2,1,3,3,3,1,2,3,1,2,2,3,1,1,1,1,2,1,2,2,3,3,1,2,1,1,2,2,1,1,2,1,2,2,2,1,1,2,2,2,2,1,3,1,2,2,4,3,2,1,1,1,2,2,2,2,1,3,1,2,1,1,3,3,1,2,1,2,1,1,2,3,1,2,2,2,3,3,3,3,1,1,3,3,3,2,2,1,2,1,2,1,2,1,3,1,2,2,2,1,2,1,7,4,2,2,1,1,1,2,2,3,2,2,3,1,1,3,1,2,2,2,2,3,1,1,2,2,1,3,2,3,2,2,3,3,1,1,1,2,1,3,1,1,2,1,3,1,1,1,2,2,2,2,1,2,2,3,1,3,3,3,2,2,2,3,1,1,2,2,2,1,3,1,3,1,3,2,4,2,1,2,3,3,1,1,3,3,1,1,2,2,3,3,1,2,2,3,2,2,1,2,3,3,1,3,2,2,3,3,2,1,2,1,1,2,2,1,2,2,1,1,3,1,2,2,2,3,2,2,3,2,2,1,2,1,3,3,5,2,1,1,2,4,2,3,3,3,2,2,1,1,1,1,2,3,2,2,1,2,1,3,2,2,1,1,1,2,2,1,2,1,2,3,1,1,3,1,4,4,3,2,2,2,3,1,3,1,1,4,3,3,1,1,1,1,2,1,1,2,2,2,3,1,2,2,3,3,1,1,2,1,1,2,3,3,2,1,2,2,2,1,2,3,2,2,3,1,1,2,3,3,1,2,3,3,3,3,1,1,1,2,2,2,1,2,3,1,3,3,2,2,3,3,2,1,5,1,1,4,4,2,1,1,1,3,2,2,1,2,1,1,1,1,1,1,2,2,2,1,2,2,2,2,3,4,3,3,3,1,3,1,1,2,1,5,1,1,2,3,3,2,1,4,2,2,1,1,4,4,3,3,2,2,2,3,1,2,2,2,1,1,2,2,1,2,1,1,3,3,3,2,1,3,1,1,2,2,2,2,3,3,2,1,1,3,2,2,2,2,3,4,2,2,2,2,3,1,2,2,1,3,1,1,1,3,1,1,2,1
CluIDFG21G_0186,2,1,2,1,1,4,3,3,2,2,1,3,3,1,3,4,2,2,3,1,3,2,2,1,1,2,2,2,1,1,3,3,1,2,2,2,2,3,3,2,3,2,1,3,1,3,3,2,2,2,4,3,1,2,2,2,2,1,2,2,2,3,1,2,3,3,1,1,3,3,2,3,2,3,3,3,2,3,2,2,1,3,1,2,2,3,3,2,1,3,2,2,1,3,2,1,3,3,1,2,2,3,2,1,3,1,2,2,4,2,3,1,3,2,1,2,1,3,3,1,2,1,2,2,2,1,3,1,4,4,2,2,3,3,1,2,3,3,3,2,2,2,1,1,3,3,3,1,1,2,2,1,2,1,4,1,1,1,2,1,3,2,2,2,3,2,1,3,3,1,2,1,3,3,3,1,2,2,2,2,2,2,1,1,1,2,2,2,1,2,1,1,2,4,2,1,1,1,1,1,2,2,2,4,1,1,2,2,1,1,1,4,1,1,1,2,1,2,1,2,3,3,3,3,3,3,2,2,1,1,3,2,2,1,1,1,1,1,1,1,2,2,1,2,1,3,2,3,4,3,1,1,1,1,3,3,1,1,2,2,2,1,1,2,3,3,3,3,2,4,2,1,2,1,2,1,3,2,2,2,1,2,1,3,2,2,1,3,3,3,2,2,3,1,1,3,2,2,3,1,1,2,1,1,3,2,3,3,3,1,2,1,1,3,1,1,2,1,2,2,2,4,2,1,2,2,3,3,2,2,1,2,3,4,5,2,3,2,2,2,2,1,2,2,2,3,2,3,2,1,1,3,4,1,1,1,2,1,1,1,1,3,2,2,3,2,3,2,4,4,2,3,1,2,3,1,2,1,4,3,3,3,1,1,2,2,2,1,2,2,2,2,1,1,2,2,3,3,3,3,2,2,3,2,2,2,3,3,1,1,1,1,1,2,2,2,2,1,1,2,1,3,3,2,3,3,1,3,2,3,1,2,2,3,2,2,3,3,3,3,2,2,3,2,2,3,2,3,1,1,4,2,1,1,1,1,1,2,2,1,2,1,1,1,3,3,1,1,1,1,3,3,2,4,4,2,3,4,1,3,1,3,1,2,1,5,1,2,3,3,2,2,2,2,1,2,2,2,4,2,4,4,2,2,2,2,2,2,2,2,1,1,2,2,1,2,1,1,3,3,2,2,3,3,1,1,2,2,2,3,3,3,1,2,2,3,2,2,3,2,1,3,2,1,1,2,1,3,1,1,1,1,2,2,3,2,2,2,2,1
CluIDFG21G_0197,2,2,1,2,4,4,2,2,2,2,1,1,1,3,4,4,1,2,1,1,3,3,1,1,2,2,2,2,1,1,2,3,2,2,2,2,1,1,3,1,1,3,3,1,3,1,3,2,2,1,2,3,2,2,2,3,2,1,2,2,1,3,4,4,2,3,1,2,2,2,1,1,3,3,3,3,2,3,1,1,3,3,2,2,2,1,2,5,1,2,2,2,3,3,1,2,3,4,1,1,2,1,2,1,3,1,2,1,1,4,2,1,3,2,1,2,3,3,4,3,3,1,2,2,1,2,1,1,4,2,2,1,3,3,1,2,3,2,3,2,1,2,2,1,3,2,1,1,2,2,1,1,1,3,2,2,3,3,2,1,2,3,2,2,3,2,2,3,1,3,1,1,3,2,3,3,2,2,1,1,3,1,3,2,3,2,2,1,2,2,1,2,7,6,3,1,1,1,2,2,3,2,4,2,3,1,1,3,1,1,1,4,1,1,1,1,1,2,3,3,1,1,4,4,2,3,1,1,2,1,1,1,1,2,3,1,2,2,2,1,2,2,3,3,2,2,2,3,3,1,2,2,1,2,2,3,1,1,2,2,2,3,1,2,3,3,3,2,4,2,1,2,1,1,1,1,2,2,2,1,2,3,3,3,2,2,3,3,2,2,1,1,4,4,1,3,2,2,2,1,2,2,1,2,3,2,3,1,2,3,2,3,3,3,1,1,1,3,1,2,2,3,1,1,1,2,3,3,5,1,3,3,3,1,2,2,2,1,2,2,2,2,3,1,2,2,3,2,1,1,3,3,5,1,1,1,1,1,1,1,1,1,3,3,3,3,2,2,4,4,2,2,2,1,3,1,2,1,3,4,1,1,2,2,1,1,1,2,2,2,2,2,1,1,1,2,3,3,1,2,1,1,2,2,3,3,3,3,2,2,2,1,3,2,2,2,1,3,3,3,3,1,2,1,1,3,4,3,2,1,1,2,2,1,2,2,3,3,3,3,2,2,3,3,1,2,2,1,4,3,2,2,1,2,1,1,1,1,2,2,2,2,1,2,1,1,2,1,2,2,3,3,2,2,4,4,3,2,1,3,1,1,1,1,1,2,2,1,2,3,2,2,1,3,2,2,2,2,2,1,2,2,2,4,2,2,1,1,2,1,1,1,2,2,3,2,1,3,4,4,3,3,2,3,1,1,2,4,2,2,2,1,2,3,2,3,2,2,2,2,3,4,1,1,3,1,3,3,2,3,3,1,2,3,3,3,1,3,2,2
CluIDFG21G_0199,1,1,1,2,4,4,2,1,2,2,1,3,4,3,4,4,2,2,5,1,2,2,2,2,1,1,4,4,1,3,3,2,2,2,1,3,3,1,3,3,2,3,3,3,1,1,2,2,1,1,2,3,2,1,2,2,2,2,1,2,1,3,5,4,2,3,4,1,2,3,2,1,3,3,3,3,2,3,3,1,3,2,1,2,1,2,3,2,1,3,1,2,1,3,1,3,4,3,2,2,1,1,2,3,3,1,2,1,4,1,1,3,3,2,1,2,3,1,3,4,3,1,2,3,3,2,3,2,2,1,1,1,3,3,2,2,3,2,2,3,2,1,1,2,3,1,3,5,4,1,1,1,1,3,1,1,1,1,1,2,3,1,1,1,3,2,3,1,1,3,1,2,2,2,2,3,2,1,2,2,2,2,2,1,3,1,2,1,1,1,1,1,4,7,2,3,1,1,2,1,3,2,3,4,1,1,1,3,2,1,2,1,1,3,1,1,1,2,1,1,3,3,4,3,3,4,2,2,1,1,1,1,1,2,2,1,2,1,1,1,2,2,3,3,3,2,3,2,2,3,2,3,2,1,2,3,2,1,2,2,1,4,2,1,3,3,2,3,1,4,1,2,2,3,1,2,3,1,2,1,3,3,3,3,2,2,2,2,3,2,2,2,3,3,1,3,3,2,2,3,2,1,1,2,2,2,1,3,2,2,2,3,3,3,2,1,1,2,1,1,4,2,1,2,2,2,3,2,3,2,3,3,1,4,2,1,3,1,2,2,1,1,1,3,3,3,2,2,1,2,2,3,4,2,1,1,1,2,1,1,1,1,3,3,3,1,3,2,2,2,2,2,2,1,1,1,2,3,3,4,3,3,1,1,2,2,2,1,2,2,2,2,1,3,2,2,2,3,3,1,2,2,3,1,3,2,3,2,2,2,2,1,3,3,3,2,1,2,2,3,3,1,3,2,1,3,3,3,3,2,2,1,2,3,2,1,1,1,3,2,3,2,3,2,2,2,5,2,2,1,2,5,1,3,3,1,3,1,1,1,2,2,1,2,1,3,2,1,2,2,4,3,2,2,2,4,4,3,2,3,1,1,1,1,3,1,1,2,3,3,2,2,3,2,1,2,2,2,2,2,4,4,1,2,3,2,1,1,2,2,3,1,1,2,3,1,1,3,2,3,3,1,2,3,1,1,2,4,2,2,2,3,3,1,4,3,2,2,3,3,1,1,4,4,1,2,3,1,2,1,3,3,3,1,2,3,1,2,1,2
CluIDFG21G_0205,2,2,1,2,1,2,1,3,1,1,3,1,3,3,4,4,2,3,1,3,1,1,2,1,1,2,2,1,1,2,3,3,3,1,2,1,2,3,1,1,3,2,3,1,1,1,2,3,2,1,2,3,2,2,2,2,2,2,1,1,2,2,1,1,1,1,1,1,2,3,2,1,3,3,3,3,3,1,1,1,3,3,2,2,2,2,5,2,1,3,2,1,2,3,1,1,2,2,2,1,2,1,1,1,1,1,1,2,2,4,1,3,2,2,2,2,3,2,3,4,1,1,3,2,1,2,3,3,2,4,2,1,3,1,2,2,1,3,2,1,2,2,1,1,3,3,3,3,2,1,2,2,3,3,2,2,2,2,1,1,2,2,2,1,1,1,3,1,1,3,3,1,2,3,3,3,2,2,2,2,2,1,3,2,2,1,1,2,2,2,2,1,7,4,3,2,1,1,1,2,2,2,4,2,1,1,2,4,1,2,1,2,1,2,1,1,2,2,3,3,3,1,3,1,3,3,2,1,1,1,3,3,1,1,1,2,1,1,2,1,2,2,1,3,1,2,3,2,3,3,1,3,2,1,3,2,2,1,1,2,1,3,1,3,1,3,2,2,4,2,1,2,1,1,2,2,2,3,2,1,3,2,3,3,1,2,2,2,4,4,1,1,2,4,1,3,1,3,2,2,1,2,1,2,1,2,3,1,3,2,2,3,2,1,1,2,1,3,2,2,4,3,2,1,2,2,3,3,1,1,3,1,2,1,2,2,3,1,2,2,2,1,1,2,2,2,3,2,2,2,2,1,4,5,1,1,2,1,2,2,3,2,2,3,3,1,3,3,3,3,3,3,2,2,1,1,3,3,3,4,2,1,2,2,1,1,1,1,2,2,3,3,2,3,2,2,3,1,1,1,2,1,2,2,2,3,3,2,2,2,1,1,1,3,3,3,2,2,3,3,3,4,2,2,3,3,4,4,3,1,1,2,1,2,2,2,3,3,3,3,3,2,3,1,3,3,5,3,2,2,1,2,1,3,2,2,1,1,1,2,2,2,1,1,1,1,2,2,2,2,3,2,2,1,2,2,3,3,1,3,1,1,2,1,3,5,1,2,4,3,2,2,1,2,2,1,2,2,3,2,3,1,4,1,1,1,1,1,2,3,3,1,1,2,3,2,1,1,3,3,3,3,1,2,1,2,4,1,3,2,3,1,2,2,4,1,1,2,1,3,1,3,1,4,2,3,2,2,3,3,1,2,1,2,3,3,1,2,2,2
CluIDFG21G_0209,1,1,1,2,4,2,3,1,1,1,3,1,1,3,4,2,1,2,1,2,2,1,2,2,1,2,2,4,1,4,3,3,2,1,2,1,4,3,3,3,1,3,3,3,3,1,2,3,2,2,3,4,2,2,3,2,2,1,1,2,2,1,4,1,3,1,1,1,3,3,2,2,3,2,3,3,3,3,1,1,3,3,1,2,1,2,5,5,1,1,2,2,3,3,3,1,2,2,1,1,2,2,2,2,1,2,1,1,2,4,1,3,2,1,1,1,2,2,3,3,1,1,1,1,1,1,2,2,1,2,3,2,3,3,1,1,2,4,1,2,1,1,2,1,2,2,1,1,2,1,2,2,3,2,4,1,1,1,2,2,2,2,2,2,3,2,3,2,3,1,2,2,3,2,2,1,2,2,2,2,2,1,3,2,3,1,1,2,1,2,1,2,4,7,2,3,1,1,1,1,1,2,1,1,2,1,2,4,1,2,4,4,2,3,1,2,2,2,1,4,3,3,3,4,3,2,2,1,2,1,3,3,1,2,1,2,2,1,2,2,2,2,1,3,2,2,3,2,3,2,3,3,1,2,2,2,1,1,1,1,1,3,1,1,3,3,3,2,2,4,1,1,3,1,2,2,2,3,2,2,2,3,3,3,1,1,3,2,3,4,1,1,1,1,2,3,2,3,3,1,2,1,1,2,2,3,3,3,2,2,1,2,3,2,1,1,1,2,2,1,4,3,1,1,1,2,2,3,1,1,1,3,4,1,2,2,2,2,2,2,2,2,2,2,2,2,2,2,1,1,2,3,1,4,1,1,1,1,1,2,3,2,3,2,3,3,1,3,4,2,2,2,2,2,1,1,3,3,4,4,1,3,1,2,1,1,1,2,2,2,2,3,2,2,2,2,2,2,2,1,2,1,1,2,3,2,3,2,2,2,1,2,3,1,2,3,3,2,1,3,4,3,3,3,3,3,4,3,1,3,1,2,3,3,2,1,3,3,2,3,3,3,1,2,1,2,1,2,2,4,2,2,1,1,1,2,1,1,2,2,2,2,1,2,1,2,2,2,2,2,2,3,5,2,3,2,4,2,3,3,2,1,1,2,2,1,1,1,2,3,2,3,2,3,2,2,2,2,2,4,4,2,4,2,2,2,1,1,2,2,1,1,2,2,2,3,1,1,1,3,3,3,1,3,2,1,1,4,2,2,1,1,2,1,4,4,2,2,3,2,2,1,2,2,3,1,3,3,1,3,2,4,2,2,3,2,1,2,2,2
CluIDFG21G_0218,2,2,3,1,4,4,1,1,1,2,2,3,3,3,4,3,2,1,1,3,2,3,2,1,2,2,1,2,1,2,2,2,2,2,2,3,1,4,1,3,3,2,3,3,3,1,1,2,2,1,3,3,2,2,3,2,1,2,1,1,2,3,4,4,3,2,1,2,3,2,1,3,3,2,3,2,3,1,2,3,3,3,1,2,1,2,4,2,2,2,1,1,1,1,1,1,4,3,1,1,1,2,1,2,1,3,1,2,4,4,1,1,1,2,2,2,1,1,1,4,3,1,2,3,2,1,2,1,2,2,4,2,1,3,1,2,3,1,2,2,1,1,1,2,3,2,5,1,2,2,1,1,3,2,1,1,1,1,2,2,2,2,1,2,3,3,1,2,3,1,1,2,3,3,3,2,2,1,2,1,1,2,1,2,3,3,2,2,2,1,1,1,2,4,2,2,1,1,2,1,2,2,4,3,1,3,4,1,1,3,2,2,1,2,2,2,1,1,4,1,3,3,2,2,4,3,2,1,2,1,1,3,2,1,2,1,3,1,1,1,3,2,2,3,1,1,3,3,1,4,2,3,1,1,2,2,1,2,2,2,1,1,1,1,3,3,2,3,4,1,1,2,2,2,1,2,3,3,2,2,3,1,1,2,2,2,2,3,3,3,2,2,1,4,3,3,3,3,3,3,2,1,2,1,1,2,3,1,2,2,1,1,2,3,1,2,2,1,1,1,2,3,2,1,1,1,3,3,2,1,2,3,2,2,3,3,2,2,2,2,2,2,1,1,2,2,3,2,1,1,2,1,5,5,2,2,2,1,1,2,3,3,2,2,3,1,3,3,4,4,2,3,1,2,3,1,2,1,5,3,1,3,2,1,2,2,2,2,2,2,2,2,1,1,1,2,3,2,1,2,2,2,1,1,2,1,2,2,2,2,1,2,1,2,2,2,1,2,2,1,3,4,2,3,1,1,3,4,3,1,2,2,4,4,3,1,3,1,3,2,2,2,3,3,2,2,3,2,4,3,5,1,1,2,1,2,1,1,1,2,1,2,2,2,1,1,1,2,1,1,4,3,2,2,3,4,4,3,3,3,1,3,1,1,1,1,2,2,3,5,3,2,1,2,2,2,2,1,4,4,4,3,4,2,3,2,1,1,2,1,3,3,1,2,3,3,2,3,4,3,3,3,3,2,1,1,2,2,2,3,3,3,1,3,2,3,2,2,3,1,4,3,4,2,2,3,2,3,2,2,1,4,1,3,3,3,2,2,3,1
CluIDFG21G_0222,2,1,1,2,4,4,1,3,1,2,1,1,3,4,3,4,2,2,2,1,3,1,1,1,1,2,4,2,1,3,2,2,2,2,2,1,3,3,1,2,1,3,1,1,1,1,1,3,2,2,3,4,2,1,2,3,2,1,1,2,2,1,4,3,2,2,1,3,2,3,2,2,3,2,3,3,3,3,3,1,3,3,2,2,2,2,3,4,1,1,2,2,3,1,2,1,3,2,1,2,1,2,2,2,3,3,2,2,2,4,3,1,2,1,2,2,1,3,3,3,3,3,2,2,2,2,2,3,4,4,2,3,3,3,2,2,4,3,2,2,2,1,1,1,3,2,3,1,1,1,1,2,1,2,2,1,1,3,2,2,1,2,1,1,1,2,3,1,3,3,2,1,3,1,2,2,2,2,1,2,1,2,3,2,1,1,1,1,1,2,1,1,4,6,1,3,1,2,1,1,3,2,1,2,2,3,2,2,2,2,2,2,1,3,2,1,1,1,2,2,1,2,3,2,1,3,1,2,2,1,3,3,2,2,3,1,2,3,2,1,2,2,2,1,1,3,3,3,1,2,3,3,2,1,3,3,1,2,2,1,4,2,3,3,1,2,2,2,5,1,2,2,1,2,2,2,2,3,2,1,3,3,3,2,1,2,3,2,3,2,2,2,1,3,3,3,3,3,3,1,2,2,2,1,3,3,3,1,3,2,1,1,2,1,2,2,2,3,1,2,2,4,1,2,1,1,3,3,5,2,1,2,1,3,5,2,2,3,2,1,1,2,1,3,2,3,3,3,2,2,1,3,2,2,1,2,1,2,1,2,3,3,1,2,1,2,2,1,2,4,3,3,2,1,3,3,2,1,4,5,1,3,1,2,2,1,2,1,1,2,2,2,1,2,1,1,1,1,1,1,2,1,1,2,2,2,3,2,2,2,1,2,2,1,2,3,3,1,3,3,3,4,3,1,3,3,2,4,2,3,1,2,3,1,2,1,3,2,3,3,3,2,2,3,1,1,2,3,1,4,2,4,3,1,2,1,1,1,2,2,1,1,3,1,3,3,2,2,2,2,2,3,5,4,2,4,4,4,3,2,2,3,2,2,1,3,2,1,5,3,2,2,1,1,2,2,1,2,3,1,2,4,4,2,2,3,2,2,1,1,3,4,2,1,3,1,1,2,3,3,3,2,3,3,1,1,4,2,3,2,3,3,2,3,4,1,3,2,3,2,4,4,2,2,3,2,3,3,2,3,2,2,2,2,3,3,1,2,2,1
CluIDFG21G_0226,2,2,1,1,1,1,3,3,2,1,3,1,4,4,4,3,1,1,2,3,3,2,1,3,2,1,4,2,1,1,3,2,2,2,2,1,3,1,4,3,1,3,3,3,1,1,2,2,1,1,3,4,2,2,2,2,2,2,2,1,3,2,4,4,4,3,1,1,3,2,1,2,3,1,3,2,3,2,1,3,1,3,2,2,3,1,5,4,3,2,1,1,1,2,3,1,3,4,1,1,3,3,2,2,3,3,2,1,4,3,1,3,2,3,1,2,3,2,1,1,3,1,3,2,2,1,3,3,4,4,3,3,3,1,1,1,1,2,2,2,1,2,1,2,2,2,5,1,1,2,1,1,2,2,1,1,2,1,1,2,2,2,2,3,2,2,1,3,2,3,1,1,3,3,3,3,2,2,1,1,3,2,3,3,3,2,1,2,2,1,2,2,4,4,3,3,1,2,2,2,3,3,4,4,1,1,4,4,3,3,2,2,2,2,1,1,2,1,2,2,1,3,4,1,3,1,1,1,1,1,3,3,2,2,3,3,1,1,1,1,3,3,1,3,1,2,3,3,2,4,2,3,1,2,2,3,2,2,2,2,2,3,2,2,2,2,2,2,5,1,1,2,2,1,2,2,3,2,2,2,2,3,2,2,2,1,3,3,1,2,1,1,4,2,1,3,3,3,2,3,2,1,1,1,2,3,3,3,3,1,1,3,2,2,2,2,2,3,2,1,3,3,2,2,1,2,3,3,3,1,1,3,4,2,3,3,3,2,2,2,2,2,3,1,2,1,2,3,1,1,3,1,1,5,1,1,2,2,2,2,1,1,3,2,1,1,1,3,4,4,2,1,1,2,2,3,3,1,4,3,1,1,1,2,2,2,2,2,1,2,2,1,2,1,2,2,3,3,3,1,1,2,1,1,1,3,2,2,2,2,1,1,3,1,2,2,1,2,3,3,3,3,2,2,3,1,3,4,2,1,1,2,1,4,2,2,3,3,3,3,2,3,2,3,1,2,3,3,3,4,2,4,2,1,3,3,1,2,1,1,2,2,3,3,1,3,1,1,2,1,3,3,4,1,4,2,3,4,2,3,3,1,1,1,1,1,1,1,5,5,1,1,2,1,2,1,1,2,4,4,4,4,2,2,2,2,1,1,3,2,1,3,1,2,3,1,1,1,3,3,3,3,1,1,1,1,1,1,3,3,3,3,2,2,3,4,2,2,1,3,4,4,1,4,2,3,2,3,3,2,1,3,2,3,3,3,2,2,3,1
CluIDFG21G_0227,1,2,1,1,1,4,1,3,2,2,1,1,4,3,3,3,1,1,2,2,3,2,3,1,2,1,4,4,4,4,3,3,1,2,2,2,3,1,1,3,2,3,3,1,3,3,2,3,1,2,4,3,1,2,3,3,1,1,2,2,1,1,3,4,2,3,1,1,3,3,2,2,1,2,3,3,2,2,3,2,3,3,1,1,3,2,4,4,1,1,2,2,2,1,3,3,3,3,1,1,2,3,2,2,3,3,2,2,2,4,3,1,3,2,2,2,3,2,4,1,3,1,3,3,1,2,3,2,4,4,3,3,3,3,1,2,4,2,2,2,2,1,1,2,2,2,3,1,2,2,1,2,3,3,2,2,1,3,2,2,1,3,1,2,2,2,1,3,3,3,1,1,2,3,3,2,2,1,2,2,1,2,1,1,2,1,1,2,1,1,1,2,7,4,2,2,1,2,1,2,1,3,4,1,2,1,2,4,3,1,2,1,1,1,1,1,2,2,3,3,3,3,3,2,1,3,1,1,2,1,2,2,1,2,3,2,1,1,1,2,2,3,1,1,1,3,3,3,1,4,3,2,1,2,3,3,1,1,2,1,3,1,3,1,3,3,2,3,4,4,1,3,1,1,1,1,3,2,2,1,3,2,2,3,2,2,2,3,3,3,1,1,1,1,2,2,2,3,3,2,1,1,1,2,2,2,3,3,2,1,2,1,1,2,2,1,3,2,2,2,3,3,2,2,2,1,3,3,5,5,1,3,3,4,4,3,2,2,1,2,1,1,1,1,2,3,3,3,2,1,1,1,2,5,2,2,2,2,2,2,2,1,2,2,3,3,3,3,2,4,1,1,2,2,3,3,3,3,3,2,3,1,2,1,2,2,2,1,2,2,2,1,1,2,2,1,3,3,1,3,2,2,3,2,2,2,3,2,1,1,1,1,1,1,2,2,2,3,3,1,3,4,3,3,3,1,3,3,1,2,2,2,4,2,2,1,3,3,3,3,2,3,1,2,2,1,4,3,4,2,1,4,2,1,3,1,1,2,2,2,1,2,1,3,1,3,1,1,1,1,3,3,5,4,4,3,4,2,3,2,1,1,1,1,1,1,2,1,2,3,3,1,1,3,2,2,1,2,4,4,3,4,2,2,1,3,1,1,1,3,1,3,1,1,2,3,3,3,4,1,3,3,2,3,1,1,4,2,3,2,3,3,1,1,4,4,2,2,3,1,4,3,1,2,2,2,2,2,2,2,1,2,3,3,3,3,3,3,1,1
CluIDFG21G_0229,2,1,3,1,1,4,2,3,2,2,2,1,4,3,3,4,1,2,3,2,3,3,1,1,1,1,4,2,1,1,2,2,2,2,2,1,3,3,1,2,2,3,1,3,3,1,2,1,2,2,3,3,2,2,2,2,2,2,1,1,2,2,4,4,2,2,1,2,2,3,2,2,3,2,3,4,2,3,1,2,3,3,2,2,2,2,4,4,2,1,2,1,1,2,3,3,3,3,2,2,2,3,3,2,1,3,2,2,4,2,2,3,3,1,1,2,2,1,4,1,3,1,2,2,1,3,1,1,2,1,2,2,2,2,1,1,1,3,1,2,1,2,1,1,2,1,1,5,1,3,2,2,1,3,2,2,3,1,2,2,3,3,1,1,3,3,3,1,1,1,1,2,1,2,3,2,2,1,1,2,2,1,2,1,3,2,2,2,2,2,1,2,1,4,3,1,1,2,2,2,2,3,2,4,1,3,4,1,3,1,2,1,2,1,2,2,1,1,3,3,1,1,3,4,3,4,1,1,1,2,2,2,1,1,1,2,1,2,1,1,3,2,2,3,3,1,2,2,3,2,2,2,2,1,2,3,2,2,2,2,1,1,1,2,3,3,2,3,1,4,2,1,2,2,2,1,3,3,2,2,3,1,3,2,1,2,2,3,3,3,2,2,1,3,3,2,3,3,2,1,2,2,1,1,1,3,3,4,3,3,1,1,1,1,2,1,2,1,2,2,4,4,1,1,1,1,3,2,1,2,3,3,1,1,1,1,3,2,1,2,2,2,2,1,1,2,1,3,1,1,1,3,5,2,1,1,1,2,2,1,3,1,2,3,1,3,3,2,4,2,3,3,2,2,5,1,1,2,4,3,3,1,2,1,2,1,1,1,2,2,2,2,3,2,1,2,2,3,1,1,2,1,2,1,3,1,3,3,2,2,1,1,2,1,2,1,1,2,3,3,4,4,1,2,3,1,4,4,3,1,2,1,1,3,1,2,3,2,3,3,3,2,2,2,2,1,3,2,4,3,4,5,1,1,1,2,1,1,1,2,1,2,2,1,1,1,1,2,2,2,3,2,2,5,4,2,2,1,2,2,1,1,1,1,1,1,2,1,3,5,2,2,1,1,1,2,2,1,1,4,3,2,2,4,2,2,1,2,2,1,3,1,1,2,3,2,1,3,3,2,3,3,3,2,1,1,4,2,3,2,3,2,2,2,1,4,2,2,1,2,1,4,2,1,2,3,3,3,3,2,1,4,1,2,2,2,2,3,1,2
CluIDFG21G_0242,2,2,3,2,1,1,3,3,1,1,1,1,4,3,4,4,2,2,1,1,3,3,1,1,2,2,2,3,2,1,2,2,2,2,2,2,3,1,1,1,3,4,3,1,3,1,3,2,2,2,1,1,1,2,2,1,2,2,1,1,2,2,4,4,2,2,3,2,2,2,2,2,3,3,3,3,3,3,1,3,3,3,1,1,3,2,3,3,1,1,2,2,1,3,1,3,4,4,1,2,3,2,2,1,3,3,2,1,1,4,2,1,3,3,2,2,2,1,4,2,1,3,2,3,2,2,2,3,4,2,2,2,3,2,2,1,2,4,2,2,1,2,2,1,2,1,1,3,2,2,1,1,3,3,1,4,1,1,2,1,2,3,1,2,2,3,1,1,3,1,1,1,1,2,3,3,1,1,4,1,2,2,1,2,3,3,1,1,2,1,1,1,4,4,2,2,1,1,2,1,3,2,3,2,3,1,1,1,1,1,2,4,1,2,1,1,2,1,3,3,3,3,2,4,1,4,2,1,1,2,1,2,2,1,2,1,2,1,2,2,2,2,1,1,2,2,2,2,4,4,2,1,2,1,3,3,1,1,1,2,3,3,2,2,3,1,2,3,4,4,3,1,1,1,2,2,2,2,1,2,2,2,2,3,1,1,3,3,1,3,2,2,4,4,3,1,3,3,1,1,2,2,2,2,2,3,3,1,2,2,1,1,3,3,2,1,2,2,2,1,2,4,1,2,2,1,3,2,5,3,2,3,5,2,1,5,2,2,1,1,2,1,1,2,2,2,2,2,2,1,1,1,4,2,1,1,2,2,1,2,2,1,1,1,1,1,2,1,2,4,2,3,1,1,1,1,1,3,4,5,3,3,1,1,1,1,1,2,1,2,2,1,3,1,1,2,2,1,1,1,1,1,2,1,2,2,2,2,1,1,1,2,1,2,3,2,1,2,3,1,3,3,2,2,1,1,3,3,3,2,1,2,4,3,3,2,1,1,3,2,1,2,3,3,1,2,3,3,4,2,2,5,1,2,1,3,2,1,2,2,2,2,2,2,1,2,2,2,1,1,2,2,2,5,4,2,4,2,2,3,1,3,2,1,1,1,1,1,2,3,2,1,1,3,1,1,2,2,1,2,4,4,2,2,3,2,1,2,2,2,4,3,2,2,3,3,1,2,3,2,1,2,3,1,1,3,2,2,2,3,3,3,1,1,3,3,2,1,2,3,3,3,2,1,3,1,2,2,3,1,4,4,3,1,3,3,2,2,1,1
CluIDFG21G_0243,1,2,3,2,1,4,3,2,1,1,1,1,4,3,4,4,3,1,5,3,2,2,2,3,1,2,1,4,2,1,2,2,2,2,3,2,1,3,1,2,3,2,1,3,3,3,3,2,1,2,3,1,2,1,1,2,1,2,1,2,2,2,4,4,2,1,1,2,2,2,2,2,3,1,3,4,3,3,2,1,1,1,1,2,3,2,5,2,3,2,2,2,3,3,1,1,4,4,1,1,1,2,2,2,3,2,2,2,3,4,2,3,3,1,2,2,3,1,1,1,3,3,3,1,1,3,3,3,1,4,2,1,2,3,2,1,3,3,2,3,1,1,2,1,3,2,5,3,2,2,1,1,3,1,2,1,1,1,1,1,2,3,1,1,2,2,1,1,4,3,2,1,2,3,3,3,2,1,2,2,2,3,1,1,2,1,2,1,2,2,1,1,4,4,2,2,2,1,2,1,3,4,4,4,1,1,1,4,1,3,2,4,2,1,1,2,1,1,2,2,1,3,3,2,4,3,2,2,2,2,2,2,2,2,3,3,2,1,2,1,2,2,3,3,2,2,2,2,4,1,2,2,1,2,3,2,1,1,1,1,3,3,2,2,3,3,2,3,4,4,1,3,1,1,1,1,2,2,1,2,3,2,2,3,1,1,3,3,4,3,2,1,1,4,1,1,2,2,1,1,2,2,2,2,3,3,1,3,3,2,2,1,2,2,2,2,2,3,1,1,2,3,2,2,3,1,3,3,2,4,3,3,4,4,1,2,1,1,1,2,1,2,1,2,2,1,2,2,1,1,3,1,4,1,2,1,2,1,1,2,1,2,2,1,1,1,1,3,2,4,3,2,2,1,1,1,1,1,5,5,3,1,2,1,1,1,2,2,2,1,2,1,1,1,2,1,3,2,1,1,1,2,2,2,2,3,2,2,1,1,1,1,1,2,3,2,2,1,2,1,3,3,3,3,3,3,3,3,1,2,2,1,1,3,2,2,3,3,3,3,3,3,3,3,2,3,3,3,4,2,1,2,1,1,1,1,2,2,2,2,2,2,2,1,3,1,2,2,2,1,3,2,5,2,4,2,3,1,2,3,1,2,2,1,5,3,2,1,4,2,2,3,3,2,2,1,1,1,4,1,4,2,2,4,1,2,2,1,1,2,3,3,1,2,1,3,3,3,1,3,2,3,3,3,1,1,2,2,2,2,3,1,2,1,4,4,2,2,3,1,2,4,2,4,1,1,1,2,2,1,4,3,1,2,3,3,2,2,1,3
CluIDFG21G_0270,1,2,2,2,1,4,2,3,1,1,3,1,3,1,4,2,2,2,2,1,3,2,2,2,1,2,2,2,1,1,3,2,1,2,2,2,4,1,1,3,3,2,1,2,3,1,3,2,1,2,2,3,2,2,2,1,2,2,2,2,3,2,4,5,2,2,4,2,2,1,1,2,3,3,3,3,1,2,1,3,2,3,2,1,2,2,2,5,2,2,2,2,3,3,2,3,4,4,3,2,2,1,2,2,3,3,1,1,4,4,1,2,3,1,1,2,1,2,4,1,3,3,2,2,3,2,3,3,1,3,2,3,3,1,2,2,1,2,2,2,2,2,1,1,3,1,5,5,1,1,1,2,3,2,1,1,1,1,2,1,2,3,1,2,3,3,1,2,3,1,1,2,3,3,3,3,1,1,1,1,2,3,2,1,3,3,2,1,2,1,2,1,4,7,1,2,1,1,2,1,2,2,2,1,1,1,4,3,3,2,4,2,2,1,2,2,1,1,2,3,3,3,4,3,3,4,2,2,1,1,1,2,1,2,1,2,1,1,2,1,2,3,3,3,2,2,2,3,4,2,3,1,1,1,2,2,1,1,2,2,2,2,1,2,2,3,2,2,2,4,2,2,1,2,2,1,2,1,2,2,3,3,3,3,1,1,3,2,3,4,1,1,4,1,2,1,3,2,1,3,2,1,2,2,2,2,1,1,2,2,2,1,2,3,2,1,3,1,1,2,3,4,2,1,1,2,3,1,2,3,1,3,2,5,4,1,2,1,1,3,2,2,2,3,3,1,2,3,2,1,3,3,1,5,1,1,2,2,2,1,1,2,2,3,1,1,3,1,4,2,2,3,1,2,1,2,2,3,3,3,3,1,2,1,1,2,1,1,1,2,2,2,1,1,2,1,2,3,1,1,1,1,2,2,2,2,2,3,1,1,2,1,1,2,2,2,1,2,3,3,3,3,2,2,3,3,4,3,2,2,2,2,2,2,2,3,1,2,3,3,2,3,2,3,1,2,3,3,2,1,2,4,3,1,3,3,2,2,1,1,1,2,1,1,2,1,1,2,2,2,3,3,4,2,1,5,3,1,3,3,1,1,2,1,5,3,1,1,2,5,2,1,1,1,2,1,2,1,4,4,4,2,4,3,2,1,2,1,3,1,3,1,2,2,3,3,3,3,2,4,3,3,2,1,1,1,2,1,2,2,3,3,1,2,4,4,2,2,1,1,2,1,2,2,2,1,2,3,2,1,3,1,1,2,3,2,2,2,2,2
CluIDFG21G_0274,2,2,3,3,1,3,1,3,1,1,1,1,3,3,3,3,1,1,1,2,3,1,2,1,1,2,4,4,1,4,3,2,1,2,2,3,3,3,1,3,3,1,1,1,1,3,2,2,1,2,3,1,1,2,1,1,1,2,1,1,3,2,4,5,2,2,2,1,2,3,2,2,3,3,4,4,3,3,3,2,3,3,1,2,1,3,2,4,3,2,1,2,3,1,2,1,4,3,1,3,3,2,2,1,1,1,1,2,2,4,1,2,3,2,1,2,2,1,1,3,3,3,2,2,2,3,3,1,2,4,2,3,2,3,1,2,3,3,2,2,1,1,2,2,2,2,1,3,2,3,1,2,1,3,4,4,1,1,2,2,3,2,1,3,2,2,1,3,1,3,1,1,2,1,3,2,1,1,1,1,2,2,1,3,1,3,1,1,2,2,2,1,2,6,2,3,1,1,2,2,2,2,2,3,3,1,4,1,1,3,2,2,1,2,1,2,2,1,3,2,1,3,4,1,3,1,1,1,1,1,3,2,1,1,1,1,1,1,1,2,2,1,3,2,1,2,2,3,2,3,1,2,1,2,2,2,1,2,2,1,2,1,2,1,1,3,2,2,4,2,1,1,3,2,1,2,3,2,2,1,2,3,2,3,1,2,3,2,2,3,2,1,4,1,3,2,3,2,2,2,2,1,2,1,2,1,1,4,2,2,2,1,2,1,2,1,3,3,2,2,3,3,2,2,2,2,3,3,1,4,3,3,1,5,3,1,2,2,2,1,2,2,1,2,2,3,2,2,1,1,3,1,4,5,2,1,2,2,1,2,1,1,3,3,1,3,2,3,4,4,2,3,2,2,3,3,1,1,4,4,1,3,2,1,2,2,2,2,2,2,2,2,1,1,1,1,1,3,1,3,2,2,3,1,1,2,3,3,1,2,2,1,1,2,2,2,1,2,3,3,1,3,2,2,3,2,4,3,3,1,2,2,3,2,1,3,3,1,3,3,2,3,3,3,2,1,3,3,2,2,2,4,1,2,1,1,2,1,1,2,2,1,2,2,2,3,2,1,1,1,2,3,2,2,4,2,2,3,3,2,3,3,2,1,1,1,1,2,4,2,3,1,2,1,2,1,2,2,4,1,3,4,4,2,2,2,2,1,3,3,5,3,2,2,3,2,3,1,4,3,3,2,3,1,3,1,4,2,3,2,2,3,1,1,1,3,3,2,1,3,3,2,2,4,1,3,2,3,2,3,1,1,2,1,3,3,2,2,1,2
CluIDFG21G_0281,1,1,1,3,1,1,2,3,1,2,1,1,3,4,3,3,1,2,2,2,2,1,1,3,2,1,4,4,4,1,1,3,2,2,1,2,4,1,3,2,3,3,3,3,1,3,2,3,1,1,3,3,2,2,2,2,1,2,1,2,2,2,1,3,1,2,1,1,3,3,2,2,2,3,3,3,3,2,1,3,3,3,2,2,2,2,4,4,3,1,2,2,2,3,3,3,2,4,1,2,1,2,1,2,3,2,1,2,2,1,3,3,1,3,1,1,3,2,4,1,2,1,1,1,1,1,2,3,4,1,2,2,3,2,1,1,1,4,3,2,1,1,2,1,3,2,1,1,1,1,2,2,3,3,2,2,2,2,1,1,1,2,2,2,1,2,3,1,1,3,2,1,2,3,1,2,2,2,2,2,2,1,3,3,2,1,1,1,2,2,1,1,7,4,3,3,1,1,1,2,1,3,2,2,1,3,4,2,2,1,4,2,3,3,1,1,2,1,3,4,2,1,2,4,3,1,1,2,2,1,2,3,2,1,1,3,1,1,2,1,2,2,1,3,2,2,2,2,3,4,3,3,1,2,2,3,2,2,2,2,2,4,3,2,1,3,3,2,1,4,1,1,1,3,1,2,1,2,2,2,3,2,2,3,1,2,3,3,4,3,1,1,3,1,3,3,2,2,3,3,2,2,2,2,1,2,3,1,3,2,1,3,1,2,1,2,2,2,1,2,3,4,2,1,1,1,3,3,5,1,3,3,3,1,4,1,2,3,1,2,1,2,2,1,1,1,3,3,2,2,2,3,2,4,1,1,2,1,2,1,2,2,3,3,1,3,1,3,4,3,2,3,1,2,1,3,3,2,4,5,1,1,2,2,1,1,2,1,2,2,3,2,3,3,2,2,2,2,2,1,1,2,3,2,2,3,3,2,2,2,1,2,2,1,3,2,2,2,1,1,2,4,2,2,3,3,4,3,2,1,2,1,2,3,2,2,1,3,3,3,1,2,1,3,1,2,3,1,4,3,2,2,2,2,1,2,1,1,2,2,2,1,1,1,2,2,2,1,1,1,4,3,5,5,3,4,2,4,3,3,2,1,2,2,1,1,2,2,2,4,3,2,1,1,2,2,2,2,3,3,1,4,2,2,2,2,2,2,3,1,3,4,2,1,2,3,1,3,3,2,3,3,3,1,2,1,4,3,2,3,3,1,2,1,4,2,2,1,1,3,2,1,2,2,2,1,2,2,3,1,2,3,2,1,3,1,3,2,1,1
CluIDFG21G_0288,2,1,1,1,4,1,1,3,2,2,3,2,3,1,3,2,2,2,3,2,3,2,2,1,2,2,2,4,4,4,2,2,2,2,2,1,4,4,3,3,3,3,3,3,1,1,3,3,1,1,3,2,2,2,1,2,2,2,2,2,1,3,5,2,3,3,1,1,2,3,2,2,2,3,4,3,3,1,1,1,3,3,1,2,1,2,3,5,1,1,2,1,3,3,3,1,2,3,2,3,2,1,2,2,1,2,2,1,4,4,1,1,3,1,1,1,3,2,1,3,3,2,2,3,2,3,1,1,2,2,2,2,2,2,1,1,3,1,1,1,2,1,2,1,2,1,5,1,3,3,2,2,3,3,2,4,1,2,1,2,2,2,2,2,1,1,1,2,1,3,1,1,2,2,2,2,2,1,2,1,2,1,2,2,2,1,1,1,2,2,1,1,6,2,3,3,1,1,2,1,2,2,3,4,1,3,2,1,1,1,2,1,1,1,1,1,2,2,3,3,3,3,2,3,3,3,2,1,1,1,3,2,1,1,1,1,1,1,2,2,3,2,3,3,1,2,3,3,1,1,3,3,1,2,3,3,2,2,1,2,4,4,3,3,1,1,3,2,4,5,2,2,1,3,2,1,2,2,2,2,3,3,3,3,1,2,3,3,3,3,2,2,1,1,3,3,2,2,2,3,2,1,1,2,2,2,1,3,2,2,3,2,1,1,1,1,2,3,2,2,3,3,1,2,1,2,1,3,5,1,3,3,1,1,1,5,2,2,2,2,2,1,1,2,1,2,3,2,1,2,1,3,5,1,1,1,2,2,1,2,1,1,3,2,3,3,2,2,4,3,3,3,1,1,3,3,2,1,3,5,1,3,2,2,2,1,1,1,1,1,1,1,1,1,1,1,3,3,1,1,1,1,2,1,2,2,2,1,2,2,2,2,3,1,2,3,2,1,3,1,4,4,2,2,3,3,3,3,1,1,2,2,2,4,1,1,3,3,3,3,2,2,3,3,1,3,3,3,4,2,1,1,3,1,2,1,2,2,2,1,1,1,3,2,3,3,1,1,1,1,3,3,2,2,5,4,3,4,3,3,1,1,2,1,1,5,2,2,3,4,2,2,1,1,2,1,1,2,4,2,2,4,1,4,3,2,2,1,2,2,1,1,1,2,2,1,1,1,1,3,2,3,3,2,1,1,2,2,2,1,1,3,2,2,4,1,2,1,2,2,1,1,1,1,3,2,3,3,1,3,1,2,1,3,2,3,1,3,1,1
CluIDFG21G_0299,2,1,3,3,4,4,2,3,1,1,1,3,4,1,4,3,2,1,3,1,1,2,2,2,2,1,4,4,2,2,3,3,1,2,1,2,1,3,3,1,1,3,3,1,3,1,2,2,1,1,1,3,2,1,2,1,2,1,1,1,3,2,4,5,2,2,4,2,1,2,2,2,3,3,3,4,1,3,1,1,3,3,2,2,1,2,5,1,2,1,1,1,1,1,1,1,4,4,1,2,1,3,1,2,1,3,1,2,4,4,1,2,3,1,2,2,2,1,3,4,1,2,1,1,3,1,2,3,4,2,3,1,1,3,2,2,3,3,2,2,1,1,2,2,2,2,3,5,2,2,2,1,3,1,2,4,1,1,2,2,3,1,3,2,3,2,3,1,3,1,1,1,3,1,3,2,1,1,2,2,2,2,1,1,2,3,2,2,2,2,2,2,7,7,3,3,1,1,1,2,3,2,3,2,3,1,4,1,1,3,4,2,1,1,1,2,1,1,2,3,3,3,4,1,3,1,1,1,2,2,1,2,1,2,2,1,1,3,2,1,2,2,3,3,1,2,3,3,4,3,3,2,1,1,3,3,1,1,1,1,2,3,1,2,3,1,2,3,4,4,2,3,1,1,1,1,1,2,1,1,3,2,3,3,2,1,3,2,2,3,2,1,5,4,1,1,2,3,1,2,1,1,2,2,3,2,3,1,2,2,1,1,3,3,1,2,2,2,1,1,2,3,1,1,2,2,3,3,1,2,2,3,3,4,5,1,2,2,1,1,2,2,1,1,2,2,1,2,1,1,1,1,4,1,1,1,2,1,2,1,1,1,3,1,3,1,2,2,4,4,3,3,2,2,5,5,3,3,4,4,1,1,2,2,1,1,2,2,1,2,1,1,1,1,2,2,3,1,1,1,2,1,2,2,2,2,2,2,2,1,2,2,1,2,2,2,3,2,3,1,3,4,1,3,3,1,3,3,2,2,2,2,3,3,2,2,3,1,3,2,3,2,2,2,3,2,1,5,4,2,3,2,1,2,3,1,1,2,2,1,1,2,2,2,3,1,1,2,1,1,3,2,5,2,2,2,2,2,3,2,3,1,1,1,5,1,2,2,2,5,2,3,1,2,1,1,1,1,1,4,4,1,1,2,1,1,1,1,1,3,3,3,2,1,3,3,3,1,2,3,2,2,1,3,1,3,4,2,2,3,1,3,1,2,4,3,1,3,1,1,3,3,2,2,2,1,3,3,2,3,4,4,2,3,2,3,2,2,1,1
CluIDFG21G_0314,2,2,1,1,1,1,3,3,1,2,3,1,3,4,3,4,2,1,3,3,1,2,2,2,2,1,4,4,3,1,2,2,2,2,2,2,3,3,3,3,3,1,3,3,3,1,2,2,1,2,2,3,1,1,2,1,1,2,1,1,3,2,5,4,3,3,1,3,2,2,2,1,1,1,3,3,1,2,3,1,3,1,1,1,2,2,3,5,2,3,2,2,3,3,2,1,3,2,2,1,1,1,2,2,3,1,2,2,2,1,3,3,2,2,1,1,2,2,4,1,3,1,1,2,3,1,2,3,4,2,2,1,3,3,1,2,4,3,3,2,1,2,2,2,3,2,3,5,1,1,1,1,2,1,2,2,1,2,1,1,2,3,1,2,3,2,1,1,3,3,1,1,3,2,2,3,2,2,2,1,3,3,1,2,3,2,1,2,2,2,1,1,7,4,3,2,1,1,1,1,4,2,4,1,2,3,1,4,1,1,1,2,1,3,1,1,1,1,3,4,1,3,3,3,3,1,1,1,2,1,2,1,1,2,2,2,2,1,2,2,2,2,1,3,2,2,3,3,4,3,1,1,1,2,2,2,1,1,2,2,2,1,2,1,1,3,2,2,2,1,2,1,1,1,2,2,3,1,2,2,2,2,3,1,1,2,3,2,3,3,2,2,3,4,1,3,2,3,1,3,2,1,2,2,2,1,3,3,2,2,1,1,2,1,1,2,2,3,1,2,1,3,2,1,1,2,2,3,2,1,3,3,4,5,3,4,2,2,1,2,2,1,1,1,2,2,3,2,1,1,1,3,5,1,2,1,2,2,1,1,2,1,3,3,2,3,2,2,4,4,3,2,1,1,1,1,3,1,5,4,3,3,1,1,2,2,2,2,2,2,1,2,2,3,2,1,3,3,1,1,1,2,2,3,3,2,2,2,2,2,1,2,1,1,2,3,1,2,3,2,4,3,2,3,1,1,3,3,3,2,1,2,3,3,2,3,1,1,2,3,2,3,1,2,3,1,3,1,4,2,2,2,1,1,3,1,2,1,2,2,2,2,1,1,3,2,2,1,2,1,4,4,5,5,4,4,3,2,2,2,3,2,1,1,1,1,1,1,4,3,2,2,1,2,1,2,2,2,1,1,3,3,4,2,2,2,1,1,3,1,4,3,2,1,3,1,1,2,3,2,3,3,3,3,1,1,2,2,2,3,3,2,3,1,4,4,1,2,1,3,3,4,2,2,2,1,1,3,1,1,1,3,2,3,3,3,2,2,1,1
CluIDFG21G_0316,2,1,1,1,1,4,1,2,2,2,2,1,3,3,3,4,2,2,3,3,2,1,2,2,1,2,4,4,1,1,2,2,2,2,2,2,1,3,3,1,3,3,3,1,3,1,3,2,1,2,2,3,1,2,2,1,1,2,2,1,3,1,1,4,3,3,1,1,3,3,3,2,2,3,3,3,3,3,3,3,1,3,1,2,2,2,5,4,2,1,2,2,1,3,1,2,2,3,2,1,1,1,2,3,3,1,1,1,1,4,1,3,2,2,1,2,2,2,4,3,1,1,2,2,2,1,1,3,1,4,1,2,1,3,2,2,2,2,2,2,2,2,2,1,3,1,1,5,1,1,2,1,2,2,2,1,1,3,1,2,3,2,2,2,2,3,1,1,1,1,2,2,2,2,2,3,2,2,4,1,1,2,3,2,2,3,2,1,2,2,2,1,7,4,3,3,1,1,1,1,2,4,3,4,1,3,3,1,2,1,2,1,1,2,1,2,2,1,1,3,2,1,4,3,1,4,1,2,2,2,2,2,1,2,3,2,2,1,2,2,2,1,2,1,2,3,3,3,1,3,2,1,1,1,2,2,1,1,2,2,2,2,2,1,1,1,2,3,4,2,2,1,2,1,1,2,3,3,1,1,3,2,3,1,1,2,2,2,3,2,1,2,4,3,1,3,3,3,3,1,2,1,2,2,1,2,3,3,2,3,1,2,1,3,2,1,1,3,1,1,4,1,2,2,2,2,3,3,2,5,3,3,1,4,2,1,2,2,2,1,1,2,1,1,2,3,3,2,1,1,3,3,5,1,2,1,2,1,1,2,1,1,3,3,1,3,2,3,4,4,3,2,1,1,3,3,1,3,4,4,1,3,2,2,2,2,2,2,2,2,2,1,1,3,2,2,1,3,1,1,2,2,2,2,2,2,3,2,2,1,2,1,1,1,4,3,2,2,1,2,3,1,3,1,3,1,3,2,1,3,2,2,3,2,1,2,3,1,2,3,3,3,1,2,1,1,2,3,4,2,5,2,1,2,3,2,1,2,2,1,2,2,2,2,3,3,1,1,2,2,4,4,2,5,4,4,4,3,2,3,3,1,1,1,3,1,1,1,5,4,2,2,1,4,2,2,2,2,3,4,2,2,4,4,3,1,2,1,2,2,3,1,2,1,3,3,2,3,3,2,3,3,3,3,1,1,2,2,2,2,2,1,3,3,4,3,2,2,2,3,1,1,4,4,3,1,3,3,1,3,3,4,2,1,2,3,2,2,2,1
CluIDFG21G_0321,2,2,2,1,4,4,1,2,1,2,3,1,3,3,4,3,2,2,2,5,1,3,1,2,2,2,2,4,1,4,2,2,2,1,2,1,1,3,1,1,2,1,1,2,1,1,2,3,1,2,3,2,1,2,2,2,2,2,1,1,2,2,5,4,3,2,1,1,3,2,2,1,3,3,3,3,1,1,2,2,3,3,2,1,3,2,4,3,2,2,2,2,3,3,1,2,3,2,3,1,2,2,2,2,3,1,2,2,4,4,1,1,1,2,1,2,2,2,2,1,1,3,2,2,2,3,1,3,1,2,1,3,1,3,2,1,2,2,2,3,1,1,2,2,2,1,5,5,2,1,2,1,2,3,2,1,3,1,2,2,2,2,1,2,2,2,3,3,3,3,1,1,3,3,3,3,1,1,4,4,2,2,2,3,3,1,1,1,1,2,2,2,4,4,3,1,2,1,2,2,4,4,1,1,2,1,4,2,1,2,2,2,2,3,1,2,2,1,3,3,3,3,3,3,3,4,2,1,1,2,2,1,1,2,1,2,1,1,2,2,1,2,1,2,2,2,2,3,4,1,3,2,2,1,3,2,1,1,1,2,4,2,3,2,3,3,3,2,4,1,1,1,1,3,1,2,2,3,1,2,2,3,1,3,2,2,2,3,2,3,2,2,3,3,3,3,2,1,2,2,1,2,1,1,2,2,3,3,2,2,3,3,1,2,2,2,2,3,1,2,2,1,2,2,2,2,2,3,5,2,3,2,4,2,2,2,2,2,1,1,2,2,1,1,2,2,1,3,1,1,1,3,1,4,1,1,2,2,2,2,1,2,2,3,3,1,2,2,4,2,2,3,2,2,1,1,3,2,4,4,3,1,1,2,2,1,1,2,2,1,2,1,2,1,2,1,3,2,3,1,1,2,3,1,3,3,3,2,2,2,1,1,2,1,2,1,2,2,1,3,4,4,2,2,1,3,2,3,2,3,1,2,3,2,1,3,3,1,3,3,2,2,2,2,2,3,1,3,4,1,5,1,1,1,3,2,2,2,1,1,2,2,1,1,1,3,2,1,2,1,3,3,2,2,4,4,2,3,3,1,1,2,2,2,1,1,2,1,4,4,2,2,1,1,1,2,2,2,2,1,3,4,4,1,1,3,1,2,1,2,3,3,1,1,3,3,1,3,4,3,3,2,2,3,1,1,2,2,2,1,3,3,1,1,3,4,2,2,3,3,4,1,1,4,1,3,1,3,3,2,1,3,2,1,3,3,2,3,1,2
CluIDFG21G_0322,2,2,2,1,4,4,1,2,2,1,3,1,3,4,3,4,2,2,3,3,2,1,2,2,1,2,4,1,1,1,2,2,2,2,2,2,3,1,3,3,3,1,3,1,1,1,3,3,1,2,2,2,1,2,2,1,1,1,2,2,2,1,2,4,2,3,1,4,2,1,1,2,3,3,3,3,2,2,1,3,3,3,2,2,2,2,4,2,1,1,2,2,3,3,1,2,3,2,2,1,1,2,3,1,3,1,2,2,4,4,1,3,1,2,1,1,1,3,1,3,1,1,2,3,1,1,1,2,1,4,1,2,3,3,1,2,4,3,2,3,2,1,2,2,2,3,1,3,2,2,2,1,3,1,3,2,1,3,2,1,2,3,1,2,2,1,1,1,1,1,2,1,3,3,3,1,1,1,2,2,2,3,2,2,1,3,2,1,2,2,1,2,4,3,2,3,1,1,1,1,2,2,3,3,3,2,1,2,1,1,2,1,1,2,1,2,2,2,2,3,3,2,4,3,4,1,1,2,1,2,1,3,1,2,2,2,1,1,1,1,2,2,1,1,2,1,2,3,1,4,3,3,1,1,2,2,1,1,2,1,4,1,3,2,1,2,3,3,4,4,2,1,2,3,2,1,3,3,2,1,1,3,3,1,2,2,2,2,2,3,1,2,4,1,1,1,2,2,2,1,2,1,2,1,3,1,3,4,2,2,1,3,1,2,2,2,3,2,1,1,1,3,2,2,2,2,3,2,1,2,2,3,1,2,1,2,2,2,3,2,1,2,3,1,3,2,1,3,1,1,1,3,5,1,2,1,2,1,1,1,2,2,3,3,1,3,3,3,4,4,2,1,2,2,2,1,2,3,4,3,1,1,2,2,1,2,2,2,2,1,2,1,2,1,2,2,2,2,1,1,2,2,3,2,2,2,2,1,2,2,1,1,1,1,3,4,2,1,1,3,1,4,3,2,3,2,3,2,3,1,2,1,2,2,1,3,3,1,2,3,2,3,2,3,3,2,4,5,1,2,3,2,1,3,3,1,3,2,1,2,1,2,1,1,1,1,2,2,2,1,2,3,2,5,2,4,1,4,3,3,3,3,1,1,1,5,1,2,5,3,3,2,3,1,2,2,2,1,1,4,3,2,2,2,2,2,1,2,2,2,1,1,2,2,2,3,3,3,2,2,2,3,3,3,1,1,2,2,2,2,2,3,1,1,3,4,1,2,3,1,2,1,2,4,2,1,1,3,1,2,3,2,3,1,2,2,1,2,1,1
CluIDFG21G_0330,1,2,2,2,1,1,1,3,1,2,1,3,3,3,3,4,1,1,2,1,2,3,2,1,1,1,4,2,1,1,3,3,1,1,2,3,4,1,2,3,1,3,3,3,1,3,2,3,2,2,4,3,2,2,1,1,1,1,1,1,3,1,5,4,3,3,1,1,3,1,2,2,3,3,2,3,3,1,3,1,3,1,2,2,3,1,2,1,3,1,2,2,1,3,1,1,4,2,2,2,2,1,2,3,1,1,2,1,1,2,3,3,2,2,1,1,1,3,4,4,1,1,2,1,1,1,2,1,2,4,1,2,1,3,2,2,4,1,1,3,1,2,1,2,3,2,5,5,2,1,1,2,1,2,1,1,1,1,1,1,2,3,2,2,2,2,1,1,3,1,3,2,2,3,3,3,2,1,2,4,3,1,3,2,1,1,2,2,2,2,1,2,4,2,3,3,1,1,1,1,2,2,2,2,1,1,2,2,1,1,1,4,1,1,1,1,2,2,1,1,3,3,3,4,2,3,2,2,2,1,2,3,1,2,1,1,3,1,2,1,2,2,3,3,3,3,2,3,1,1,3,3,1,1,2,2,1,1,1,1,4,3,2,2,3,1,3,2,4,2,1,1,1,3,2,2,2,2,1,2,3,3,3,3,2,1,2,3,4,3,2,1,1,4,3,1,3,2,3,1,1,2,2,2,2,2,1,1,2,2,2,1,2,3,1,1,2,2,1,2,3,4,1,2,2,1,3,1,3,3,3,3,1,2,1,5,3,1,2,2,1,2,2,2,1,2,2,3,2,1,3,1,1,1,1,1,2,2,1,1,2,3,3,2,1,2,1,2,4,3,1,2,2,2,5,3,2,3,3,5,3,3,1,1,1,1,2,2,2,2,3,3,3,2,1,2,2,2,1,1,2,2,1,1,3,2,2,2,2,1,1,1,2,1,4,4,2,2,3,2,3,1,1,3,3,3,3,4,1,1,2,2,2,2,2,1,3,3,3,3,3,3,2,1,2,1,3,3,2,2,4,5,1,2,1,1,2,1,1,2,2,2,2,1,2,1,2,1,1,2,4,3,4,2,5,5,1,1,3,3,1,1,1,2,1,1,1,2,3,4,2,3,2,1,1,2,2,1,4,2,4,2,4,4,2,3,1,2,2,3,1,1,2,2,3,3,1,2,3,1,2,2,3,3,1,1,1,2,2,2,1,3,2,1,4,2,1,3,3,2,1,4,2,4,1,3,1,3,3,3,1,3,1,1,3,2,1,2,2,1
CluIDFG21G_0338,2,2,2,3,4,1,3,1,2,2,1,1,4,3,4,4,2,2,1,3,3,3,1,1,2,1,4,2,2,3,2,2,2,2,2,2,1,1,1,3,4,3,3,3,3,1,2,2,2,2,4,1,2,2,2,3,2,2,1,1,2,2,4,4,3,2,3,2,2,2,1,2,2,3,3,3,2,3,3,1,3,3,2,2,3,2,3,3,1,1,1,1,1,1,1,3,2,4,1,1,3,2,1,2,3,3,2,2,1,1,2,3,1,3,2,1,1,1,2,1,2,1,3,2,2,3,3,2,2,1,2,1,3,3,1,2,4,4,2,3,2,1,1,1,1,1,3,3,2,2,1,2,1,3,2,2,1,1,1,1,2,2,1,2,2,2,2,3,1,1,1,2,3,3,2,3,2,2,2,2,2,3,2,1,3,1,2,1,2,2,2,1,4,4,1,2,2,2,2,2,2,2,3,2,3,1,1,4,1,1,2,3,3,2,1,1,1,2,3,2,3,3,4,4,1,2,1,2,2,1,2,2,1,2,2,1,1,1,2,2,2,3,1,3,2,3,2,3,4,4,1,2,3,1,2,2,1,2,1,2,2,4,1,3,1,3,1,1,4,4,2,3,1,1,2,1,3,3,2,1,1,2,3,2,1,2,2,3,2,1,2,2,4,1,1,1,3,2,3,1,2,1,2,1,2,3,3,1,2,1,3,1,1,2,2,2,1,1,1,1,2,3,2,2,1,2,3,1,3,1,3,3,4,4,2,4,1,1,2,1,1,1,2,2,2,1,1,2,1,2,1,3,2,4,1,2,2,1,1,1,2,3,2,3,1,1,3,3,2,2,3,2,2,1,1,1,3,2,4,4,1,3,1,2,2,1,2,2,2,1,1,2,1,3,2,1,2,1,1,1,2,1,1,2,3,2,3,2,1,2,2,1,1,2,3,2,2,3,2,3,1,3,1,3,1,1,3,4,2,3,2,2,3,4,1,2,1,3,2,3,3,2,3,3,2,1,3,5,2,4,2,3,1,2,1,3,2,1,2,2,2,2,1,1,3,1,1,2,1,2,3,4,5,2,2,2,3,4,2,3,1,1,1,1,1,1,1,1,2,5,1,1,1,3,1,1,2,2,4,4,1,3,2,2,1,2,1,2,2,2,3,3,2,2,3,3,2,2,3,3,2,2,2,2,1,3,2,4,2,3,3,1,1,3,4,3,2,1,1,3,3,3,1,4,1,1,3,2,2,3,1,1,1,3,2,3,2,2,1,1
CluIDFG21G_0342,2,2,3,3,4,4,3,1,1,2,3,3,4,1,4,4,1,2,3,3,1,1,2,1,2,3,4,4,2,1,3,3,2,1,2,2,3,1,2,2,1,2,1,3,3,1,3,2,2,1,3,4,2,1,3,3,1,1,1,1,2,2,4,5,3,2,2,4,2,2,2,1,3,3,1,3,3,2,1,3,3,3,2,1,2,3,2,4,2,1,1,1,3,1,3,2,4,2,1,2,2,3,1,1,3,3,1,2,4,4,1,3,2,3,2,2,1,3,1,4,1,1,1,2,1,1,3,3,1,1,2,2,3,1,2,2,3,3,2,2,2,1,1,2,2,1,5,1,1,1,1,1,2,1,4,2,1,3,1,2,2,2,1,2,2,3,3,2,3,3,2,1,3,3,3,1,1,1,2,1,2,2,1,2,3,3,2,2,2,1,2,1,4,7,3,2,1,2,2,1,3,2,1,4,1,1,4,3,3,2,2,2,2,1,2,2,2,2,3,3,3,1,2,2,4,3,1,2,2,2,2,3,2,1,3,1,1,2,2,2,2,2,2,3,1,2,2,2,1,3,1,2,1,1,1,3,1,2,1,1,2,2,1,2,2,3,2,2,1,1,2,3,1,3,2,2,3,1,1,1,2,2,3,1,2,1,3,2,3,2,2,1,1,1,3,2,1,3,1,1,2,2,2,1,2,1,4,2,2,2,3,1,3,3,1,1,2,1,1,1,3,2,2,1,1,2,2,3,3,1,3,1,5,2,2,4,2,2,1,1,2,1,2,1,2,1,1,1,1,1,2,3,4,2,1,1,2,1,2,2,2,2,2,2,3,1,3,4,4,3,3,2,1,2,2,3,3,3,1,4,1,1,2,2,1,2,2,2,1,2,1,2,1,3,1,2,2,3,1,1,1,2,2,2,3,3,2,3,2,2,1,1,2,3,2,1,1,2,3,1,4,3,2,3,1,1,4,3,1,2,1,1,2,2,2,2,1,2,1,2,2,3,3,2,2,2,1,3,4,2,5,4,1,1,3,3,2,1,1,1,1,2,3,1,3,3,1,2,2,2,3,3,1,5,2,2,3,4,3,2,1,2,1,2,1,1,2,1,3,5,1,2,1,2,1,2,1,2,4,1,3,3,2,1,2,2,1,1,2,3,3,1,2,2,1,2,3,3,2,2,2,1,3,2,1,3,4,2,2,3,1,3,2,3,3,3,2,2,2,2,3,4,1,4,3,3,2,2,2,2,1,1,2,3,3,2,2,2,1,3
CluIDFG21G_0364,2,2,3,1,1,4,3,3,1,2,3,3,1,3,3,4,2,2,1,1,2,3,2,3,1,1,4,4,1,2,3,3,2,2,2,2,1,3,1,2,3,2,1,3,3,3,3,2,2,2,1,2,2,1,1,3,2,1,2,2,2,3,4,4,2,2,1,1,3,2,3,2,3,2,3,3,2,3,3,1,3,2,1,1,2,2,3,4,2,3,1,2,1,1,2,2,4,3,1,1,2,1,2,2,3,2,2,2,4,3,1,3,3,3,2,2,3,2,2,1,3,1,3,2,2,3,2,3,2,4,1,2,3,1,2,2,3,3,2,2,2,1,1,2,3,2,1,3,2,2,1,1,3,3,1,1,1,2,2,1,2,1,3,3,2,2,3,1,1,3,1,1,3,2,2,2,2,2,2,1,2,2,3,1,2,1,2,2,1,1,1,2,4,7,2,3,2,1,2,1,3,3,4,4,1,1,4,4,3,3,2,2,2,2,2,1,1,1,3,2,1,2,4,3,4,3,2,2,1,2,2,2,1,1,2,2,1,2,1,2,2,3,3,3,2,1,2,3,4,4,2,1,1,1,3,3,1,1,2,1,1,3,2,2,3,3,2,2,4,1,2,3,1,1,1,1,2,3,1,2,2,2,3,2,1,1,3,2,4,2,1,2,1,2,3,1,1,2,1,1,2,2,2,2,2,1,4,1,2,2,1,1,3,1,1,1,2,2,1,1,1,3,2,1,2,1,3,2,1,5,3,3,4,4,2,2,2,2,1,1,1,2,1,1,2,2,1,3,1,1,3,1,4,2,1,1,2,2,2,2,2,2,3,2,1,1,1,3,2,3,2,3,1,2,1,2,2,2,4,3,1,1,2,2,1,1,2,2,2,1,1,1,3,1,2,2,2,2,1,1,1,2,1,2,3,1,3,3,2,2,1,1,3,1,1,2,2,1,2,2,3,3,3,3,1,3,2,4,3,2,1,2,2,1,2,2,1,3,3,2,2,2,2,2,3,1,3,2,3,4,5,5,1,1,1,1,2,1,2,1,2,2,3,2,3,3,1,2,2,2,3,3,5,2,4,2,1,2,2,3,3,3,1,2,1,1,1,1,2,2,2,2,1,1,2,1,1,2,1,4,1,2,2,4,2,3,2,2,2,2,3,4,1,2,3,2,1,2,3,3,2,2,1,3,1,3,2,2,2,3,3,3,3,2,3,4,1,2,3,3,3,3,4,1,2,2,3,3,2,2,1,3,3,2,3,1,2,2,1,2
CluIDFG21G_0368,1,1,3,3,1,1,3,3,2,2,3,1,1,1,4,4,3,2,5,1,3,2,2,1,2,2,2,2,1,2,2,2,2,2,1,3,3,1,1,3,1,1,3,3,3,3,2,2,1,1,4,3,2,1,2,3,2,2,2,2,2,3,2,2,3,3,1,1,2,2,3,2,3,2,3,3,2,1,2,3,3,3,1,2,2,3,2,3,3,3,2,2,1,1,2,3,4,3,2,1,3,3,2,2,3,3,2,1,2,4,2,2,1,3,2,2,2,3,1,4,1,1,2,3,2,1,2,3,2,2,2,2,3,3,2,2,1,3,2,3,1,2,2,2,3,2,1,3,1,2,2,1,3,1,2,4,3,2,2,1,3,2,1,1,3,3,2,2,3,3,1,1,2,3,3,2,2,1,1,4,3,2,1,2,1,1,2,2,1,1,2,1,4,4,3,1,1,1,1,2,2,2,1,1,1,1,4,4,1,2,4,4,2,1,2,2,1,1,2,3,3,2,3,3,3,3,1,1,1,2,2,2,2,2,3,3,1,1,1,2,3,3,3,3,3,2,3,3,1,4,3,3,1,1,3,2,1,2,2,2,1,4,2,2,3,3,1,3,4,4,1,1,1,1,2,2,2,2,2,1,3,1,3,2,1,1,2,3,3,2,2,2,4,5,3,1,2,3,1,3,2,2,2,2,3,2,3,4,2,3,3,3,3,2,2,1,1,2,1,1,3,2,2,2,2,2,3,3,3,4,1,2,2,4,3,2,2,2,2,1,1,2,1,1,2,2,2,1,1,1,3,1,4,2,1,1,1,1,2,2,2,1,2,3,1,1,3,3,2,4,3,2,1,1,2,1,1,3,1,5,3,3,2,1,1,1,2,2,1,1,1,2,1,1,2,2,3,3,1,1,1,1,2,1,3,1,2,3,2,2,1,2,1,3,3,2,1,1,3,3,3,3,2,1,1,1,2,3,3,2,2,2,1,3,1,3,3,1,2,3,2,2,3,3,2,2,3,5,3,2,5,3,1,1,2,1,1,2,1,1,2,1,1,1,1,3,2,1,1,2,4,3,5,5,2,2,4,2,1,3,1,2,1,2,2,1,1,2,3,4,2,2,1,1,1,2,2,2,4,4,1,1,2,2,2,2,2,2,1,2,3,1,2,1,3,3,1,3,3,2,3,2,3,2,3,1,1,2,3,2,3,1,3,1,4,2,2,3,1,1,3,4,2,4,1,1,3,2,1,2,1,4,3,2,2,3,2,2,1,1
CluIDFG21G_0373,2,1,3,2,4,4,3,3,2,1,3,1,3,3,3,3,1,1,2,2,3,2,1,2,2,1,4,2,1,2,3,2,3,2,1,1,3,1,3,3,1,2,3,1,3,3,2,2,1,1,3,3,2,1,1,1,1,1,2,1,2,2,4,4,2,3,4,1,2,2,2,1,3,2,3,3,2,2,1,1,3,3,2,1,3,2,3,3,3,1,2,1,3,3,1,3,3,3,1,2,3,3,2,2,3,2,1,2,2,4,1,3,2,3,2,1,1,3,4,3,1,1,3,3,1,3,3,3,1,4,2,2,3,3,2,2,3,3,2,2,1,1,2,2,2,2,1,1,1,1,1,2,1,3,4,4,2,1,1,2,2,3,1,2,2,2,1,1,1,3,1,1,2,1,3,3,2,1,1,1,2,2,3,1,3,2,2,2,2,2,2,2,4,7,3,3,1,2,2,1,3,2,4,1,1,1,1,4,2,3,2,2,2,2,2,2,2,2,3,2,3,3,4,1,3,1,2,1,1,2,1,2,1,2,1,3,1,1,2,2,2,2,2,1,2,2,3,3,4,1,2,2,1,2,2,2,2,2,2,1,4,4,2,3,2,3,2,1,4,4,1,2,1,1,2,2,3,3,2,2,2,1,1,2,1,1,2,2,2,2,1,2,5,5,1,1,3,3,1,2,2,2,2,2,3,3,3,3,3,2,1,1,3,3,2,1,3,2,1,1,3,3,1,2,2,1,1,3,2,1,3,1,5,4,2,5,2,1,2,2,2,2,2,1,2,2,2,2,1,1,3,1,4,4,1,1,1,2,1,2,3,1,2,3,1,1,3,3,4,3,3,2,1,1,1,1,1,2,5,4,3,3,1,1,2,2,1,2,2,2,1,3,3,1,2,1,2,3,1,1,1,2,2,2,3,2,2,3,1,2,1,1,1,3,1,2,3,2,2,2,1,4,2,3,3,1,3,4,2,2,2,2,2,3,1,1,3,3,2,3,2,3,2,3,2,2,3,2,4,4,1,5,2,1,3,3,2,2,1,1,1,2,2,1,2,1,2,2,2,1,4,3,5,2,2,4,3,1,3,3,1,1,1,1,1,1,1,1,2,2,2,2,2,1,1,2,2,1,4,1,1,1,2,2,2,2,1,2,3,3,1,3,2,1,3,3,1,3,2,3,3,1,2,3,1,1,4,2,3,3,3,1,3,2,5,2,2,1,3,1,3,2,4,4,1,1,3,2,2,2,1,4,2,3,1,3,2,2,1,1
CluIDFG21G_0375,2,2,2,3,1,4,3,3,2,2,1,3,1,4,3,3,2,3,2,3,3,3,1,1,2,2,4,2,2,1,2,3,2,1,1,2,1,1,3,4,4,2,3,3,3,3,2,2,1,2,3,4,2,2,2,1,2,1,1,1,2,2,4,4,2,3,4,4,3,2,1,1,3,3,2,3,2,2,1,1,3,3,1,2,2,1,3,2,1,3,1,2,3,3,3,1,3,2,1,1,1,2,1,2,3,1,2,2,2,4,3,1,2,3,2,2,1,3,4,3,3,1,2,1,1,2,3,3,2,2,3,2,1,3,2,2,3,3,2,1,2,1,2,2,2,2,3,1,3,1,1,1,3,1,1,2,1,3,1,2,3,2,2,1,2,3,2,1,1,1,1,1,3,3,2,1,1,2,2,1,2,2,2,1,3,3,1,2,2,1,2,2,4,4,1,3,1,2,2,2,2,2,2,1,1,2,3,2,1,2,2,2,2,2,1,2,1,1,3,2,1,1,4,1,3,2,1,1,1,2,2,2,1,1,3,3,2,1,1,2,3,2,1,3,1,2,3,3,1,1,1,3,1,2,2,2,1,1,2,2,2,3,1,2,3,1,2,2,1,4,1,1,2,1,1,2,2,3,1,1,3,2,3,3,1,1,3,2,3,2,1,2,4,5,3,1,2,1,1,2,2,2,1,2,1,3,4,4,2,2,1,1,3,1,1,2,2,1,1,2,4,3,1,2,1,1,3,3,5,2,1,2,3,4,5,4,2,2,2,1,1,2,1,2,1,2,1,3,1,1,4,1,4,4,1,1,2,2,2,2,2,1,2,3,3,3,2,3,2,4,2,3,1,1,1,3,1,1,5,1,3,3,2,2,1,2,2,1,2,2,3,1,3,3,1,1,3,2,3,1,2,1,2,2,3,2,1,2,2,1,1,1,2,1,3,2,2,3,2,2,1,4,1,2,1,1,3,3,3,3,2,1,2,3,1,2,3,3,3,3,2,3,2,2,2,1,5,3,3,4,4,5,2,1,3,1,2,1,1,1,1,2,1,3,2,2,2,2,1,1,4,3,5,2,4,2,3,2,2,3,1,1,1,1,1,1,1,2,2,2,3,3,2,1,1,1,1,2,1,1,1,3,1,2,2,2,2,1,2,2,3,3,1,2,3,3,1,3,2,3,3,1,1,2,1,3,2,4,3,3,1,2,2,2,5,4,2,1,2,1,1,3,4,2,2,3,3,2,3,3,1,4,1,2,3,3,1,3,1,1
CluIDFG21G_0376,2,1,1,1,1,4,2,3,2,2,1,1,3,1,4,3,1,3,2,3,2,3,2,1,1,2,2,1,1,4,2,2,2,1,1,3,3,3,1,1,3,1,3,1,1,3,2,3,1,1,3,3,1,1,1,1,2,1,2,2,2,3,1,1,3,3,1,1,2,2,2,2,3,1,3,3,1,1,3,2,2,3,2,1,2,2,4,3,3,1,2,2,1,3,1,1,3,3,1,1,2,3,2,2,2,3,1,2,5,4,2,1,2,1,2,2,1,3,3,4,1,1,2,2,1,1,3,1,4,2,3,2,2,3,1,2,1,4,3,1,2,1,1,1,2,1,5,3,1,2,1,1,3,3,1,2,3,2,1,2,2,3,1,2,3,2,3,3,3,1,1,1,3,1,1,3,1,1,2,1,2,1,2,2,1,1,1,2,2,1,2,1,7,4,2,2,2,1,2,2,3,2,1,2,2,1,4,2,2,2,4,2,3,1,2,2,2,1,3,2,1,3,3,3,4,1,2,1,1,1,2,2,2,1,2,2,2,1,2,2,3,2,3,3,2,1,2,3,2,3,3,2,1,2,2,3,1,1,2,2,1,2,1,1,3,3,2,2,2,1,3,1,1,1,1,2,3,1,2,2,1,2,2,3,1,1,2,1,3,2,2,2,1,3,3,3,1,3,3,2,2,2,2,1,3,1,4,3,2,2,1,2,3,1,1,1,2,2,2,2,1,3,2,1,2,1,2,3,2,1,2,2,3,4,5,4,2,2,1,2,1,1,1,1,2,2,3,1,1,1,2,1,4,1,2,1,2,1,1,2,1,2,3,3,1,1,3,3,2,4,2,2,1,2,1,2,3,2,3,3,1,3,2,2,1,1,2,2,1,1,1,3,2,2,1,2,3,3,2,3,1,1,1,1,2,3,2,2,2,2,1,2,1,2,3,2,1,2,3,1,4,4,1,2,3,1,2,2,3,3,2,1,3,3,2,2,3,3,3,3,2,2,3,3,2,2,2,2,4,2,4,4,2,3,1,1,1,1,1,2,2,2,1,1,3,3,1,1,1,1,3,3,5,5,4,4,3,3,2,3,3,3,1,2,2,2,2,1,5,3,2,2,2,1,2,2,1,2,4,1,2,3,4,2,3,1,2,1,3,3,3,3,1,2,3,3,3,1,2,3,1,2,2,2,1,1,2,4,1,3,3,1,1,2,3,4,3,1,3,3,4,2,2,2,3,2,2,2,1,3,3,1,2,2,3,2,3,1,1,2
CluIDFG21G_0386,2,1,1,1,4,1,3,2,2,2,3,1,1,3,2,4,1,2,2,2,3,3,1,1,3,1,4,4,1,4,2,3,2,2,1,1,1,4,1,3,2,3,3,3,3,1,2,1,2,2,3,3,1,2,3,3,1,1,1,1,3,2,4,1,3,1,1,1,2,2,3,3,3,1,2,3,1,3,1,1,3,3,2,2,2,2,4,4,2,1,2,1,3,3,3,3,4,1,1,3,1,2,2,2,1,2,1,2,2,4,3,1,2,2,1,1,3,2,1,3,3,1,3,3,2,2,1,2,2,1,2,2,2,2,1,1,1,1,2,1,2,1,1,1,1,3,1,3,2,2,2,1,3,3,1,4,1,1,2,2,1,1,2,1,2,1,3,1,1,1,2,1,2,3,1,2,2,1,2,2,1,3,2,1,2,1,2,1,1,2,2,1,4,4,2,3,1,1,1,2,2,2,1,4,1,1,1,3,2,1,2,2,1,3,2,1,1,1,2,1,3,2,3,4,1,1,1,1,1,1,2,2,1,2,1,2,2,1,2,2,2,2,2,3,2,2,3,2,2,3,3,2,1,2,3,3,1,2,2,2,1,2,3,1,3,1,2,3,4,2,1,2,3,2,1,1,2,3,2,2,1,3,3,3,2,1,2,3,3,3,1,2,3,3,3,3,3,2,2,2,1,2,1,2,3,2,3,1,2,2,3,2,1,1,2,2,1,2,1,2,3,4,2,1,2,2,1,3,3,1,2,2,2,4,2,2,2,3,2,2,1,2,1,3,2,3,2,3,1,1,1,2,5,5,1,1,1,1,1,1,1,1,3,3,3,3,2,3,2,4,3,1,1,2,5,1,1,2,5,4,1,1,2,2,2,1,1,1,2,2,3,2,2,3,2,1,2,2,2,3,2,1,2,1,3,3,2,3,2,2,2,1,1,3,2,2,2,2,1,3,4,2,2,2,1,3,3,3,1,1,2,1,2,2,3,2,1,1,3,3,2,2,2,3,1,1,2,2,4,4,4,4,3,2,2,2,1,2,2,1,2,2,1,2,1,1,1,1,2,1,3,3,2,5,2,5,4,3,3,3,3,3,2,1,5,2,2,2,3,2,2,2,1,3,2,1,2,1,3,4,2,2,4,2,2,2,2,2,3,3,3,1,2,2,2,3,2,3,4,3,3,3,3,2,1,1,2,3,2,2,3,3,2,1,4,3,2,3,2,2,2,4,2,4,3,3,2,2,3,3,4,1,2,3,3,1,1,1,1,2
CluIDFG21G_0389,2,1,3,2,4,4,2,2,2,1,1,3,3,3,3,4,1,1,3,5,3,2,3,1,1,1,2,4,2,1,2,3,1,2,2,1,3,3,3,3,4,4,3,3,1,3,2,2,2,2,3,2,2,1,3,1,1,1,1,2,2,2,1,1,1,2,2,1,2,2,3,2,1,2,3,3,2,1,3,2,3,2,1,1,3,2,3,4,3,1,2,1,3,1,1,1,3,3,1,1,3,2,2,2,3,3,1,2,4,4,3,1,3,1,2,1,3,1,1,4,1,3,1,2,3,1,3,2,4,1,2,2,3,3,2,2,3,2,3,2,1,2,2,2,2,2,5,5,1,1,1,2,1,3,1,4,2,1,2,1,2,3,2,2,2,2,2,3,1,3,1,1,1,3,2,3,1,2,2,1,2,1,2,2,1,3,1,1,2,2,1,1,4,7,2,2,1,2,2,2,2,3,1,1,2,1,2,4,2,1,2,2,1,2,2,1,2,1,2,1,2,3,2,1,3,4,1,2,2,2,2,1,2,1,1,3,1,1,2,2,3,3,1,3,1,2,3,3,4,4,3,3,1,2,3,3,1,1,2,2,2,3,2,2,3,3,3,3,4,4,1,1,2,1,1,2,3,2,2,2,1,1,3,2,1,1,2,3,3,3,2,2,1,5,3,3,3,2,1,2,1,2,1,2,3,1,3,3,3,2,3,2,1,1,2,2,2,1,1,1,3,2,2,1,2,1,3,3,2,2,2,2,2,3,5,5,2,2,1,1,2,1,1,3,2,3,2,2,1,2,1,1,2,1,1,1,1,2,2,2,3,2,3,3,3,1,2,2,4,4,2,1,1,1,2,4,2,1,5,4,1,3,2,2,1,1,2,2,1,2,2,1,3,1,1,2,3,3,3,3,1,2,1,1,3,3,3,2,2,2,2,2,1,3,2,2,3,3,3,3,4,4,2,2,1,3,3,3,3,3,2,2,3,2,2,1,3,3,3,3,3,3,2,2,3,1,3,1,2,4,4,5,1,1,3,1,1,2,2,1,2,1,3,2,3,3,2,2,2,2,3,2,2,4,4,4,4,1,2,3,2,2,2,2,1,1,1,2,5,2,3,1,1,1,2,2,1,2,1,4,4,3,2,2,2,1,2,1,2,2,1,3,1,1,3,3,3,1,2,3,2,3,3,3,1,3,4,2,2,3,1,1,2,3,2,4,2,1,3,1,3,3,2,4,1,3,2,2,1,2,1,4,2,1,3,2,2,2,1,1
CluIDFG21G_0391,2,1,2,2,4,4,1,2,1,1,3,3,1,1,4,4,2,2,1,1,2,3,1,2,2,1,2,4,1,2,2,3,2,2,2,3,1,1,1,1,1,3,1,3,3,1,2,2,1,1,2,2,2,2,1,1,2,2,2,2,2,2,2,4,2,3,1,2,2,3,1,2,3,3,3,3,1,2,1,1,3,3,2,2,2,3,2,3,3,1,2,1,1,3,1,2,4,3,1,1,2,3,2,2,1,3,2,2,4,4,1,1,3,1,2,2,1,1,1,1,1,1,2,2,2,2,3,3,4,1,2,3,1,3,1,2,2,3,2,2,2,1,2,1,2,2,3,3,2,2,2,1,3,3,2,1,1,3,1,1,2,2,1,3,2,2,2,3,1,3,1,1,2,3,3,3,2,2,1,1,2,3,1,2,1,1,1,2,1,2,2,1,7,4,2,1,2,1,2,2,2,2,1,2,3,1,4,4,2,3,2,2,3,2,2,1,2,1,2,2,2,1,2,2,4,4,1,1,1,2,2,2,1,1,2,3,1,1,2,2,2,2,1,2,2,2,3,3,4,2,2,3,1,1,2,3,1,1,2,1,3,1,2,2,1,1,2,1,4,4,2,2,1,1,1,2,1,2,2,1,3,3,2,2,1,1,1,2,3,3,1,2,1,1,3,3,2,1,1,3,2,1,2,2,2,2,3,3,2,2,1,1,2,3,2,1,2,3,1,2,3,3,1,2,1,2,2,3,1,4,1,3,3,4,4,4,1,3,1,2,2,1,2,1,2,2,3,2,1,2,4,1,4,2,1,1,2,2,2,1,1,1,2,3,3,1,2,1,4,4,2,3,2,1,1,2,2,2,3,4,3,3,2,1,1,1,1,2,2,1,1,2,1,2,2,2,2,3,3,1,2,2,1,1,1,3,3,2,2,2,2,2,1,1,3,2,2,3,3,3,3,1,2,2,1,3,3,3,2,3,2,2,2,3,2,1,3,3,3,2,3,3,2,2,1,2,3,1,4,2,4,2,1,1,3,1,1,1,1,1,2,2,1,1,2,3,2,2,1,1,2,4,2,5,5,1,3,3,3,3,2,1,1,2,1,1,1,1,5,5,2,1,1,1,2,2,1,2,1,2,1,3,2,1,2,2,1,1,3,3,1,3,2,2,3,1,3,3,2,2,1,1,2,2,2,1,2,2,3,3,1,3,2,2,2,2,1,1,2,3,4,4,4,4,2,1,2,1,1,1,4,4,2,2,2,3,2,2,1,1
CluIDFG21G_0392,2,2,3,1,4,4,3,1,2,2,2,3,1,3,3,3,3,2,1,1,2,3,2,1,2,1,2,4,1,1,3,2,2,1,2,3,1,3,1,1,3,3,1,3,3,3,3,2,2,1,4,2,2,2,1,3,2,1,1,1,2,2,4,4,2,2,2,1,2,2,2,2,3,2,1,2,1,2,1,1,3,3,2,1,2,1,2,3,1,3,2,1,3,1,1,2,3,2,1,3,3,3,1,2,1,3,1,2,4,2,1,3,3,2,2,1,3,2,3,4,1,1,2,2,3,2,1,3,2,1,2,2,3,1,2,2,4,4,3,2,2,1,2,2,3,2,3,1,2,1,1,1,2,3,1,2,2,1,2,2,3,2,3,3,2,2,1,1,1,3,1,1,3,3,3,2,2,2,2,2,2,3,1,3,1,3,2,1,2,2,1,1,7,4,2,2,1,2,1,1,2,2,1,1,3,1,4,2,2,2,2,1,3,3,1,1,2,1,3,3,1,3,4,2,4,4,2,1,1,1,2,2,1,2,3,2,2,1,1,2,2,3,3,2,2,2,3,3,1,2,3,2,1,2,3,1,1,1,2,2,1,3,2,2,3,2,2,1,4,2,2,1,2,1,2,2,1,2,1,1,2,3,2,2,1,1,2,3,3,1,1,1,1,1,3,1,3,3,1,2,2,2,2,1,2,3,4,4,2,2,3,1,2,1,2,2,3,2,2,1,3,3,1,1,1,1,2,3,1,3,1,3,4,4,4,2,1,2,1,2,1,1,3,1,2,2,3,3,1,1,1,1,1,2,1,1,2,2,1,2,1,3,1,1,3,1,2,3,3,2,2,3,1,2,2,2,3,1,4,1,3,1,1,2,1,2,2,1,2,1,1,2,1,2,2,1,2,2,1,3,1,2,3,1,2,3,2,2,1,1,1,1,2,1,1,2,1,1,3,2,3,3,3,2,1,1,3,3,3,3,2,2,4,2,3,2,1,3,3,2,3,2,2,3,1,2,3,3,4,4,5,5,1,2,1,1,2,1,1,2,1,2,2,1,2,2,2,2,1,2,2,2,5,2,5,1,2,3,3,1,1,1,1,1,1,1,1,1,2,2,2,3,3,1,1,2,1,1,2,4,2,4,2,4,3,2,1,2,2,2,4,4,2,2,3,3,3,3,2,2,2,1,3,2,3,1,4,2,2,2,3,1,3,3,3,3,1,1,1,3,2,4,2,1,3,1,1,1,3,1,1,4,3,2,2,2,3,2,2,3
CluIDFG21G_0396,2,2,1,3,1,2,3,1,2,1,1,1,1,4,2,4,2,2,1,1,3,2,2,1,1,2,2,2,1,1,2,3,3,2,2,1,3,3,1,2,3,3,1,1,3,1,3,1,2,2,2,3,1,1,3,2,1,1,2,2,3,3,1,2,3,3,4,1,2,2,1,3,3,1,3,3,3,1,3,1,2,3,2,1,1,2,3,2,3,3,2,2,3,3,3,1,3,3,2,2,1,2,3,1,1,3,2,2,1,3,3,3,1,2,2,1,2,3,3,1,2,3,2,3,2,2,2,1,4,4,3,3,3,3,1,1,4,1,2,2,2,1,1,1,2,2,5,1,2,1,2,1,3,2,4,1,1,1,2,2,1,3,1,1,2,2,1,1,1,1,1,1,2,3,2,2,1,1,2,2,2,1,2,3,2,3,1,1,1,2,2,1,6,4,2,3,1,1,2,1,2,2,4,2,1,1,2,2,1,1,2,4,3,1,2,2,2,1,3,3,3,3,4,4,1,3,1,2,1,2,2,2,1,1,1,2,1,1,2,2,2,1,1,3,1,1,2,2,4,3,2,3,1,1,3,3,1,2,1,2,1,3,2,1,3,3,3,2,2,4,1,3,1,3,2,1,3,3,2,1,2,3,3,3,2,1,2,2,2,1,1,1,4,1,3,3,3,2,3,3,1,1,1,2,2,1,1,3,1,2,1,1,3,2,1,1,2,1,1,1,3,4,2,2,2,1,3,3,1,5,3,3,1,3,4,5,3,2,2,2,1,1,2,2,1,3,3,3,1,2,2,2,5,4,1,2,2,2,2,2,1,2,3,3,1,3,3,1,4,4,2,2,2,2,3,3,1,2,4,5,1,3,2,1,2,1,1,1,2,1,3,3,2,3,2,2,3,3,3,3,1,2,3,3,2,3,3,2,1,1,1,1,1,1,2,2,2,1,3,3,1,4,1,2,1,3,2,2,1,3,2,1,1,2,3,2,1,3,3,3,3,2,3,3,2,3,4,4,2,2,4,5,2,3,1,1,2,1,2,1,2,2,2,1,1,1,1,1,1,1,3,3,5,5,5,4,4,4,3,2,1,1,2,1,5,2,1,2,2,2,2,2,3,1,2,2,2,2,1,4,4,3,2,3,2,2,2,1,3,1,4,1,1,2,3,3,1,1,3,3,2,2,3,3,1,2,2,2,1,2,3,3,2,2,3,1,1,2,2,2,3,3,3,1,2,3,2,3,1,2,1,4,1,3,2,3,2,3,1,1
CluIDFG21G_0398,1,1,2,2,4,4,1,3,2,1,1,2,2,1,3,4,3,2,5,2,3,3,1,2,2,2,2,2,1,1,2,2,2,2,2,3,4,1,1,3,3,1,1,1,3,1,2,3,2,2,3,1,2,2,2,1,1,1,1,2,3,2,4,1,3,2,1,1,3,1,2,2,2,3,4,3,3,1,1,1,2,3,2,2,2,2,2,3,1,1,2,2,1,1,2,2,3,3,1,2,3,3,2,2,3,3,2,2,2,2,2,2,2,2,2,2,1,1,4,4,1,1,2,2,2,2,3,3,4,4,2,2,3,3,1,1,3,4,2,2,1,2,1,1,2,3,5,3,3,2,1,1,3,1,2,1,3,2,1,2,1,3,2,1,2,1,3,1,1,1,1,1,2,3,1,2,2,1,1,1,3,2,1,3,3,3,2,1,1,2,1,1,4,7,2,2,1,1,1,2,2,2,3,3,3,3,1,1,1,1,2,2,2,2,2,2,1,2,2,3,3,2,3,4,3,1,2,1,1,2,1,1,2,2,1,1,1,1,1,1,3,3,2,2,2,1,2,2,4,2,2,3,1,1,2,2,2,1,2,1,2,1,2,2,1,3,2,2,1,4,2,2,1,3,2,2,3,3,1,1,3,2,3,2,1,2,2,2,3,3,2,2,3,3,1,1,3,1,3,2,2,2,1,1,3,2,1,3,2,3,2,1,2,2,1,1,1,1,1,1,3,4,2,1,2,1,3,3,3,1,3,3,1,2,2,2,1,2,2,1,1,2,1,2,1,1,3,1,2,1,2,1,4,5,1,2,2,1,2,1,3,3,1,3,1,3,3,2,3,3,2,1,2,2,5,3,2,3,3,3,3,3,1,2,1,2,2,1,2,1,1,2,3,1,2,2,2,3,1,1,1,2,2,1,2,3,3,2,2,2,2,2,3,2,1,2,2,3,3,1,1,3,3,2,3,3,3,4,1,2,1,1,2,2,1,2,1,1,1,3,3,3,2,2,3,2,4,3,1,4,1,2,1,1,1,1,1,1,2,2,2,2,1,1,3,3,1,2,2,1,3,3,4,5,4,2,2,3,3,3,2,2,1,1,1,1,1,2,5,5,1,3,2,1,2,1,1,1,4,4,4,4,2,2,2,2,2,2,3,3,1,1,2,2,3,2,2,1,2,2,3,3,1,2,1,1,2,2,2,2,1,3,2,3,3,3,2,1,3,1,3,4,1,1,3,2,2,2,2,2,1,3,3,2,2,2,3,3,1,1
CluIDFG21G_0403,1,1,2,2,4,4,1,1,2,1,3,1,3,3,4,2,2,3,5,1,2,3,2,1,1,1,2,2,1,1,2,2,1,2,1,2,1,1,1,1,3,3,1,1,3,3,2,3,2,2,3,4,2,2,2,2,1,2,2,2,2,2,2,4,2,2,4,2,2,2,2,2,1,3,3,3,2,3,2,1,3,1,2,2,2,3,4,5,3,2,2,1,1,2,1,3,3,4,1,1,3,2,2,2,3,3,2,1,4,4,2,1,2,1,1,2,2,2,4,1,2,1,1,3,3,1,2,2,2,1,3,2,1,3,2,1,2,3,2,2,1,1,2,2,1,2,3,3,2,2,2,1,3,1,2,3,1,1,1,2,3,1,1,1,3,3,2,3,3,3,1,1,2,3,2,3,1,1,2,1,2,1,1,1,2,2,2,1,1,2,1,2,4,4,2,2,2,1,2,2,2,3,4,2,3,1,3,4,3,2,2,2,2,3,2,1,1,1,3,2,3,1,4,3,1,1,2,1,2,1,2,1,1,2,1,1,1,1,2,2,3,1,1,3,2,2,3,3,4,4,1,1,1,1,2,2,2,1,2,1,3,2,1,1,3,3,3,2,4,4,1,1,1,2,1,2,3,2,2,2,2,2,2,3,1,1,2,3,1,4,1,1,1,1,3,3,3,3,1,3,2,2,2,1,2,3,3,3,3,1,1,2,1,3,1,1,1,1,2,1,2,3,2,2,1,1,3,2,1,4,3,1,4,4,2,2,2,2,1,1,2,2,1,1,2,2,2,2,2,1,1,3,2,4,1,1,2,2,2,1,1,1,3,3,3,1,2,1,3,2,1,2,2,1,3,3,3,1,4,3,2,3,1,2,2,1,1,2,1,2,2,2,1,1,2,2,3,3,1,1,1,1,2,1,3,3,3,3,2,1,1,1,1,1,2,2,1,2,2,3,3,1,2,3,1,3,3,3,3,3,2,2,2,2,3,1,3,1,3,3,2,3,3,2,1,1,5,3,1,4,4,1,1,1,1,3,2,1,2,1,1,2,1,2,3,1,2,1,2,1,4,4,2,5,4,4,2,1,2,2,1,1,1,1,1,5,2,2,3,2,3,2,2,1,1,2,2,1,3,3,4,3,2,2,2,2,1,1,2,1,1,3,1,2,3,3,1,2,3,4,3,3,3,3,3,1,1,2,2,2,1,3,1,1,4,2,2,1,2,1,1,2,4,4,3,2,1,3,1,3,3,4,3,2,2,2,2,1,1,2
CluIDFG21G_0405,1,1,2,1,4,4,1,1,2,1,1,1,1,3,4,1,2,2,2,1,3,3,1,1,3,2,4,4,1,1,2,2,2,1,1,3,3,1,1,3,3,1,3,1,1,3,3,2,2,1,3,2,1,2,2,3,2,2,2,1,2,3,5,2,4,3,1,3,1,2,2,1,3,3,3,3,1,2,1,3,2,3,2,2,1,2,2,4,2,2,1,2,1,3,1,2,3,2,3,1,1,2,2,2,3,3,1,2,4,1,3,1,3,1,1,1,2,2,3,4,1,1,2,2,1,3,2,3,2,4,1,2,3,2,2,1,2,3,2,2,1,2,2,2,2,2,1,1,1,1,1,1,3,2,1,1,1,1,2,1,3,1,1,2,1,2,2,1,1,1,2,1,3,1,3,3,1,1,2,2,2,2,2,2,1,3,2,2,1,2,1,1,7,7,3,3,1,1,2,1,2,3,4,3,2,2,4,2,1,1,2,2,2,3,1,2,2,1,3,3,3,3,3,4,1,3,1,2,2,1,2,2,1,2,2,1,2,1,2,2,2,2,1,1,2,2,2,3,1,4,3,2,1,1,2,3,1,2,2,2,2,3,2,2,3,2,2,3,4,4,1,1,1,1,2,2,1,2,2,2,2,2,3,3,2,1,3,2,3,3,2,2,1,1,3,1,2,3,1,3,2,1,1,2,2,1,3,2,2,2,2,1,3,2,2,1,2,2,1,1,4,2,2,1,2,1,3,3,3,4,3,1,1,4,1,4,2,1,2,1,2,1,2,3,2,3,2,2,1,2,1,3,2,4,1,1,2,2,1,2,2,3,2,2,3,2,3,2,4,4,2,3,1,2,3,1,3,3,4,4,3,1,2,1,2,2,2,2,2,2,2,2,1,1,1,2,3,2,1,3,1,2,3,1,3,3,2,3,2,2,2,1,1,3,2,2,2,2,1,2,1,1,3,2,1,1,2,4,1,3,2,2,3,2,2,3,1,1,3,2,2,3,1,2,1,1,3,3,1,2,2,2,3,1,3,2,2,2,2,1,2,2,2,2,1,3,1,2,2,2,3,4,5,2,2,2,5,1,3,2,3,1,2,1,1,1,1,1,2,3,2,3,2,1,2,2,2,2,2,4,4,2,4,4,2,3,2,1,2,2,1,3,2,2,1,2,3,1,2,3,3,2,1,3,1,1,2,2,2,2,2,3,1,3,4,3,2,1,3,2,1,1,2,4,1,1,3,3,3,3,4,4,1,1,2,3,2,2,1,2
CluIDFG21G_0418,1,1,2,2,4,4,2,2,1,1,2,1,1,3,1,2,2,3,5,2,2,3,2,2,2,1,4,4,1,3,2,2,2,3,2,3,1,1,1,1,1,3,1,3,1,3,3,3,2,1,4,2,2,2,1,2,1,1,1,1,2,2,5,4,2,2,3,1,2,2,1,2,2,3,3,4,1,3,3,2,3,3,2,2,2,2,4,4,1,1,2,1,3,1,1,1,4,3,3,1,1,1,3,2,1,3,2,1,1,1,3,3,2,2,1,2,2,3,4,4,3,3,3,1,1,2,2,2,2,1,3,1,1,3,2,2,2,2,2,2,2,1,2,2,2,3,3,3,1,2,2,1,3,2,1,2,3,2,1,2,3,2,2,2,2,2,3,1,3,3,2,1,3,3,3,3,1,2,2,4,2,3,2,1,2,2,2,1,2,2,1,1,7,4,3,2,1,1,2,1,2,2,2,3,3,1,3,3,1,2,2,1,3,1,1,1,1,2,4,1,1,1,4,3,1,2,1,1,2,2,2,2,1,2,3,2,1,2,2,1,2,2,1,3,1,2,3,3,1,2,3,3,1,1,2,2,2,1,1,1,3,2,1,1,3,1,3,2,4,4,1,1,3,1,2,2,3,3,2,2,3,3,2,3,2,1,2,2,2,3,2,2,5,3,1,1,3,1,1,3,2,1,2,2,2,2,1,3,2,2,2,2,1,1,2,2,3,3,2,1,1,2,2,2,2,2,2,2,2,1,3,3,5,1,2,1,2,3,1,2,1,1,1,1,2,2,1,1,1,1,1,3,4,5,1,2,2,2,2,2,2,1,3,3,1,3,3,3,4,4,3,3,1,1,1,1,1,2,4,5,3,1,1,2,2,2,2,2,1,1,2,1,1,2,2,1,1,2,1,3,2,2,2,3,2,3,2,2,1,2,1,2,1,1,3,4,1,2,2,2,1,1,2,3,3,1,3,3,1,3,2,2,3,1,2,2,1,1,3,1,2,3,2,3,3,1,5,3,2,4,2,1,1,2,3,2,1,2,1,1,2,2,2,2,1,1,2,1,2,1,2,3,1,2,4,3,2,2,3,2,3,1,2,2,1,1,1,1,2,3,2,2,4,1,2,2,2,1,3,1,2,3,4,2,2,2,1,2,1,2,3,4,1,1,3,3,2,2,3,4,3,3,2,3,1,1,2,2,2,2,1,3,1,1,3,4,2,1,3,1,4,3,1,2,2,1,2,1,1,1,3,4,3,2,2,3,2,2,1,1
CluIDFG21G_0426,2,1,2,2,4,4,2,2,2,1,1,2,3,3,4,2,2,2,2,2,3,3,2,1,2,2,2,2,4,1,2,1,2,1,1,1,1,3,1,3,3,2,3,3,1,1,2,3,1,1,3,2,2,2,3,1,2,2,1,1,3,3,5,5,2,2,2,4,3,1,2,2,3,2,4,3,3,2,1,3,3,3,2,2,1,1,2,2,2,3,2,2,1,3,1,2,2,1,3,3,1,1,2,2,3,3,2,2,1,4,3,1,2,2,2,2,3,2,4,1,1,3,1,2,3,1,3,2,2,2,1,2,1,3,2,2,3,2,3,2,1,1,1,2,2,2,1,3,1,1,1,1,3,3,2,2,1,3,2,2,3,2,2,3,2,2,1,3,4,3,3,1,2,3,2,2,2,1,4,4,2,2,1,2,2,2,1,1,2,2,1,1,4,4,2,3,1,1,2,2,1,2,2,2,3,1,3,2,1,1,2,1,3,1,1,1,1,1,1,3,3,1,4,4,2,2,2,2,2,2,2,1,2,2,2,3,2,2,1,2,2,2,2,1,2,1,2,3,4,1,2,1,1,1,2,3,2,1,2,2,2,3,2,2,1,3,2,3,4,2,1,2,1,2,2,2,2,2,2,1,3,3,2,2,1,1,2,1,3,3,1,1,1,4,1,2,3,2,1,1,2,1,2,2,2,3,3,1,2,2,2,1,1,1,2,2,3,2,1,2,2,1,2,2,2,2,3,3,5,4,3,2,4,4,4,2,3,2,1,2,2,2,3,1,3,2,1,2,1,1,2,3,5,2,2,1,2,2,2,1,2,1,3,2,3,3,2,2,4,4,2,3,1,2,2,1,2,3,4,3,1,3,2,2,2,2,2,2,1,2,1,2,1,2,1,2,3,1,3,1,2,1,1,2,2,3,2,3,1,2,2,2,1,2,2,3,1,1,3,2,1,1,2,2,1,1,3,3,3,3,2,2,3,2,3,3,1,1,3,3,2,2,2,2,3,3,5,2,4,1,1,4,1,3,2,2,2,2,1,1,2,2,2,2,3,3,1,1,2,2,4,4,5,5,4,1,1,2,1,2,1,3,1,2,1,3,1,2,5,5,2,3,2,1,2,2,1,2,4,3,3,3,2,2,2,2,1,2,2,2,3,3,1,1,3,3,3,3,4,2,3,3,3,3,1,1,2,2,2,2,3,3,3,3,3,4,2,1,1,1,3,4,2,1,1,1,2,2,2,3,2,4,1,3,3,3,3,2,1,2
CluIDFG21G_0430,2,1,1,1,4,4,2,3,2,1,2,1,3,3,4,4,2,3,3,5,1,2,2,2,2,1,4,4,1,1,2,2,2,2,2,2,4,1,3,2,2,2,2,2,1,1,2,2,2,1,3,3,1,1,3,3,2,1,1,1,2,2,5,4,2,2,3,3,2,2,1,2,2,2,2,4,3,3,2,3,1,1,2,1,3,2,2,5,1,2,2,2,1,1,1,3,1,3,3,2,1,1,1,2,1,3,1,2,4,4,3,1,2,2,2,2,2,2,1,1,1,2,2,2,2,3,3,1,3,2,2,1,1,3,2,2,1,3,3,3,1,1,1,2,3,2,1,3,1,2,2,2,1,1,4,4,1,1,2,2,2,2,2,1,2,2,3,2,3,3,1,1,3,2,3,3,2,1,2,4,2,2,1,1,2,2,2,1,2,1,1,1,4,4,2,2,1,2,2,1,4,4,1,4,2,1,4,4,2,1,2,2,3,3,2,1,2,2,4,1,1,3,2,4,4,4,2,2,1,2,1,2,2,2,2,2,2,1,2,2,1,2,1,1,2,3,3,2,3,1,2,2,1,1,2,3,2,2,2,2,3,4,2,2,3,3,3,3,2,4,1,1,3,3,2,2,3,2,2,2,3,3,3,2,2,2,3,2,2,3,1,1,4,1,3,2,1,2,2,1,1,2,1,2,3,1,1,3,2,2,3,2,2,3,1,2,1,3,2,1,3,4,2,1,2,1,3,3,4,5,2,3,3,2,3,3,2,2,1,1,2,2,3,1,3,3,1,3,1,1,3,2,5,4,2,1,2,1,1,2,2,2,3,3,1,1,3,3,3,4,2,1,1,2,1,3,3,3,2,5,3,3,2,1,1,2,2,1,2,1,1,2,1,3,2,2,2,3,3,1,2,1,1,2,3,2,2,3,1,2,2,2,2,3,2,2,2,2,1,3,4,3,2,1,1,3,4,3,3,3,2,2,2,3,2,3,1,3,3,3,2,3,2,3,1,1,3,5,1,4,1,2,1,1,1,3,2,1,2,1,2,1,2,1,1,2,2,1,1,1,3,2,5,2,4,4,4,1,1,3,3,1,2,1,1,1,2,2,2,5,2,2,1,3,2,2,1,1,4,1,3,3,2,4,2,2,1,2,2,2,3,1,1,2,3,3,3,3,2,4,1,3,3,2,1,1,4,2,2,2,3,3,2,1,4,3,2,2,1,1,1,3,4,1,1,2,3,2,2,2,4,2,1,1,3,2,3,3,1,1
CluIDFG21G_0432,2,2,3,1,4,2,1,2,2,2,3,1,1,1,2,4,2,2,1,1,2,3,2,1,2,1,2,2,1,2,2,3,3,3,1,1,3,3,3,3,2,1,3,3,1,1,2,2,2,2,3,1,1,1,2,1,1,2,2,1,3,2,4,2,2,2,1,2,3,2,2,2,3,3,4,4,1,3,1,2,3,3,1,2,2,1,2,3,2,1,1,1,1,3,2,1,4,3,2,2,3,2,2,2,3,2,2,2,2,4,3,1,2,2,1,2,2,3,1,2,2,1,3,1,1,1,2,3,1,4,1,1,3,1,2,2,3,3,2,2,1,1,1,2,2,3,1,3,1,3,1,1,3,1,4,2,1,1,2,2,2,3,3,2,3,2,3,3,1,3,1,2,2,3,3,1,2,1,2,2,3,2,1,1,1,2,2,1,2,2,2,1,7,2,2,1,1,1,2,1,3,2,2,4,3,1,4,4,1,3,2,1,2,1,1,1,2,1,1,2,3,3,1,2,4,3,1,1,2,2,2,3,1,2,1,1,1,1,1,2,1,3,1,3,1,2,2,3,3,4,2,3,1,1,3,3,1,1,2,2,4,1,2,2,3,1,2,3,4,1,1,2,1,1,1,1,2,2,2,1,3,2,2,3,1,2,3,3,2,3,1,2,5,3,1,3,2,2,2,2,2,1,2,2,1,2,3,3,2,3,1,2,1,2,2,2,2,2,1,2,2,3,2,2,2,1,2,2,2,1,1,1,4,5,1,3,1,3,2,2,1,2,2,1,1,2,3,2,2,1,2,3,1,4,1,1,2,2,2,2,1,2,2,3,1,1,2,3,4,4,3,2,1,2,1,5,3,2,4,4,3,3,1,1,1,1,1,2,1,1,1,3,1,2,1,2,1,2,1,2,2,1,2,2,3,3,3,3,2,2,1,2,2,3,2,2,2,1,3,1,3,1,2,2,1,1,2,3,2,2,2,2,1,2,2,3,1,1,2,3,3,3,3,3,2,3,4,3,2,2,2,1,2,1,1,1,1,3,1,1,1,2,1,2,3,3,1,1,1,1,3,3,5,4,2,4,3,1,2,3,2,1,1,1,5,1,1,2,2,4,3,3,1,2,1,2,2,2,2,4,4,4,2,2,2,2,1,2,3,3,1,3,2,2,3,1,3,1,1,3,1,2,3,3,1,2,2,2,2,1,3,3,2,2,4,4,1,1,3,2,3,1,3,4,1,3,3,3,3,1,1,4,2,2,2,3,2,2,2,1
CluIDFG21G_0434,1,1,3,3,1,1,2,3,1,2,1,1,4,4,4,4,3,2,3,3,1,1,2,1,2,3,4,4,4,4,2,1,2,2,1,1,1,3,1,1,1,3,1,1,1,3,3,3,2,2,4,3,1,2,1,2,2,2,2,1,1,2,4,3,2,2,2,1,3,2,2,2,2,2,2,4,3,3,3,3,3,3,2,2,1,2,3,1,1,1,2,1,3,3,2,1,2,3,2,1,3,1,3,2,1,2,1,2,4,3,3,1,2,2,1,1,3,2,3,4,2,3,3,2,1,2,2,3,2,4,2,4,3,1,1,1,1,4,1,2,1,2,2,1,3,3,3,5,2,2,1,2,3,2,2,4,3,1,2,2,2,3,3,1,2,2,1,1,1,1,1,2,2,3,2,1,2,1,1,1,1,3,1,3,1,2,1,2,2,1,1,1,4,4,3,1,1,1,2,1,2,2,4,2,1,2,2,2,1,1,4,2,3,1,1,2,1,1,2,2,1,1,3,3,3,3,1,1,1,1,3,3,1,2,3,3,1,2,2,2,2,3,3,3,1,2,3,3,1,1,3,3,2,2,3,2,2,1,1,2,2,3,1,2,3,3,2,3,4,1,2,1,1,3,2,1,3,1,1,1,2,3,3,3,1,2,1,3,3,3,2,2,1,4,3,1,1,2,3,1,2,2,1,2,2,3,1,3,2,2,1,3,1,1,1,1,2,2,1,2,3,4,2,2,2,1,3,3,1,2,2,3,4,1,2,1,2,3,2,1,2,1,1,1,1,1,3,3,1,2,1,1,4,5,2,1,1,1,2,2,1,1,2,3,3,1,2,2,4,4,3,2,1,2,2,1,1,3,5,1,2,1,2,2,1,1,2,1,2,1,1,1,3,1,1,1,1,2,1,1,2,1,2,1,1,3,3,2,2,2,1,2,2,1,3,2,2,3,1,1,3,4,2,2,3,1,2,3,3,3,2,2,3,3,3,1,1,2,3,3,3,3,3,1,2,1,4,3,2,2,4,2,2,3,2,3,2,1,1,2,2,2,3,1,1,3,1,2,1,2,3,2,5,2,2,2,4,3,3,2,2,1,1,2,1,2,1,2,3,3,2,2,2,3,2,2,2,2,4,4,2,4,2,2,2,3,2,2,2,3,3,3,2,1,3,1,1,2,3,3,3,3,3,2,1,1,2,3,1,2,1,3,2,2,1,3,1,2,2,3,4,1,2,2,3,2,2,3,3,3,4,1,2,1,1,2,2,2,1,1
CluIDFG21G_0436,1,1,1,1,4,4,3,1,2,1,3,1,4,1,4,2,1,2,3,2,2,3,2,1,1,1,4,4,3,4,3,2,2,2,1,3,1,1,3,1,1,1,3,3,1,1,2,2,2,1,1,3,2,2,1,1,1,1,2,1,2,1,4,3,2,2,1,1,3,2,2,2,3,2,4,3,3,3,2,3,1,3,2,2,2,2,2,3,1,1,2,1,3,3,1,1,3,4,1,1,2,1,1,1,1,3,2,2,4,4,1,2,2,3,2,2,1,1,4,3,1,3,2,3,2,2,2,1,2,4,2,2,3,3,2,2,2,3,3,2,1,2,1,2,2,3,5,3,1,2,1,2,1,3,2,4,2,1,1,2,2,2,1,1,2,1,1,1,2,3,2,1,3,2,3,3,1,1,1,2,1,2,1,1,2,3,2,2,2,2,2,2,6,7,2,3,1,1,2,1,3,2,4,2,1,3,4,4,1,3,2,2,2,2,1,1,2,1,3,2,3,3,4,1,2,1,2,1,1,1,2,1,1,1,1,1,1,1,2,2,2,3,1,3,1,2,2,3,4,3,1,2,2,1,1,2,1,1,2,2,4,2,2,2,1,2,2,2,2,1,1,1,1,1,2,2,2,2,2,2,1,2,2,1,1,1,3,1,1,1,1,2,1,4,2,1,3,3,1,3,2,2,2,2,2,3,3,3,3,2,2,1,3,1,2,1,2,1,1,2,1,3,2,2,3,1,3,1,3,5,3,3,1,1,2,5,3,2,2,2,1,1,1,1,2,2,2,3,2,1,1,1,1,4,1,1,2,2,1,2,3,3,2,2,2,1,3,2,3,2,3,2,2,2,1,1,3,3,4,4,3,1,2,1,1,2,2,2,1,1,3,1,1,2,1,2,1,3,2,3,1,2,3,2,3,2,3,3,1,1,1,2,2,1,2,2,1,1,3,2,3,3,3,3,3,3,4,4,1,1,1,1,1,2,1,1,3,3,3,3,3,2,1,3,2,3,3,2,4,4,2,2,3,2,3,1,2,1,1,2,2,1,1,1,1,1,1,2,1,1,3,2,2,2,4,2,4,1,3,3,3,2,1,2,1,1,1,1,2,4,2,3,1,1,2,2,2,1,4,1,4,3,1,2,1,3,2,1,2,2,3,1,1,2,3,1,1,1,4,4,3,3,1,3,3,1,1,2,3,3,2,2,3,1,4,4,1,1,1,1,1,2,4,2,2,1,2,1,3,3,1,1,1,1,2,2,2,1,2,2
CluIDFG21G_0439,1,2,1,1,1,1,3,3,1,2,3,1,3,3,3,4,1,2,2,2,2,2,2,2,1,1,4,2,1,1,2,2,2,2,2,1,1,3,3,1,1,3,3,1,1,1,2,2,1,2,3,3,2,1,2,2,2,2,1,1,1,2,2,5,3,3,1,1,2,1,1,2,3,2,4,3,3,1,1,1,3,3,2,1,3,2,3,4,1,3,2,2,2,3,1,3,4,2,2,1,2,1,3,1,1,1,1,2,4,4,1,1,1,2,2,2,1,3,3,3,1,1,2,1,2,1,3,2,4,1,2,2,1,3,2,2,4,3,1,2,2,2,1,1,1,3,3,3,2,2,1,2,3,1,2,2,1,2,1,2,3,2,3,2,2,2,3,1,3,1,1,1,3,3,3,2,2,1,1,2,3,2,3,1,1,2,2,2,1,1,1,2,4,4,3,2,1,1,2,1,2,3,4,2,1,1,2,4,1,1,4,2,1,3,1,1,2,2,3,2,3,3,3,2,3,1,1,1,1,2,3,1,1,2,2,2,2,3,1,2,3,2,3,2,1,1,2,3,1,3,3,1,1,1,3,3,1,1,2,2,1,4,2,2,1,3,3,2,4,2,1,1,1,1,2,1,2,2,2,2,3,2,3,3,1,2,3,3,3,1,2,1,1,1,1,1,2,2,2,1,2,1,1,2,1,2,3,1,2,2,3,2,1,1,2,1,3,2,1,2,3,4,1,1,3,1,1,3,5,3,1,3,3,1,2,2,2,2,2,1,1,2,1,1,2,2,3,3,2,1,1,3,5,4,1,1,2,2,1,1,2,3,2,3,2,1,2,3,4,4,2,3,2,2,3,3,1,2,4,4,1,3,2,1,1,1,1,1,2,1,3,1,2,3,2,2,3,1,1,1,1,2,2,2,3,2,3,3,1,1,2,2,1,1,2,2,3,3,2,3,1,3,3,3,3,3,3,4,1,3,2,1,3,3,2,2,3,3,3,3,3,2,2,2,1,2,3,1,4,2,5,2,2,1,1,1,1,2,1,1,2,1,1,2,2,3,2,1,2,2,3,3,2,5,2,4,3,1,3,3,2,1,2,1,1,1,1,2,5,4,2,3,3,3,2,2,2,2,1,2,2,4,2,4,2,1,1,1,2,1,3,3,2,2,3,3,1,2,4,3,2,3,3,3,3,1,1,2,2,2,2,3,1,3,4,2,2,2,2,2,1,1,4,4,2,3,3,3,2,3,1,4,1,1,3,3,2,1,1,1
CluIDFG21G_0440,2,2,1,1,2,4,1,2,2,2,1,1,1,3,4,2,2,3,1,1,2,2,2,2,1,1,4,2,1,1,2,2,2,1,1,2,1,3,3,1,3,3,1,3,1,3,3,3,2,2,3,3,2,2,1,1,1,2,1,2,3,3,5,4,3,3,1,3,1,2,2,1,2,3,4,4,2,3,1,1,3,3,2,1,2,3,5,5,1,3,2,1,2,1,1,3,4,3,1,1,3,2,3,2,1,3,2,2,2,2,3,3,2,1,1,1,1,2,4,1,2,1,2,2,1,1,3,3,4,2,3,2,2,3,1,1,2,1,1,2,2,2,1,1,1,2,5,5,3,2,1,1,1,3,2,1,1,1,2,2,1,3,1,2,2,1,3,3,1,3,1,2,2,2,2,2,1,1,1,2,2,1,2,3,3,1,2,1,2,1,1,2,4,6,3,2,1,1,1,1,4,3,4,2,3,1,4,1,1,1,1,1,2,1,2,1,1,2,2,3,3,2,2,4,1,4,2,1,1,2,3,2,1,2,2,1,3,2,2,1,3,2,3,3,3,2,2,3,3,1,3,1,1,2,3,3,1,1,2,2,1,1,2,1,1,3,3,3,4,4,2,2,1,1,2,2,3,2,2,2,3,1,3,3,2,2,3,2,3,3,1,1,1,1,1,3,2,1,1,2,1,2,1,1,2,2,3,3,2,2,3,1,2,1,1,1,2,1,2,2,4,3,1,1,2,3,2,3,2,5,3,1,1,3,2,1,2,2,1,2,1,2,1,2,2,1,3,2,1,1,1,3,4,5,2,1,2,2,1,2,2,2,3,3,1,1,1,3,4,2,2,2,2,2,3,1,2,3,4,4,1,1,2,2,2,2,2,1,2,1,1,1,3,1,2,2,3,1,3,1,2,2,3,2,3,2,1,3,1,2,1,2,2,1,2,2,2,1,3,3,4,4,2,2,3,3,4,4,1,1,2,1,2,3,2,1,3,2,3,3,3,2,3,2,2,1,3,1,4,2,2,5,3,3,1,3,1,2,1,1,2,2,3,2,3,1,2,2,1,2,2,3,5,1,4,3,1,2,3,2,2,3,1,1,1,1,1,2,5,5,2,2,2,1,1,1,2,1,2,3,1,2,2,2,2,1,2,1,1,2,3,1,2,2,3,3,2,2,3,3,2,1,2,3,1,1,2,2,2,2,1,3,2,3,3,3,1,1,3,2,1,1,4,4,2,2,3,2,3,3,1,3,1,1,3,3,1,2,1,1
CluIDFG21G_0444,2,1,2,3,4,1,2,2,1,1,3,2,1,3,4,3,1,2,2,3,3,3,1,1,1,2,4,4,1,1,1,2,2,1,1,2,3,3,3,1,1,2,3,3,3,3,2,2,1,1,4,1,1,1,2,2,2,2,1,1,2,2,4,4,2,1,4,1,2,2,2,1,3,2,3,3,1,2,3,1,2,3,2,1,3,3,2,4,3,2,1,2,3,1,2,1,4,3,1,1,2,1,2,2,1,2,1,2,3,2,3,3,2,3,2,1,2,3,1,1,3,3,2,2,1,1,2,1,1,1,3,3,2,1,1,2,2,1,2,2,2,1,2,2,3,1,5,5,2,2,1,2,1,3,2,2,3,1,2,2,3,1,1,3,2,2,1,3,1,1,1,1,3,3,3,3,1,1,4,1,2,1,2,1,3,1,1,2,2,1,2,2,2,4,3,3,2,1,2,2,3,3,4,4,1,1,1,4,3,1,4,2,2,1,1,2,1,1,2,3,3,3,1,3,1,3,1,2,1,2,2,2,2,1,1,3,1,1,1,2,1,3,2,1,2,1,2,2,4,1,2,3,1,1,3,3,1,1,2,2,1,3,1,2,3,2,2,1,1,4,1,1,1,1,2,1,2,2,2,1,2,2,3,3,1,1,2,3,2,2,2,1,4,1,3,3,2,2,1,1,1,2,2,2,2,3,1,3,2,2,1,1,2,1,2,2,2,2,1,1,3,3,1,1,2,2,2,3,2,1,3,1,5,5,3,2,2,1,1,2,2,2,1,2,2,2,1,1,1,1,3,3,4,4,1,1,1,1,1,1,1,1,3,2,1,3,2,3,3,1,3,3,2,2,5,5,3,2,4,4,1,3,2,1,2,1,1,1,2,2,1,3,3,1,1,2,1,3,1,1,1,2,3,2,2,3,3,2,1,1,2,2,1,2,2,2,1,1,3,2,3,1,3,3,1,1,3,3,2,3,2,2,1,3,3,2,1,1,3,2,3,3,3,3,2,2,3,3,2,4,4,2,1,1,3,3,1,1,2,1,2,2,1,1,1,3,2,2,2,1,2,3,5,2,4,4,3,1,2,2,3,3,1,1,1,1,2,1,2,2,3,2,2,1,1,1,1,2,4,1,1,4,1,2,2,2,1,1,3,3,3,3,2,2,3,3,3,1,2,3,2,1,2,3,1,1,2,4,2,2,1,3,2,3,2,4,2,2,3,1,2,2,4,4,1,1,3,1,2,1,1,3,2,3,2,1,2,2,1,1
CluIDFG21G_0445,2,2,2,3,4,3,3,1,1,1,1,1,1,3,2,3,1,2,1,2,1,1,2,2,2,2,4,4,4,4,3,2,2,2,3,2,1,4,3,3,3,3,1,3,1,3,1,3,2,2,4,4,2,2,1,1,2,2,1,1,3,2,1,4,3,3,1,1,2,3,2,1,3,3,4,2,3,3,2,3,3,3,1,2,2,2,4,4,1,1,2,2,3,1,1,3,3,4,1,2,1,3,1,2,3,1,1,2,1,4,3,3,2,2,2,1,3,3,3,4,2,3,3,2,2,2,2,1,2,2,1,1,1,1,2,2,4,3,1,1,2,2,1,1,3,3,3,5,1,2,2,1,1,1,2,2,3,3,2,2,1,2,1,2,2,2,1,1,3,3,1,1,1,3,2,1,1,2,2,2,1,2,2,3,1,2,1,2,2,2,2,1,2,4,3,2,1,1,1,2,1,1,1,2,2,1,2,2,3,1,2,4,3,1,1,1,1,2,4,3,3,3,3,2,3,3,2,2,1,2,2,3,2,1,1,2,1,1,2,1,3,3,2,3,1,2,1,2,3,2,3,3,2,2,2,2,1,1,2,2,1,2,1,1,1,3,2,2,2,1,2,2,1,1,2,1,2,2,2,2,3,2,2,3,1,2,2,2,4,3,1,2,1,3,3,1,3,1,2,3,1,2,2,1,3,3,3,1,2,3,1,2,1,1,1,1,1,2,2,1,3,4,1,1,2,1,3,3,3,5,3,3,1,1,5,1,2,2,2,2,2,2,1,2,3,2,3,1,2,1,1,1,2,5,1,2,1,2,2,2,1,2,2,3,3,3,2,2,3,4,3,3,1,2,3,3,1,1,3,4,1,1,2,1,2,1,2,1,2,1,3,3,3,2,2,1,1,1,1,3,1,1,1,1,3,2,3,2,2,2,2,2,1,3,2,2,2,2,1,1,3,4,2,2,3,3,3,4,3,3,2,1,2,3,2,1,3,2,3,3,2,2,3,3,1,3,5,3,4,4,1,1,2,2,3,3,1,2,2,1,1,1,2,1,1,2,2,2,2,2,2,2,2,2,5,4,1,2,3,2,1,1,2,1,1,2,1,1,4,3,2,2,1,2,2,1,2,2,2,2,4,3,1,2,2,3,2,1,3,2,1,1,2,2,2,3,1,3,2,3,3,3,1,1,1,2,3,3,3,3,3,3,1,2,1,1,1,2,2,2,1,1,2,4,2,3,3,2,3,3,3,1,1,1,3,2,1,1,2,1
CluIDFG21G_0447,2,2,2,1,1,4,3,2,1,2,1,3,1,3,2,2,2,2,2,1,3,3,1,1,2,3,1,4,1,4,3,2,2,1,1,1,2,4,2,3,3,3,3,1,1,1,2,3,1,1,2,1,2,2,1,2,1,2,1,1,1,3,4,3,2,2,1,2,2,3,3,2,3,2,3,4,3,2,2,1,3,3,2,2,2,2,3,2,1,1,1,2,3,3,2,3,3,1,3,2,2,1,2,2,2,3,2,1,4,4,1,1,1,2,1,1,2,3,4,3,2,3,2,3,3,2,2,3,4,2,3,2,3,2,1,1,1,1,3,2,2,2,1,1,1,2,5,5,1,2,2,2,3,3,1,2,1,2,1,2,2,1,1,2,2,3,2,1,3,1,1,2,3,3,2,1,2,2,1,2,2,2,1,1,2,2,2,2,1,2,1,1,2,4,2,2,1,1,2,1,1,4,1,2,2,1,2,2,1,1,1,4,1,1,1,2,2,2,1,3,1,3,3,4,3,3,2,2,2,1,2,1,1,1,1,3,1,2,2,2,3,2,3,2,1,2,3,2,2,4,1,2,1,1,3,2,1,2,1,1,3,2,1,2,3,3,2,2,1,1,2,1,2,1,1,1,2,3,2,2,1,1,3,1,1,2,2,3,3,3,1,2,3,3,3,1,3,2,2,3,1,2,1,1,3,2,1,3,3,3,1,3,3,3,1,1,1,1,1,1,4,4,1,2,1,2,3,3,1,2,1,2,2,3,5,5,2,2,1,1,2,1,1,1,2,2,3,2,1,1,1,1,5,2,1,2,1,1,2,2,2,1,2,2,1,3,3,3,4,2,2,2,1,2,3,3,3,2,2,5,1,3,2,1,2,1,2,1,1,2,2,1,2,2,2,1,3,3,3,3,1,1,3,1,3,1,2,3,2,2,1,1,1,1,2,2,1,2,3,2,3,1,3,3,3,3,1,3,1,1,2,2,3,4,1,2,3,2,3,3,2,2,3,3,2,1,5,1,4,2,2,1,3,2,3,2,3,2,1,2,2,2,1,1,1,1,2,1,1,2,3,2,2,2,4,3,2,2,2,2,3,1,2,2,1,1,2,2,2,3,2,2,2,3,1,1,2,2,4,4,2,4,4,1,3,2,1,2,3,3,3,3,2,2,2,3,2,1,3,3,2,2,3,3,2,1,2,3,3,3,1,3,1,2,3,4,2,2,1,3,1,1,1,4,3,2,3,2,3,2,4,1,1,1,3,2,3,2,1,1
CluIDFG21G_0449,1,1,1,1,4,1,2,3,2,2,1,1,1,1,4,4,2,2,3,2,3,2,2,1,1,1,2,2,1,1,2,3,1,2,2,2,1,3,3,1,3,4,1,1,3,1,1,2,2,1,3,3,1,2,2,3,1,1,2,2,3,2,4,4,1,4,1,1,2,2,1,3,3,1,3,3,2,3,1,1,3,1,2,1,2,3,5,5,2,1,2,1,3,3,1,3,3,4,1,2,3,2,2,2,3,2,2,2,2,2,3,3,2,2,1,1,1,2,1,1,2,2,1,3,2,1,2,1,1,4,3,3,3,1,1,2,2,2,2,2,1,2,2,2,2,3,3,1,1,2,2,2,2,1,1,2,3,1,1,2,2,3,1,1,3,3,1,1,3,3,2,1,3,3,3,2,2,1,2,2,1,1,1,2,3,3,2,2,2,2,1,1,2,1,1,2,1,1,2,2,3,1,1,1,1,1,4,4,3,2,2,1,2,1,2,2,2,1,3,2,2,2,4,3,1,3,1,1,1,1,3,1,1,1,1,1,3,3,1,1,1,2,3,3,1,3,2,3,3,3,2,2,2,2,2,3,1,1,2,2,2,3,3,3,1,2,3,3,1,4,1,2,2,1,1,2,3,3,2,2,2,2,1,3,2,2,3,2,3,3,1,2,4,3,3,3,2,3,3,3,2,1,2,2,3,1,1,3,2,2,2,2,3,1,1,2,1,2,2,2,4,3,1,2,1,1,3,2,2,2,1,3,1,2,5,5,2,2,2,2,2,1,1,2,3,2,3,3,1,1,1,1,5,5,2,2,2,1,2,1,3,2,3,2,1,1,3,3,2,2,2,3,2,2,5,3,3,2,2,3,3,3,1,1,1,1,1,2,1,2,3,2,3,3,1,2,3,1,1,3,1,1,2,1,3,2,2,3,2,2,2,1,2,3,2,2,1,2,1,3,3,4,2,1,2,3,3,2,3,1,1,1,1,2,1,3,3,1,3,3,2,3,3,1,2,1,3,2,4,2,1,4,3,2,1,1,2,1,2,2,1,2,1,1,1,3,1,1,1,2,3,4,2,5,3,3,3,3,2,1,3,2,1,1,1,1,2,1,4,3,3,2,3,3,1,2,2,2,3,4,3,3,2,2,2,2,1,1,3,2,1,3,2,1,3,2,3,1,2,1,3,3,2,1,1,2,2,3,2,2,3,1,2,2,4,3,1,3,2,2,3,2,3,3,3,3,3,3,2,3,4,1,1,1,3,1,1,2,1,1
CluIDFG21G_0458,1,2,1,2,4,1,2,3,1,2,2,3,1,3,3,3,2,2,2,1,1,2,2,1,1,1,4,2,3,1,2,2,1,2,1,1,1,3,2,2,1,1,3,3,3,3,2,2,2,2,3,1,1,2,2,1,2,2,1,1,3,1,1,4,2,3,1,2,2,3,3,2,3,2,3,4,3,3,3,1,2,1,1,1,2,3,2,5,3,2,1,2,3,3,2,2,4,3,1,1,3,3,1,2,3,3,2,2,4,4,2,3,3,3,1,2,2,2,3,4,3,1,1,3,3,1,3,1,2,4,1,2,3,2,1,2,3,1,2,1,2,2,1,1,3,1,5,1,2,2,1,1,2,3,4,1,1,1,2,1,3,3,1,1,3,2,1,3,3,1,2,1,3,3,3,1,2,1,2,2,2,2,3,1,1,2,1,2,2,2,1,2,6,2,2,3,1,1,1,1,1,2,2,1,1,1,4,2,1,1,2,4,1,2,2,2,2,2,1,3,1,2,4,4,4,1,1,2,2,1,3,2,2,2,1,1,1,1,2,2,2,2,1,3,2,1,3,2,2,4,2,2,1,1,1,2,1,1,2,2,2,1,2,3,3,3,3,2,2,4,1,2,2,3,2,1,2,3,1,2,3,1,2,3,1,2,3,2,2,3,1,2,1,3,1,1,3,2,1,1,1,1,2,1,1,2,3,1,2,2,1,2,3,1,2,1,2,2,2,2,3,4,2,2,2,2,3,3,3,1,3,1,1,2,5,1,2,3,1,2,1,2,2,2,3,2,2,3,1,1,1,3,5,1,1,1,2,1,2,2,3,2,2,3,3,1,2,3,1,4,3,3,2,2,1,3,3,1,4,4,3,2,1,2,2,1,1,2,2,2,2,2,2,1,1,2,3,3,1,3,2,2,3,2,3,2,2,3,2,1,1,2,1,2,2,2,1,2,2,2,1,3,3,3,3,1,4,3,1,3,2,2,2,2,1,1,3,3,3,3,2,3,3,2,3,3,2,2,1,2,2,1,1,2,3,3,1,2,1,1,1,1,1,1,1,2,2,2,1,1,2,2,5,5,5,2,2,1,2,2,1,2,1,1,1,5,2,2,5,2,3,2,1,3,2,2,2,2,4,4,1,4,2,2,2,2,2,1,3,3,3,1,1,1,3,3,1,3,4,2,1,3,2,3,1,1,2,2,3,3,2,3,1,1,2,4,2,2,1,1,4,2,2,1,2,3,3,3,2,2,1,4,1,2,3,2,2,2,1,1
CluIDFG21G_0463,1,1,3,3,1,4,3,2,1,1,2,1,3,4,4,3,1,2,1,3,3,1,1,1,1,1,2,4,1,3,1,3,1,2,1,2,3,3,1,1,2,1,1,1,3,1,2,3,2,1,4,3,2,1,2,3,1,2,1,1,1,2,4,3,1,3,2,1,3,2,2,3,2,3,3,3,2,2,3,1,1,3,2,2,2,2,5,4,1,1,2,2,3,1,1,3,4,3,2,2,2,3,2,1,3,2,2,1,4,4,3,3,2,3,2,1,2,2,4,3,1,1,2,3,2,1,1,3,2,3,1,2,3,1,2,2,4,1,2,1,2,2,1,1,3,3,1,1,1,1,2,1,3,3,2,1,2,1,1,2,1,2,2,2,2,2,1,3,3,3,1,1,3,2,2,1,2,2,2,2,3,2,2,1,2,1,2,2,2,2,1,1,7,6,2,3,1,2,2,1,1,2,2,1,1,2,2,2,2,1,2,4,1,1,2,2,2,1,2,2,2,3,4,4,2,1,2,1,1,1,2,3,1,1,3,2,2,1,2,2,2,2,1,1,1,3,2,3,3,1,2,3,1,1,3,3,2,2,1,1,2,3,2,2,3,1,2,3,4,4,2,2,1,3,1,1,2,3,2,1,3,2,3,3,1,2,3,2,4,2,2,2,2,4,3,3,2,2,3,2,1,1,2,1,2,2,3,1,2,2,1,2,1,1,2,1,3,1,2,2,4,4,2,1,2,2,2,3,2,2,1,2,3,2,3,1,1,3,2,2,2,2,3,2,3,1,3,3,2,1,3,1,5,2,2,2,2,2,2,2,2,3,2,3,1,1,3,2,4,4,3,3,1,1,3,3,2,2,4,3,1,2,2,2,1,2,2,1,1,1,3,3,3,3,1,2,2,1,1,1,2,1,2,1,3,3,2,3,2,2,2,1,1,2,3,2,2,2,1,3,4,4,2,2,1,3,2,4,1,1,2,2,2,4,1,2,3,1,2,1,1,3,3,3,3,2,3,3,4,2,5,1,2,3,2,3,2,1,2,1,2,1,2,1,1,1,1,1,1,1,3,3,2,4,2,4,2,3,3,3,2,1,1,2,5,1,2,1,2,3,2,3,1,1,2,2,2,1,4,1,4,1,2,1,3,2,2,2,2,2,1,1,2,2,3,2,3,2,2,3,2,3,3,3,1,1,4,3,2,2,3,3,3,1,2,3,2,1,3,1,1,1,2,2,3,2,2,3,3,3,1,2,1,3,3,3,1,1,2,1
CluIDFG21G_0474,2,2,3,3,1,4,3,2,2,1,2,2,3,3,3,4,1,1,3,3,3,1,1,1,3,2,4,2,1,1,2,2,2,1,3,2,4,3,3,1,3,2,1,1,1,1,1,2,1,2,1,4,2,2,2,1,2,1,2,1,3,2,5,4,3,2,2,1,2,3,2,3,3,2,3,3,3,3,3,3,1,2,2,1,3,2,2,2,2,3,2,2,3,3,3,2,4,4,1,1,3,1,1,3,1,1,1,2,2,4,1,3,2,3,1,2,1,2,3,1,3,3,2,3,3,2,1,2,2,4,2,2,3,1,1,2,4,3,2,2,1,1,2,1,2,2,5,1,2,2,1,2,3,3,2,2,3,3,2,2,3,3,1,3,2,3,3,3,3,3,1,1,1,1,3,3,1,1,1,1,2,2,1,1,2,1,2,1,1,2,2,1,4,6,2,3,2,1,2,2,4,1,1,1,1,2,4,2,1,2,1,2,1,1,2,1,1,2,2,4,3,3,4,4,1,2,2,1,1,1,2,3,1,1,1,1,1,1,1,2,2,3,2,3,1,1,2,3,1,2,3,2,1,2,2,2,2,2,1,2,1,1,2,2,3,3,2,2,2,1,1,1,1,3,2,2,2,3,2,1,3,2,2,3,1,1,2,3,4,2,1,1,4,4,3,1,1,2,2,2,1,2,2,1,2,1,1,4,2,2,1,2,1,1,2,1,3,2,2,2,2,2,2,2,2,1,3,3,2,1,3,3,1,1,2,1,2,3,2,1,2,2,1,2,2,2,3,2,1,2,3,3,1,2,1,1,2,2,1,1,1,3,2,3,3,2,2,2,4,4,3,2,2,1,2,1,3,3,1,4,1,3,2,1,1,2,2,1,2,2,2,2,1,3,1,1,2,3,3,1,2,1,3,1,1,1,3,3,2,2,1,1,2,1,2,1,2,1,3,2,3,3,2,3,1,3,4,4,1,3,2,2,3,2,1,2,3,3,3,3,3,3,3,2,2,1,3,3,4,2,4,4,2,1,1,1,1,2,1,2,2,2,2,2,1,1,1,2,2,1,2,3,5,2,2,2,2,2,3,3,1,3,1,1,5,1,1,2,4,3,2,3,3,3,2,2,2,1,1,1,4,3,4,2,2,2,1,1,2,1,1,3,2,1,1,3,1,3,3,3,2,3,1,1,1,3,2,1,1,3,3,3,1,1,4,3,2,1,3,1,3,4,1,1,2,2,2,2,3,1,1,1,2,2,3,2,2,1,2,1
CluIDFG21G_0476,2,1,1,1,1,4,3,2,2,2,2,1,1,3,3,3,3,2,2,2,1,3,1,2,2,1,2,2,1,1,2,2,2,2,3,2,2,2,2,3,3,1,2,3,1,3,2,2,2,1,4,1,2,2,1,2,1,2,2,1,3,3,1,5,3,2,2,1,2,3,2,2,3,2,3,3,2,2,3,1,3,3,2,2,2,1,3,2,1,1,2,2,1,3,3,2,2,4,3,1,2,2,2,2,3,2,1,1,1,1,3,3,2,1,1,1,3,2,4,2,1,3,2,3,2,2,2,1,3,4,1,2,3,3,2,2,3,3,3,2,2,2,1,1,1,3,1,3,2,2,1,2,2,3,1,1,1,1,1,1,3,3,2,2,2,2,1,1,1,3,2,2,3,1,2,3,1,2,4,1,2,2,3,1,3,3,2,1,1,2,2,1,4,4,3,2,1,1,2,1,2,4,1,2,1,2,2,2,1,2,2,1,2,1,1,1,1,1,2,1,2,3,2,3,4,1,2,2,2,2,1,2,1,2,2,1,2,1,1,1,2,2,2,1,2,2,2,3,4,1,3,2,2,1,2,2,1,1,2,2,2,2,1,1,3,3,2,2,4,4,1,1,2,3,1,2,3,3,1,1,3,3,3,3,1,2,2,2,2,3,2,1,4,2,3,1,2,1,3,1,1,2,1,2,2,3,1,1,2,2,2,1,1,1,1,2,2,3,1,1,2,1,2,2,1,2,3,1,5,3,3,3,1,1,4,1,1,2,2,2,2,2,3,1,2,3,2,2,1,1,3,1,1,4,1,1,1,2,2,1,2,2,2,3,3,1,2,2,3,3,2,1,2,2,3,1,1,3,4,3,2,3,1,2,1,1,2,1,1,1,1,3,1,2,2,1,3,1,3,3,2,2,1,2,1,3,3,3,2,2,2,2,1,2,3,2,2,3,3,2,3,1,3,3,3,1,3,1,1,2,2,2,2,1,3,1,3,1,2,3,2,3,2,2,2,2,2,2,2,4,4,2,2,1,2,2,1,1,2,1,1,2,1,2,1,3,1,2,2,1,4,4,2,2,1,4,3,1,2,3,1,1,1,1,1,1,2,1,2,5,3,2,1,1,2,2,1,2,4,4,2,2,2,4,2,1,2,2,2,1,3,1,2,2,2,3,1,1,3,4,3,3,3,3,3,1,2,2,3,2,2,2,2,1,3,4,3,1,2,1,1,3,2,4,1,3,3,3,3,1,3,1,1,1,2,3,1,2,1,2
CluIDFG21G_0479,2,1,2,2,4,4,1,1,1,1,1,1,3,3,4,3,3,2,5,3,3,3,2,1,1,2,4,4,1,2,2,2,2,3,2,1,3,2,1,2,3,3,3,3,3,3,2,2,2,1,3,4,2,1,2,1,2,1,2,2,2,2,4,5,3,3,1,3,2,3,2,3,2,3,4,4,3,2,1,1,2,3,2,2,2,2,4,4,3,1,2,2,1,2,3,3,3,4,1,1,2,2,3,3,1,1,2,2,4,4,3,3,2,2,2,2,1,2,4,3,1,2,2,2,2,2,1,3,2,2,2,2,1,1,1,1,4,1,2,2,2,2,2,1,2,3,3,3,1,1,2,1,3,2,4,2,2,1,1,1,2,3,1,2,2,2,1,1,1,1,2,2,3,3,3,3,2,2,4,2,3,2,2,1,1,3,1,1,1,1,1,2,4,4,1,2,1,1,2,2,2,2,2,3,3,3,3,1,1,1,1,4,1,1,1,2,1,1,3,3,3,3,4,4,1,1,2,1,1,2,3,2,2,2,1,1,1,1,2,2,2,3,2,2,2,1,3,3,3,3,1,1,1,1,3,2,1,1,2,2,4,4,2,2,2,2,2,3,2,4,2,1,2,1,2,2,3,1,2,2,1,2,3,1,2,2,2,2,3,3,2,1,3,3,3,1,3,3,3,2,1,1,1,1,2,2,3,1,1,3,2,1,1,2,2,1,1,1,1,2,4,3,2,2,1,2,3,3,2,4,3,3,3,1,2,2,2,2,1,1,2,1,2,1,2,1,2,1,1,1,3,3,2,4,1,2,1,2,1,2,3,1,2,2,1,3,3,3,4,4,1,1,2,2,3,3,3,3,3,3,3,3,1,1,1,1,2,2,1,2,3,2,1,2,2,2,3,2,1,3,1,2,3,2,3,2,2,3,2,2,2,2,1,2,1,2,2,3,1,3,3,1,2,2,3,3,2,1,3,1,2,2,2,3,1,2,1,3,1,3,2,3,1,3,3,2,2,3,4,4,2,5,1,1,1,1,1,2,2,2,2,2,3,1,3,3,1,1,1,1,3,3,5,5,2,4,2,3,3,3,1,1,1,1,2,1,1,1,4,1,1,1,4,3,1,1,2,2,4,1,4,4,2,2,2,2,1,2,2,3,1,1,2,2,2,2,1,2,1,3,3,2,3,1,3,1,2,3,3,2,1,3,2,3,4,3,2,1,3,3,1,4,2,1,1,1,1,2,1,2,3,1,3,3,2,2,2,1,1,3
CluIDFG21G_0514,2,2,3,2,4,4,2,3,2,2,3,1,3,3,4,3,3,2,1,5,1,1,2,1,1,2,4,2,2,1,2,3,2,2,2,3,1,1,1,2,1,3,3,3,3,1,2,2,2,1,4,3,2,2,3,3,2,1,2,1,2,2,4,4,2,3,1,2,3,3,2,3,2,3,3,3,3,2,1,1,3,3,1,1,2,3,2,4,1,1,1,2,1,3,1,1,4,3,1,1,2,2,2,1,3,3,1,2,4,4,1,3,1,1,2,2,1,3,1,1,3,3,3,1,2,3,3,2,1,2,3,2,1,1,2,1,3,3,2,2,1,1,2,2,2,2,3,3,1,1,1,1,3,3,1,2,1,2,1,1,2,2,2,1,3,3,3,1,1,1,1,1,1,3,3,2,2,1,2,2,2,1,1,1,2,2,1,2,2,2,2,2,2,4,3,2,1,1,2,1,2,2,1,2,1,1,4,3,3,3,4,2,2,2,1,2,1,1,2,3,3,3,3,3,3,4,1,1,1,1,2,1,2,2,1,3,1,2,2,2,2,2,1,1,2,2,3,2,2,4,3,2,1,1,2,3,2,1,2,1,1,3,1,2,1,3,1,2,4,2,3,1,3,2,2,1,2,2,2,2,2,1,3,2,1,1,2,2,3,2,1,2,1,1,3,2,2,3,3,3,2,2,2,2,2,2,3,3,3,2,1,1,3,1,2,1,2,2,1,2,3,4,2,2,2,1,3,3,1,2,2,3,2,3,4,2,3,2,1,1,2,2,1,2,2,2,3,2,2,1,1,1,4,1,1,2,2,2,1,2,1,1,3,3,1,1,2,1,2,4,2,2,1,1,1,3,1,2,3,4,3,3,1,1,1,1,2,2,1,2,2,2,2,3,2,2,2,1,3,3,2,2,1,1,3,3,2,3,2,2,2,2,2,3,3,3,3,2,2,3,4,4,3,1,3,3,3,4,2,1,2,2,4,4,2,1,3,3,3,3,2,3,3,3,1,2,2,3,2,4,4,2,1,1,1,3,1,1,1,1,2,2,2,3,3,3,1,1,1,1,3,3,2,1,4,1,3,1,1,3,1,3,1,2,1,2,1,1,5,3,2,2,2,2,2,1,2,1,1,4,1,3,2,2,3,2,1,1,2,3,3,3,1,2,1,2,3,2,2,3,2,2,3,3,3,1,2,2,2,2,3,3,2,3,3,4,2,1,3,3,3,4,2,2,2,1,2,2,1,2,4,3,2,3,2,2,2,2,1,1
CluIDFG21G_0520,2,1,2,3,3,4,2,1,1,1,1,3,1,3,2,2,2,2,2,1,1,2,2,3,2,2,4,4,4,4,3,2,2,2,3,1,1,3,3,3,2,1,1,3,1,1,1,2,1,1,1,4,1,2,3,3,1,2,1,1,2,3,1,4,2,2,2,4,3,2,2,2,3,2,3,4,2,2,1,1,3,2,2,2,3,2,5,2,1,3,2,2,3,3,1,1,3,2,1,2,2,1,1,2,3,1,2,1,1,4,1,2,2,3,1,2,3,1,3,4,3,3,2,2,1,2,3,1,2,2,1,2,2,3,1,2,1,2,3,1,2,2,1,2,1,2,5,5,1,3,2,2,3,1,2,2,3,1,2,1,3,3,2,1,3,2,3,2,3,1,1,1,3,3,3,3,2,2,4,1,3,2,1,2,2,1,1,2,2,1,1,1,4,6,2,3,1,1,2,1,3,2,2,4,1,1,4,4,3,1,2,2,2,3,1,1,2,2,3,3,1,3,3,4,3,3,2,2,1,2,1,3,1,2,2,3,1,1,1,2,2,2,3,1,1,2,3,2,3,1,3,3,2,2,2,3,2,1,1,2,3,2,3,3,3,3,2,1,1,1,1,1,1,2,2,2,2,2,2,1,3,2,2,3,1,2,3,3,2,3,2,1,4,3,1,3,3,3,1,3,2,2,2,2,2,3,3,3,3,2,2,1,2,1,1,1,3,2,1,2,3,3,1,1,1,1,3,1,3,5,3,3,4,1,1,2,2,3,2,2,2,1,2,1,2,2,2,2,1,2,3,1,2,5,2,1,1,2,2,2,1,3,3,2,3,1,3,1,2,4,1,3,2,1,3,1,2,1,3,3,1,3,2,1,2,2,2,2,2,2,3,2,2,2,2,2,2,2,3,3,2,2,3,2,3,3,2,2,1,1,1,1,1,1,2,3,2,3,3,1,4,1,2,2,3,1,2,4,1,2,2,2,2,3,1,2,3,3,2,3,2,2,3,2,2,2,2,5,1,3,1,4,3,1,1,1,1,1,2,1,2,1,1,1,1,1,1,1,1,1,3,3,4,2,4,3,2,3,3,3,1,1,2,2,1,5,1,1,3,2,2,2,1,1,2,2,1,1,3,2,4,4,2,1,2,2,1,2,3,3,1,3,2,2,3,3,1,3,2,3,3,3,3,1,1,1,2,2,2,3,2,3,1,1,3,4,1,2,1,3,1,1,1,4,1,1,3,1,2,3,3,1,2,2,3,2,3,2,1,2
CluIDFG21G_0524,1,1,3,2,4,4,2,2,2,2,1,3,3,1,4,2,3,2,2,5,1,3,2,1,3,2,4,4,1,1,3,3,2,2,1,1,1,1,3,3,3,2,3,1,3,1,2,2,2,1,4,2,2,2,2,2,2,1,2,1,2,2,4,2,3,2,1,2,2,2,1,1,3,3,3,3,3,3,3,1,1,3,1,2,1,3,1,2,2,2,2,2,3,3,1,3,4,4,2,1,1,3,2,1,3,3,2,2,4,4,3,2,2,2,2,2,2,1,4,1,2,3,2,1,1,3,2,3,2,2,1,1,3,3,2,2,3,3,3,3,1,1,2,2,2,2,1,1,1,1,1,1,3,1,2,2,1,3,2,2,2,3,1,1,2,3,3,3,3,3,1,3,3,2,2,3,2,2,4,1,2,1,2,3,1,1,1,1,2,2,1,2,4,4,3,3,1,2,2,1,3,2,2,4,1,3,4,3,1,3,1,2,1,2,2,2,1,2,3,4,3,1,4,1,3,4,2,1,2,2,2,2,1,2,2,2,1,2,2,2,1,1,1,1,2,2,2,3,4,4,3,2,1,1,2,3,2,2,2,2,2,4,2,2,1,3,2,3,4,2,1,1,2,1,1,2,2,3,2,1,3,3,2,2,2,2,3,3,3,2,2,2,4,1,3,2,3,2,2,2,2,1,2,2,3,2,1,1,2,2,2,2,3,3,2,1,1,3,2,1,4,2,1,2,1,2,2,3,3,1,1,3,2,1,3,2,2,3,2,2,1,1,1,1,2,3,1,2,2,1,2,1,4,5,1,1,2,1,1,1,2,3,3,2,1,2,3,2,3,4,2,1,2,2,3,3,3,2,4,5,3,1,1,2,1,2,1,2,1,2,1,2,1,1,2,1,2,3,3,1,2,1,2,2,3,2,3,2,2,2,2,2,1,3,2,3,1,1,3,2,3,1,2,2,3,3,3,3,3,3,2,2,2,3,2,2,1,3,1,3,3,2,3,1,1,1,3,2,1,1,4,2,3,1,2,1,1,3,1,1,1,2,1,1,3,3,1,1,1,2,4,3,1,5,5,5,2,3,2,3,2,3,1,2,1,1,1,2,5,2,3,2,1,1,1,2,2,2,2,1,3,2,4,2,2,2,2,1,2,2,3,3,1,1,3,1,2,1,1,3,3,3,3,3,3,1,2,2,2,3,1,3,1,3,3,4,1,1,2,1,4,3,2,2,2,2,2,3,3,1,3,4,1,1,2,3,2,3,1,2
CluIDFG21G_0535,1,1,1,1,4,2,2,1,2,1,1,1,4,3,4,4,3,2,3,3,1,3,2,1,1,2,1,4,2,1,2,2,2,2,2,3,3,3,1,3,3,2,3,3,1,3,3,2,2,1,3,2,1,1,1,2,2,2,1,2,2,1,5,4,2,3,2,1,2,3,3,2,3,1,4,2,3,2,2,3,2,3,2,1,2,1,4,2,1,1,2,2,2,3,1,3,3,2,2,1,2,1,3,1,3,1,1,2,2,4,1,2,1,2,2,2,3,2,3,1,2,1,3,3,2,2,1,1,2,1,1,3,3,1,2,1,2,4,1,2,2,1,2,1,2,3,1,3,1,2,1,1,3,1,2,2,1,1,2,2,3,3,2,2,2,3,3,1,3,3,1,1,3,3,3,3,1,1,1,1,3,2,2,1,3,1,1,1,2,1,1,1,7,1,2,1,1,1,2,2,2,2,4,1,2,1,2,2,1,1,2,4,2,1,1,2,2,2,3,2,3,3,2,2,3,4,1,1,1,1,2,2,1,1,3,1,1,1,2,2,2,3,2,3,1,2,3,3,1,1,3,3,2,1,3,2,1,2,2,2,1,2,1,1,3,3,2,2,4,4,1,2,1,1,1,1,2,3,2,2,2,2,3,3,1,1,3,2,4,2,1,1,1,2,3,2,3,2,3,3,1,2,1,2,3,3,3,1,2,2,3,1,2,1,1,2,3,2,2,2,4,3,2,1,2,1,2,1,4,2,3,1,2,4,2,2,2,2,2,2,2,1,2,2,1,2,3,3,2,2,1,2,5,5,1,2,1,2,2,2,1,1,2,2,1,1,3,3,3,3,2,3,2,2,1,3,2,1,5,4,1,1,1,2,1,2,2,2,2,1,2,3,2,1,2,2,3,1,3,1,2,2,1,1,3,1,3,3,2,2,1,2,3,1,2,2,1,3,2,3,1,3,2,3,1,3,3,2,3,2,2,2,3,3,3,1,3,1,3,3,3,2,2,3,3,1,3,3,4,4,4,5,2,3,3,1,1,1,2,1,2,1,2,3,3,1,1,2,1,1,4,3,2,4,4,4,2,2,2,2,1,1,2,1,1,5,2,2,2,3,2,3,1,1,1,2,2,2,4,2,4,3,2,2,3,2,1,1,3,3,3,4,2,2,1,1,3,2,2,3,3,3,1,2,2,1,2,3,3,2,3,3,2,2,4,4,1,2,2,2,3,4,1,2,3,2,3,3,3,2,1,3,2,3,2,3,2,3,1,2
CluIDFG21G_0543,2,2,2,3,1,4,3,2,2,1,2,1,3,3,3,2,2,3,3,5,3,2,3,2,1,2,4,4,1,2,3,2,2,3,1,1,1,4,3,1,2,3,2,1,1,3,3,2,2,2,4,3,2,2,2,3,2,1,1,1,3,2,4,2,2,1,3,3,2,2,2,1,2,2,4,3,2,1,1,3,1,1,1,2,1,2,1,3,2,3,2,2,3,1,2,1,3,4,1,1,1,2,1,2,3,3,2,2,4,4,2,1,2,1,2,1,2,1,1,1,1,3,2,2,2,3,3,3,4,4,3,1,1,2,1,2,2,2,2,2,2,1,2,2,2,2,3,1,1,1,2,2,3,3,4,2,3,1,2,2,3,3,3,3,2,2,3,1,3,3,1,1,2,2,3,2,2,1,2,2,2,2,2,1,3,1,1,2,2,2,2,1,4,4,3,3,1,1,2,2,2,3,4,4,2,1,4,4,1,1,4,2,3,2,1,1,1,1,1,3,2,1,4,1,2,3,1,1,2,2,3,2,1,1,3,1,3,2,2,2,2,1,2,1,1,2,3,2,4,4,1,2,1,1,3,3,2,2,2,2,4,4,2,2,3,3,1,2,1,4,1,1,2,1,2,2,2,3,1,1,3,3,2,2,1,1,2,2,3,3,1,2,4,3,3,1,3,2,2,2,2,2,1,2,1,1,1,2,2,2,3,1,2,1,2,2,3,1,2,2,2,3,2,2,1,2,1,3,4,1,3,2,3,4,2,2,1,2,1,1,2,1,1,3,3,2,3,2,1,1,2,1,5,5,1,2,2,2,1,1,1,2,3,3,3,1,2,3,4,4,3,3,2,1,3,5,2,3,3,4,3,1,2,1,1,2,2,1,1,1,1,2,2,2,2,2,3,3,3,1,2,1,3,2,3,2,2,3,1,2,2,1,1,2,2,2,2,2,3,1,3,4,3,2,3,1,4,3,1,3,1,2,2,3,2,3,3,1,3,3,3,2,2,2,1,2,3,3,4,2,2,4,1,1,1,1,2,1,1,1,2,2,2,2,1,3,2,2,2,1,3,4,5,2,4,2,5,2,2,3,3,3,2,1,1,1,1,2,4,3,2,2,1,2,1,1,2,2,3,4,3,4,1,4,1,1,1,1,2,3,3,3,1,2,1,3,3,3,2,2,1,3,2,2,1,1,2,2,2,2,3,3,1,3,4,3,2,3,1,3,3,2,4,2,3,3,2,3,2,2,3,3,3,1,3,2,3,2,1,2
CluIDFG21G_0551,2,1,1,2,4,4,3,2,1,1,1,1,1,3,4,2,3,2,1,3,3,1,2,1,2,3,4,4,1,1,2,3,2,2,3,2,2,1,3,1,2,2,3,3,1,1,2,2,2,2,2,3,2,2,1,2,2,1,1,1,2,2,1,1,1,1,1,1,3,3,2,2,3,3,4,3,1,3,2,2,1,3,1,1,3,2,4,3,3,1,2,2,1,2,1,1,3,2,1,2,3,1,2,3,3,3,2,1,4,4,1,3,1,3,2,2,1,3,3,3,2,1,3,2,2,2,1,3,1,1,3,2,3,3,2,2,4,3,3,2,2,2,1,1,2,3,1,1,1,3,2,2,3,1,2,1,2,1,1,1,3,3,1,2,3,2,1,2,3,3,1,1,3,3,2,3,1,2,2,1,3,2,2,3,2,2,1,1,2,2,1,1,7,7,3,2,1,1,2,2,2,1,2,1,2,1,2,4,1,2,1,2,1,1,1,1,2,2,3,4,3,1,2,1,3,3,1,2,1,1,2,3,2,2,1,2,1,1,2,2,3,3,3,3,1,2,2,3,2,3,3,2,1,2,2,2,1,1,1,2,4,2,3,3,1,1,3,2,4,1,2,1,3,1,1,1,2,2,2,2,3,2,3,3,2,2,3,3,2,2,1,1,1,4,3,3,2,2,2,1,2,1,1,2,2,2,3,1,3,3,3,2,3,1,2,1,2,3,2,2,3,4,2,2,1,2,3,1,5,3,3,1,2,2,2,3,2,2,1,2,2,1,1,1,2,2,2,2,2,2,1,2,4,4,1,1,1,2,2,2,3,2,2,2,3,1,3,3,3,3,1,3,2,2,1,3,1,3,2,3,3,3,1,1,1,1,1,2,2,2,3,3,3,2,2,2,2,3,2,1,1,2,2,2,2,3,3,2,2,2,2,1,1,3,4,3,1,3,3,1,4,3,1,2,3,1,4,3,2,3,1,2,3,2,1,1,3,2,3,3,2,2,3,3,2,3,1,4,3,2,4,2,3,1,1,2,1,1,1,1,2,1,1,2,1,1,2,2,2,2,2,2,2,2,4,4,3,3,1,2,1,1,2,2,1,1,1,1,2,4,3,2,2,1,2,2,2,1,4,4,4,1,1,1,3,1,1,1,2,3,1,3,2,1,1,2,1,1,3,1,3,3,2,1,1,1,1,4,3,1,3,1,2,1,4,4,1,2,2,3,4,4,2,4,1,2,3,3,2,3,1,2,1,2,3,3,2,3,1,1
CluIDFG21G_0552,2,1,3,3,2,3,1,1,2,1,1,1,3,3,3,4,2,1,1,1,1,3,2,1,2,3,4,4,1,1,3,2,2,3,2,2,3,3,1,3,3,3,3,3,1,1,2,2,1,2,3,2,1,2,3,2,1,2,1,1,3,2,4,5,1,3,1,1,2,3,3,3,1,2,3,4,2,3,1,1,3,3,2,2,2,2,3,4,3,1,2,2,3,3,3,1,3,2,1,2,2,3,2,2,3,1,1,2,4,2,2,1,1,2,2,2,2,1,3,1,1,2,2,3,2,3,3,3,4,2,2,3,2,1,2,1,3,2,1,2,2,2,1,2,3,3,1,3,1,2,2,1,3,1,1,4,1,1,2,2,2,3,2,1,2,2,3,1,2,1,1,1,3,3,3,1,1,2,4,2,3,2,2,3,2,3,2,2,1,2,1,1,2,7,1,3,1,2,2,2,2,2,2,2,1,1,2,2,1,1,4,1,1,1,2,2,2,2,3,3,2,1,4,4,1,3,1,1,2,1,2,3,1,1,3,1,1,1,2,2,3,2,3,1,1,1,3,2,4,1,1,3,1,2,2,3,1,1,1,1,3,2,1,3,3,1,3,2,4,5,2,3,3,1,2,1,2,3,1,2,3,2,3,3,1,2,2,3,1,3,1,2,3,3,3,3,2,3,2,2,1,1,2,1,3,1,3,1,2,3,2,3,1,2,2,1,1,2,1,2,4,4,2,1,1,1,3,2,2,1,1,3,4,5,2,2,2,2,2,1,1,2,2,1,2,1,3,2,2,1,2,1,5,5,1,1,1,1,2,2,1,1,2,2,3,1,3,3,2,3,2,2,2,2,3,1,3,3,4,5,3,2,1,2,1,1,2,2,2,2,2,1,1,1,1,1,3,3,3,1,2,2,3,2,2,3,2,2,1,2,1,1,1,1,2,2,2,2,1,1,4,4,3,2,3,1,4,2,1,2,2,1,3,2,3,2,1,3,3,3,2,2,3,3,1,2,2,4,4,4,5,4,2,2,3,1,1,1,2,2,1,2,1,1,2,3,1,1,1,1,3,3,2,2,3,3,4,4,3,1,1,1,2,1,1,5,1,2,3,5,1,2,3,1,1,2,2,2,4,4,4,3,2,2,2,2,1,1,2,3,3,3,2,1,3,1,3,1,4,3,3,2,3,3,1,1,2,2,2,3,3,3,2,2,1,3,1,2,3,1,4,3,4,2,1,2,2,2,2,3,3,2,3,1,3,3,1,3,2,1
CluIDFG21G_0559,2,1,1,2,4,1,3,1,2,2,1,1,1,4,3,3,1,1,1,3,3,2,1,2,1,1,4,2,2,1,3,3,2,2,3,2,3,4,3,3,1,3,1,3,1,1,2,2,1,1,3,3,1,2,2,2,2,2,1,1,1,2,3,2,3,2,2,1,3,2,2,2,3,3,4,4,3,3,1,1,2,3,2,2,2,3,4,4,3,3,2,2,2,2,3,3,4,4,1,1,3,2,1,2,3,3,2,2,2,4,1,2,3,1,1,1,1,1,3,3,1,1,1,1,1,1,2,2,4,3,1,2,3,1,2,1,3,2,2,2,1,2,1,1,3,3,1,3,1,2,1,2,1,1,2,2,3,1,2,2,3,3,1,3,3,2,1,1,3,1,2,1,3,3,3,3,2,2,2,2,3,1,1,2,1,2,2,2,1,1,2,2,4,7,2,3,1,1,1,2,2,2,3,3,1,3,1,3,1,2,2,1,1,2,1,2,1,2,1,3,3,2,3,2,3,1,2,1,2,2,2,1,2,1,2,2,2,2,1,1,2,2,1,2,2,2,3,3,1,1,3,3,1,2,3,2,1,1,2,2,4,3,2,2,3,2,3,2,2,4,1,1,1,1,2,2,3,2,2,1,3,2,3,3,2,1,2,2,3,2,2,1,3,4,1,1,3,3,2,1,1,2,1,1,1,3,1,3,2,2,1,3,2,1,2,1,2,2,1,1,4,3,1,2,2,2,3,3,5,3,3,3,3,1,2,2,2,1,2,1,1,2,2,1,3,1,2,3,2,1,2,1,4,5,1,2,2,2,1,2,3,3,2,2,2,3,3,2,3,2,3,3,2,2,3,3,1,1,4,4,2,3,1,2,1,1,1,1,2,2,2,3,3,1,1,2,3,2,3,1,2,1,2,2,2,3,3,3,1,2,1,2,2,3,2,3,3,3,3,3,3,1,3,1,3,1,3,4,1,1,2,2,2,2,1,3,3,1,3,3,3,2,1,3,3,1,1,3,1,2,1,5,1,1,2,1,2,1,2,1,1,2,1,1,3,1,1,1,2,1,4,3,5,2,4,2,3,3,3,3,1,1,1,1,1,1,2,2,5,5,2,3,2,1,2,2,1,1,4,4,4,2,4,3,2,2,1,1,3,2,1,3,2,2,3,1,1,1,4,4,3,3,3,3,1,3,1,2,2,2,1,2,2,3,2,2,2,2,2,2,1,1,4,4,2,2,3,3,3,2,1,1,1,1,3,1,1,2,1,1
CluIDFG21G_0569,1,2,1,3,1,4,3,2,2,2,1,1,3,4,3,4,3,1,2,5,1,3,2,1,2,1,4,4,1,4,2,2,2,2,2,1,1,1,1,1,2,2,3,3,3,1,2,2,2,1,1,2,2,1,1,1,2,1,2,1,2,1,4,4,2,3,1,1,3,1,2,2,2,3,3,2,1,2,3,1,1,3,2,1,1,3,2,5,2,1,2,1,2,1,2,3,1,3,3,2,2,3,2,2,3,3,2,1,4,4,3,2,2,1,2,1,3,2,3,1,1,1,2,3,1,3,2,1,2,3,3,2,1,3,2,2,1,3,1,2,1,1,1,2,2,2,3,1,2,2,1,2,3,3,2,1,1,1,2,2,1,3,2,2,2,1,1,1,3,3,1,1,3,3,3,3,1,1,2,1,2,1,3,1,3,2,2,2,2,1,1,2,7,4,2,2,1,2,2,2,2,3,1,1,1,1,3,4,2,3,2,3,3,3,1,2,2,2,2,2,3,3,4,4,1,1,1,2,1,1,2,2,2,1,1,1,1,3,2,1,3,2,1,1,2,1,3,3,1,2,3,3,1,1,2,2,1,1,2,2,4,2,3,2,1,2,2,3,2,1,2,1,1,3,2,2,3,3,2,2,2,2,3,3,2,2,2,3,3,2,1,2,1,3,3,3,1,2,2,2,1,1,1,2,2,3,1,4,2,2,2,2,3,3,2,1,1,1,2,1,3,4,1,2,2,1,2,3,1,3,3,2,5,4,4,1,2,2,2,1,2,1,2,1,3,2,1,2,1,1,3,1,1,4,1,2,2,1,2,1,2,3,1,2,3,3,2,4,3,4,3,1,1,2,1,5,1,3,3,4,3,1,1,2,1,1,2,2,2,2,3,2,1,1,2,2,2,3,3,1,2,2,3,1,2,3,3,2,1,1,1,1,1,1,2,2,1,2,1,1,3,4,3,2,3,3,3,3,3,3,2,2,2,2,2,1,3,3,3,3,2,3,2,2,1,1,3,3,3,4,5,4,1,2,3,1,1,1,1,2,2,2,2,1,3,3,1,1,2,1,4,3,5,5,2,4,2,2,3,3,1,1,1,2,1,1,2,1,2,2,3,2,2,2,2,1,2,2,1,1,4,4,4,3,2,1,2,1,2,2,1,1,1,2,3,2,1,3,1,2,2,3,3,1,3,3,1,2,1,2,3,2,3,2,5,3,1,2,1,3,4,2,4,1,2,1,3,2,3,3,4,1,2,3,3,2,2,2,1,1
CluIDFG21G_0571,1,2,2,3,4,4,2,1,2,2,3,1,1,3,3,3,2,1,3,1,1,2,1,2,2,2,1,2,1,1,3,3,3,2,1,1,1,3,1,3,3,2,3,1,1,3,2,2,1,2,1,2,1,2,3,1,1,2,1,1,2,2,4,4,2,4,1,2,2,1,2,2,3,3,3,2,2,1,1,1,2,1,1,1,3,2,5,5,2,3,2,2,1,3,3,3,3,3,1,1,2,3,2,2,3,3,2,1,2,2,3,3,1,2,2,2,1,1,4,4,3,2,2,2,2,2,3,3,2,3,3,1,1,3,2,2,3,1,1,2,1,1,2,1,2,2,1,3,1,2,1,2,3,3,1,2,1,2,2,1,2,1,1,1,2,3,1,1,3,3,1,2,3,3,3,3,1,2,1,2,2,2,2,2,1,3,1,2,2,2,2,1,4,4,3,3,1,1,2,2,2,3,4,3,1,1,4,3,2,3,2,2,3,2,2,1,2,2,2,3,2,1,4,1,3,3,1,1,2,1,3,2,1,1,1,3,1,1,2,1,3,3,1,3,2,2,3,2,1,2,2,2,1,1,3,2,1,1,1,2,2,2,3,3,3,1,3,2,4,1,2,2,1,1,2,1,2,2,1,1,2,2,2,3,1,1,3,3,2,2,2,1,4,5,1,1,3,2,1,3,2,1,2,2,2,3,3,3,3,1,2,1,3,2,2,2,1,2,1,1,2,4,2,2,1,2,2,3,2,1,1,3,5,4,1,4,2,1,1,2,2,1,3,2,3,3,2,2,1,1,1,1,4,4,1,1,1,2,2,2,1,2,2,3,3,1,2,3,3,2,3,2,1,1,5,5,1,2,4,4,3,3,1,1,1,1,2,1,2,2,3,3,1,1,1,1,3,3,3,1,2,1,3,3,3,2,3,2,1,2,1,1,1,3,2,2,3,2,1,3,3,4,3,2,1,3,3,3,2,2,2,2,3,3,1,1,3,3,3,2,3,2,2,3,1,2,2,3,4,1,5,4,1,1,1,3,1,1,1,1,2,2,2,2,3,2,1,2,2,1,2,4,5,2,4,2,1,2,3,3,3,1,2,2,1,3,1,1,3,3,2,2,2,1,2,1,2,1,4,4,4,1,4,2,1,2,2,2,2,2,3,1,1,2,3,3,1,1,2,2,3,3,2,3,3,2,1,2,3,2,1,1,1,2,2,5,2,1,3,1,2,4,2,1,1,2,2,2,3,2,4,1,3,3,2,2,2,2,1,2
CluIDFG21G_0581,1,1,2,1,4,2,1,1,2,1,1,1,3,1,4,1,2,3,5,1,3,2,1,3,2,2,4,2,1,4,3,3,2,2,3,1,3,1,3,2,3,3,3,3,3,3,1,3,2,1,2,2,1,2,2,1,1,2,1,1,1,2,3,5,2,2,1,3,3,3,2,2,2,2,3,4,1,3,1,3,3,1,2,1,2,2,3,3,1,1,1,1,3,3,3,2,3,3,2,2,2,1,2,2,1,3,1,2,3,1,1,1,3,1,2,1,1,1,3,3,3,3,2,2,2,2,3,3,2,4,2,2,3,3,2,1,2,4,2,2,1,2,1,1,3,2,5,3,3,1,1,1,3,3,2,2,2,3,2,1,2,3,1,1,2,2,1,2,3,3,1,1,3,2,3,3,2,1,2,2,2,1,2,1,1,3,2,2,2,2,2,2,7,7,3,3,1,1,2,1,2,1,4,1,1,2,2,4,3,1,2,2,2,1,2,2,2,2,3,2,3,3,4,4,2,2,2,2,1,2,1,3,2,1,2,1,1,3,2,1,3,3,1,1,1,1,3,2,3,1,3,3,1,2,3,1,2,1,1,2,2,3,2,1,3,3,2,2,2,2,3,1,1,1,2,2,3,3,2,2,2,3,3,3,2,2,2,2,1,3,2,1,3,4,3,1,3,1,1,2,1,1,2,2,2,3,3,3,2,3,2,1,2,3,1,1,2,2,1,1,1,4,2,2,1,1,2,2,1,5,3,1,4,2,5,3,1,2,1,2,2,1,2,2,1,3,3,3,1,2,2,1,1,4,1,1,2,1,2,2,3,3,2,2,3,2,3,2,3,3,3,3,1,2,1,1,1,3,5,4,3,3,1,1,2,2,2,2,2,2,3,1,2,3,2,1,2,3,1,1,1,2,2,3,2,3,3,3,2,2,1,1,1,2,4,2,2,2,1,1,3,4,1,2,3,1,2,3,3,1,1,1,2,2,2,1,3,1,2,3,3,2,3,2,3,2,2,2,4,2,4,2,3,1,3,1,2,2,2,2,1,1,2,1,1,1,2,1,2,2,3,2,2,1,5,4,4,3,3,3,1,3,1,2,1,1,1,1,2,5,1,3,1,4,2,2,1,2,2,1,4,4,1,1,1,1,1,1,3,1,4,1,2,2,1,2,2,1,3,1,1,2,3,2,1,1,2,4,3,2,3,3,2,3,4,4,2,2,2,2,4,4,2,2,1,3,3,2,2,2,1,2,2,3,2,3,3,1,2,2
CluIDFG21G_0584,2,2,3,3,4,3,3,2,2,1,1,3,3,1,2,4,2,2,1,3,1,2,2,2,2,1,4,2,4,1,3,3,3,2,1,2,3,3,1,1,2,3,3,3,1,1,2,2,2,2,3,3,1,2,3,1,1,2,1,2,3,2,4,4,1,2,1,3,3,2,2,1,2,3,3,3,3,2,1,2,3,1,1,1,3,1,5,2,3,2,1,2,2,1,3,1,4,2,2,1,2,3,2,1,3,1,1,1,1,4,1,3,1,2,2,1,1,2,3,1,1,2,2,2,2,2,3,1,2,4,3,1,3,1,1,2,1,3,2,2,1,2,1,1,3,2,3,1,1,2,2,2,1,1,4,2,1,1,2,2,2,3,1,2,2,2,2,3,1,3,1,1,2,3,3,2,1,1,1,2,2,2,1,1,2,3,2,1,2,2,1,1,2,7,1,2,1,1,1,2,4,2,2,3,1,1,3,2,2,1,4,2,1,3,2,2,2,2,1,3,2,3,2,4,4,1,1,1,2,2,2,2,2,1,1,1,1,1,1,2,2,3,1,3,1,1,3,3,1,3,3,3,1,1,3,3,1,1,2,2,3,2,3,1,1,3,3,2,4,4,1,1,3,2,2,2,2,2,1,1,1,3,3,3,2,1,2,3,3,3,1,2,3,5,3,1,2,2,2,2,1,1,2,2,2,3,3,3,2,2,1,2,3,2,1,2,2,1,1,1,4,3,1,2,2,1,3,2,1,2,3,1,5,4,1,2,3,2,2,2,1,2,2,1,2,3,2,2,1,1,2,3,1,5,1,1,1,2,2,2,1,1,3,2,1,1,2,3,2,4,3,3,2,2,5,1,2,1,5,4,3,1,2,1,1,2,1,1,1,2,2,1,2,1,1,2,1,3,3,1,2,1,2,1,3,1,2,3,2,2,1,2,1,2,2,2,2,2,2,1,3,1,2,3,1,1,2,4,2,2,2,2,2,1,2,2,3,1,3,2,2,2,3,3,3,1,2,3,2,4,1,2,2,2,3,1,1,1,1,1,2,1,2,2,1,3,1,2,2,1,3,3,2,5,2,4,3,3,3,3,1,2,2,2,1,1,2,2,2,5,3,3,2,1,1,2,2,2,4,4,2,4,2,2,2,2,2,2,2,2,3,3,1,1,3,3,1,1,3,3,2,2,3,3,2,1,2,2,2,2,3,3,2,1,3,4,2,1,2,2,4,1,4,4,2,3,3,3,2,2,1,3,3,1,2,3,2,3,1,1
CluIDFG21G_0585,2,1,2,1,1,4,3,3,2,2,1,1,3,3,4,3,1,3,2,2,2,1,3,1,3,2,4,4,1,4,3,2,1,1,1,2,4,3,3,3,3,3,3,3,1,1,2,3,1,2,3,4,2,2,3,1,1,1,1,1,2,2,4,1,1,2,1,2,2,3,2,3,2,1,3,3,3,3,2,1,2,1,2,2,1,2,2,4,3,1,2,2,2,1,3,1,4,3,1,2,1,2,1,3,1,3,1,2,4,3,3,1,1,2,2,1,3,2,3,1,2,1,2,3,1,1,3,3,4,1,2,2,3,3,2,1,4,3,2,2,2,2,1,2,3,3,3,3,2,2,2,1,3,3,2,1,2,2,1,1,3,3,2,2,2,2,1,1,3,1,1,2,3,3,2,3,1,1,2,1,1,2,3,1,1,3,1,1,2,1,1,1,4,6,2,3,1,1,2,2,2,1,1,4,1,1,2,4,2,1,1,2,3,1,1,2,1,1,2,1,2,3,4,3,1,3,1,1,2,2,1,2,2,2,2,2,1,1,1,2,3,2,3,1,2,3,3,2,3,3,3,2,2,1,3,3,1,1,2,2,1,3,2,1,1,3,2,3,2,5,1,1,2,3,1,1,3,2,2,2,1,3,2,3,2,2,2,3,2,3,1,1,2,4,1,3,3,2,2,2,1,1,1,1,1,2,1,3,3,3,3,1,1,3,2,2,3,2,2,2,3,4,2,2,2,2,3,3,5,5,3,1,3,4,4,2,2,2,2,2,1,2,2,2,3,2,2,2,2,1,1,1,4,5,1,2,1,1,1,2,2,2,1,3,1,1,3,1,2,3,2,3,2,1,1,2,3,3,1,2,3,2,1,2,1,2,1,1,1,2,3,1,3,1,1,1,3,1,2,3,1,1,1,2,2,3,3,3,1,2,1,1,1,2,3,2,2,2,3,1,4,2,2,2,1,3,3,4,1,3,2,2,3,2,1,2,1,3,2,1,2,2,3,3,1,2,2,3,2,4,4,4,2,3,1,3,1,1,2,2,2,2,1,1,1,1,1,1,1,1,3,3,2,2,4,4,4,3,3,3,2,3,2,1,1,1,1,2,3,3,2,3,1,1,2,2,2,2,2,2,1,2,1,2,1,3,2,1,3,2,3,3,2,1,2,3,2,1,3,4,3,3,2,3,2,3,1,2,2,3,1,3,2,2,3,4,2,2,2,2,2,4,2,2,3,3,3,3,1,2,3,2,3,2,3,2,3,1,1,2
CluIDFG21G_0589,1,2,1,2,4,4,1,3,2,2,1,1,3,4,4,3,3,2,2,3,3,2,2,1,1,1,4,4,2,4,2,2,2,2,1,2,3,1,3,3,3,3,3,3,3,1,2,3,2,2,4,2,2,1,1,1,2,2,1,2,1,2,4,3,2,2,2,1,2,3,2,2,2,3,3,3,1,3,3,3,3,3,2,2,2,1,4,1,1,1,2,1,3,1,2,1,3,3,2,1,1,3,3,2,1,3,2,2,2,3,3,3,2,2,1,1,3,2,1,4,1,3,2,3,2,2,1,2,1,2,3,1,1,1,2,2,4,3,2,2,1,1,2,2,2,2,5,1,2,2,1,1,3,3,1,2,1,3,2,2,2,3,2,3,2,1,1,1,1,1,2,2,3,2,2,3,1,2,2,1,2,2,1,2,1,1,1,1,2,1,1,1,7,4,1,3,1,2,2,1,1,2,1,2,1,2,2,2,1,1,2,2,1,3,2,2,1,2,3,3,1,3,3,3,3,3,2,1,1,1,3,3,1,2,3,1,1,1,2,2,3,2,1,3,2,3,3,3,3,1,3,3,1,2,2,3,2,2,1,1,2,3,2,1,1,3,2,3,4,1,2,3,1,1,1,2,1,2,1,1,3,3,3,2,2,1,1,2,3,3,2,2,4,1,3,3,3,1,1,2,1,2,2,2,2,2,3,1,2,2,1,2,1,1,1,1,1,2,2,2,4,4,2,2,2,2,3,3,1,1,3,1,1,3,5,2,3,2,1,2,2,1,1,2,1,1,3,2,2,1,1,1,5,4,1,2,1,1,2,2,1,2,3,2,1,3,2,3,4,4,2,3,2,1,1,3,2,2,5,3,1,3,2,1,1,2,1,2,2,2,2,2,3,1,2,2,2,3,2,1,2,2,2,2,3,3,3,3,2,2,1,1,2,1,1,3,3,2,1,1,3,4,2,2,3,3,4,3,1,1,2,1,4,2,2,2,3,1,3,3,3,3,1,3,2,1,3,1,2,2,2,2,3,2,3,2,1,2,2,1,2,1,2,1,3,1,2,1,2,2,4,2,5,2,1,4,2,1,3,2,1,2,1,2,2,1,1,1,3,5,3,2,2,2,2,2,2,2,4,4,4,4,2,2,2,2,2,2,2,2,1,1,2,1,1,1,2,3,3,3,3,3,3,2,1,1,4,2,1,2,3,3,2,2,3,1,3,1,2,1,1,1,2,2,3,1,3,3,3,3,1,1,2,3,3,1,2,3,1,1
CluIDFG21G_0595,2,1,2,1,4,4,1,2,2,1,1,3,3,3,3,3,2,1,1,2,1,3,1,1,2,1,1,4,3,1,2,1,3,2,1,3,3,3,3,1,3,4,3,3,3,1,3,2,1,1,2,3,2,2,1,2,1,2,1,1,2,2,4,4,2,4,2,1,2,2,2,2,3,3,3,3,3,3,1,3,3,3,1,2,2,2,2,3,1,3,2,2,3,3,2,3,4,3,2,1,1,2,1,3,1,3,1,2,2,4,3,3,3,1,1,2,1,1,1,4,1,1,2,1,1,2,3,3,4,4,2,3,3,1,1,1,2,1,2,3,2,2,1,1,3,2,1,1,3,2,2,1,1,3,2,4,2,2,1,1,2,2,3,2,2,2,1,1,3,1,2,1,2,3,3,2,1,2,4,2,3,3,1,2,3,2,2,2,2,2,1,1,3,7,2,3,1,2,2,2,2,4,1,1,1,2,4,2,2,2,2,2,3,2,1,2,2,2,3,3,3,3,3,3,3,3,1,2,2,1,2,3,2,2,2,1,1,1,1,2,2,2,1,1,2,2,3,2,4,2,1,2,1,1,3,2,1,1,2,2,4,3,2,3,1,3,2,2,2,1,1,1,1,2,2,2,1,1,2,2,3,1,2,2,1,1,2,3,3,3,2,2,2,3,2,3,2,3,1,1,1,2,1,2,1,2,1,1,2,2,1,1,1,1,2,2,2,3,1,2,1,4,2,1,2,2,3,3,2,4,1,2,3,4,2,2,2,3,2,2,2,2,2,2,2,1,2,3,1,1,3,3,2,1,1,1,2,2,2,2,2,2,3,3,1,1,3,3,4,3,3,3,2,2,3,3,2,1,4,3,2,3,1,2,2,2,1,2,2,2,2,2,1,3,2,2,3,2,3,1,1,2,1,2,2,3,3,2,2,2,1,2,2,3,3,2,1,2,2,2,4,4,2,2,3,3,3,3,1,2,2,2,2,3,1,2,1,3,3,3,3,3,3,1,2,1,2,3,2,4,2,2,3,1,1,1,1,1,2,2,2,1,1,1,1,1,2,2,2,1,2,3,2,2,3,3,2,2,2,3,2,3,2,1,1,1,2,2,5,2,3,2,1,4,2,2,2,1,4,2,3,4,4,1,2,2,2,1,1,2,4,3,1,2,2,1,1,3,3,3,3,2,3,1,3,1,3,1,2,2,3,3,1,2,1,4,2,1,1,3,4,3,2,4,2,1,3,2,3,3,4,2,2,1,3,3,2,1,1,1
CluIDFG21G_0609,1,1,2,2,1,1,1,3,2,1,1,3,1,3,3,4,1,1,2,2,3,2,2,1,1,1,4,4,2,4,2,3,2,2,1,3,1,4,1,3,3,2,3,3,1,3,2,3,2,2,4,2,2,2,1,2,2,2,1,2,2,3,5,2,3,3,1,1,1,1,1,1,2,3,4,4,2,3,1,1,1,3,1,2,3,2,4,5,3,3,1,1,3,1,3,1,2,2,1,1,1,1,3,1,1,1,1,2,4,4,1,1,2,2,1,2,2,2,1,3,1,1,2,3,2,1,1,3,2,2,1,2,2,3,1,2,1,3,1,2,2,2,1,1,1,3,5,5,2,4,1,1,3,1,2,4,1,1,2,2,1,2,2,2,2,1,1,1,2,1,2,1,2,3,3,2,2,1,1,2,3,3,2,2,1,2,2,1,2,2,1,2,4,4,3,1,1,2,1,2,3,2,4,4,1,1,2,4,3,1,2,1,1,2,1,2,2,2,3,1,3,1,4,3,3,3,2,2,2,1,3,1,1,1,3,2,1,3,1,1,2,2,2,1,1,2,3,3,1,3,2,3,2,1,2,2,1,1,2,1,1,3,2,2,1,1,2,3,2,4,1,1,1,3,1,2,2,2,2,2,3,1,3,3,1,2,3,3,3,2,2,2,3,3,1,1,2,2,1,1,1,2,2,2,2,2,3,1,3,2,2,1,2,3,1,2,2,3,2,1,4,3,2,2,2,1,3,3,3,1,3,1,1,4,2,1,2,2,2,2,1,2,1,1,3,3,3,2,1,1,1,1,5,2,2,1,2,2,2,2,3,1,1,2,1,3,1,2,3,2,3,2,2,2,1,2,3,1,5,3,1,3,2,1,2,1,1,1,1,2,2,3,2,2,2,2,2,3,1,1,1,2,1,1,2,3,3,3,2,2,1,2,2,1,4,3,2,3,3,3,1,4,3,1,3,3,3,3,1,1,2,2,3,2,1,1,3,3,3,3,2,2,3,3,2,3,3,3,2,1,2,1,1,1,1,1,1,1,2,2,1,2,2,2,1,1,2,1,1,1,4,3,2,5,5,2,4,2,2,3,1,1,2,1,1,2,1,1,3,2,2,2,3,4,2,2,2,1,4,4,4,4,2,4,1,2,1,1,3,2,1,4,2,2,2,1,1,1,3,2,1,3,2,3,1,1,1,4,2,2,1,1,1,2,3,3,2,2,2,1,4,1,1,1,2,2,1,2,1,2,4,3,1,3,2,3,3,2,1,2
CluIDFG21G_0613,1,1,1,3,4,4,2,1,2,2,3,1,3,1,3,4,3,1,3,3,1,1,2,2,2,1,4,4,2,4,3,2,2,3,1,3,4,1,3,2,2,3,1,3,3,3,3,2,2,1,3,3,2,2,2,2,2,2,2,2,2,2,4,4,3,2,2,4,2,2,3,2,1,1,2,3,2,2,1,1,3,1,2,2,1,2,2,3,2,3,1,2,1,3,2,1,3,1,3,1,1,3,2,2,3,1,2,2,2,4,3,2,3,1,1,2,2,1,4,3,1,1,3,2,2,3,2,1,3,1,3,2,3,1,2,2,1,1,1,2,1,2,1,1,3,2,3,1,2,2,2,2,3,3,2,2,1,1,2,2,1,1,2,2,2,1,1,3,3,3,1,1,3,3,2,3,1,1,2,2,1,2,3,1,2,3,1,2,2,2,1,2,4,1,2,3,1,1,2,2,2,3,2,4,1,1,1,3,1,2,4,4,2,1,1,1,1,2,2,3,2,2,1,3,3,1,1,1,2,2,1,2,2,1,2,3,3,1,2,1,1,2,1,3,2,1,2,3,2,4,1,2,2,1,2,3,2,1,2,2,2,1,2,1,1,3,2,2,2,4,2,1,1,2,2,2,2,2,1,2,2,3,3,3,1,1,3,3,4,4,1,1,1,1,3,3,3,3,3,1,1,1,1,1,2,3,3,1,2,2,2,1,3,3,2,2,1,3,1,2,3,2,2,1,2,1,3,3,5,3,3,1,4,4,2,2,3,2,1,2,1,1,1,1,2,2,3,3,1,2,2,1,5,4,1,2,1,2,1,2,3,3,1,2,1,3,3,2,3,3,2,2,2,2,3,1,3,2,4,5,3,1,1,2,2,1,2,1,2,2,1,1,1,1,1,1,1,3,1,1,1,1,2,3,3,2,3,2,2,2,2,1,3,1,3,2,3,1,1,3,4,4,3,2,1,1,3,3,3,2,1,2,3,2,3,1,1,3,3,2,2,2,3,2,2,3,3,1,4,4,2,2,2,2,1,3,1,1,1,1,2,1,1,3,3,1,1,2,2,2,4,4,5,5,4,3,2,4,3,3,1,2,2,2,5,1,2,2,4,2,2,2,3,2,1,1,2,1,2,4,2,1,4,2,2,2,1,2,2,2,1,1,1,1,3,1,3,1,2,4,3,3,3,3,1,3,1,2,2,3,3,1,1,2,3,1,2,1,2,1,2,2,1,4,2,1,1,2,3,2,3,4,3,3,2,3,3,2,1,1
CluIDFG21G_0619,1,2,1,1,4,4,2,1,1,2,1,1,1,4,3,4,2,1,1,3,1,1,2,1,1,2,4,2,1,2,3,2,2,3,2,1,3,2,1,3,3,3,3,1,1,3,3,2,2,1,2,1,2,2,2,1,2,1,2,2,3,2,5,1,3,3,4,1,3,2,1,3,3,2,3,3,2,3,1,1,3,2,1,2,1,2,5,2,2,3,2,1,1,1,1,1,4,3,1,3,1,2,2,2,3,1,1,2,2,4,1,3,1,2,2,2,1,2,3,3,1,3,2,3,2,2,3,3,2,2,2,1,3,1,2,2,1,3,1,1,2,1,2,1,2,1,1,1,1,1,2,1,3,3,2,2,2,1,2,1,2,3,2,2,2,2,2,2,3,3,1,2,3,3,2,2,2,1,1,4,2,2,2,1,2,1,2,2,2,2,1,1,2,2,3,2,1,1,2,1,2,2,1,4,1,2,2,2,1,1,4,1,1,3,1,2,2,2,3,3,2,3,4,4,1,1,2,1,2,1,2,2,1,1,1,2,3,2,1,1,1,2,3,3,1,1,3,3,1,1,3,3,1,2,3,3,2,1,2,1,3,1,1,2,3,3,3,2,4,2,2,3,3,1,1,1,3,1,1,1,3,2,3,3,2,2,2,2,2,3,2,1,1,4,3,3,2,3,3,1,1,1,1,2,1,2,1,3,1,3,1,1,3,2,1,1,3,2,2,2,4,3,2,1,2,1,3,3,1,4,1,3,1,4,2,5,2,2,1,1,2,1,1,1,1,2,3,1,2,1,1,1,5,5,2,2,1,1,1,2,1,3,2,2,1,2,2,3,4,4,2,3,2,2,5,3,2,2,5,4,2,3,2,1,2,1,1,1,1,1,3,3,2,2,2,2,3,3,3,3,2,1,1,3,2,1,2,3,2,2,1,1,1,2,2,2,2,2,2,2,1,1,3,2,1,3,4,1,3,3,2,2,3,4,3,1,2,1,3,3,2,3,2,3,2,2,2,1,2,3,2,5,1,1,2,1,1,3,2,1,1,2,2,1,1,1,2,2,1,2,3,2,2,5,5,3,4,2,3,2,1,2,1,2,1,3,1,1,4,4,2,2,1,3,2,2,2,2,1,2,4,4,1,4,3,3,1,2,2,3,1,1,1,1,2,3,2,1,3,3,3,3,2,1,1,1,2,1,2,1,3,3,2,1,1,3,1,1,2,1,2,1,1,2,2,3,3,2,1,2,2,3,3,2,3,2,1,3,1,1
CluIDFG21G_0624,2,1,2,3,4,1,3,3,2,1,3,3,1,3,4,2,1,2,2,1,1,3,2,1,2,1,4,4,4,4,2,3,2,2,1,2,1,2,1,2,3,2,3,1,1,1,1,3,2,2,3,2,2,2,3,1,1,1,2,1,1,2,5,5,3,3,1,1,3,1,2,3,3,2,4,4,3,1,1,1,3,3,2,2,1,2,5,2,3,3,2,2,1,3,3,2,2,2,3,1,2,2,2,1,2,1,1,1,4,4,1,1,1,2,1,2,3,3,4,4,3,3,2,3,2,3,2,3,2,1,3,2,2,3,2,1,4,1,1,2,1,2,1,2,3,1,1,5,1,1,2,1,1,1,2,1,1,1,1,2,3,2,1,2,2,3,1,2,3,2,3,2,3,2,2,3,1,1,2,4,3,1,2,1,1,2,1,2,2,2,2,1,7,4,2,3,1,1,2,2,1,2,3,1,3,2,2,1,1,1,1,1,1,1,1,1,2,1,1,3,3,3,3,3,1,3,1,1,1,1,3,2,1,1,1,2,1,1,2,1,3,3,1,3,2,2,3,3,1,2,3,3,1,1,2,2,2,1,1,2,3,2,2,2,1,3,2,2,1,4,1,1,3,3,2,1,2,2,2,2,3,3,3,3,2,2,3,3,2,3,2,1,3,4,3,1,2,2,1,2,1,1,1,2,2,2,3,3,1,2,2,3,2,3,1,1,1,2,1,1,3,4,2,1,2,2,3,3,2,1,2,3,1,3,5,1,3,2,2,2,2,2,2,2,2,2,2,3,2,2,1,1,2,1,2,1,1,1,2,2,1,3,2,2,3,1,3,3,3,2,3,3,2,1,5,3,2,3,4,3,3,2,1,2,2,1,2,1,1,2,3,1,2,3,2,2,3,3,3,1,1,2,2,3,3,3,2,3,2,2,1,1,1,3,4,3,2,2,3,3,3,4,1,1,3,1,3,4,1,1,1,2,2,3,1,3,1,3,3,3,3,2,2,2,2,1,3,3,1,4,5,4,1,2,2,3,1,2,1,2,2,2,1,2,1,1,2,1,2,2,2,3,2,2,4,3,2,4,3,3,1,1,2,1,1,1,2,2,4,4,2,1,3,1,2,2,1,2,4,4,4,4,2,1,1,2,2,2,3,3,4,3,2,2,2,3,2,1,3,3,3,3,1,3,1,1,1,1,3,3,1,3,1,2,4,4,2,2,1,1,2,1,1,1,2,2,2,2,2,1,1,3,2,3,2,3,1,1,1,2
CluIDFG21G_0626,1,1,2,2,4,4,1,1,1,1,1,2,1,1,3,4,1,2,1,1,3,2,1,2,1,2,4,1,1,2,3,2,2,1,2,3,2,2,2,3,2,1,1,3,1,3,3,1,1,2,3,2,2,2,1,1,1,1,2,1,1,3,1,3,3,2,1,1,3,3,3,2,2,2,3,3,3,3,2,3,3,3,2,2,2,1,2,2,1,1,1,2,1,1,2,1,4,3,2,1,3,2,2,3,2,1,2,1,4,4,1,1,2,1,2,1,2,1,4,3,3,1,2,2,1,2,1,3,2,2,2,1,2,3,2,1,2,3,2,3,1,1,2,1,1,2,1,5,2,2,1,2,1,3,2,4,1,1,2,1,3,2,1,2,2,2,1,2,3,3,1,1,1,3,3,1,2,1,2,4,3,2,1,2,3,2,2,1,2,2,1,2,4,7,3,2,1,1,1,1,4,2,4,2,1,3,3,2,1,1,1,2,2,1,1,1,1,2,3,2,3,1,2,4,3,1,2,2,2,1,2,2,2,2,1,2,2,2,2,2,2,2,3,3,1,2,3,2,1,1,3,3,2,2,2,2,2,1,2,2,3,3,2,2,1,3,2,2,2,2,1,1,1,1,2,2,2,2,1,2,3,3,3,3,2,1,2,3,3,2,2,1,3,3,3,1,3,3,3,3,2,1,1,1,2,3,3,3,2,3,1,1,3,3,1,1,1,2,1,1,4,1,2,1,1,1,3,3,3,3,3,3,1,1,2,2,1,3,2,2,1,2,2,1,2,1,2,3,2,1,3,3,5,2,1,2,2,1,1,2,1,2,3,3,1,1,3,1,4,4,3,2,2,1,3,5,2,2,3,5,3,3,1,1,2,2,2,2,1,2,1,3,3,2,2,2,3,2,1,1,1,2,3,2,3,2,3,2,2,2,2,1,3,1,3,2,3,1,3,3,4,1,1,3,3,1,1,1,3,1,2,1,3,4,3,2,1,1,2,3,2,2,3,3,3,2,5,4,2,4,2,3,1,3,1,3,1,1,2,2,2,1,2,2,1,1,2,1,2,1,3,2,2,2,3,4,3,3,1,2,3,1,2,2,1,1,2,1,4,4,2,2,1,1,1,2,2,1,2,3,4,2,2,2,3,2,1,2,2,3,3,1,2,1,1,3,1,1,4,4,3,3,3,3,1,3,2,1,2,2,3,3,1,1,3,4,1,2,3,2,1,2,4,4,3,1,2,1,2,2,1,1,2,3,3,3,2,1,2,1
CluIDFG21G_0631,2,2,2,1,4,4,1,2,1,1,3,1,3,1,4,4,2,2,1,2,1,3,1,2,2,2,4,1,2,1,2,2,2,1,2,2,1,1,3,1,3,3,1,1,3,3,2,2,1,2,4,2,2,2,3,2,2,1,1,2,2,2,4,5,3,3,1,1,2,3,2,2,2,3,3,4,2,3,1,1,3,2,1,2,2,2,4,3,1,2,1,2,1,1,1,3,4,3,2,2,1,1,1,2,3,1,2,1,4,4,1,3,2,1,1,2,3,1,4,4,1,1,1,2,3,1,1,3,4,1,3,1,3,3,2,2,4,3,3,3,1,1,1,2,2,3,5,1,2,2,2,2,3,2,2,2,3,3,1,2,3,1,2,1,2,3,2,3,1,3,1,1,1,3,2,1,2,1,1,1,2,2,1,2,1,1,2,1,1,1,1,2,4,4,2,3,1,2,1,2,3,4,2,4,3,1,3,4,3,1,2,2,1,2,1,1,1,2,3,2,3,3,4,4,2,1,1,2,2,2,1,2,1,2,3,3,1,2,2,2,2,2,3,3,2,2,3,3,1,3,3,3,1,1,2,2,1,1,2,2,1,3,3,1,1,3,2,3,4,4,1,2,1,1,1,1,1,2,2,1,3,3,3,3,1,1,2,2,3,4,1,2,5,1,1,3,1,3,1,1,1,2,1,2,2,1,4,3,2,2,1,1,3,1,2,1,2,1,2,1,3,4,1,2,2,2,3,3,5,2,3,1,2,4,2,2,2,2,2,1,2,2,1,1,2,2,1,2,2,1,3,1,1,2,2,1,2,1,2,1,1,1,3,3,1,1,2,3,4,3,2,3,1,1,1,3,1,2,4,3,1,3,1,1,1,2,1,2,2,2,1,3,1,3,1,2,2,2,3,1,2,2,2,2,2,3,3,3,2,1,1,1,3,1,4,1,2,2,1,1,3,4,3,3,3,3,3,3,2,2,2,1,3,3,2,2,3,3,3,3,2,3,3,2,2,3,3,5,4,4,3,5,1,1,1,3,2,1,1,2,2,2,3,1,1,1,2,2,2,1,3,2,2,2,5,2,3,2,3,1,3,1,1,1,1,1,1,1,2,4,2,2,2,2,1,1,2,2,2,4,3,1,2,4,1,2,1,1,1,3,3,1,2,2,3,3,2,1,3,3,2,3,3,2,1,1,4,2,2,3,3,3,3,2,4,4,3,1,3,3,4,3,4,2,2,1,3,3,1,1,1,3,1,2,2,2,2,1,1,2
CluIDFG21G_0633,2,2,1,3,1,4,3,3,1,2,2,1,3,4,3,3,1,1,2,1,3,3,1,1,1,2,4,1,1,4,2,2,1,2,2,2,4,1,3,1,2,2,3,1,3,3,2,2,2,2,4,3,2,2,2,2,2,1,1,1,3,2,1,4,3,2,1,1,2,3,2,2,3,2,2,4,3,3,1,1,1,3,2,2,3,1,2,2,3,2,1,1,1,1,1,1,4,2,1,1,1,2,2,1,2,1,2,1,2,1,3,3,2,1,2,2,3,1,3,3,3,3,3,2,2,2,2,3,4,1,3,1,1,3,1,2,1,4,2,2,1,2,1,2,2,1,1,5,2,2,2,1,2,1,1,2,1,1,2,2,3,2,1,2,2,2,1,3,3,1,1,1,3,2,3,3,2,1,4,2,2,2,1,3,1,2,1,2,1,2,1,1,4,7,2,2,1,2,1,2,2,4,1,2,1,1,2,4,2,1,2,4,1,1,1,2,1,2,2,2,3,1,1,3,3,3,1,2,1,1,3,2,1,2,2,1,1,1,2,2,3,2,1,3,3,3,2,3,1,3,2,3,2,1,2,2,1,1,1,2,3,2,1,2,1,1,2,2,2,4,1,2,2,1,2,2,1,2,2,1,3,3,3,3,1,2,2,2,3,3,2,2,3,3,1,1,3,3,2,3,2,2,2,2,2,2,3,3,1,2,2,1,1,2,2,1,1,2,2,2,3,3,2,1,2,1,3,3,2,5,2,3,3,5,1,5,2,2,2,3,2,1,3,1,3,3,2,3,1,1,3,3,5,5,1,2,1,2,2,2,1,3,2,2,3,3,3,3,4,3,1,2,1,2,3,2,3,2,3,3,3,2,2,2,2,2,2,2,1,1,2,3,1,1,2,2,2,3,3,1,2,1,3,2,2,2,3,2,1,1,2,1,2,2,2,2,1,1,3,3,3,1,1,3,1,1,4,3,3,1,2,2,2,2,1,1,3,3,2,2,3,2,3,1,2,2,1,3,4,4,4,4,1,2,3,1,2,1,2,1,2,2,1,1,1,3,2,1,1,2,3,3,5,2,1,4,4,1,3,2,2,2,2,1,5,1,2,1,5,3,1,2,1,2,2,1,2,2,4,1,4,4,1,1,1,3,2,2,2,2,3,1,2,1,3,3,1,3,2,3,2,3,1,3,2,1,3,2,2,1,3,3,2,3,4,3,1,2,1,3,4,1,2,4,2,2,2,2,1,2,1,1,2,1,2,2,1,3,2,2
CluIDFG21G_0634,2,1,2,1,4,1,3,2,1,1,1,2,4,3,3,4,3,1,2,5,2,1,1,2,1,1,4,4,3,1,2,2,2,1,1,3,3,4,1,3,2,3,1,2,1,1,2,2,2,1,1,4,2,2,3,3,1,1,1,1,2,2,5,4,3,3,1,1,3,2,3,2,2,3,3,4,3,2,1,1,3,1,2,2,2,1,2,5,2,1,1,1,1,1,1,1,4,2,1,1,2,2,3,1,1,1,2,1,4,2,3,1,1,1,1,2,2,2,2,1,2,1,2,2,2,2,1,1,2,4,1,1,1,3,2,2,2,1,2,1,2,2,1,1,1,1,5,5,2,2,2,1,1,3,4,2,2,1,2,1,2,3,2,1,2,1,1,1,3,1,2,1,2,3,3,2,2,1,2,1,2,2,1,1,1,3,2,2,2,2,1,1,6,7,2,2,1,2,1,2,2,2,2,3,1,3,4,3,2,2,2,2,3,2,1,1,2,1,4,2,2,3,4,4,1,4,1,2,1,1,1,2,1,2,1,1,1,1,2,2,3,2,1,1,2,3,3,3,1,4,3,2,1,2,2,2,1,1,1,2,2,2,1,1,1,3,2,2,2,4,1,2,1,3,2,1,2,2,2,1,3,2,3,2,2,1,3,3,3,3,2,2,1,3,1,2,2,2,2,3,2,1,2,2,2,2,3,3,2,3,2,1,2,1,2,1,1,3,2,2,4,3,2,2,2,1,3,3,2,5,2,3,5,3,2,1,2,3,2,3,2,2,3,3,3,3,3,2,2,1,1,1,1,5,1,2,1,1,2,2,2,1,3,3,1,1,3,2,4,4,1,3,2,1,5,3,2,2,1,3,3,1,2,2,2,1,1,2,1,1,3,1,1,3,2,1,2,3,3,1,1,2,3,2,2,3,1,3,2,1,2,1,2,1,2,2,1,1,3,3,3,1,1,3,1,1,4,4,3,3,2,2,2,2,1,1,3,3,2,2,2,3,3,2,2,1,3,2,2,4,2,4,3,1,3,1,2,1,1,2,2,2,1,2,3,3,2,2,2,2,3,3,5,5,1,4,3,1,3,3,2,2,1,2,1,1,2,1,5,2,3,2,1,1,1,1,2,2,3,1,3,3,2,1,3,3,2,1,2,2,1,3,2,1,3,3,3,3,2,2,3,1,2,1,2,1,4,3,2,3,3,3,2,2,2,3,1,2,1,1,4,1,4,2,2,2,2,2,3,2,1,1,2,1,3,2,1,2,2,1
CluIDFG21G_0660,2,1,1,2,4,4,1,1,2,1,1,2,3,1,2,3,1,2,2,1,2,3,2,2,2,1,2,2,1,1,1,2,1,1,2,1,2,3,2,1,3,3,1,3,3,1,2,1,2,1,2,3,2,1,2,2,2,2,1,2,2,2,4,4,2,2,2,2,2,2,2,2,3,2,4,3,3,2,1,1,2,1,2,2,3,2,5,5,3,1,1,2,1,2,3,3,3,3,1,1,1,2,2,2,2,3,1,1,4,1,2,3,2,2,2,2,2,2,1,1,2,1,2,3,3,3,2,3,1,3,3,2,3,3,2,2,1,4,2,2,2,1,2,1,3,3,5,1,1,1,2,2,1,3,2,4,2,2,1,1,2,1,2,2,2,3,2,1,3,3,1,1,3,3,3,3,1,1,1,2,3,2,3,2,3,3,1,2,2,2,1,2,6,6,2,3,1,1,2,2,3,4,4,1,1,1,4,4,2,3,2,1,1,2,1,1,2,2,3,4,3,3,4,4,1,4,2,1,2,2,1,3,1,1,1,2,1,1,1,1,3,2,1,3,2,2,3,2,1,4,1,3,1,1,3,2,1,1,2,2,1,2,1,1,3,3,3,2,4,4,1,1,1,2,1,2,3,3,2,2,2,1,2,2,1,1,2,2,1,3,2,1,3,1,3,2,3,3,1,1,2,1,2,1,3,3,1,3,3,2,3,1,1,1,2,2,3,2,2,1,2,3,1,2,2,2,1,3,4,3,3,1,4,1,2,3,2,2,2,2,2,2,1,2,2,2,3,2,1,1,1,1,1,4,1,1,2,2,2,2,2,1,2,2,1,3,3,3,2,4,3,3,2,2,1,3,3,2,3,4,3,3,1,1,1,2,1,1,1,2,1,2,1,1,2,2,3,3,1,3,1,1,1,2,3,2,3,2,1,1,2,1,2,1,2,2,2,1,3,3,4,3,2,2,3,3,2,1,3,3,2,2,2,2,1,2,3,3,3,2,3,3,2,2,2,1,3,4,3,1,5,1,1,1,1,1,1,2,1,2,1,1,2,2,1,3,2,1,2,1,4,4,5,2,4,3,2,4,3,3,1,1,2,1,1,1,2,2,2,2,2,1,1,1,2,2,1,2,4,3,2,3,2,4,2,1,2,1,2,3,1,1,2,2,2,3,3,3,1,3,3,2,2,3,1,1,4,4,3,3,3,3,1,1,2,3,2,2,1,2,1,3,1,2,1,2,3,3,2,3,3,3,3,1,2,2,1,2,1,2
CluIDFG21G_0662,2,1,3,1,4,4,3,2,2,1,3,2,3,4,4,4,1,3,5,3,1,2,2,2,1,2,4,4,1,1,2,2,2,2,1,2,1,1,1,2,2,3,3,3,3,3,2,2,1,1,3,3,2,1,2,1,2,1,1,2,3,3,5,4,2,2,2,4,2,2,1,1,2,3,2,1,3,3,2,3,3,3,2,1,2,2,5,4,2,2,1,2,1,3,1,2,4,3,3,1,1,3,2,2,3,2,1,2,4,4,1,1,2,2,2,1,3,1,2,4,1,1,2,2,3,3,3,1,2,2,1,1,1,3,2,2,2,2,3,2,1,2,2,1,2,1,5,5,1,1,2,1,2,1,1,4,1,3,2,2,3,2,2,1,2,2,1,3,3,1,1,2,3,2,2,3,2,1,4,2,2,1,1,2,1,2,1,1,2,1,1,2,7,4,1,2,1,1,2,2,4,2,4,2,3,2,4,4,2,1,2,1,1,2,2,2,2,1,1,1,1,3,2,2,4,4,1,1,2,2,3,2,1,2,2,3,2,2,2,2,2,2,1,1,1,2,3,2,4,1,3,2,2,1,2,3,1,1,1,2,3,1,2,1,3,3,3,3,4,4,1,1,1,3,2,2,2,3,2,2,3,3,3,2,2,2,3,2,3,2,1,1,1,4,3,2,1,3,1,2,2,2,1,2,2,3,3,1,2,3,3,2,1,1,2,2,1,2,1,1,3,4,2,2,2,1,1,2,3,1,2,1,4,4,4,4,3,2,1,2,2,2,3,1,2,3,1,2,1,1,3,1,5,1,1,1,2,2,2,1,1,3,3,2,1,3,3,2,2,4,3,3,2,2,1,3,2,2,5,3,3,1,2,1,2,1,1,2,2,1,2,1,2,1,2,2,3,3,1,1,2,2,2,2,2,3,3,3,2,2,2,2,3,1,3,3,2,2,1,3,4,3,3,1,1,1,3,3,3,3,2,2,2,3,1,3,1,2,3,3,2,2,3,2,2,2,4,3,4,4,5,1,3,2,3,1,3,2,1,1,2,1,1,1,1,1,2,2,1,1,2,2,2,2,4,5,4,2,3,3,1,2,1,1,1,1,2,2,5,5,3,2,2,1,2,2,2,1,1,4,4,3,1,4,3,2,2,1,3,2,1,3,2,1,3,3,2,2,3,2,3,3,3,2,1,1,2,2,2,2,1,1,3,1,2,3,2,2,1,1,4,1,1,1,2,2,2,2,3,2,4,4,1,3,2,2,3,3,1,1
CluIDFG21G_0673,1,1,2,1,4,1,3,1,2,2,1,1,3,3,4,1,2,3,5,1,2,2,1,2,1,1,4,4,2,3,2,2,2,2,2,2,1,3,3,1,1,3,3,1,1,1,3,3,2,2,2,2,2,1,1,2,1,1,2,1,2,1,3,2,2,2,1,4,2,3,2,2,2,3,3,3,2,3,1,3,2,3,1,1,3,2,3,4,1,1,2,1,1,3,3,1,2,2,2,1,3,1,2,3,3,3,2,2,4,1,2,3,2,2,1,1,3,3,4,4,3,1,2,3,1,2,1,2,1,4,1,3,3,3,2,2,3,4,3,1,1,1,2,2,2,2,1,3,2,1,1,2,1,3,2,3,3,1,2,1,3,2,1,1,2,1,1,1,1,1,2,1,2,2,3,2,2,2,2,1,3,3,2,2,3,2,2,2,1,2,2,1,7,4,2,3,1,1,1,1,2,2,1,3,3,2,2,1,1,1,2,1,2,2,2,2,1,2,2,3,3,2,3,4,1,1,1,2,2,1,1,3,1,1,1,2,1,1,2,2,2,3,1,2,2,1,3,2,1,1,2,3,1,1,2,3,1,1,1,1,1,4,1,1,2,3,3,2,4,1,3,1,3,1,1,1,1,3,1,1,3,3,3,3,2,2,3,2,3,2,2,1,4,4,1,1,1,2,1,2,2,1,1,2,3,3,3,3,3,2,1,3,2,1,2,1,3,3,1,2,4,4,1,2,1,1,3,2,2,3,3,3,4,1,1,4,2,2,2,3,1,2,1,3,2,3,3,1,1,1,2,3,1,1,1,2,2,2,1,1,2,2,2,3,3,3,3,2,3,4,3,3,2,1,5,3,3,2,4,3,1,1,2,2,2,1,2,2,1,2,2,1,1,3,1,2,1,3,1,1,2,1,2,2,2,3,3,3,2,2,2,2,1,1,2,2,1,2,1,3,1,3,3,3,1,1,2,3,3,3,2,2,3,2,1,1,3,2,2,2,2,3,2,3,2,2,4,1,4,2,2,2,1,1,1,3,2,3,2,2,2,1,1,1,1,3,2,1,2,1,3,4,2,2,4,4,1,3,3,3,3,1,1,1,1,1,2,1,4,3,3,2,1,1,2,1,1,2,4,4,2,3,2,2,2,2,1,2,2,3,3,1,2,2,3,2,1,2,1,3,3,2,3,3,1,1,2,1,2,3,2,3,1,3,4,3,3,2,2,1,3,1,4,4,1,2,3,2,2,1,2,3,3,3,3,2,2,1,1,1
CluIDFG21G_0700,2,1,2,2,4,4,1,1,1,1,1,1,1,1,3,1,1,3,2,5,3,2,3,1,2,2,4,2,4,1,2,2,2,2,2,2,3,3,3,3,3,3,3,1,1,1,2,3,2,2,1,2,1,2,2,1,2,1,1,1,1,2,4,3,4,3,1,1,2,2,1,3,3,2,3,3,3,2,3,1,3,3,1,2,1,2,5,3,1,1,2,1,3,1,2,1,4,2,1,2,2,2,2,2,3,3,2,2,1,4,3,3,2,1,1,2,1,3,3,4,2,1,3,2,1,2,1,1,1,1,2,2,2,3,2,2,3,3,2,2,2,1,1,2,2,3,1,5,1,1,1,2,1,1,2,2,1,1,2,2,3,3,1,1,2,3,1,3,3,1,1,2,3,3,3,3,2,1,4,1,3,2,2,2,2,3,2,1,2,2,1,1,4,7,3,2,1,1,2,1,4,2,1,2,2,1,4,2,2,1,2,2,3,2,2,2,2,1,3,3,2,3,3,3,3,1,2,2,1,1,1,2,1,1,3,2,1,1,1,2,2,2,1,1,3,3,3,2,1,1,3,2,1,1,2,3,2,1,2,2,1,3,2,2,3,3,3,3,5,4,1,1,1,1,2,1,2,3,2,2,3,3,3,3,1,2,2,3,2,3,2,2,3,4,1,3,2,1,1,1,1,1,2,2,3,3,1,3,2,2,2,1,3,1,1,2,3,1,1,1,1,3,1,2,2,2,3,3,2,1,1,3,2,1,2,1,2,2,1,2,2,1,1,1,2,2,2,3,1,1,1,1,5,1,1,2,1,2,1,1,2,2,3,3,2,1,2,3,4,4,3,2,1,1,3,3,3,2,4,4,3,1,1,2,2,1,2,1,1,2,1,2,2,2,1,2,1,3,3,1,2,1,2,2,2,2,2,3,2,1,2,2,1,1,2,2,1,1,3,3,1,3,2,3,3,3,4,2,3,1,2,2,3,2,2,2,3,3,3,3,2,2,2,3,2,1,4,2,2,1,4,1,3,1,2,3,2,1,2,1,2,1,1,1,1,3,2,1,2,2,4,3,2,2,4,4,2,3,3,3,1,3,2,2,1,1,1,2,5,3,3,2,1,3,2,2,2,2,4,2,2,2,4,2,2,2,1,2,2,2,3,1,2,1,3,3,2,1,3,3,3,3,3,3,1,1,2,1,3,3,2,1,1,2,4,3,2,1,1,3,2,2,1,2,3,3,3,1,1,2,3,1,1,1,3,2,2,1,1,1
CluIDFG21G_0711,1,2,2,2,1,1,3,1,1,2,1,3,1,3,2,3,2,2,1,3,2,1,1,2,2,3,4,2,1,1,3,2,2,2,1,2,1,1,1,1,2,3,1,3,3,1,3,3,2,1,4,2,2,2,2,3,1,2,1,1,2,3,5,5,2,2,3,4,3,3,2,3,2,2,3,2,3,2,3,2,3,3,1,1,2,2,2,5,2,2,1,2,1,3,1,2,2,4,3,1,2,1,2,2,1,3,2,1,4,4,1,1,1,2,2,2,1,3,4,4,3,1,2,2,2,2,2,1,1,1,3,3,3,1,2,2,4,2,2,2,1,2,1,1,1,1,5,5,2,1,1,2,2,3,1,2,2,3,2,1,3,2,2,1,3,3,2,2,1,1,2,1,3,3,3,3,1,1,2,2,2,2,1,1,3,3,2,2,1,1,1,1,4,7,2,2,2,1,1,1,2,2,2,1,1,3,3,4,1,2,4,1,1,1,2,2,2,1,2,3,3,2,3,2,3,1,2,2,1,1,3,2,2,1,2,1,3,3,1,2,2,3,1,3,1,2,3,2,1,1,2,2,1,1,2,3,1,2,2,2,2,1,1,1,3,3,2,2,2,4,1,2,1,1,2,2,2,3,2,2,3,1,1,2,2,2,1,2,3,2,2,1,3,4,1,3,2,3,1,3,2,1,2,2,2,2,1,3,1,3,2,1,2,1,2,2,3,1,1,1,4,4,2,1,2,1,3,3,5,1,3,3,4,1,4,3,2,1,2,1,1,2,2,1,1,2,3,3,1,2,3,1,1,5,1,1,2,2,2,2,2,3,2,2,1,3,3,2,4,3,2,1,2,1,3,3,1,1,3,5,1,3,2,1,2,1,2,1,2,1,2,1,1,2,1,1,3,2,1,1,1,2,2,2,3,2,2,3,2,2,2,2,3,1,3,2,1,2,3,3,4,3,3,2,1,1,3,3,3,3,2,2,3,3,3,1,1,3,2,3,2,2,3,2,1,1,3,3,1,4,2,5,2,1,3,1,2,2,1,1,1,2,1,2,2,1,2,2,1,1,4,2,2,2,1,3,4,1,3,3,1,1,1,2,1,1,2,2,2,3,2,2,2,1,2,1,2,2,3,4,3,2,2,2,2,2,2,2,2,3,1,3,2,2,3,3,3,1,2,2,3,1,2,1,1,1,1,4,3,2,3,3,1,2,4,4,2,2,1,1,4,1,1,4,1,1,3,3,2,1,4,3,2,3,2,2,2,2,1,1
CluIDFG21G_0712,1,2,2,3,4,4,2,2,2,1,2,2,3,1,4,4,2,2,1,3,3,3,1,1,1,2,2,4,4,1,3,2,2,1,1,1,3,3,3,3,3,1,1,1,3,3,3,3,2,2,4,2,1,2,2,1,1,2,2,2,2,2,2,4,3,1,1,1,2,2,3,2,2,2,3,3,2,2,1,1,2,3,2,2,2,2,2,5,1,1,1,1,1,3,2,1,2,3,3,2,2,1,2,2,2,1,1,1,4,4,3,1,3,2,2,2,1,2,1,4,1,1,1,2,3,1,3,3,4,2,1,3,1,3,2,2,3,1,2,2,2,1,1,2,2,2,3,3,1,1,1,1,3,1,2,2,1,3,2,2,3,3,1,2,2,2,2,1,3,3,1,1,3,2,3,3,2,2,2,4,2,1,2,1,2,2,2,2,2,2,2,2,4,7,3,3,2,1,1,2,4,3,4,1,1,1,1,4,1,1,4,2,2,1,2,2,1,1,2,2,3,3,4,3,2,3,1,2,2,2,1,2,2,1,3,3,2,2,1,2,3,3,1,2,1,2,3,2,4,4,3,3,1,2,2,2,1,1,1,2,3,3,2,1,2,1,1,2,1,4,1,1,1,2,1,1,1,3,1,1,1,3,3,3,1,1,2,1,3,2,2,1,4,1,3,1,1,3,1,3,2,2,1,2,2,3,3,3,3,2,3,3,1,1,2,2,2,2,1,1,3,1,1,2,1,1,3,3,2,1,2,2,3,3,3,2,2,2,1,2,2,2,1,1,2,2,1,2,1,2,1,3,4,5,1,2,1,2,2,2,2,1,3,3,1,1,1,2,3,4,1,2,1,1,2,4,2,2,4,3,3,3,2,1,2,1,2,2,2,2,2,1,1,1,2,2,1,3,3,1,1,1,2,1,2,2,3,2,1,2,1,1,2,3,2,3,3,3,3,3,4,4,1,2,3,3,3,3,2,2,2,2,2,3,1,3,3,1,3,3,2,2,2,2,3,1,1,2,4,3,5,2,1,1,1,1,1,1,2,1,2,2,3,2,3,2,2,1,2,2,3,2,2,5,1,2,3,4,2,3,1,2,2,1,2,1,2,2,2,2,2,2,2,1,2,1,2,1,4,4,3,3,2,2,2,2,1,2,2,3,3,1,1,2,3,1,3,3,2,2,3,2,1,3,1,3,4,2,3,3,3,1,1,1,2,2,2,2,1,2,3,3,4,2,3,1,3,2,2,2,4,1,1,1,3,3,2,2,1,1
CluIDFG21G_0713,2,1,2,2,4,4,1,2,1,2,3,2,3,3,3,4,1,3,2,5,2,3,2,1,1,2,2,4,4,4,3,2,3,1,1,1,1,4,3,1,3,2,1,2,3,3,3,3,2,2,4,3,2,2,1,2,2,2,2,2,2,2,2,2,2,2,4,4,2,1,2,3,3,1,3,3,2,2,3,3,3,3,2,2,1,1,2,5,2,1,1,1,3,3,2,2,2,4,3,3,1,3,2,2,3,3,2,1,4,4,1,1,2,1,1,2,2,2,1,4,3,1,2,2,3,3,3,3,3,4,3,2,1,1,2,2,3,2,2,2,1,1,2,2,3,2,3,3,2,1,1,1,2,1,1,4,2,1,2,1,2,2,1,3,1,2,1,1,1,3,1,2,3,3,3,3,1,1,1,1,2,2,2,3,3,3,1,1,2,2,2,2,4,1,3,3,1,1,2,2,3,4,1,4,1,1,4,4,1,3,2,2,3,2,2,1,2,1,3,3,3,2,2,2,3,4,1,2,2,2,1,2,2,2,2,1,1,1,2,2,3,3,2,1,2,3,3,2,4,1,2,2,2,1,3,3,2,2,2,2,3,3,1,2,3,1,2,2,1,4,1,2,1,2,2,2,3,2,1,2,3,1,2,1,2,2,2,1,3,4,2,1,5,3,1,3,1,2,3,3,1,2,2,2,2,2,3,3,2,2,1,1,2,2,1,2,2,2,1,1,4,2,1,2,1,1,1,3,2,3,2,3,4,3,1,2,2,2,1,1,2,2,1,1,2,2,2,2,2,1,1,3,4,5,1,1,2,1,1,2,3,2,3,3,3,1,2,2,4,4,2,3,2,1,2,1,3,2,5,3,3,3,1,2,2,2,1,1,1,2,2,1,1,1,1,2,3,3,3,3,1,1,3,1,3,2,2,2,2,2,2,1,3,2,2,2,1,1,3,3,3,3,2,2,3,3,3,4,2,2,2,2,3,2,3,1,3,1,3,3,1,2,2,2,1,3,2,3,2,4,2,5,1,1,3,3,2,1,2,1,2,2,2,1,1,2,2,2,1,1,2,4,2,2,2,4,1,3,2,3,3,1,1,1,1,1,1,1,2,5,3,3,1,1,2,2,1,2,4,3,4,4,2,1,3,1,2,2,2,1,3,3,1,1,3,2,2,3,2,3,3,1,3,3,1,1,2,2,2,2,3,3,1,1,3,2,1,2,3,3,1,3,2,4,1,3,2,3,2,2,4,1,1,1,2,3,2,2,1,1
CluIDFG21G_0726,2,2,3,3,1,4,3,2,2,2,2,1,1,4,4,3,3,1,3,1,1,3,1,1,3,2,4,2,1,2,3,2,3,2,2,1,1,3,2,3,3,2,3,2,1,1,2,2,1,1,1,2,2,2,2,2,2,1,1,1,2,3,4,4,3,1,1,1,2,2,2,2,3,3,4,4,3,1,1,2,3,3,1,2,2,1,5,2,1,2,1,1,1,3,1,1,3,3,1,2,2,1,2,2,3,1,2,2,4,4,1,1,1,2,2,2,3,1,1,1,1,1,1,2,2,1,3,3,1,2,2,2,3,3,2,2,2,3,2,2,1,1,2,2,2,2,1,3,2,1,2,1,1,3,4,1,1,1,1,1,1,1,3,3,2,2,3,2,3,3,1,1,2,3,2,2,1,1,1,1,1,2,1,1,2,3,2,2,2,2,2,2,4,7,3,3,1,1,2,1,2,1,1,1,2,1,4,2,1,1,1,3,3,1,2,2,2,2,3,4,2,3,3,1,3,3,1,1,2,2,3,2,1,1,2,3,2,2,2,1,3,2,3,1,1,1,3,3,3,1,3,3,1,1,2,3,1,2,2,1,4,3,2,2,3,3,2,2,5,1,1,1,2,1,2,2,1,2,2,1,1,2,3,3,1,1,2,3,2,3,2,2,5,5,3,1,3,2,3,2,1,2,2,2,2,2,3,3,2,2,2,2,2,1,1,2,2,2,1,2,3,1,1,2,2,1,3,1,1,4,2,1,2,3,2,1,1,2,2,2,2,2,1,2,2,2,1,2,1,1,1,1,5,5,1,1,2,2,1,2,2,1,2,3,1,1,3,2,1,1,3,1,2,1,5,1,2,2,4,4,3,3,1,2,2,2,2,2,2,2,2,2,1,1,2,2,3,3,3,1,1,2,2,3,2,3,2,3,1,1,1,1,2,3,3,2,3,2,1,3,3,4,1,3,1,3,3,3,3,3,2,2,3,3,3,1,3,1,2,3,3,2,2,2,2,3,3,5,2,4,3,2,2,2,1,3,1,1,2,2,2,1,1,3,3,1,2,1,1,2,3,3,5,5,4,4,2,3,1,2,1,1,1,1,1,1,1,1,3,3,2,2,3,2,2,1,1,2,4,1,4,3,2,2,2,2,1,2,2,3,3,1,2,1,3,3,2,1,3,3,3,3,3,2,1,1,2,4,2,2,1,3,3,2,3,3,1,1,1,2,4,2,4,4,1,2,1,3,2,3,3,1,3,3,3,3,2,3,2,1
CluIDFG21G_0734,2,1,1,2,4,4,1,2,1,1,1,1,1,1,3,4,1,2,2,1,2,3,1,3,2,2,1,4,2,1,2,2,1,1,2,2,2,1,1,3,3,3,1,3,3,3,3,3,2,2,4,2,2,2,3,2,1,2,1,2,3,2,4,4,3,2,2,1,2,2,2,1,3,3,3,4,3,2,3,1,3,3,2,2,1,3,5,2,3,1,2,2,2,1,3,1,3,3,2,1,1,1,1,2,2,1,1,2,4,4,1,1,2,2,2,2,1,1,3,4,1,1,3,2,2,1,3,1,4,1,3,2,2,1,1,1,1,1,2,2,1,2,1,1,3,2,5,2,3,2,1,1,1,2,1,4,1,1,2,2,2,2,2,1,2,2,1,1,3,3,3,1,3,3,2,3,1,2,1,1,2,3,2,3,3,2,1,1,2,1,2,2,4,4,3,3,1,1,1,2,4,4,2,2,3,3,3,3,1,1,2,2,2,2,1,1,2,2,3,3,3,1,2,3,4,1,2,1,2,1,2,1,1,1,2,2,1,1,2,2,2,2,3,1,2,2,3,2,1,4,3,1,1,1,2,2,2,1,2,1,3,3,2,2,1,3,3,2,4,2,1,2,1,1,2,2,3,2,2,1,2,3,3,3,2,1,3,2,4,2,1,1,4,3,1,3,3,3,2,1,1,2,2,2,2,3,3,3,2,2,2,2,3,3,1,1,1,1,1,2,4,3,1,2,2,1,3,3,2,5,3,1,1,4,2,1,1,3,2,2,2,1,1,2,2,1,3,3,2,2,3,3,1,2,1,1,2,2,1,1,3,2,3,2,2,1,2,1,4,4,2,2,2,1,2,5,2,3,3,4,3,1,1,2,2,2,1,2,1,2,1,2,3,2,2,2,2,3,1,3,2,2,1,2,2,2,3,1,2,1,1,1,1,3,4,2,1,2,3,1,4,3,3,3,3,1,3,1,1,3,2,2,1,4,2,2,3,3,3,3,3,2,3,3,2,3,1,4,2,4,2,4,2,1,1,1,2,2,1,1,2,2,1,1,1,1,1,2,2,2,3,2,2,2,3,5,2,1,2,3,2,1,2,2,2,1,1,1,3,3,3,2,4,3,2,2,2,2,2,4,4,1,1,2,3,3,1,1,3,2,1,3,1,2,3,3,1,2,3,1,3,3,2,2,1,1,2,2,2,3,3,1,1,2,4,1,1,2,2,3,4,2,2,4,3,3,2,3,3,3,3,1,1,1,3,3,1,3,1,1
CluIDFG21G_0741,2,1,2,2,1,1,3,3,1,1,3,3,3,3,4,4,1,1,2,2,3,3,1,1,1,1,4,4,4,4,3,3,3,2,1,1,1,1,3,3,3,3,3,3,3,3,2,3,2,1,2,3,2,2,2,1,2,1,1,2,3,1,5,5,3,3,1,1,3,1,2,1,3,2,4,4,3,3,3,1,3,2,2,2,2,2,3,2,1,2,1,2,3,3,3,1,2,2,2,2,1,1,2,1,1,1,1,2,1,4,3,1,3,2,1,1,3,3,3,3,1,1,2,3,2,2,1,3,2,2,1,1,1,1,2,2,4,4,1,1,1,1,2,2,2,2,5,5,1,1,2,2,3,3,2,2,2,2,1,1,2,2,2,2,3,1,1,3,3,1,1,2,3,2,1,2,1,2,4,2,2,1,3,1,1,2,2,2,2,2,1,2,1,6,3,2,1,1,1,1,2,2,3,4,3,2,1,2,1,1,2,4,3,1,1,1,2,2,3,3,1,1,4,1,3,3,2,1,1,1,2,3,1,1,2,1,1,3,2,2,2,3,3,3,3,1,3,3,1,4,3,2,1,1,2,2,1,1,2,2,2,2,3,1,1,3,2,2,2,1,3,2,3,2,1,1,3,2,1,1,3,2,3,3,1,2,2,3,2,4,2,1,1,4,3,1,2,2,1,1,1,1,1,2,2,2,1,1,2,2,2,1,1,1,1,2,1,1,2,2,4,3,2,2,1,1,3,3,5,1,3,3,1,3,5,3,2,2,2,2,1,1,1,1,1,2,3,2,2,2,3,2,4,1,1,1,1,2,1,1,3,1,3,2,1,3,2,3,4,4,3,2,1,1,2,1,1,2,4,3,1,1,2,2,1,1,1,2,2,1,1,3,1,3,2,2,3,1,1,1,2,1,1,2,3,2,1,1,2,2,2,2,2,1,2,3,2,3,3,1,4,3,2,2,3,3,1,1,1,1,2,2,4,3,2,1,3,3,3,3,3,2,3,2,1,1,1,2,4,1,4,2,1,3,1,1,2,2,2,1,2,2,2,2,1,1,1,1,1,1,3,3,2,2,4,4,4,4,3,3,1,1,2,2,1,1,2,2,4,4,2,2,1,1,1,1,1,2,3,1,1,4,2,4,2,1,1,2,2,1,3,3,1,1,2,1,1,3,2,3,3,1,2,2,2,1,4,4,1,2,1,1,2,2,1,3,3,2,1,1,1,3,1,4,2,3,3,3,3,3,3,1,1,2,3,3,3,1,1,1
CluIDFG21G_0746,1,2,1,2,1,4,3,2,2,1,3,1,4,3,3,4,2,1,2,3,1,1,1,2,2,3,4,4,1,1,2,2,2,2,3,2,3,3,1,3,3,1,1,1,1,1,3,3,2,2,2,4,1,1,3,2,2,1,1,1,2,2,4,5,3,2,3,3,2,2,1,2,1,2,3,3,1,1,3,3,3,1,1,2,2,2,3,3,1,2,2,2,3,1,1,1,3,3,1,1,1,2,1,3,3,1,2,1,4,1,3,2,2,2,1,2,3,2,1,4,3,3,3,2,3,2,2,3,2,4,2,2,3,3,2,2,3,3,2,2,2,1,1,2,3,2,3,3,1,1,1,1,2,3,1,2,2,3,1,2,2,2,1,2,2,2,1,3,3,4,2,1,3,3,3,2,1,2,1,1,1,2,1,3,1,3,1,2,2,1,1,2,4,4,3,2,1,1,1,1,4,2,3,1,2,1,3,2,2,1,2,2,2,2,2,2,2,1,2,3,3,3,4,3,1,3,2,1,2,1,2,2,1,2,2,1,1,1,2,2,2,2,1,1,1,2,3,3,2,1,3,3,2,1,2,2,2,1,1,2,2,4,2,2,3,3,3,3,4,4,2,1,1,3,1,1,2,3,2,2,3,1,1,3,2,2,3,2,3,3,2,2,3,3,1,3,2,2,3,1,2,1,2,2,2,2,3,3,2,2,1,3,1,2,2,2,2,3,1,1,1,3,1,2,1,2,3,3,2,4,3,2,5,4,4,2,1,2,2,1,2,1,1,1,2,2,1,3,1,1,1,3,2,4,1,1,2,2,2,2,2,1,3,2,3,2,2,2,4,4,3,2,2,1,1,1,3,2,4,4,3,1,1,2,2,2,2,2,2,2,2,2,1,3,2,2,3,1,3,3,2,1,1,2,3,2,3,1,2,2,1,1,1,3,2,3,2,2,3,1,4,3,2,2,3,3,2,2,2,1,2,2,3,3,2,2,1,3,3,3,3,2,3,1,1,1,2,3,1,4,2,1,1,1,3,3,1,1,2,2,2,2,1,2,1,1,2,2,2,1,3,2,2,2,3,3,3,2,3,2,3,2,1,2,1,3,1,1,5,2,2,2,2,1,2,1,2,2,2,2,3,4,2,1,2,3,1,1,1,2,3,1,1,2,2,3,3,3,2,4,3,3,3,2,1,1,2,2,2,2,3,3,1,3,3,3,2,1,1,2,1,4,4,4,1,3,2,2,3,3,3,1,1,1,3,3,2,2,1,1
CluIDFG21G_0754,2,2,2,2,4,4,2,2,1,1,1,1,3,4,3,4,1,3,5,3,2,1,1,2,1,3,4,4,2,1,2,2,2,1,3,2,3,1,3,1,3,3,1,1,3,3,3,3,2,2,3,3,1,2,1,2,2,2,1,1,3,2,5,1,2,1,1,1,3,2,3,1,2,3,3,4,1,2,3,1,3,2,2,1,3,1,2,2,1,1,1,1,1,3,1,3,4,3,1,2,1,3,2,2,3,2,2,2,4,3,1,3,3,2,2,1,2,1,1,1,1,3,1,2,3,3,3,3,1,2,1,4,1,3,2,1,4,1,2,2,1,1,2,1,2,3,5,3,2,1,1,1,1,1,2,2,1,1,2,1,2,3,1,2,2,2,1,3,3,1,1,1,3,3,3,3,1,2,2,4,2,2,1,2,1,2,1,2,2,1,2,1,4,7,3,3,2,1,2,1,2,3,4,1,1,2,4,2,2,3,2,2,2,2,2,1,1,2,2,2,3,3,4,2,4,2,2,2,1,2,1,2,1,2,1,1,1,1,2,1,3,3,1,1,1,2,3,3,4,1,3,3,1,1,2,3,1,2,2,2,2,2,3,3,1,3,3,3,4,4,1,1,2,1,2,1,3,2,1,1,3,1,2,3,1,2,2,3,3,4,1,2,1,5,1,2,2,3,3,3,2,1,2,2,2,2,3,3,2,2,1,3,2,2,2,2,2,2,1,1,2,3,2,2,1,1,3,3,1,1,1,2,4,3,2,1,2,2,3,1,2,1,2,1,2,2,2,2,1,1,3,3,5,4,2,1,2,1,2,1,1,3,3,3,1,3,2,2,4,4,3,3,1,1,1,1,1,1,5,5,1,1,2,2,1,2,2,2,1,2,1,3,1,3,2,2,1,1,1,1,2,1,2,1,3,3,3,3,2,2,2,2,1,1,2,2,1,1,3,3,3,4,3,2,3,3,3,3,2,2,2,2,3,2,1,1,3,3,3,3,1,2,2,3,3,2,1,2,4,2,5,1,1,1,3,3,1,2,1,2,2,2,2,2,3,3,2,1,1,2,3,3,5,5,2,4,1,3,2,2,3,3,1,2,1,1,2,2,3,3,2,3,1,3,2,2,2,1,4,2,3,3,4,2,1,2,2,1,3,1,3,3,2,1,3,3,3,3,2,2,2,1,3,2,2,3,2,2,2,2,1,3,3,1,2,3,1,1,3,1,3,2,1,4,2,2,1,3,2,2,4,4,1,3,2,3,2,2,1,1
CluIDFG21G_0755,2,2,2,2,4,4,2,1,1,1,1,3,3,3,3,3,1,1,3,3,3,3,1,1,1,2,4,2,2,1,2,2,2,1,2,1,2,3,2,1,3,2,3,1,1,3,2,1,1,1,4,1,2,1,2,2,2,2,2,1,2,2,4,5,3,2,1,1,2,2,2,2,3,2,3,3,1,3,1,2,3,3,1,1,3,1,4,2,2,2,1,1,1,1,1,1,4,2,2,1,2,2,1,2,1,3,2,1,4,4,2,1,1,2,1,2,1,2,4,1,3,1,1,2,1,1,2,1,2,1,1,2,3,3,1,2,3,2,3,3,1,1,2,2,2,2,5,1,2,2,2,1,3,3,4,2,3,1,2,1,2,3,2,2,2,2,2,1,1,1,1,1,3,3,3,3,1,1,2,4,1,1,2,2,1,1,1,1,2,2,2,2,7,2,3,3,1,1,2,2,3,3,4,3,3,1,1,1,1,1,2,4,1,2,2,2,1,1,2,2,3,3,3,4,3,1,1,1,1,2,2,3,1,1,1,1,1,1,1,2,3,3,1,2,2,2,2,2,4,4,2,2,1,1,3,3,1,1,2,1,2,3,2,3,2,3,2,2,1,5,2,1,1,1,1,1,2,2,1,2,2,2,3,3,1,1,3,3,2,2,2,1,4,3,1,3,2,2,3,1,2,1,1,1,2,3,3,3,1,2,3,1,3,3,1,1,2,1,1,2,3,3,2,1,1,2,3,2,5,4,1,1,4,5,5,1,1,2,2,1,2,2,2,1,2,2,2,1,1,1,3,3,4,2,1,1,1,1,1,2,1,1,1,3,1,1,3,2,2,4,3,1,2,2,1,5,1,2,5,4,3,1,1,2,1,1,2,1,2,2,2,3,3,1,1,1,2,3,1,3,2,1,1,2,3,2,3,3,1,2,1,1,2,1,1,3,1,3,3,3,1,4,3,2,3,1,1,3,3,2,2,2,3,1,3,3,1,1,3,3,2,3,3,3,1,2,3,2,3,4,5,2,1,1,1,3,2,2,1,2,2,2,1,1,2,1,1,2,1,2,3,2,2,5,4,4,3,2,2,3,3,1,1,1,2,1,2,1,5,2,2,2,1,1,2,1,2,2,1,4,4,3,2,2,2,2,1,1,3,3,1,3,2,2,3,1,3,1,3,2,2,1,1,2,3,1,1,2,2,3,3,1,1,1,3,4,2,2,1,1,3,1,2,4,1,1,3,3,2,1,2,4,1,3,2,3,2,2,1,1
CluIDFG21G_0756,2,1,1,1,4,4,1,1,2,2,1,1,3,3,3,3,2,1,2,2,3,1,1,1,1,1,2,4,1,3,2,2,2,3,3,2,3,3,3,1,4,3,1,3,3,3,2,2,1,1,3,1,1,1,3,1,1,2,1,2,2,2,5,2,1,3,3,1,3,2,2,3,3,1,2,4,2,3,1,3,3,3,2,1,2,2,3,3,3,1,1,2,1,3,1,1,2,3,1,1,1,2,1,1,1,3,2,1,4,3,3,3,3,2,1,2,1,3,3,4,3,1,3,2,2,2,2,3,2,4,2,2,3,2,1,1,2,2,1,3,1,2,1,1,2,1,1,5,1,4,1,2,3,3,1,4,1,1,2,2,1,2,2,2,2,2,2,2,1,1,2,2,3,3,3,3,2,1,2,1,2,1,3,2,3,1,2,1,2,1,1,2,6,4,3,2,1,1,1,1,2,4,1,1,2,1,2,4,1,2,4,2,1,2,1,2,2,1,2,1,2,3,2,2,4,4,1,2,2,2,2,3,1,1,2,2,1,2,2,1,2,2,2,3,2,2,3,3,1,1,3,3,1,2,2,2,2,1,1,2,3,4,2,2,1,2,2,2,4,4,1,1,1,1,1,1,2,2,1,1,3,3,3,2,1,1,3,3,3,4,2,1,2,1,3,3,2,2,1,1,2,2,2,2,1,2,3,1,3,2,2,1,3,2,1,1,1,2,2,1,4,4,2,1,2,1,3,3,2,2,3,3,3,2,5,1,2,2,2,2,1,2,2,2,2,2,3,3,2,2,1,3,2,4,1,1,2,2,2,2,2,1,3,2,3,1,2,3,3,3,2,3,2,1,3,2,2,2,5,3,2,3,2,2,2,2,2,2,1,1,2,2,1,2,2,1,2,2,1,1,2,1,3,3,3,2,3,2,2,2,1,2,3,1,4,4,2,3,3,1,4,1,2,1,3,3,2,2,2,1,1,2,4,3,2,1,3,3,3,3,2,3,3,1,1,1,3,5,1,2,2,1,3,1,1,2,1,1,2,2,2,2,1,2,1,3,2,1,1,2,2,3,2,2,4,4,2,2,3,3,1,2,1,2,5,1,2,2,2,3,2,1,2,1,2,2,2,2,1,1,4,4,1,2,2,3,1,2,2,3,3,1,2,1,3,2,1,1,3,3,2,3,1,3,1,1,2,2,1,2,1,3,3,2,1,3,2,2,1,3,1,4,1,4,3,2,2,2,3,2,3,4,3,3,3,2,1,1,2,1
CluIDFG21G_0765,2,1,2,2,4,1,2,3,1,1,2,3,1,3,3,4,1,1,2,2,2,3,3,1,1,1,4,4,1,4,2,3,2,2,1,1,1,2,2,3,3,4,3,1,3,1,2,2,2,1,3,1,2,2,1,2,2,2,1,2,2,2,4,1,2,2,3,2,2,2,1,2,1,3,3,3,2,3,1,1,3,3,1,1,3,2,2,5,3,1,2,2,3,2,3,3,3,4,1,1,1,3,1,2,1,3,2,1,3,4,1,3,2,2,2,1,3,2,1,1,1,1,2,2,2,1,3,1,4,2,2,3,2,3,1,2,1,2,1,2,1,2,1,2,3,3,5,3,3,1,2,1,2,3,1,2,2,2,1,1,2,2,2,2,1,2,1,3,1,3,1,1,3,2,1,3,2,2,1,1,1,2,3,2,3,3,2,1,2,2,1,2,6,4,3,2,1,1,2,1,2,2,3,2,1,3,2,3,3,1,2,1,2,3,1,2,2,1,4,3,1,3,2,3,4,3,2,2,1,1,3,2,1,1,3,1,1,1,1,2,2,3,1,3,2,2,3,3,4,2,2,3,2,1,3,3,2,1,2,2,2,1,1,3,3,3,2,2,4,1,2,2,1,2,2,2,3,2,2,1,3,3,3,2,2,2,3,2,2,3,1,1,1,1,1,1,3,3,3,2,1,1,2,1,2,2,3,3,2,1,2,1,2,1,1,1,1,3,2,2,3,4,1,1,2,2,3,3,5,1,3,3,3,3,3,3,2,2,2,2,2,1,3,1,2,1,2,3,1,2,1,3,5,5,1,1,2,1,2,2,1,1,2,3,1,1,3,3,4,4,2,3,1,2,2,5,3,3,3,4,1,1,2,2,1,1,2,2,1,1,1,1,1,2,2,2,2,1,1,1,2,2,2,2,3,2,2,3,2,2,1,1,1,1,3,4,2,3,2,2,1,1,2,2,3,1,1,3,2,1,2,2,1,4,2,1,3,3,3,3,2,3,3,2,1,3,3,3,4,3,4,2,3,2,1,3,1,2,2,1,2,2,1,2,3,3,2,1,1,2,3,3,5,4,2,4,4,3,3,3,2,1,1,1,1,1,2,2,3,3,2,2,1,1,2,1,2,2,4,2,3,4,2,1,1,2,1,1,1,2,3,3,1,1,3,3,1,1,2,4,3,1,3,2,1,3,1,3,3,2,3,2,1,2,3,3,1,1,2,2,2,4,2,1,2,1,2,3,3,2,1,3,2,2,3,1,2,2,3,1
CluIDFG21G_0768,2,2,1,2,1,4,3,3,1,1,3,1,3,3,4,4,2,1,2,2,3,3,1,1,1,2,2,4,4,1,3,2,2,2,2,2,3,1,3,2,1,3,1,3,3,1,2,3,2,2,3,2,1,2,3,1,1,2,1,1,3,3,4,4,3,3,1,1,2,3,3,2,3,2,3,3,3,1,1,3,3,3,2,2,2,2,4,2,1,3,2,2,1,2,1,1,3,2,1,2,2,2,2,1,1,3,2,2,2,4,3,3,2,1,1,1,2,3,4,1,3,1,2,3,2,2,2,1,4,2,3,3,1,2,2,2,2,2,2,3,2,2,2,2,3,3,3,3,2,1,1,2,3,1,2,2,1,1,2,2,3,2,2,2,2,2,3,1,3,1,1,1,3,3,3,1,2,2,1,1,3,2,1,1,1,1,1,2,2,2,2,1,3,7,2,2,1,1,1,1,2,2,4,3,1,3,1,2,1,1,2,1,1,1,1,1,2,2,4,3,3,1,3,1,3,3,1,2,1,1,3,2,2,2,1,2,1,1,2,2,2,2,1,2,2,1,2,3,3,3,3,3,2,1,3,2,1,1,2,1,1,3,1,3,1,3,1,3,4,4,2,1,2,1,2,2,1,3,2,2,3,2,3,3,2,2,2,2,2,3,2,2,3,1,3,2,3,1,2,2,2,2,2,2,3,3,3,3,3,3,2,2,3,2,2,1,3,1,2,2,3,3,2,1,1,2,2,3,4,1,1,3,4,2,3,1,2,1,2,1,2,1,2,3,3,3,3,3,1,1,1,2,5,5,1,2,2,1,2,1,3,1,3,2,3,1,3,3,2,3,2,3,1,1,2,1,1,3,3,4,3,1,2,1,1,2,2,2,1,2,3,3,1,2,1,2,1,3,1,1,1,1,2,1,3,3,2,3,2,2,2,2,3,1,2,3,1,1,3,3,4,4,1,3,1,1,2,4,3,1,2,2,3,4,3,1,1,3,2,3,3,2,3,1,2,2,2,3,2,2,4,1,3,1,2,3,2,1,1,2,2,1,3,1,1,1,2,2,2,2,2,2,2,2,2,2,2,4,3,3,2,2,2,1,3,2,1,1,2,2,2,2,2,1,1,2,2,2,3,4,2,3,2,2,2,2,2,1,2,2,1,1,2,2,2,2,3,1,2,3,3,3,2,3,1,1,4,2,1,2,2,3,1,2,3,5,1,2,2,1,1,4,1,4,3,1,2,3,3,3,2,3,1,3,3,3,2,2,1,1
CluIDFG21G_0774,2,1,1,2,4,4,1,2,2,2,3,1,1,1,2,2,3,2,1,2,3,2,2,1,2,1,2,2,1,1,3,2,3,1,3,2,1,1,1,2,1,1,3,3,3,1,2,2,2,2,2,4,2,2,2,3,2,1,1,1,2,1,4,2,3,3,1,1,3,1,1,2,2,2,3,3,3,2,1,1,2,3,2,2,2,3,4,5,3,3,1,2,3,3,3,1,1,2,3,1,2,3,2,2,3,2,1,2,4,4,1,3,3,2,1,1,2,1,4,1,1,2,2,2,1,2,1,1,2,4,2,2,2,3,2,1,4,3,1,2,1,1,2,1,1,2,5,5,4,2,1,1,1,1,4,1,2,1,1,1,3,3,3,2,2,2,1,3,1,3,1,2,1,3,1,3,1,1,2,4,3,2,1,2,1,1,1,2,1,2,1,2,4,4,1,3,2,1,1,1,2,4,1,3,1,3,1,3,1,1,4,2,2,1,2,2,2,1,1,2,2,3,2,2,4,3,1,1,2,2,2,3,1,1,2,1,2,1,2,1,2,3,2,2,1,2,2,3,1,2,3,2,1,1,2,2,1,1,1,2,3,4,2,3,2,1,3,2,4,2,1,1,3,1,2,1,3,3,2,2,1,2,3,1,1,2,2,3,3,4,2,2,4,3,1,3,3,2,1,3,1,1,2,2,2,3,1,3,3,2,2,1,3,2,1,2,2,2,1,2,3,2,1,2,2,1,3,1,3,3,3,3,1,1,2,1,1,2,1,2,2,2,2,1,2,1,3,1,2,1,1,3,5,1,2,1,1,1,2,1,1,1,3,3,3,3,2,3,4,2,2,1,2,1,2,3,1,2,3,3,3,3,2,1,2,1,1,2,2,2,3,3,3,2,2,1,3,2,1,1,1,2,2,2,2,2,3,3,1,2,2,1,1,2,1,3,3,2,3,3,1,3,1,3,1,1,4,4,3,3,2,2,3,3,2,3,3,1,3,3,2,2,3,3,2,3,3,2,3,2,5,4,1,1,1,3,3,2,1,1,2,2,2,1,1,1,2,1,2,1,2,3,5,2,4,4,1,1,2,1,3,1,1,1,1,1,1,2,5,4,2,3,1,4,2,2,2,2,3,4,4,4,3,1,3,2,2,1,2,3,3,1,2,2,1,2,3,1,2,3,3,1,2,2,2,1,4,4,2,2,3,1,1,2,4,4,2,3,2,1,1,1,2,2,2,3,2,3,3,1,1,1,1,2,2,3,3,1,1,2
CluIDFG21G_0775,2,1,1,3,4,4,1,2,2,1,2,1,3,3,4,4,2,2,5,3,3,3,1,1,2,2,4,2,1,1,2,2,2,2,2,2,3,3,3,1,3,3,1,3,1,3,2,3,2,2,3,1,2,1,3,1,1,1,2,2,1,3,4,4,2,4,1,2,2,3,3,2,3,2,3,3,3,2,3,3,3,3,2,2,1,2,4,2,1,2,2,2,1,3,2,1,4,2,1,2,1,2,2,2,3,2,2,2,4,3,3,3,1,1,2,1,2,3,1,1,2,1,2,3,1,3,3,1,1,1,2,1,3,1,2,2,4,1,2,2,1,1,1,2,2,2,3,1,1,2,1,1,2,2,2,1,1,3,2,1,3,3,3,1,2,2,1,1,1,3,2,1,3,3,3,3,2,1,2,1,2,3,1,2,2,3,2,1,1,2,2,1,4,7,1,2,1,1,1,1,4,2,2,1,2,3,2,2,1,1,2,4,2,2,1,2,1,1,4,1,3,3,3,2,3,3,2,2,1,1,1,1,2,1,3,2,1,1,1,2,3,2,2,1,3,1,2,3,2,1,2,3,1,1,3,2,2,1,2,2,1,3,1,3,3,1,2,3,5,1,2,1,1,1,2,2,2,3,2,2,2,2,3,3,1,1,2,2,4,4,1,2,1,3,3,1,3,3,3,1,1,1,2,1,2,1,1,1,2,2,1,2,1,3,1,2,2,3,1,1,1,1,2,2,2,2,3,3,5,2,3,3,1,3,4,1,2,2,2,2,2,2,1,1,2,3,3,2,1,1,1,1,5,4,2,1,1,1,1,2,2,1,2,3,2,1,2,2,4,4,3,2,1,1,3,2,3,3,4,1,1,1,2,2,2,2,1,2,2,1,2,1,2,1,2,2,3,3,3,3,2,2,1,2,2,2,1,2,2,2,2,1,1,1,2,2,1,3,3,3,3,1,3,2,1,3,3,2,1,1,2,2,4,2,3,2,1,3,3,3,3,2,2,2,1,2,2,3,2,3,2,4,1,1,1,3,1,2,2,1,2,2,2,1,3,1,1,2,2,1,4,2,2,2,4,4,3,3,3,2,3,3,2,1,1,1,2,1,5,5,2,2,1,1,2,2,2,1,4,3,2,4,2,2,2,2,2,1,2,2,1,1,2,1,2,2,1,2,3,2,3,3,3,2,1,1,1,2,3,3,3,2,1,2,1,3,1,2,3,1,1,4,2,4,3,3,3,3,2,1,3,1,1,1,2,3,1,2,1,2
CluIDFG21G_0778,1,1,3,2,1,4,2,2,1,1,1,3,1,4,3,4,1,2,3,3,1,3,1,1,1,3,4,4,1,1,2,1,1,1,1,1,1,3,1,3,1,3,3,1,1,1,3,2,1,2,3,3,2,1,2,1,1,2,2,1,3,2,5,5,2,1,2,4,1,2,2,3,2,3,3,3,3,2,3,1,3,2,1,2,2,2,4,3,1,3,2,2,1,3,1,1,3,4,2,2,2,3,1,2,3,3,1,2,4,4,1,3,1,3,2,2,2,2,3,4,1,1,1,3,1,3,3,3,1,4,2,1,3,3,1,1,2,1,3,3,1,1,2,1,2,3,5,1,2,2,2,2,2,1,2,4,2,2,1,1,2,2,2,1,2,2,1,1,3,1,1,2,3,3,2,3,2,2,2,1,3,2,2,1,2,3,2,2,2,2,1,2,7,7,3,3,2,2,2,2,2,3,2,2,3,1,2,4,1,3,2,4,3,2,1,2,2,2,3,3,3,3,4,4,1,2,1,2,1,1,3,2,1,1,1,1,1,3,1,2,2,2,3,2,1,2,3,2,4,1,3,1,1,1,3,2,2,1,2,1,2,2,1,2,3,1,2,2,1,4,2,1,1,1,2,1,1,1,1,2,3,2,3,2,2,1,2,3,4,1,1,2,5,1,3,1,2,3,3,3,1,2,2,1,1,2,1,4,2,2,2,1,3,1,1,1,1,1,1,2,3,4,1,1,2,2,3,3,2,1,2,1,3,4,1,1,2,3,2,2,2,2,2,1,2,1,1,3,1,2,3,3,5,1,2,1,2,2,1,2,3,1,3,2,1,2,2,2,4,4,2,3,1,1,2,1,1,2,3,4,3,3,2,1,1,2,1,2,1,1,1,2,1,1,2,1,3,2,1,1,2,2,3,2,2,2,2,3,2,2,1,1,2,1,2,4,3,2,3,3,4,4,2,3,3,3,2,3,2,2,2,2,3,4,1,2,1,1,3,1,1,2,3,3,1,2,1,5,3,2,2,2,3,1,1,2,2,1,2,2,2,2,1,1,3,3,1,1,2,1,3,4,5,4,2,2,3,3,3,2,1,3,2,1,1,5,2,2,2,5,2,2,3,2,2,1,2,2,4,4,4,2,2,4,2,1,2,2,1,2,3,1,2,2,3,1,1,3,2,3,3,3,2,3,1,1,2,4,2,2,3,1,2,1,1,4,2,2,1,1,1,3,2,2,2,2,3,2,1,3,4,1,2,3,3,3,2,1,1,1
CluIDFG21G_0786,2,1,2,1,4,4,2,1,2,1,2,3,1,3,3,4,1,2,2,1,3,3,1,1,2,2,4,2,2,1,2,2,1,2,1,3,3,2,3,2,1,3,3,2,1,1,2,2,1,2,3,4,1,2,1,2,2,1,1,1,1,2,5,3,3,2,1,3,2,3,1,2,1,2,3,3,1,2,1,3,2,3,2,2,2,2,3,3,1,2,2,2,3,1,1,2,3,4,1,2,3,2,2,1,3,3,2,2,4,4,2,1,3,1,2,2,3,3,4,4,3,1,2,2,3,2,3,2,2,2,2,2,3,3,2,2,3,2,2,2,2,1,1,2,2,3,5,3,1,1,1,1,2,2,1,2,2,1,1,2,2,3,2,2,2,1,1,2,1,1,1,2,1,3,3,3,1,1,1,2,2,2,2,1,3,3,2,2,1,1,1,1,4,4,2,3,1,1,2,1,3,2,3,4,2,1,4,2,3,1,2,2,2,2,1,2,1,2,3,2,3,3,4,3,3,2,2,2,1,2,2,3,2,1,2,1,2,1,1,2,2,1,2,1,1,2,3,3,2,4,1,3,1,2,2,2,1,1,2,1,2,3,2,1,1,2,3,2,4,4,1,1,2,3,1,2,3,2,1,1,3,1,3,3,2,2,2,2,3,2,1,2,1,3,1,1,2,2,1,3,1,2,2,1,2,2,3,3,2,3,1,2,3,1,1,2,1,2,1,2,1,3,2,2,2,3,3,3,4,3,1,3,5,1,4,2,3,1,1,2,1,1,1,3,2,3,3,2,2,1,1,3,4,1,1,1,2,2,1,1,3,3,2,2,2,2,2,2,4,4,1,3,2,1,3,1,3,2,4,4,1,1,2,2,2,2,1,2,1,2,1,1,1,2,2,1,2,1,3,1,2,2,1,2,2,3,3,3,2,1,1,1,1,3,2,4,1,2,2,1,3,1,2,2,1,3,1,3,3,1,2,2,2,3,1,3,1,3,3,2,2,2,1,2,1,3,3,1,1,4,2,2,1,3,3,3,2,1,2,1,2,2,2,1,3,3,1,1,2,1,3,4,2,2,2,2,5,1,3,3,1,3,1,2,1,1,2,1,2,3,3,2,2,1,2,2,2,1,1,2,3,4,4,4,3,3,1,2,1,2,3,1,2,2,1,1,1,2,3,3,1,2,1,2,2,1,3,2,2,2,3,3,1,1,3,4,2,2,3,2,1,2,4,4,1,1,3,3,3,3,3,1,1,1,2,3,2,2,2,1
CluIDFG21G_0788,2,1,3,1,4,4,1,2,2,1,2,1,1,1,2,4,2,2,2,2,3,3,1,1,2,2,2,2,1,1,2,3,2,2,2,3,3,3,3,1,3,3,2,3,1,1,3,2,1,2,1,4,1,1,2,2,2,2,2,2,2,3,5,2,2,3,1,1,2,3,2,2,2,2,4,3,3,3,1,3,1,2,2,1,2,2,2,4,1,2,2,2,3,3,1,3,4,3,2,2,3,2,2,3,1,2,1,1,2,4,2,1,2,3,1,1,2,2,3,4,1,3,1,1,1,3,2,3,4,4,1,2,3,1,2,2,1,2,3,3,2,2,1,1,3,2,5,3,3,2,1,1,2,1,2,1,1,1,2,1,2,3,2,2,2,2,1,1,3,1,2,1,3,3,3,2,2,1,1,2,2,3,2,1,1,1,2,2,1,1,1,1,7,7,2,3,1,1,1,2,2,2,3,3,3,1,1,2,1,1,2,4,1,3,2,2,2,2,3,2,3,3,3,4,3,1,2,2,1,1,3,1,1,1,1,2,3,2,1,1,2,2,2,1,1,1,2,3,2,4,2,2,1,1,2,2,1,1,2,2,4,3,2,2,1,3,2,2,4,4,1,1,3,1,2,1,3,3,2,1,3,2,3,3,2,2,1,2,2,3,2,2,5,3,1,1,2,2,1,2,1,1,2,2,2,2,3,3,2,2,1,2,3,2,2,1,1,1,2,2,2,4,2,1,2,1,3,3,1,2,3,1,2,3,3,2,2,2,2,2,2,1,1,2,2,2,2,3,1,2,1,1,1,1,1,1,1,1,1,1,3,1,2,2,2,3,2,2,2,3,3,1,2,2,5,3,3,1,3,4,3,3,1,1,2,2,1,1,2,2,3,3,1,3,1,1,2,2,1,1,2,2,1,3,2,3,3,2,2,2,1,1,1,2,4,4,2,2,2,3,3,1,3,3,3,1,2,2,3,1,2,2,1,2,1,1,3,3,3,2,2,3,3,3,1,2,3,3,4,2,5,5,1,1,3,2,2,1,1,2,1,2,1,1,1,2,2,1,1,2,3,2,4,4,5,2,3,1,3,2,1,1,2,1,1,1,1,1,3,5,1,3,1,1,2,2,2,2,4,4,2,2,4,2,2,2,2,2,2,2,1,1,2,2,3,1,1,1,3,3,2,3,1,3,1,1,2,2,2,2,3,3,3,3,4,3,2,1,3,2,1,4,2,1,1,3,2,1,1,3,1,1,1,1,2,3,1,2,1,2
CluIDFG21G_0794,1,2,1,2,4,1,2,3,2,2,2,1,3,1,3,3,2,2,3,1,3,1,1,3,2,1,4,2,1,4,2,3,2,2,3,1,1,1,1,3,1,3,3,1,3,3,3,2,2,1,2,3,2,1,2,2,2,1,2,1,2,3,4,5,3,3,1,1,1,3,3,1,3,1,3,4,3,2,1,3,1,2,2,2,1,2,1,2,1,2,2,2,3,3,1,1,4,3,2,1,2,1,1,1,3,3,2,2,1,4,3,1,1,3,1,2,3,2,1,3,2,2,3,1,3,1,3,2,4,2,1,3,3,3,2,2,4,2,1,3,2,1,2,2,2,2,3,5,2,2,2,2,2,3,2,2,3,3,2,2,1,1,2,2,2,2,1,2,3,1,2,1,3,2,3,3,2,1,2,1,2,3,2,2,1,2,1,2,1,1,2,2,7,7,3,3,1,2,1,2,3,2,1,1,1,1,4,4,3,2,2,2,3,3,2,1,1,2,1,1,3,1,4,4,3,1,2,1,1,2,2,1,1,1,2,2,1,2,2,2,2,2,3,2,2,2,3,1,4,4,2,1,2,2,3,2,1,1,2,2,2,3,3,2,3,3,1,2,2,4,1,2,2,1,1,2,3,3,1,2,3,2,1,2,1,2,3,3,3,3,2,2,3,3,1,1,3,3,2,1,1,1,2,1,1,1,3,1,3,3,3,1,3,2,2,1,2,2,2,1,2,3,2,2,2,2,1,3,5,3,1,3,5,4,2,2,2,1,1,2,2,2,1,2,1,2,2,3,1,1,1,3,4,1,1,1,1,2,2,2,1,3,3,2,1,3,3,2,1,2,1,3,2,1,3,1,1,1,3,3,3,3,1,1,2,1,1,2,2,2,3,1,3,3,2,2,1,3,1,2,2,1,2,2,3,3,3,3,2,2,1,2,3,2,3,2,3,3,3,3,3,3,3,3,3,3,3,4,3,3,2,2,2,3,2,1,1,1,3,1,2,2,2,3,2,1,2,1,3,3,2,1,1,1,2,3,1,2,2,1,1,1,1,1,2,2,2,2,2,1,2,3,1,2,4,2,1,3,3,3,1,1,1,1,1,1,1,1,5,3,3,3,1,3,2,1,2,1,4,4,3,4,2,2,2,2,2,1,3,3,3,3,2,2,2,3,1,3,2,1,1,3,2,2,1,1,2,4,2,2,3,1,2,1,2,2,2,2,1,2,2,2,2,1,3,2,2,2,3,2,1,3,3,2,3,2,2,2,1,1
CluIDFG21G_0799,2,1,1,3,1,4,3,2,2,2,2,1,3,3,3,4,2,3,3,5,1,3,2,1,2,2,4,2,1,4,2,3,1,1,1,1,3,4,3,3,3,2,3,3,1,1,1,3,2,1,3,4,2,2,2,2,1,1,1,1,2,3,4,4,2,3,1,3,2,2,2,2,2,1,2,3,3,3,2,1,3,3,2,2,1,2,2,4,2,2,2,2,3,1,2,1,4,4,2,3,1,1,2,2,3,3,2,2,4,4,1,2,2,2,1,2,2,2,1,4,3,3,1,2,1,2,2,3,2,4,2,2,1,1,2,1,2,3,2,2,2,1,2,1,2,2,3,3,1,2,1,1,3,3,2,2,3,1,2,2,2,3,2,3,2,2,3,3,1,3,3,1,3,1,3,3,1,1,4,1,2,2,3,3,1,3,1,2,2,2,2,2,4,4,3,3,1,1,2,1,4,2,4,2,3,2,3,4,1,1,2,2,3,2,1,2,1,1,2,3,3,1,4,4,2,2,1,1,2,2,2,2,2,1,1,3,2,2,1,2,2,2,1,2,1,3,2,3,1,4,2,2,1,1,3,2,2,2,2,1,2,3,2,1,3,1,2,2,2,4,1,1,1,1,1,1,1,2,1,1,2,2,3,3,1,2,2,2,2,1,2,2,4,5,1,1,1,3,1,1,1,1,2,1,2,3,3,1,3,2,1,3,1,3,1,2,2,3,1,1,2,1,2,1,1,2,3,3,3,3,3,2,5,4,2,3,2,2,1,1,2,1,2,1,3,2,1,2,2,1,3,1,4,5,1,1,2,1,1,2,2,3,3,3,3,3,2,2,4,4,3,3,2,2,1,3,3,3,4,3,3,1,1,2,2,2,2,2,2,2,2,2,1,1,2,1,2,1,1,1,2,2,2,2,3,2,3,2,2,2,2,2,2,3,3,2,1,1,3,2,1,3,2,3,1,1,3,4,2,3,2,2,3,1,2,3,1,1,3,1,3,2,2,2,1,3,5,3,2,1,1,4,1,1,1,1,3,2,1,2,2,2,2,1,3,1,1,2,1,2,2,4,2,5,2,4,2,1,2,2,1,3,2,1,1,5,2,1,2,5,2,2,1,1,1,2,2,2,3,4,4,3,1,2,2,3,2,1,3,3,3,1,2,2,3,3,2,2,3,4,3,3,2,3,2,1,2,2,2,2,3,1,3,1,4,3,2,2,2,1,3,3,1,2,3,1,2,2,1,3,4,4,3,2,2,2,3,2,1,1
CluIDFG21G_0805,2,2,3,3,1,4,2,1,1,1,1,2,1,4,4,3,3,1,1,5,3,3,1,1,2,2,1,4,1,1,1,3,2,3,1,2,1,3,1,4,2,4,1,3,3,3,2,3,1,2,3,1,2,2,2,1,1,2,2,1,2,2,4,4,4,2,1,2,2,2,2,2,3,3,3,3,3,3,1,1,3,3,2,1,1,2,3,2,1,3,2,1,3,3,2,1,2,4,1,1,2,2,2,2,3,3,2,2,2,2,3,3,2,1,1,2,1,3,2,4,1,1,3,2,2,2,3,2,1,4,3,3,1,3,2,2,4,4,2,1,2,1,2,2,2,3,1,3,2,1,1,2,1,3,1,2,3,1,1,2,3,2,2,1,2,2,3,3,3,3,1,1,3,2,3,2,2,1,4,2,2,2,1,1,3,3,2,2,2,2,1,2,3,7,2,3,1,1,2,1,4,3,1,4,1,1,4,4,3,2,2,2,2,2,1,2,1,1,3,2,1,3,4,3,4,1,1,2,2,2,3,3,2,1,2,3,1,1,1,2,3,2,1,1,2,2,2,2,4,4,3,1,1,1,3,3,2,1,2,2,1,1,1,1,3,3,2,3,4,4,1,2,1,3,2,2,2,2,1,1,3,1,3,2,1,1,2,2,3,3,2,2,4,3,1,3,2,2,1,1,1,2,2,1,3,1,1,3,2,3,2,1,1,3,2,2,2,2,1,1,1,4,2,2,2,2,3,3,4,2,3,1,5,4,1,2,2,2,1,1,2,2,1,1,2,2,2,3,1,1,1,1,4,5,1,2,2,2,1,2,1,1,2,3,3,1,1,3,4,4,3,2,2,1,2,3,2,2,3,3,3,3,1,1,2,1,1,1,2,2,3,1,1,3,2,2,2,3,3,1,1,1,2,2,2,2,3,2,2,2,2,1,2,3,2,2,3,1,3,3,3,1,3,2,1,3,3,4,2,3,2,2,2,1,2,1,3,1,3,2,3,3,1,3,1,3,3,5,1,2,3,2,1,2,1,3,1,1,1,1,2,2,1,1,1,1,2,2,1,1,4,2,2,2,5,2,3,2,2,3,1,2,1,1,1,1,2,2,2,2,2,3,4,3,2,2,1,2,2,1,3,4,2,4,1,2,1,1,3,3,3,4,1,1,2,3,2,3,2,3,2,3,3,1,3,1,2,1,2,2,1,3,1,3,3,2,1,2,1,1,3,1,4,4,3,2,3,3,2,2,4,2,3,3,3,2,2,3,1,1
CluIDFG21G_0807,2,2,2,3,4,4,2,1,2,2,3,1,4,1,4,4,3,1,3,5,2,1,3,1,3,1,4,4,2,1,3,2,2,2,2,2,1,3,3,1,2,3,1,3,3,1,3,2,1,2,2,2,2,2,2,3,2,2,1,1,3,2,4,1,3,1,1,1,3,2,3,2,3,2,3,3,2,1,2,1,2,3,1,2,2,2,3,2,2,2,2,2,3,1,1,3,3,3,1,1,1,2,2,2,3,1,2,1,4,4,1,1,2,3,2,1,3,2,4,1,1,1,2,3,3,2,3,1,2,1,1,2,1,3,2,2,2,1,2,2,2,1,2,2,3,2,5,3,2,1,2,1,3,3,3,2,3,3,1,2,3,1,1,1,3,2,3,2,3,3,1,1,2,3,2,2,2,1,2,1,1,3,3,2,2,1,2,2,2,1,2,1,7,7,3,2,1,1,2,1,2,1,1,4,2,2,4,2,1,1,2,2,2,2,1,2,1,2,2,2,1,3,3,3,3,1,1,1,1,2,2,2,1,2,3,1,1,2,1,2,2,3,1,2,1,1,3,3,4,4,3,2,1,1,2,2,1,1,1,1,3,2,2,2,3,3,1,1,4,4,1,1,1,1,1,1,3,1,1,1,3,3,2,3,1,1,3,3,3,3,1,2,4,4,3,1,3,2,2,3,1,1,2,1,2,2,3,3,3,2,1,1,3,3,1,2,2,2,1,1,3,3,2,1,2,1,3,2,1,1,2,2,3,4,3,3,2,1,1,1,2,2,2,1,2,2,1,2,1,1,1,1,1,5,1,1,1,2,2,1,2,1,2,3,3,1,2,2,2,4,2,1,1,1,2,4,2,2,4,4,3,3,2,1,1,2,2,2,2,1,2,2,1,2,2,1,3,3,1,1,2,1,2,3,2,3,2,2,2,2,1,2,2,1,2,2,2,1,1,2,3,1,2,2,1,1,3,3,3,3,2,2,1,3,1,2,3,2,1,3,2,3,3,2,3,2,3,5,1,3,3,2,3,1,3,3,2,2,2,2,1,1,1,2,1,1,2,2,1,1,3,2,5,2,2,4,3,3,3,1,1,3,1,1,1,1,1,1,2,2,2,2,2,1,2,1,2,2,1,3,3,3,2,2,2,2,1,1,2,2,3,3,1,1,3,3,3,1,2,1,1,3,3,3,1,2,2,2,2,3,3,1,3,1,3,3,1,1,1,3,2,4,4,4,1,2,2,1,3,3,2,4,1,2,2,2,2,2,1,1
CluIDFG21G_0811,2,1,1,1,4,1,2,3,2,1,3,2,1,4,4,2,1,2,3,1,2,1,2,1,3,1,4,2,1,1,3,2,1,2,2,2,1,1,1,4,3,1,1,3,1,3,2,3,1,2,4,1,2,2,2,3,2,2,2,2,2,2,1,4,2,4,1,3,2,2,2,1,1,2,1,3,3,3,3,3,3,2,2,2,1,2,2,4,2,2,1,2,3,3,3,1,4,4,1,1,3,3,2,2,3,3,1,2,4,4,2,1,3,3,1,1,2,2,1,1,3,2,2,3,3,3,3,2,2,4,3,2,3,3,1,2,1,2,2,2,1,2,1,2,3,2,5,5,3,3,1,2,1,2,1,3,2,1,1,1,1,2,1,2,3,3,2,2,3,2,2,1,3,3,3,3,1,2,4,2,1,1,1,2,1,2,1,2,1,2,2,2,4,4,3,2,2,1,2,2,1,2,1,2,2,1,2,2,1,1,1,4,1,1,2,2,1,2,3,1,1,1,1,3,3,3,1,2,1,1,3,3,1,2,1,3,1,1,2,1,3,3,1,1,2,2,3,2,4,1,3,1,3,1,3,3,2,1,1,2,2,2,2,2,3,2,2,2,2,4,2,1,1,2,1,2,3,3,2,2,2,2,2,3,1,1,1,2,2,1,1,1,1,4,1,1,3,1,3,2,2,1,2,1,3,2,1,1,2,2,1,2,1,3,2,1,1,1,2,2,3,3,1,2,1,2,3,3,5,3,1,1,2,4,1,1,1,2,1,1,2,2,1,1,2,2,1,2,1,2,3,3,4,1,1,2,2,2,2,2,1,1,2,3,1,1,1,2,1,4,3,3,1,2,1,1,2,3,5,4,3,3,1,1,2,1,1,2,2,1,1,3,1,3,2,1,3,3,1,3,1,1,3,1,3,2,2,3,2,2,2,2,3,2,2,2,1,2,3,3,3,3,2,2,3,1,3,3,2,2,2,1,1,1,2,1,3,3,2,3,3,3,3,2,1,1,5,1,3,4,1,2,1,1,1,3,2,1,2,1,2,2,2,2,1,2,2,1,1,1,3,2,2,4,4,4,2,2,2,2,3,2,1,1,1,1,1,1,2,5,1,2,3,1,2,2,2,1,4,4,4,3,2,2,1,2,1,1,3,2,1,3,1,2,3,3,2,3,1,3,3,2,2,1,1,3,2,4,3,2,3,3,1,2,4,5,1,2,1,1,4,2,2,1,3,1,1,2,2,3,3,4,3,3,3,2,3,2,2,1
CluIDFG21G_0828,1,2,2,3,1,4,2,2,2,1,3,1,4,3,4,4,2,2,3,5,1,3,1,2,1,2,4,2,2,1,2,2,1,2,2,2,3,3,3,3,3,4,1,3,1,3,3,2,2,2,3,1,1,2,2,3,2,2,1,1,2,2,4,1,1,2,2,4,2,2,3,1,3,1,3,3,2,1,1,1,2,3,2,2,2,2,2,3,2,2,2,1,3,1,3,1,4,3,1,2,1,2,2,1,2,3,1,1,4,2,3,3,1,3,2,2,1,3,2,1,1,1,2,1,1,1,3,2,2,1,3,1,3,3,1,2,2,2,2,2,1,2,2,2,2,2,1,5,1,2,1,1,1,3,4,4,1,2,2,1,3,3,3,2,2,2,2,1,1,3,2,1,3,3,2,2,2,2,1,1,2,2,1,2,1,1,1,2,2,1,1,2,4,7,3,3,2,2,1,2,3,3,4,1,2,1,4,2,3,2,2,2,2,2,1,2,1,2,2,3,1,1,2,4,3,3,1,1,1,2,2,3,1,1,1,3,2,2,2,2,3,3,3,3,2,1,2,3,4,4,3,3,2,1,3,3,2,1,1,2,3,4,2,2,3,2,3,2,4,4,3,1,1,2,2,2,2,2,2,2,2,2,2,3,1,1,3,2,3,1,1,1,2,1,3,3,3,2,3,1,2,2,2,2,3,2,1,3,2,2,1,3,1,1,1,1,2,2,1,2,3,3,2,2,2,1,2,1,2,2,1,2,3,4,5,5,2,2,1,1,2,2,1,2,2,2,2,3,1,1,1,1,2,4,1,1,1,1,2,2,2,2,3,3,1,1,2,1,4,4,3,2,1,1,1,2,1,2,4,4,3,3,2,2,1,1,2,2,1,2,2,3,1,1,2,2,3,3,1,3,1,1,2,1,1,2,2,3,1,2,2,1,1,2,3,2,2,3,1,3,1,1,1,3,3,1,3,3,3,3,2,2,1,2,2,2,1,3,3,2,2,3,2,3,1,1,3,3,4,4,4,5,2,1,3,1,2,1,2,1,2,1,3,2,3,3,1,2,2,1,3,2,2,4,4,2,1,3,2,3,2,3,1,2,1,1,2,1,2,5,2,3,1,1,2,2,2,2,4,4,3,1,2,2,2,2,1,1,2,2,3,1,1,1,3,3,3,1,2,2,1,2,3,2,3,1,2,4,3,2,1,1,2,3,2,4,1,2,3,3,2,3,4,4,3,2,2,2,3,1,1,4,2,1,3,3,3,2,1,1
CluIDFG21G_0833,2,1,2,2,4,4,2,2,1,1,1,3,1,3,4,4,3,2,5,1,3,3,1,1,1,2,4,2,1,1,2,3,1,2,3,2,1,1,2,1,3,2,3,3,1,3,2,2,2,2,3,2,2,2,1,2,1,2,2,1,2,2,4,5,1,2,1,2,2,2,3,3,2,2,3,4,2,3,2,1,2,3,2,2,2,3,2,3,1,3,2,1,3,1,1,1,4,4,2,1,3,3,2,2,1,3,2,1,2,4,1,3,3,3,2,2,1,3,4,3,1,1,3,2,2,1,3,3,1,4,3,2,3,3,2,1,2,3,2,3,1,2,2,2,2,2,3,3,2,1,1,1,3,3,2,1,1,2,1,1,1,2,3,1,3,2,3,3,1,1,1,1,3,1,3,3,2,2,1,1,2,2,2,1,1,1,1,2,2,2,1,1,6,4,3,2,1,1,2,1,4,3,4,1,1,1,3,3,2,2,2,2,2,1,2,2,1,1,3,1,1,3,2,3,3,3,1,2,2,2,3,2,2,2,2,3,1,2,2,2,3,2,3,1,1,1,2,2,4,4,1,3,1,1,3,3,1,1,2,1,1,3,1,2,1,1,2,2,1,4,3,3,2,1,2,2,3,1,1,2,3,1,2,3,1,1,2,3,3,2,2,2,1,2,3,3,1,2,1,2,2,2,2,2,2,1,1,4,2,2,2,2,1,1,2,1,2,2,1,1,3,3,2,1,2,2,3,3,2,1,2,3,3,2,2,5,1,2,1,2,2,2,2,1,2,2,1,2,1,1,1,3,2,2,1,1,1,2,2,2,2,1,3,3,1,1,1,2,4,4,3,3,1,2,5,2,1,2,3,4,3,3,1,1,2,1,1,1,2,2,1,1,1,1,2,1,1,3,1,3,1,1,1,1,3,1,2,3,2,2,1,2,1,2,3,2,3,2,3,3,4,4,2,1,2,3,3,4,1,3,2,2,1,2,2,3,3,1,3,3,2,2,3,3,2,2,1,3,2,4,2,5,2,2,3,1,2,1,1,2,2,2,2,2,3,1,2,1,2,1,2,3,2,5,2,5,3,3,3,2,1,3,2,2,2,1,1,1,5,2,1,3,1,3,1,1,2,2,4,1,3,3,2,2,1,3,2,1,2,3,3,3,1,2,3,1,2,3,2,2,2,1,2,3,3,1,2,2,2,2,3,1,1,3,3,4,2,2,3,3,3,3,2,2,1,2,2,2,3,1,4,1,2,3,3,3,2,1,1,1
CluIDFG21G_0834,2,2,3,2,4,4,3,2,1,2,3,2,1,4,4,4,3,2,5,5,3,1,1,2,1,1,4,4,1,1,2,3,1,2,3,2,1,2,3,1,3,3,3,3,1,1,2,2,2,2,1,2,2,2,3,3,1,2,1,1,2,2,3,4,1,1,1,1,2,3,3,1,1,2,1,1,3,3,1,1,3,1,1,1,2,2,2,3,3,1,2,2,3,3,3,1,4,3,1,1,2,3,2,3,3,1,1,2,4,4,1,3,3,1,2,2,3,1,3,3,1,1,2,2,2,2,3,3,1,4,1,2,3,3,1,2,2,2,3,2,2,2,2,2,2,2,3,3,3,2,1,2,1,1,2,4,2,1,2,1,2,2,1,2,2,3,3,1,3,1,1,1,3,3,3,2,2,1,1,2,2,2,2,1,1,3,1,1,2,2,2,2,4,7,3,3,1,2,1,1,1,2,2,1,1,1,2,3,2,2,2,2,1,2,1,2,1,1,2,1,1,1,3,2,4,3,1,1,1,2,2,3,2,2,1,2,1,1,2,1,3,3,1,3,3,2,3,2,4,4,3,1,1,1,3,3,1,1,2,2,1,1,1,1,2,1,2,1,4,1,1,1,1,2,1,1,2,2,2,1,2,1,2,3,1,1,2,3,2,4,2,1,1,1,3,3,2,3,2,3,2,1,2,2,2,1,1,3,2,2,2,1,1,2,2,2,1,2,1,1,2,3,1,1,1,2,3,3,1,3,3,3,2,2,2,2,2,1,2,2,2,2,2,1,2,2,2,2,1,1,1,1,2,1,1,1,2,1,2,2,2,1,3,3,1,1,3,1,4,2,3,2,1,2,5,5,2,2,3,3,3,1,1,2,1,1,2,2,2,2,2,1,1,1,2,2,3,3,1,1,1,2,1,2,3,1,3,3,2,2,2,2,1,1,3,2,3,2,2,3,4,4,1,2,1,3,3,4,1,2,1,2,4,3,2,2,3,3,3,3,2,2,3,3,2,2,1,3,2,4,4,2,2,1,1,1,1,1,2,2,2,2,3,1,1,3,1,1,2,2,3,3,1,5,2,5,4,4,3,3,1,2,2,2,1,2,2,1,5,2,1,2,3,1,2,1,2,2,4,4,3,2,4,4,1,1,2,1,2,3,5,3,2,2,1,3,3,3,1,2,1,2,3,2,1,1,2,4,2,3,1,3,2,1,2,4,2,2,3,3,3,3,2,2,2,2,2,3,1,1,1,1,2,3,2,3,2,2,1,1
CluIDFG21G_0838,2,1,3,2,4,4,3,1,1,1,1,3,1,3,2,4,2,2,2,3,3,1,2,2,2,2,4,4,1,1,2,2,3,1,1,2,3,3,3,1,3,3,2,2,3,1,2,2,1,2,3,4,2,2,1,3,2,2,1,1,2,2,4,5,2,3,3,3,2,2,1,2,3,3,4,3,2,3,1,3,1,1,1,1,2,3,2,5,3,3,2,1,3,3,1,1,4,3,2,1,2,2,1,2,1,2,2,1,4,4,1,3,2,1,1,2,3,1,3,4,1,1,1,3,2,1,2,2,1,1,1,3,1,2,2,2,4,1,2,2,1,2,2,1,2,2,5,3,1,1,1,1,1,3,3,2,1,1,2,1,2,3,2,2,2,2,1,1,1,1,2,2,2,2,3,2,2,1,2,2,1,3,1,2,3,3,1,1,2,2,1,1,1,7,1,2,1,2,1,1,2,2,2,3,1,3,1,2,1,1,3,2,2,3,1,1,2,1,1,3,2,3,3,4,4,2,2,1,1,1,2,1,1,1,2,3,1,3,1,1,2,2,1,1,2,1,3,3,2,3,2,3,1,2,3,2,2,2,2,2,2,4,2,3,2,3,2,1,2,1,1,2,3,3,1,2,2,3,2,2,1,3,3,2,1,2,3,3,4,3,2,1,4,1,2,3,2,2,3,1,1,2,1,1,3,3,1,3,2,3,3,1,1,2,2,1,1,2,2,2,3,3,1,1,2,2,3,2,1,2,1,3,2,2,4,3,2,2,1,1,2,1,1,1,3,1,1,3,2,1,3,3,1,4,1,1,2,1,2,2,1,3,2,2,1,3,3,3,1,3,3,2,1,2,3,2,1,1,4,2,1,3,2,1,2,2,2,1,2,1,1,3,1,1,2,2,1,1,3,2,2,1,2,1,1,3,3,3,1,2,1,2,2,1,2,3,2,1,3,3,4,4,2,1,1,1,4,4,3,1,1,1,2,2,3,2,1,1,3,1,2,2,3,2,2,2,2,4,2,1,4,4,1,3,1,1,2,1,2,2,1,2,2,2,3,1,1,2,1,2,4,2,2,5,4,1,2,1,2,1,1,2,2,2,1,2,1,1,5,2,2,3,1,1,2,2,2,1,1,4,3,2,2,4,2,2,1,1,2,3,1,1,2,2,2,1,2,2,1,3,2,2,3,1,3,1,2,2,2,3,3,3,1,2,3,2,1,2,3,3,1,4,2,2,3,2,2,2,3,1,2,3,2,2,2,2,2,3,1,2
CluIDFG21G_0839,2,1,1,2,4,4,1,1,1,1,1,1,1,3,4,4,2,2,3,2,3,3,2,2,2,2,2,2,1,1,2,2,2,2,2,3,3,3,3,1,3,2,3,2,3,1,3,2,1,1,3,1,2,2,3,3,1,2,1,1,3,3,4,1,1,3,3,1,3,3,3,2,2,3,3,4,3,2,1,1,2,1,2,2,1,2,2,1,1,1,1,2,1,2,2,3,3,4,2,1,3,2,3,2,3,1,2,2,2,2,3,2,2,2,1,2,1,2,1,4,1,2,2,2,2,1,3,2,2,4,3,1,3,3,2,1,1,1,2,3,2,2,1,1,1,1,3,5,2,2,2,2,2,1,1,4,1,1,1,2,3,3,1,1,2,1,3,3,1,1,2,2,3,3,3,3,2,1,4,1,3,2,1,1,2,2,1,2,2,1,1,1,7,4,2,2,1,1,2,2,3,2,2,1,3,1,4,1,1,2,2,2,2,3,1,1,1,1,2,1,1,2,3,3,1,4,1,1,1,1,2,2,2,1,1,2,2,2,2,1,3,2,3,1,3,3,3,3,2,4,3,2,1,1,2,2,1,1,1,1,3,3,2,2,3,3,3,2,1,4,1,1,1,1,2,2,1,2,2,2,2,2,3,2,2,2,2,3,3,3,1,1,1,1,2,3,3,3,2,2,2,1,1,1,3,2,3,3,1,3,3,2,2,3,1,1,2,3,1,2,4,4,2,2,2,2,2,3,2,2,1,1,2,2,3,3,2,2,1,1,1,1,3,3,1,1,2,2,1,1,3,3,5,2,2,2,1,2,2,1,1,3,2,2,1,1,3,3,3,4,3,3,1,2,3,5,1,1,4,3,3,3,1,1,1,2,2,2,2,2,2,2,3,3,2,2,2,3,1,3,2,1,1,1,1,3,3,3,2,2,2,1,1,2,2,2,2,2,1,1,1,4,3,2,3,3,3,4,1,1,1,2,2,2,1,1,1,1,1,1,3,2,1,2,2,2,2,2,4,2,1,4,1,1,1,2,2,1,1,2,1,2,2,1,3,3,2,1,1,2,3,3,5,5,4,2,2,3,3,3,1,2,1,1,5,1,1,1,2,5,3,1,2,4,1,2,1,1,4,4,4,3,2,2,2,2,2,1,2,2,1,1,2,2,3,3,1,1,2,3,2,3,3,3,1,3,1,2,1,2,1,1,2,1,3,2,3,1,1,3,4,4,2,4,3,2,2,2,2,2,1,1,3,3,2,2,1,3,3,1
CluIDFG21G_0841,1,2,3,3,4,4,2,3,2,2,1,3,4,1,4,4,2,2,1,1,3,3,1,1,3,2,2,4,2,1,2,3,3,3,2,1,1,1,2,3,4,3,3,3,3,1,2,2,1,2,4,2,2,2,2,2,2,1,1,2,2,2,4,5,1,2,1,3,2,2,1,3,2,1,3,3,3,2,1,2,3,3,1,1,2,1,2,4,3,1,2,2,3,1,1,3,2,4,2,1,1,2,3,2,3,1,2,2,2,2,3,3,2,2,1,1,2,2,1,1,2,2,3,1,3,1,2,3,1,2,2,1,1,2,2,1,3,1,1,2,1,2,2,1,1,2,1,1,1,2,2,2,3,3,2,2,2,1,2,1,2,2,1,1,2,2,3,3,3,1,1,2,3,3,3,2,2,1,2,2,2,1,3,1,3,3,1,2,2,2,1,1,7,7,3,2,1,1,2,1,2,4,3,2,1,1,2,3,2,1,4,2,1,3,1,2,2,2,3,3,3,2,4,1,1,3,1,1,2,2,3,2,1,2,1,1,1,1,2,2,2,1,3,3,1,1,2,2,4,4,2,2,1,1,2,3,1,1,2,1,1,3,2,3,1,1,3,2,5,4,2,2,1,1,1,2,2,2,1,1,3,2,2,2,2,1,3,2,2,3,2,1,1,1,3,3,3,2,3,2,1,1,2,2,2,2,3,3,1,2,1,3,1,3,2,2,2,2,2,2,3,4,1,2,1,1,2,2,2,2,1,1,2,4,3,4,2,3,2,2,1,2,1,1,3,1,3,2,1,1,2,2,4,5,1,1,1,2,2,2,1,2,2,2,1,3,3,3,3,4,2,3,1,2,1,1,2,1,4,5,1,3,1,2,2,2,1,1,2,1,1,2,1,2,2,2,3,2,3,2,2,1,2,1,3,1,2,3,2,2,1,1,1,2,2,4,2,2,1,2,3,1,2,2,1,1,3,4,2,2,2,2,2,1,2,2,1,3,2,3,2,2,3,3,2,1,4,2,4,2,1,1,1,2,1,1,1,1,2,1,2,2,2,2,1,1,1,1,1,1,3,3,5,5,4,4,3,2,3,3,1,2,2,1,1,1,2,2,5,3,3,3,3,1,2,2,2,2,1,3,4,4,2,2,2,2,1,2,3,3,3,3,2,2,1,3,1,3,3,4,3,3,1,3,1,1,1,2,2,2,3,3,2,1,5,1,1,1,2,2,4,1,4,4,2,3,3,3,2,2,2,1,3,3,3,2,3,2,2,2
CluIDFG21G_0846,2,1,2,3,4,1,2,1,2,1,1,2,3,3,4,3,2,1,2,3,3,2,1,2,1,2,4,4,1,4,2,2,2,2,1,1,3,3,1,1,1,3,1,3,1,3,3,2,2,2,2,3,1,2,3,1,1,1,2,1,3,2,5,4,2,2,2,4,1,2,2,1,3,3,3,4,3,3,3,1,3,3,2,1,3,2,4,4,3,2,2,2,2,3,2,1,3,2,3,1,3,2,2,2,2,3,2,1,3,1,3,3,3,1,2,2,3,2,3,1,1,1,2,2,2,1,3,2,1,4,3,3,1,3,2,1,4,1,2,2,2,1,1,2,3,2,3,1,2,1,2,2,3,2,2,1,1,1,1,1,3,3,1,3,2,2,1,2,1,3,1,2,3,3,3,3,2,2,2,4,2,2,1,1,3,2,2,2,1,2,1,1,7,4,2,2,1,1,2,1,4,4,1,4,1,2,4,4,2,3,2,2,2,3,2,2,1,2,2,4,3,3,3,3,1,3,2,1,1,1,1,3,2,1,1,2,1,1,1,2,2,3,2,1,1,3,3,3,2,1,3,3,2,1,3,3,1,2,2,1,2,1,1,1,3,3,3,2,2,1,1,2,1,3,1,2,3,3,2,1,2,2,3,3,2,1,2,2,4,3,1,2,4,1,3,1,2,2,1,3,1,2,2,1,3,2,1,1,2,3,1,1,3,1,2,1,2,3,1,2,4,3,2,1,1,1,3,3,2,4,3,3,3,3,4,3,2,2,1,2,1,2,1,1,2,3,3,2,2,2,1,2,5,5,2,2,2,1,2,2,1,3,2,2,1,1,3,3,3,4,3,2,2,2,3,3,1,2,3,4,3,1,1,2,2,2,2,1,2,2,2,2,1,1,2,2,3,1,1,1,1,2,1,3,2,3,3,3,1,2,1,2,1,2,2,2,2,2,3,3,4,4,2,2,3,1,2,3,1,3,2,2,3,4,3,1,1,3,3,3,2,3,3,3,2,3,5,3,4,2,2,4,1,1,2,3,2,1,1,1,2,2,2,3,1,1,1,2,1,1,3,2,2,2,5,1,1,1,2,2,1,1,1,1,3,1,1,1,2,2,2,3,1,2,2,2,2,1,4,4,4,4,2,2,2,1,2,1,2,2,3,1,1,2,3,2,1,3,2,2,1,3,2,1,1,2,3,4,1,2,3,1,3,1,1,3,2,2,1,1,1,2,4,2,1,3,1,2,1,2,1,3,2,1,3,2,2,3,2,3
CluIDFG21G_0847,2,2,1,3,4,1,3,1,1,2,1,1,1,3,4,4,2,3,5,5,2,3,1,3,2,1,4,2,2,4,3,2,3,1,1,3,3,1,3,1,3,2,1,1,3,3,3,3,2,2,4,4,2,1,2,3,2,2,2,1,2,3,4,2,2,2,3,3,2,2,2,1,3,2,3,3,2,3,3,3,2,1,2,1,2,3,2,3,3,3,2,2,1,3,2,2,2,3,3,1,2,2,2,1,3,3,2,2,4,4,2,1,2,1,2,2,1,3,1,1,3,1,2,2,2,2,3,1,2,4,1,3,2,1,1,1,1,1,2,2,2,2,1,2,2,3,5,3,2,2,1,1,3,2,2,2,1,1,2,2,2,2,3,3,2,2,3,1,1,3,1,1,1,3,3,2,1,1,1,2,2,3,3,1,1,1,1,2,1,1,1,1,4,7,2,2,1,2,2,2,1,3,2,2,1,1,4,2,1,3,2,2,3,3,1,1,1,1,3,3,3,2,4,1,3,2,1,1,2,2,2,2,1,1,2,1,1,2,2,2,3,2,2,1,1,2,2,3,4,4,2,1,1,1,3,2,2,1,2,1,4,4,2,2,3,1,2,2,1,4,2,1,1,2,2,2,2,2,1,2,1,1,1,3,1,2,2,1,3,3,2,1,4,4,3,3,2,2,2,1,1,1,2,2,2,2,2,3,1,2,2,1,3,2,1,2,1,2,1,1,4,2,2,1,1,2,3,1,4,1,2,3,3,4,2,2,3,2,1,1,2,2,1,2,2,2,2,3,1,2,2,1,5,5,2,1,2,2,1,1,1,2,3,3,1,3,2,3,4,4,2,3,1,1,1,2,1,2,5,4,3,3,1,2,1,1,1,1,1,2,2,1,2,1,2,1,3,2,1,1,2,2,2,2,3,2,2,3,1,2,2,1,2,1,2,3,2,2,3,3,4,4,2,2,1,1,2,3,1,3,2,1,3,2,2,1,3,3,1,2,2,3,2,2,1,2,3,3,4,2,4,2,1,2,3,2,1,1,2,1,2,2,2,2,1,3,2,2,2,1,3,2,2,5,4,2,5,2,2,3,3,1,1,1,1,1,1,1,5,4,2,3,1,2,2,2,1,1,4,4,4,2,4,1,2,1,2,1,3,3,3,3,2,1,3,3,3,3,2,1,3,1,2,2,1,1,4,2,2,2,3,3,1,3,3,3,2,2,3,3,3,2,4,4,3,1,2,3,1,2,3,3,1,2,2,3,2,3,2,1
CluIDFG21G_0848,2,1,3,2,4,4,1,1,1,1,3,1,3,4,4,4,2,3,1,1,3,3,1,1,2,2,2,2,1,2,2,2,2,2,1,2,3,1,4,3,1,3,3,3,1,3,2,2,1,2,3,2,1,2,1,1,1,2,1,2,2,2,4,4,2,3,3,2,2,2,1,2,3,2,3,1,3,2,1,3,2,3,1,1,2,2,3,3,3,2,1,2,3,3,1,1,3,4,2,1,3,2,2,2,3,3,2,1,4,2,3,3,3,1,1,2,2,3,1,4,1,1,3,3,2,1,2,3,1,1,3,2,3,2,2,2,4,3,2,3,1,1,1,2,3,2,5,1,3,2,1,1,3,2,1,1,1,2,1,1,2,2,2,2,2,2,3,3,2,3,1,2,2,3,2,2,1,1,4,2,1,2,2,2,1,3,2,2,2,2,1,2,4,7,2,1,1,1,2,2,3,3,2,4,1,1,3,4,2,3,2,2,2,2,2,2,1,1,3,1,3,1,3,4,3,3,2,2,2,2,2,1,2,1,1,2,1,1,2,2,2,2,1,2,2,2,2,2,1,3,2,3,1,1,3,2,1,1,2,1,1,2,1,2,3,3,2,2,1,4,3,1,1,2,1,1,3,2,1,2,2,2,3,2,1,1,2,1,3,1,1,2,4,1,1,2,3,1,1,3,2,2,2,1,3,2,1,3,2,3,1,1,2,1,2,1,2,1,1,1,3,3,2,2,1,2,2,3,5,5,1,3,4,5,2,1,3,1,1,1,1,1,3,1,3,2,2,1,1,1,1,1,4,4,1,1,1,1,2,2,1,3,2,2,1,3,2,3,1,3,3,3,1,2,5,1,1,1,5,5,3,3,1,1,1,1,1,2,1,2,3,1,1,3,2,2,3,3,1,1,1,2,1,2,3,3,2,3,2,2,2,2,1,3,2,3,1,2,3,2,1,3,3,2,3,3,3,3,2,2,2,2,1,1,2,2,3,3,3,1,2,2,3,3,3,3,5,5,4,4,3,5,1,3,1,3,2,1,1,1,2,2,1,1,1,1,2,2,1,1,2,4,5,2,2,4,2,3,2,3,1,1,2,1,3,1,2,1,2,3,2,3,1,1,2,2,1,2,1,4,3,4,2,2,2,3,1,1,2,2,3,4,2,2,1,1,3,3,2,1,1,2,3,3,1,3,2,2,2,2,3,1,3,2,4,4,3,2,1,1,3,3,4,2,1,3,3,2,3,1,1,1,2,3,2,2,2,2,1,1
CluIDFG21G_0860,1,1,3,3,1,1,3,2,2,2,3,1,3,4,4,3,1,2,1,2,3,3,3,1,2,1,2,4,1,1,2,2,2,2,2,2,3,1,2,3,3,3,3,3,1,3,2,2,2,1,4,3,2,1,1,1,2,1,1,1,2,2,5,4,1,2,1,4,3,2,2,1,1,2,3,3,1,3,1,3,3,2,1,1,3,2,2,3,1,3,2,2,1,3,1,1,3,3,1,1,2,1,2,2,1,3,2,1,4,2,2,1,3,1,2,2,3,3,3,4,1,3,2,2,3,2,1,1,2,1,2,2,1,3,1,2,2,4,2,2,2,1,2,2,3,2,1,1,2,2,1,1,3,3,1,1,1,1,1,1,3,3,3,1,3,2,1,1,3,3,1,1,3,1,3,3,1,1,1,2,2,2,1,2,1,3,2,1,2,2,1,2,7,7,2,1,2,1,2,2,3,3,2,4,3,1,4,2,2,1,2,1,2,1,2,2,1,1,3,4,2,3,2,2,4,4,1,2,1,2,3,2,1,1,2,1,3,2,2,2,1,3,3,1,1,1,2,3,3,1,3,3,1,1,2,3,2,2,2,1,2,3,2,1,3,3,2,2,1,1,3,2,1,2,2,1,2,3,1,1,2,3,2,3,1,1,2,3,4,2,1,2,2,4,3,3,2,3,2,2,2,2,1,2,2,2,3,3,3,2,3,2,1,1,2,1,1,3,2,2,3,3,1,2,2,1,1,1,3,2,3,1,4,4,2,2,1,2,2,1,2,1,1,2,2,3,2,3,1,1,1,3,2,4,1,1,1,1,2,1,2,3,1,3,1,3,3,3,3,4,3,3,2,1,5,1,1,2,1,4,3,3,1,1,1,2,2,1,2,2,1,2,2,3,1,1,1,2,1,1,2,2,2,2,3,3,1,3,1,1,1,2,1,2,2,1,2,1,2,3,3,1,2,3,3,1,4,3,2,2,2,2,3,3,1,2,3,1,3,2,3,3,2,2,2,1,3,3,4,4,1,5,3,1,2,1,2,1,1,1,1,2,3,1,3,3,2,2,2,2,3,3,5,5,1,1,3,2,3,1,3,2,1,2,1,1,1,1,2,5,2,2,1,1,2,2,2,2,1,3,1,3,1,2,2,2,2,2,2,1,3,3,2,2,3,3,1,3,2,2,1,2,1,2,1,3,2,2,2,3,1,3,2,3,3,5,1,2,3,3,3,4,1,4,1,2,2,2,2,2,1,1,2,1,2,3,2,2,2,2
CluIDFG21G_0868,1,2,1,2,4,4,2,1,1,1,2,1,3,3,4,4,2,3,1,5,3,3,1,1,2,1,2,2,1,1,2,2,2,2,2,1,3,1,3,1,3,3,1,3,3,3,3,3,1,2,4,3,2,2,1,2,1,2,2,2,2,2,4,4,2,2,3,2,2,2,2,2,3,3,3,3,3,2,1,3,3,2,2,1,2,2,2,2,1,2,2,2,3,3,1,3,4,3,2,1,1,3,2,2,1,3,2,1,4,4,2,1,3,3,2,1,2,3,1,1,2,3,1,3,3,3,2,3,2,2,3,2,1,3,2,1,3,2,2,2,1,1,2,2,1,2,3,3,2,1,1,2,3,3,1,2,3,1,2,2,2,2,2,3,2,2,2,1,3,1,1,1,3,1,2,3,1,1,2,2,3,2,1,2,3,3,1,2,2,2,2,2,7,4,1,3,1,1,2,2,3,2,2,3,3,1,3,4,3,2,2,2,2,3,2,1,1,1,3,2,3,3,4,4,1,1,1,1,1,2,1,2,1,1,3,2,1,1,1,1,3,3,3,3,1,2,3,2,4,4,1,1,1,2,2,2,2,2,2,1,2,2,2,1,3,3,1,2,4,4,1,1,1,1,1,1,2,2,2,2,2,2,2,2,1,1,2,3,1,1,1,1,4,4,2,1,2,3,1,1,2,1,2,2,2,2,3,3,1,2,2,1,1,3,2,1,2,1,1,1,3,2,1,1,2,2,3,3,5,1,1,3,4,4,2,4,2,2,1,2,2,2,2,2,2,2,3,2,1,1,3,1,1,1,2,1,2,2,2,1,1,2,3,2,3,1,2,1,4,3,3,2,2,2,1,3,1,3,3,5,3,1,2,1,2,1,1,2,2,2,3,2,2,1,2,2,2,3,1,1,2,1,1,1,3,3,3,3,1,2,1,1,1,2,3,2,2,1,2,3,4,3,2,3,2,3,3,3,3,2,1,2,2,2,3,1,3,1,3,3,3,3,3,2,2,3,2,2,3,1,2,2,1,1,1,3,2,1,2,2,1,2,2,3,1,1,2,2,1,1,2,4,2,2,4,4,3,2,3,3,3,1,1,2,1,1,2,2,2,2,2,2,2,1,2,1,1,2,4,4,3,4,2,2,2,1,1,1,2,3,1,1,2,2,1,3,1,2,3,2,3,1,2,2,1,1,4,4,3,3,3,1,2,1,3,2,2,1,1,1,3,2,1,2,3,3,1,2,2,3,1,2,1,2,2,3,1,2,2,1
CluIDFG21G_0880,1,2,2,2,4,4,1,2,1,1,1,3,3,3,2,3,1,2,3,2,1,3,2,1,2,1,4,4,1,1,2,2,1,1,2,1,3,3,3,3,2,1,3,3,1,1,2,2,1,2,4,3,1,2,1,2,2,2,1,2,2,3,4,4,2,3,1,2,2,2,1,2,3,3,3,4,3,1,1,1,2,3,2,2,1,2,1,3,3,1,2,1,3,1,3,1,3,3,1,2,2,1,2,1,3,2,2,2,3,4,3,1,2,3,2,2,3,2,4,1,1,2,2,1,1,1,2,2,1,2,1,2,3,3,2,2,1,3,2,2,2,1,2,1,3,3,3,5,2,1,2,1,3,3,2,4,1,2,2,1,1,3,3,3,2,2,3,1,3,1,1,1,2,3,3,3,1,1,2,2,1,2,2,1,2,1,1,2,2,2,2,2,7,7,3,3,1,1,2,2,2,3,3,4,3,1,4,1,1,3,4,2,1,2,2,2,1,2,3,1,3,1,1,4,1,3,1,1,2,2,2,1,1,2,3,2,1,1,2,2,3,3,1,3,1,1,2,2,4,4,1,1,1,2,3,3,1,1,1,1,3,2,1,2,1,3,3,2,4,4,3,3,2,1,1,1,2,2,2,2,2,2,3,2,1,2,3,2,1,3,1,1,1,1,3,2,2,3,1,3,2,2,2,2,1,2,3,1,2,2,1,2,2,1,1,2,1,2,1,1,1,3,2,2,2,2,3,3,1,4,1,1,4,5,2,1,2,2,2,1,2,2,1,3,3,2,1,2,1,1,3,1,4,2,1,1,1,1,1,1,1,3,3,2,3,1,2,2,4,1,3,3,2,1,1,5,1,2,4,4,3,3,2,1,1,1,2,1,2,2,3,2,3,1,2,2,1,1,1,1,2,2,1,2,2,3,3,3,2,1,2,2,2,3,2,2,3,3,2,2,1,1,1,1,3,3,3,3,2,2,2,2,3,3,3,1,3,1,3,3,3,3,2,2,2,2,5,3,2,4,1,3,1,1,1,3,2,2,2,2,2,2,2,3,3,2,2,1,1,2,4,4,5,5,5,1,1,3,3,3,1,2,1,1,1,1,1,1,5,2,2,2,2,1,2,1,2,1,2,4,2,4,4,2,2,2,1,2,2,3,1,3,1,2,1,3,3,3,2,2,1,3,2,3,1,1,2,2,2,3,1,3,1,1,4,4,2,2,1,1,3,3,4,2,1,1,3,3,3,1,4,1,2,3,3,2,2,2,1,1
CluIDFG21G_0885,2,2,3,3,4,4,2,3,2,1,3,3,1,1,3,3,1,1,2,2,2,2,2,2,1,1,4,4,1,1,3,2,2,2,3,2,1,1,1,1,1,1,3,3,3,3,2,2,1,1,3,1,2,2,2,1,2,2,1,1,2,2,4,4,2,3,2,4,2,2,2,1,3,3,3,3,1,1,1,2,2,3,1,1,3,2,4,2,3,2,1,2,1,3,3,2,3,4,1,1,3,2,2,2,3,3,2,1,4,2,2,1,1,3,1,2,2,2,4,1,1,1,2,2,2,2,1,1,4,2,2,2,3,2,1,1,3,4,2,3,1,2,2,1,2,2,1,1,1,3,1,1,2,1,2,4,2,1,1,2,3,2,2,2,2,2,1,1,3,3,1,1,3,2,3,2,2,1,2,1,2,2,2,1,2,3,2,2,2,2,2,2,4,4,1,3,1,2,2,2,3,4,2,4,3,1,4,4,3,1,3,2,1,2,1,2,1,1,3,2,3,3,3,1,3,3,1,2,2,2,1,2,2,1,3,3,2,2,2,1,2,1,3,1,2,1,3,2,1,3,3,3,1,1,3,3,1,1,1,1,2,3,1,2,3,3,2,1,1,4,1,1,2,2,1,2,3,2,2,1,2,2,2,2,1,1,2,2,3,3,1,1,4,1,3,2,3,1,1,1,2,2,2,2,2,2,3,4,3,2,2,1,2,2,2,2,2,2,1,1,3,2,2,2,1,2,3,3,1,5,1,3,2,2,2,2,2,2,1,1,2,2,1,1,2,2,1,2,1,1,3,1,2,2,1,1,1,1,2,2,2,2,3,2,1,1,3,3,4,4,2,3,2,2,2,5,3,1,3,1,3,3,2,1,1,2,1,1,1,1,1,1,1,1,2,1,1,3,1,1,2,1,2,2,3,3,2,3,2,2,2,2,2,3,3,2,3,2,1,3,3,4,2,1,1,3,3,3,3,3,2,2,2,1,3,2,1,3,2,3,2,2,3,3,2,2,2,3,4,4,5,1,2,2,2,2,1,1,1,1,2,2,1,1,1,1,2,1,1,1,4,3,2,1,1,5,3,1,2,3,3,1,2,1,1,1,2,1,2,2,2,2,1,1,2,2,2,2,4,4,2,4,4,2,2,1,1,2,3,2,1,1,2,1,1,3,1,3,2,2,1,3,2,3,1,1,2,2,3,3,3,1,2,3,3,3,2,3,1,3,1,1,4,2,3,2,3,3,1,2,1,1,2,3,3,3,2,2,1,1
CluIDFG21G_0890,2,1,2,3,4,4,2,3,2,1,1,3,3,3,4,3,2,1,5,3,3,3,1,1,1,1,4,2,1,1,2,3,2,2,2,1,3,3,2,3,1,3,1,3,3,3,3,2,1,2,3,3,1,2,1,1,1,1,1,1,2,2,4,4,2,2,4,1,2,2,1,3,2,3,3,3,2,2,2,3,3,2,1,1,2,3,4,3,2,3,1,2,3,1,1,1,3,4,2,1,2,3,2,2,1,3,2,1,4,4,3,2,3,2,2,2,1,1,4,1,1,1,1,1,1,1,2,2,4,4,2,2,3,3,1,1,2,2,3,3,2,1,1,2,2,2,1,3,2,2,2,1,3,1,2,4,3,1,2,2,3,3,3,2,2,2,2,3,1,1,1,1,1,1,3,3,1,1,1,1,2,2,2,2,1,3,1,1,2,2,1,1,4,4,3,2,1,1,2,1,3,3,2,4,1,1,2,4,3,2,2,2,2,2,2,1,1,1,2,2,3,3,3,1,3,3,2,1,2,2,2,1,1,1,3,3,1,2,2,2,2,2,3,1,2,1,3,2,4,4,3,2,1,2,3,3,1,1,1,2,3,3,2,2,1,3,3,2,4,4,1,3,2,2,1,2,1,3,2,2,1,1,3,2,1,1,2,2,2,2,2,2,5,1,1,3,3,3,1,2,2,2,2,2,2,2,1,1,2,2,1,2,1,3,1,1,2,2,2,2,4,3,2,1,1,2,3,3,2,2,2,2,4,3,2,5,2,2,1,1,2,1,1,1,1,2,2,3,1,1,1,1,2,2,1,1,2,1,2,2,2,2,2,3,1,1,3,3,3,4,3,2,2,1,2,1,3,2,4,1,3,3,2,1,2,1,1,2,1,2,2,2,1,1,2,1,3,3,3,3,1,2,1,1,3,3,2,3,2,2,2,2,1,3,2,2,2,3,2,2,4,1,1,2,1,1,3,3,3,3,1,2,3,2,3,3,1,1,3,3,2,1,3,3,2,2,3,3,4,4,2,2,1,2,3,1,2,1,1,2,1,1,1,2,2,3,2,2,2,1,3,2,2,2,4,5,4,3,2,3,1,1,1,1,1,1,1,2,2,5,1,2,1,2,1,2,1,2,4,1,1,4,2,2,1,2,2,2,2,3,1,3,1,2,3,3,3,3,2,2,1,1,2,3,3,1,2,2,3,3,1,3,3,2,2,2,2,2,1,3,2,3,4,2,2,3,2,2,1,1,4,4,3,2,3,3,2,1,1,1
CluIDFG21G_0892,2,2,3,2,4,4,2,2,1,2,1,1,3,3,3,3,3,3,5,5,2,3,1,2,1,2,2,4,2,1,2,3,2,1,2,1,1,3,1,4,4,4,3,1,3,3,3,2,1,2,1,3,1,2,1,2,2,2,1,1,3,2,4,4,2,2,2,4,2,2,1,2,3,3,3,3,3,2,3,1,2,2,2,1,2,2,2,3,2,2,1,2,1,3,3,1,4,4,1,1,2,2,2,2,3,3,2,2,4,1,1,2,1,2,2,2,1,3,4,4,1,3,3,1,1,3,3,2,2,1,3,2,3,3,2,2,3,3,2,2,1,1,2,2,2,2,5,3,2,1,1,1,3,1,2,2,1,3,1,2,3,3,2,1,2,2,1,1,3,3,1,1,2,3,2,3,2,1,2,1,2,2,1,1,1,3,1,2,1,2,2,2,4,7,2,3,1,1,2,2,3,3,4,4,1,1,1,1,3,1,2,4,2,1,2,2,1,1,2,3,1,1,3,4,3,2,1,1,2,2,2,1,2,1,3,3,1,1,1,2,2,3,1,3,2,2,2,3,4,4,3,3,1,1,3,3,1,1,2,1,3,3,2,2,3,3,2,3,1,4,3,1,1,2,1,2,2,2,1,2,1,2,2,3,1,1,2,2,3,2,2,2,4,3,2,1,3,2,2,1,2,2,2,2,1,3,3,1,2,3,1,1,2,2,2,2,2,2,1,1,2,2,2,1,1,2,3,2,2,1,3,3,5,4,1,3,2,1,1,1,1,2,1,1,2,2,2,3,1,1,3,3,1,1,1,1,1,1,2,2,1,1,3,3,1,1,1,1,4,4,1,1,1,1,3,5,3,3,4,4,3,3,1,2,1,2,2,2,2,2,2,1,1,1,1,2,3,3,1,1,2,1,2,2,2,2,2,3,1,1,1,2,1,1,2,2,2,3,1,3,1,3,3,3,1,2,3,3,2,3,2,2,1,3,3,3,1,1,3,3,1,3,3,3,2,3,1,3,2,2,5,2,1,1,1,3,2,1,1,2,2,2,2,2,1,3,2,2,1,2,3,2,5,5,2,2,3,2,2,3,1,3,1,1,1,1,1,1,3,5,1,3,1,2,1,1,2,1,1,4,4,4,1,2,1,3,1,1,1,2,3,3,2,2,1,1,3,3,2,2,1,1,2,2,2,2,2,2,3,2,3,3,3,3,3,2,2,2,3,3,3,3,2,2,3,3,2,2,2,1,1,4,2,3,3,3,2,2,1,1
CluIDFG21G_0893,2,2,1,3,4,4,1,3,2,2,3,1,4,3,4,4,3,1,1,3,3,2,2,1,2,2,2,1,1,1,3,3,2,1,2,3,1,3,3,2,3,1,3,3,1,3,2,2,2,2,2,2,2,1,2,2,2,2,1,1,2,2,5,5,3,2,1,1,1,3,2,1,2,2,3,1,2,2,3,1,2,3,2,1,3,2,3,2,3,2,1,2,3,1,1,2,3,4,1,1,2,2,1,1,3,3,1,1,4,4,3,3,1,1,2,2,1,1,4,4,3,3,1,1,1,1,2,2,1,4,3,2,2,3,1,2,3,4,2,3,1,1,2,2,2,2,1,1,3,3,1,1,3,1,2,3,3,1,1,2,2,1,2,3,2,2,3,1,4,4,1,1,3,3,3,3,1,1,2,1,2,2,2,1,1,3,2,1,2,1,1,2,4,7,2,3,1,2,2,2,3,4,4,4,1,1,4,4,3,3,2,2,2,2,1,2,1,1,3,1,1,3,3,3,1,3,1,2,2,1,2,1,1,2,1,3,1,1,2,1,2,3,2,2,1,1,3,2,1,4,2,3,1,2,2,2,1,2,2,2,3,3,2,2,3,3,3,2,4,4,3,1,1,2,1,2,2,2,2,1,3,2,2,2,1,1,2,3,3,2,1,2,1,4,1,2,3,3,1,2,2,2,1,2,2,2,3,1,2,2,1,1,2,2,1,2,2,2,2,1,4,3,1,1,2,2,2,2,1,4,3,3,2,4,2,2,3,2,1,1,2,2,1,2,2,2,3,2,1,1,1,3,4,2,1,1,2,2,1,2,1,1,2,2,1,1,3,2,4,1,3,1,1,1,4,2,2,1,5,3,3,3,1,1,1,1,2,1,1,1,1,2,1,1,2,2,3,3,3,1,1,1,1,3,3,3,2,3,2,2,2,1,1,2,2,3,2,2,1,1,3,3,3,3,1,3,4,3,3,3,2,2,3,3,1,3,1,3,3,2,2,2,3,3,2,1,5,3,4,3,4,2,1,1,1,1,1,1,2,2,2,2,2,1,3,2,1,2,2,1,4,3,5,5,2,2,4,4,3,3,3,1,2,2,3,1,2,1,2,2,2,2,1,1,2,2,2,2,1,4,2,3,4,2,1,1,2,1,2,3,1,4,2,1,3,1,3,2,3,2,1,1,2,2,1,2,2,4,2,2,3,2,2,2,4,2,1,2,1,3,3,3,4,2,2,1,2,3,3,3,1,4,2,2,3,3,2,2,1,1
CluIDFG21G_0902,2,2,1,1,4,4,2,1,2,1,1,1,3,1,2,3,1,2,2,2,3,3,1,1,3,1,4,4,1,4,2,2,2,2,1,2,2,3,1,1,1,3,1,2,1,1,3,2,2,2,3,3,1,2,3,3,1,2,1,2,3,3,4,2,2,1,1,1,3,2,3,3,2,1,3,3,2,1,1,1,3,3,2,2,2,2,5,3,1,1,1,1,1,3,2,1,3,2,1,2,2,2,2,2,2,3,1,2,2,4,3,1,2,1,2,2,2,2,1,3,2,1,3,3,3,1,3,2,2,4,2,2,3,2,2,1,3,1,2,1,2,2,1,1,1,3,3,5,2,2,1,2,1,3,2,1,2,1,2,1,3,1,2,2,2,3,1,3,3,1,1,2,3,2,2,3,2,1,4,2,1,2,1,1,1,1,2,1,2,1,1,1,2,4,2,1,1,1,1,1,2,3,1,1,2,1,4,2,2,3,2,2,1,1,2,2,1,2,3,3,1,1,3,1,4,3,2,1,1,1,2,2,1,2,1,3,1,1,1,1,3,1,3,2,2,1,3,3,3,3,2,2,2,2,2,2,1,2,1,2,3,1,1,1,1,3,2,3,4,1,1,2,2,3,1,1,2,2,1,2,3,2,3,2,1,2,2,3,3,2,2,1,4,4,1,1,2,3,3,2,1,1,2,2,2,2,3,1,1,2,2,1,2,1,2,1,1,2,2,1,3,3,1,2,1,1,3,3,1,5,2,1,2,4,2,2,2,2,1,1,2,1,1,1,2,2,1,3,1,1,1,1,4,5,1,2,2,2,2,2,3,2,2,3,3,1,3,3,4,3,2,2,2,2,1,3,3,1,1,3,1,2,2,2,1,2,2,2,1,1,1,1,2,1,2,2,3,3,3,3,2,2,3,3,2,2,3,3,1,2,1,1,1,1,2,2,2,1,1,3,2,3,2,2,1,1,4,2,2,2,2,2,3,3,2,3,3,1,3,3,2,3,1,3,2,1,1,3,4,4,2,5,2,2,3,1,2,1,2,2,2,1,1,2,1,1,1,1,1,1,3,3,5,5,4,3,1,2,2,2,3,2,2,1,5,5,2,2,5,2,2,2,3,1,1,1,2,2,2,3,3,2,2,2,2,1,1,2,2,3,3,1,2,2,1,1,2,1,3,3,2,3,3,2,1,1,2,2,2,3,3,3,3,2,1,3,2,1,3,3,1,3,2,4,3,2,2,2,3,2,3,1,3,1,3,3,2,3,1,2
CluIDFG21G_0904,1,2,1,1,4,4,1,1,1,2,1,1,3,3,3,3,2,2,2,2,1,1,1,1,1,1,4,4,3,1,2,2,2,3,1,3,3,1,1,1,3,1,1,1,1,3,3,3,2,2,4,2,2,1,2,1,2,2,1,1,2,1,5,3,3,2,3,1,3,3,3,2,2,2,2,4,3,3,3,3,3,3,2,2,2,2,3,4,3,1,2,2,2,3,1,1,3,4,1,1,2,1,3,2,3,1,2,2,3,2,3,3,2,2,1,1,1,1,4,1,1,3,3,3,2,2,2,3,2,2,1,2,3,1,2,1,4,4,2,1,2,1,2,2,3,2,1,5,1,2,1,2,3,1,1,4,1,1,2,2,2,2,2,2,1,2,1,1,1,3,3,2,2,3,3,2,1,2,2,2,2,2,3,2,1,2,1,2,2,2,1,1,6,6,3,3,1,1,1,2,1,3,1,4,2,1,2,4,1,3,2,2,3,2,1,2,2,2,3,3,3,3,3,3,3,3,2,1,1,1,3,2,1,1,2,3,1,1,2,2,2,2,1,3,1,1,3,3,1,1,3,3,2,2,3,3,2,2,1,1,3,2,2,2,3,1,2,2,1,2,2,3,1,3,1,1,2,2,2,1,2,3,3,3,2,1,2,3,4,2,1,2,1,5,3,3,3,2,2,3,2,1,2,1,1,1,2,1,2,2,3,1,1,1,1,1,2,2,2,1,4,3,1,2,1,2,3,3,2,2,2,3,3,3,5,3,3,2,1,2,1,1,1,1,2,2,3,3,2,1,1,1,1,5,2,1,1,1,2,2,2,1,3,2,1,1,3,2,4,2,3,3,2,2,1,3,3,2,4,5,1,2,2,2,2,1,2,2,2,1,2,3,3,3,2,1,3,2,1,1,1,2,1,2,3,2,3,1,2,2,2,1,3,2,3,1,2,2,1,2,1,4,3,2,3,1,3,2,1,2,2,2,2,2,1,2,3,3,2,3,2,3,3,1,1,1,3,3,2,1,5,2,3,1,2,1,1,1,2,2,2,2,1,1,3,1,2,2,2,2,3,3,4,1,3,4,2,4,3,3,1,2,1,2,1,2,2,1,5,4,1,2,1,1,2,2,1,1,3,3,4,4,2,3,2,3,2,2,2,2,1,1,1,2,3,1,1,1,3,3,2,3,2,3,1,1,4,4,1,2,3,3,2,1,1,3,1,2,1,2,1,1,2,1,2,1,3,1,2,3,2,1,2,2,3,3,3,3,2,2
CluIDFG21G_0906,1,2,1,1,2,1,3,1,2,2,1,1,3,4,3,3,1,1,2,2,3,3,2,1,1,2,4,4,1,1,2,3,3,2,2,3,1,1,1,1,2,2,3,1,1,3,3,2,1,1,3,2,1,2,1,3,1,1,2,1,2,1,5,4,2,3,1,1,3,3,2,2,2,2,3,3,2,3,1,3,3,3,2,2,2,3,3,2,1,3,2,2,3,2,1,1,3,2,2,1,3,2,2,1,1,3,2,1,4,2,1,3,3,1,2,2,2,3,4,1,2,3,3,2,2,1,2,3,4,2,2,1,3,3,1,2,3,1,1,1,1,2,2,1,3,2,3,1,2,1,2,2,1,3,2,4,2,1,2,1,3,2,2,2,2,2,1,1,1,3,2,1,3,2,2,3,2,1,2,2,2,2,3,3,1,3,1,2,2,2,1,2,6,6,3,2,1,1,1,1,2,4,2,2,1,3,2,4,1,1,4,4,1,2,1,2,2,2,3,4,1,2,4,4,3,1,1,1,1,1,2,2,1,1,1,1,1,1,2,2,3,2,1,1,3,1,3,3,3,3,3,2,1,2,3,1,1,1,2,2,2,3,1,1,3,3,2,2,4,2,2,1,2,1,1,1,3,3,1,1,3,3,3,3,2,1,3,2,3,3,2,1,1,3,2,3,3,2,3,2,1,1,2,2,2,2,3,1,1,2,2,1,3,2,1,1,1,2,1,2,3,3,2,1,2,1,3,3,5,5,1,3,3,4,3,4,2,3,2,2,1,1,2,2,3,3,3,2,1,1,1,1,4,5,1,1,1,2,2,2,2,1,2,2,2,3,2,3,4,3,2,2,1,1,2,1,3,2,3,1,1,1,2,2,1,2,1,1,1,1,3,2,2,2,2,1,1,3,2,3,1,1,3,1,2,2,3,3,2,1,1,2,2,1,2,2,1,1,3,3,1,3,3,3,3,3,3,3,1,1,1,2,2,3,1,1,2,2,3,3,2,2,1,3,2,3,2,3,4,4,2,1,1,2,1,1,1,2,2,2,2,2,1,1,3,1,2,1,1,2,3,3,5,5,4,2,4,3,3,3,2,1,2,1,1,5,1,1,2,3,2,3,1,1,2,1,2,2,1,4,4,4,1,2,3,2,2,1,1,2,1,4,1,1,1,3,3,3,1,2,3,3,1,2,1,2,2,4,3,2,3,3,2,2,3,3,2,2,3,1,3,3,2,2,1,3,2,2,2,3,3,1,3,1,3,2,2,1,1,1
CluIDFG21G_0908,1,1,2,2,4,4,2,1,1,1,1,1,3,1,2,1,3,2,1,5,3,2,1,2,2,1,2,2,1,1,3,2,1,2,2,3,3,1,1,2,3,1,3,3,1,3,3,2,1,2,2,3,1,2,2,1,2,2,1,1,1,2,3,5,3,2,1,3,3,2,2,2,2,2,3,3,3,1,3,1,3,2,2,2,2,3,5,2,1,1,2,1,3,1,2,3,3,3,2,2,1,2,1,2,3,1,1,2,3,4,1,1,1,3,2,2,1,1,3,3,3,3,2,2,1,2,3,1,2,1,1,3,1,1,1,1,4,3,1,2,2,1,2,2,2,3,5,3,1,2,2,2,3,3,2,2,1,1,1,1,2,3,2,1,2,1,2,2,1,3,1,1,2,2,3,3,1,2,2,2,2,1,1,3,1,1,2,2,2,2,1,1,7,4,3,2,1,1,1,2,2,3,4,1,1,1,4,4,3,1,2,1,3,1,2,1,2,2,3,3,1,3,4,4,2,1,2,2,1,2,2,3,1,1,1,2,1,3,1,1,2,2,1,3,3,1,3,3,1,4,3,1,1,1,1,2,1,1,2,2,3,3,1,2,1,3,2,2,4,2,1,1,1,1,1,2,3,2,1,2,3,2,3,3,2,1,2,2,3,4,1,2,3,4,3,1,1,3,1,3,2,1,2,1,3,2,3,3,3,2,1,1,1,2,1,2,3,2,2,1,4,3,2,2,1,1,2,3,3,2,2,1,4,3,2,2,3,2,2,2,1,1,1,2,2,3,2,3,2,1,3,2,4,2,1,2,2,2,1,2,1,1,3,2,3,1,3,2,3,3,2,3,1,1,2,1,3,3,1,4,3,3,1,1,2,1,2,2,2,2,3,3,2,2,2,2,2,2,3,1,2,2,1,3,3,2,3,2,2,2,1,1,2,1,2,3,2,2,1,1,4,2,3,2,3,1,2,4,1,3,1,1,3,3,1,2,1,3,3,2,2,2,3,3,3,2,2,2,2,4,4,2,3,3,1,3,2,1,2,1,1,1,1,1,1,1,2,2,2,2,2,2,4,2,3,4,4,4,3,3,1,3,1,1,3,2,2,1,3,4,2,2,1,2,1,2,1,2,2,1,2,2,4,2,3,3,2,2,3,2,1,1,2,2,1,2,2,3,2,1,1,2,2,3,1,1,4,2,2,1,1,3,1,1,4,4,2,2,2,2,1,4,2,4,1,2,3,2,1,2,4,2,2,2,3,1,3,2,2,2
CluIDFG21G_0909,2,1,1,1,4,4,1,2,2,2,1,1,1,1,3,2,2,2,1,2,1,2,1,2,1,1,4,2,3,1,2,3,3,2,1,1,4,3,1,1,3,1,1,1,1,1,3,1,1,2,2,2,1,2,2,3,2,1,2,2,3,2,1,4,3,3,1,4,3,2,2,3,1,2,4,3,3,2,1,1,2,1,1,1,3,2,3,5,1,3,2,2,3,1,3,1,3,3,1,2,2,2,2,1,3,1,1,2,4,2,1,3,2,1,2,2,2,1,3,3,3,1,3,3,2,2,3,2,1,2,2,2,3,2,2,1,1,1,1,2,1,2,1,1,3,1,2,3,1,3,1,2,3,2,1,4,1,1,2,2,2,3,2,1,2,2,3,2,3,1,1,1,3,3,1,3,2,1,4,1,1,3,2,3,2,3,1,1,2,2,2,1,6,4,3,3,1,1,1,1,2,4,4,2,3,1,2,3,1,1,4,4,3,3,2,1,1,2,3,1,3,3,3,4,1,1,2,1,1,1,1,2,1,2,1,1,1,1,2,2,1,3,2,1,1,1,3,2,1,4,3,2,1,1,3,2,1,1,1,1,3,2,3,2,3,1,2,2,4,4,2,3,3,1,2,2,2,2,1,1,3,3,2,2,2,2,3,2,3,3,2,1,3,3,3,3,2,3,2,3,2,1,2,2,2,1,3,1,1,2,1,1,1,2,1,1,2,2,1,2,4,3,2,1,1,2,2,3,2,2,2,1,3,4,2,5,3,2,1,2,1,1,1,3,1,3,3,3,1,2,1,2,5,4,1,2,2,2,2,2,3,1,2,2,1,1,3,2,4,4,2,2,1,1,1,1,3,2,4,4,3,3,1,1,1,2,1,2,2,2,3,1,3,2,2,2,3,2,1,3,2,2,1,3,2,2,2,1,2,2,1,1,3,1,2,4,2,2,3,1,2,4,2,2,1,1,4,2,1,3,2,2,1,2,3,3,1,1,3,3,2,3,3,3,2,3,4,3,4,2,1,2,2,2,1,1,1,1,1,1,1,2,1,1,1,1,1,2,2,1,3,2,2,5,4,3,3,4,3,3,1,1,1,2,1,1,2,2,2,3,2,1,3,1,2,2,2,1,2,4,4,4,3,1,2,3,2,2,2,3,1,1,2,2,2,3,1,3,3,2,2,2,3,3,1,2,2,2,1,1,1,3,1,2,1,3,2,1,1,2,3,2,3,2,2,1,2,1,1,3,2,1,2,2,2,3,2,2,1,1
CluIDFG21G_0913,2,2,3,2,4,4,1,1,1,1,1,3,4,3,4,3,1,3,3,5,1,2,2,2,2,1,4,4,2,2,2,3,2,2,2,2,1,1,4,1,1,3,1,3,1,1,2,2,1,2,2,1,2,2,2,3,1,2,1,1,2,3,4,5,3,2,1,4,3,1,2,3,1,3,3,3,3,3,1,1,2,3,2,1,2,2,3,3,1,3,1,2,3,3,1,1,3,4,2,3,2,3,2,2,3,3,2,2,4,4,1,1,3,1,2,2,1,3,4,1,2,3,2,1,2,1,2,3,1,2,4,2,3,1,1,1,1,2,2,2,1,1,2,1,3,2,1,3,1,2,2,2,3,3,2,2,3,3,2,2,3,3,1,2,3,3,1,1,3,3,1,1,2,3,2,3,1,1,2,2,2,1,2,2,1,2,1,2,2,2,2,2,1,7,3,3,1,2,2,2,3,3,2,4,1,1,4,4,3,3,2,4,1,1,2,1,2,1,3,2,1,3,4,3,1,3,1,1,1,2,1,2,1,1,1,1,1,1,1,2,3,2,3,1,1,1,2,2,4,4,3,2,1,1,2,2,2,2,2,2,2,1,1,1,3,3,3,3,4,4,3,1,1,1,1,1,2,2,1,1,1,2,3,2,1,1,3,2,3,1,2,1,1,5,1,3,2,2,1,1,1,2,2,2,3,2,3,1,2,3,1,1,3,1,1,2,1,2,1,1,1,3,1,1,1,2,3,3,5,1,3,1,5,4,2,3,2,1,1,2,2,2,2,1,2,2,3,1,1,1,1,1,4,1,1,1,2,1,2,1,1,1,3,1,1,1,2,1,4,4,2,3,2,1,1,5,2,1,4,5,3,3,2,1,1,1,1,1,1,2,1,2,1,1,2,1,3,3,1,1,2,2,2,2,2,2,3,2,2,2,2,1,3,2,3,2,3,3,2,3,4,1,2,1,1,3,3,3,3,2,2,2,1,1,2,2,1,3,2,3,2,3,2,3,2,2,1,3,4,1,1,4,3,3,3,1,2,1,1,1,2,1,1,1,3,2,1,1,2,2,4,3,1,5,4,1,3,2,1,3,2,1,1,2,1,2,2,2,5,5,3,2,1,3,2,2,2,2,1,4,3,4,2,2,2,2,1,1,1,3,1,3,2,2,1,3,1,3,2,3,2,2,3,1,1,3,2,2,2,2,3,1,1,3,4,4,2,2,2,1,2,4,4,4,1,1,2,2,1,2,3,4,2,3,2,3,2,2,1,1
CluIDFG21G_0920,2,2,1,3,4,4,2,2,1,2,2,1,1,3,2,4,1,2,1,2,2,3,3,1,2,2,1,4,4,3,2,3,2,2,2,1,1,3,1,3,3,1,1,3,3,1,3,3,1,2,4,3,2,1,3,1,2,2,2,2,3,2,1,1,3,3,1,1,2,3,2,2,3,3,3,2,3,2,2,3,3,3,2,2,2,2,3,3,1,1,2,1,3,1,1,1,3,3,1,2,2,1,2,1,3,2,2,1,4,4,3,1,2,1,1,2,3,3,3,3,3,2,3,3,2,2,1,2,2,2,1,2,1,2,2,1,4,1,1,3,2,2,1,1,3,1,3,3,2,3,2,2,3,3,2,1,2,1,1,2,2,3,1,2,2,2,1,1,1,4,2,1,2,3,2,2,1,2,2,1,1,2,2,2,1,1,2,2,1,2,2,1,4,4,2,2,2,1,2,2,1,3,1,1,1,2,2,4,1,2,2,4,3,1,1,2,2,1,1,2,2,3,3,3,4,3,1,1,1,1,2,3,2,1,2,2,2,1,1,2,2,3,2,3,1,2,2,2,3,3,3,2,2,1,2,2,1,1,2,2,1,2,1,1,1,3,2,2,2,2,1,2,1,2,2,2,3,2,2,2,3,2,2,2,1,2,2,2,2,2,2,1,1,3,3,3,3,3,3,1,2,2,1,2,3,1,1,3,3,2,2,1,1,3,1,1,2,2,2,1,1,4,1,1,2,1,3,2,1,2,1,3,1,4,5,1,1,2,2,1,2,1,3,2,1,3,1,3,1,1,1,1,5,1,2,2,1,1,2,2,2,2,3,2,1,3,3,3,2,3,2,3,1,1,3,2,1,2,3,3,3,1,2,1,1,2,2,1,2,1,2,1,2,2,2,2,2,2,1,3,2,1,1,1,2,3,2,2,2,2,2,1,1,1,2,3,1,2,1,3,4,4,2,1,3,2,2,3,1,1,2,2,2,2,3,1,1,2,3,3,2,2,3,2,1,1,2,3,1,2,4,4,3,1,3,1,1,1,1,1,2,1,2,2,2,2,2,2,2,1,2,3,2,2,2,4,2,3,3,2,1,1,2,2,2,1,2,2,5,2,2,2,2,2,1,2,1,2,2,4,4,4,1,1,3,3,1,2,2,3,3,1,2,2,2,3,3,1,2,3,3,3,1,2,1,2,2,3,1,3,1,3,2,2,4,3,2,1,3,2,4,1,2,4,3,2,2,2,2,3,1,1,1,1,2,3,2,1,1,2
CluIDFG21G_0924,2,1,1,2,4,4,1,1,2,1,2,1,1,1,2,2,2,2,2,2,1,2,2,2,2,1,4,4,3,4,2,2,2,2,2,3,4,4,3,3,3,3,3,3,1,3,3,3,1,2,4,4,2,2,2,2,2,2,2,2,2,3,5,5,3,3,1,1,1,3,1,2,3,3,4,3,3,2,1,3,2,3,1,2,3,2,4,2,1,3,2,2,3,1,2,2,4,2,1,1,1,2,1,2,1,1,1,1,1,4,1,1,2,1,2,1,2,1,1,3,2,1,3,3,2,1,1,3,2,2,1,2,1,2,1,1,1,2,2,2,2,1,1,2,1,1,1,3,3,2,2,2,2,3,2,2,1,3,2,1,3,2,2,2,2,2,2,1,3,4,1,2,3,3,2,2,2,1,1,2,3,3,2,2,2,2,1,2,2,2,1,2,4,4,1,3,1,1,1,1,2,2,3,3,3,3,1,1,1,1,2,1,2,1,1,2,2,2,3,3,3,2,2,4,3,1,2,2,1,2,3,3,1,1,2,1,2,1,1,2,2,3,3,3,1,3,3,3,2,1,3,3,1,1,2,2,1,1,2,2,3,3,2,2,1,3,2,3,2,4,1,2,3,1,1,1,3,2,1,1,3,3,3,3,2,2,3,2,3,3,1,2,1,3,1,1,2,2,3,2,2,2,1,2,3,1,3,2,2,3,3,3,3,3,2,1,1,1,2,1,2,4,2,1,2,1,3,3,2,1,1,3,2,4,1,2,2,2,2,1,1,1,1,1,2,2,2,2,2,2,1,3,4,5,1,2,1,2,2,2,1,1,3,2,3,1,2,3,2,2,2,3,2,2,1,3,3,2,4,5,3,1,2,1,2,1,1,1,1,2,1,3,1,1,2,2,3,2,1,1,2,1,2,3,3,2,3,3,2,1,1,2,2,1,4,2,3,3,3,3,1,3,2,1,1,3,3,3,1,2,2,2,3,2,2,1,3,3,3,3,2,3,3,3,2,3,3,3,1,1,2,5,1,1,3,1,1,2,1,1,2,1,2,2,2,2,1,1,1,2,3,3,4,5,5,2,1,3,2,3,1,3,2,1,1,1,2,1,4,2,2,2,2,1,2,2,2,1,4,1,4,4,4,1,2,3,1,2,3,3,1,1,1,2,2,2,1,1,3,3,3,2,1,3,1,1,2,2,1,3,1,3,1,1,4,3,2,2,3,2,4,1,4,2,1,2,3,3,3,2,2,1,3,1,2,3,1,2,2,2
CluIDFG21G_0929,2,1,1,2,4,4,2,1,1,2,1,3,1,3,4,4,2,2,1,3,2,2,2,2,1,3,4,4,1,1,2,2,2,2,1,1,3,3,1,3,1,2,3,3,1,3,2,2,2,1,2,4,1,1,3,2,1,2,1,1,3,2,5,4,3,3,1,1,2,3,2,2,3,3,3,3,3,1,3,2,3,3,1,2,2,3,4,3,2,1,2,2,3,1,1,2,2,3,1,3,1,2,3,2,3,1,2,1,4,1,1,3,2,1,2,1,2,2,4,1,3,3,2,1,2,1,3,2,3,4,2,2,1,3,2,1,2,4,2,3,1,2,2,2,2,3,3,5,2,1,2,1,2,3,2,2,1,2,1,2,2,2,2,1,2,1,3,3,3,1,2,1,3,3,3,3,2,1,1,1,2,2,3,1,3,3,1,2,2,2,1,2,4,7,2,3,1,1,1,1,3,2,4,3,1,1,4,3,3,2,1,4,1,2,1,2,1,1,1,2,3,3,3,3,3,3,2,2,1,2,2,2,1,1,3,2,1,1,2,1,2,1,3,1,1,2,2,3,2,4,2,3,2,1,2,3,1,1,2,2,2,2,2,1,3,3,3,3,4,4,1,1,1,3,1,2,2,3,2,1,3,2,3,3,1,2,2,2,2,2,1,2,2,3,3,3,3,2,2,2,1,2,1,2,2,2,3,3,2,2,1,3,2,3,2,1,2,2,1,1,1,1,2,1,2,1,3,3,4,2,2,3,5,4,4,2,2,1,2,1,1,2,1,1,2,2,3,3,1,1,1,3,5,1,2,1,2,1,2,1,2,1,2,3,2,1,2,2,4,4,2,3,2,2,1,1,2,3,4,4,3,3,1,1,1,2,2,1,2,1,1,1,1,3,2,1,3,3,3,3,1,2,1,1,3,2,1,3,2,2,1,1,3,1,2,2,2,2,3,3,4,4,2,3,1,1,3,3,3,3,1,2,2,3,3,2,1,3,3,3,3,2,2,2,2,2,1,3,2,1,1,2,1,1,3,2,1,1,1,2,2,2,2,1,1,1,1,2,2,1,3,2,2,1,4,3,3,2,3,1,1,3,1,1,3,1,2,1,5,5,2,2,1,2,2,1,2,2,2,4,3,4,4,2,2,2,1,2,1,2,3,1,1,2,3,2,1,3,3,2,3,3,3,2,1,1,2,2,2,2,2,1,1,3,3,3,1,2,3,3,1,4,4,1,1,1,2,1,3,2,3,4,1,1,3,3,1,2,1,1
CluIDFG21G_0934,2,1,1,1,4,4,2,1,1,1,1,1,3,3,4,3,2,2,1,3,2,3,1,2,2,2,1,4,1,1,3,2,1,3,2,2,2,3,1,1,3,3,3,1,1,3,2,2,1,1,3,1,2,2,3,3,2,1,1,2,2,2,5,4,3,1,1,4,2,3,2,3,2,1,3,4,2,1,1,1,3,3,2,1,3,2,4,3,1,1,1,2,1,3,3,2,3,4,3,1,2,2,1,3,1,1,2,2,4,3,3,3,1,2,2,2,1,2,1,3,1,3,2,2,3,1,1,1,1,1,2,3,2,2,1,1,4,1,2,2,1,1,1,1,3,2,1,3,2,1,1,1,1,1,2,2,3,2,1,2,2,3,2,2,2,1,1,1,3,3,1,1,3,3,3,2,2,2,2,1,2,2,1,1,3,1,2,1,2,2,1,1,6,7,2,2,1,1,2,2,3,2,3,1,1,1,3,4,3,2,2,2,3,1,2,2,2,1,3,2,3,1,2,1,4,3,2,1,1,2,2,2,2,1,1,1,2,2,1,1,2,2,3,1,2,3,2,3,3,3,3,2,2,1,2,2,1,1,1,1,1,3,1,1,3,3,2,2,2,4,1,1,1,1,2,1,2,2,2,1,2,2,3,2,1,2,2,3,3,1,1,1,3,4,3,3,2,2,1,3,1,2,2,2,2,1,3,1,2,2,2,2,2,1,2,1,2,1,2,1,3,3,1,1,2,2,1,3,2,5,1,1,4,2,2,2,1,2,2,1,2,1,1,3,3,2,2,3,2,1,3,1,2,5,2,2,1,2,2,1,1,1,2,3,3,3,3,3,4,2,2,2,2,2,1,3,3,1,1,3,3,2,1,2,2,2,1,2,1,2,3,1,3,3,2,1,2,1,2,1,2,1,1,2,2,3,2,3,2,2,2,2,2,2,2,2,3,1,1,1,4,4,1,3,3,3,4,4,3,1,2,2,2,2,1,1,2,1,1,3,2,2,3,3,2,2,3,3,4,1,1,2,2,1,1,1,1,1,1,1,2,2,1,2,1,1,2,1,2,1,3,2,5,2,4,3,4,4,3,3,2,2,1,2,1,1,1,2,2,2,2,3,3,1,2,1,2,2,3,1,3,2,4,2,2,1,2,1,2,2,3,1,2,2,2,1,2,1,2,3,2,3,1,2,2,3,2,2,2,2,1,1,2,3,5,1,3,1,2,1,4,3,1,3,2,3,2,2,1,3,3,1,2,1,2,3,2,3,2,1
CluIDFG21G_0944,2,1,2,1,1,4,1,3,1,1,1,3,3,4,4,3,1,2,2,3,2,1,2,1,1,3,4,4,3,1,2,3,2,2,2,1,4,1,1,3,3,1,3,3,3,1,2,2,1,1,3,4,2,2,2,3,2,1,1,1,1,3,4,4,2,3,2,1,1,2,2,1,3,3,4,3,3,3,1,3,3,3,2,1,2,2,3,3,2,3,1,2,3,1,1,1,3,3,1,1,2,1,3,2,1,3,2,2,2,4,2,3,1,2,2,1,2,2,4,3,1,3,2,2,3,1,1,3,1,2,1,2,3,3,2,2,2,3,2,2,1,2,2,2,2,3,1,3,2,1,1,2,3,2,1,2,1,2,1,2,2,2,2,2,2,3,1,1,1,3,1,2,2,3,3,2,2,2,4,4,3,2,2,1,2,2,2,2,2,2,1,1,7,4,2,3,1,1,1,1,3,4,1,4,1,1,4,4,2,3,2,2,2,1,2,2,1,1,2,1,1,2,3,1,1,3,1,2,2,1,1,2,1,1,1,1,2,1,2,1,2,3,2,3,2,3,2,3,4,1,3,2,1,1,2,2,2,1,2,1,3,2,1,1,3,1,3,2,4,4,3,1,1,2,1,2,3,3,1,2,1,3,3,3,2,1,2,2,2,2,2,1,3,3,3,3,3,3,1,2,2,1,2,2,2,2,1,3,2,2,1,2,1,2,1,1,1,2,1,1,1,2,2,2,2,1,3,2,2,1,3,2,4,1,1,2,1,3,2,2,1,1,1,3,2,3,3,2,2,1,3,1,4,2,1,1,1,2,1,1,3,1,2,3,1,2,3,2,4,4,2,2,2,2,3,1,3,1,5,4,3,3,2,1,1,2,2,1,2,1,2,2,1,2,2,2,3,3,3,1,1,1,1,3,3,2,1,2,2,2,1,1,1,2,2,2,1,2,2,3,1,1,2,3,1,1,3,4,1,1,2,2,2,2,2,2,1,3,3,3,3,3,3,1,2,2,4,2,2,2,2,2,1,1,3,3,1,1,1,2,2,2,2,2,1,3,2,1,2,1,4,4,2,2,4,3,1,2,2,2,1,1,1,1,5,1,2,1,2,2,1,2,1,1,2,2,2,2,4,4,3,4,2,2,2,2,2,2,3,2,1,4,2,2,2,3,3,2,3,2,3,3,2,2,1,1,4,2,2,3,3,2,1,1,3,4,2,2,3,2,4,4,4,2,1,3,3,2,1,3,3,3,3,1,3,3,1,1,1,2
CluIDFG21G_1041,2,2,2,2,4,4,1,2,1,1,3,1,3,1,3,4,1,1,3,3,3,2,1,2,2,1,1,4,2,1,2,2,2,2,2,2,3,3,3,1,2,1,3,3,1,3,2,2,2,1,4,4,1,1,2,2,2,2,1,1,2,2,4,4,2,2,2,2,2,2,2,2,2,3,3,4,3,1,1,1,3,2,2,2,2,2,5,2,1,2,1,1,3,1,1,1,3,4,2,1,3,1,1,1,3,3,2,2,4,4,2,2,3,3,2,2,1,1,4,4,3,1,1,2,1,1,1,2,1,1,3,2,3,3,1,2,2,3,3,2,1,1,2,2,2,2,1,3,1,2,2,1,3,3,2,2,3,2,2,1,2,3,2,3,2,2,3,3,3,3,1,1,2,2,3,2,1,1,1,2,2,2,1,1,1,3,2,1,1,2,1,2,7,4,2,3,1,2,2,2,3,3,4,3,1,3,1,4,1,1,2,2,1,2,2,2,1,2,2,2,3,1,4,3,1,1,2,1,2,2,3,3,2,1,2,1,1,1,2,2,3,3,2,1,2,1,2,2,4,3,2,3,1,1,3,2,2,2,2,2,1,2,3,1,3,3,3,1,4,4,1,2,1,2,2,1,2,2,1,2,2,2,3,3,1,1,3,2,2,2,2,1,1,4,1,1,3,2,3,1,2,2,2,1,2,2,3,3,2,2,1,3,3,3,1,1,2,1,1,2,3,3,1,1,1,2,2,3,4,1,1,2,5,3,5,3,2,2,1,1,2,2,1,1,2,2,1,1,1,1,1,1,2,2,1,1,1,1,2,2,2,1,2,3,1,1,1,1,4,4,1,3,2,1,5,5,2,2,4,4,3,3,1,2,2,2,1,1,2,2,2,1,1,2,2,2,3,1,3,1,2,1,2,1,2,3,3,2,2,2,1,2,1,2,2,3,3,2,1,3,3,4,2,3,3,3,3,3,2,3,2,1,3,1,1,1,3,3,2,2,2,2,3,3,1,2,1,2,4,3,2,5,1,1,1,3,1,2,2,1,1,2,2,1,3,3,2,1,2,2,3,2,2,5,4,4,3,2,1,2,1,2,1,1,3,5,2,1,2,3,3,2,3,1,2,2,1,2,1,4,1,3,2,2,2,1,1,1,3,2,3,3,1,2,1,1,3,1,3,2,1,3,3,2,2,1,2,2,2,3,3,3,1,1,4,3,1,2,3,1,4,3,2,4,1,3,2,3,3,2,2,3,2,3,1,3,2,2,1,1
CluIDFG21G_1043,2,2,3,1,4,4,2,2,2,1,1,2,4,3,4,4,1,2,3,2,3,1,1,1,3,1,4,2,1,1,2,2,2,1,3,2,3,4,3,1,4,2,2,1,1,3,1,2,2,1,1,3,2,2,1,2,2,1,1,1,3,2,1,4,1,2,1,2,2,3,2,3,2,3,3,3,1,3,3,2,3,3,2,2,2,2,4,4,2,2,1,1,3,1,2,1,4,4,1,2,1,3,2,2,3,3,2,2,2,4,3,2,3,3,1,2,1,2,1,4,2,3,3,2,2,3,1,1,2,1,3,3,3,1,2,1,2,2,2,2,1,2,2,2,3,2,3,1,2,2,2,1,1,1,2,4,2,1,1,2,3,2,2,1,3,3,2,3,1,3,1,1,3,1,3,2,2,1,2,1,2,2,1,3,3,1,1,2,1,1,1,1,4,7,2,2,2,1,1,2,3,2,4,2,3,1,1,4,3,1,2,2,2,2,2,2,1,1,3,3,1,1,4,3,4,3,1,1,1,2,2,3,1,1,2,1,1,1,2,1,3,3,2,3,1,2,2,3,3,2,2,2,2,2,2,3,1,2,2,2,3,1,3,2,3,3,3,2,1,2,1,1,2,1,2,1,2,3,1,2,2,3,3,2,2,1,2,3,3,3,1,1,2,4,3,3,3,3,2,2,2,1,1,2,1,1,4,1,2,3,3,1,1,1,1,1,2,2,2,2,2,3,1,2,1,1,3,3,2,5,3,1,3,2,5,3,2,2,1,1,2,1,2,1,2,2,2,2,1,1,1,3,5,1,2,1,2,2,1,1,1,3,3,3,1,3,1,2,4,4,3,2,2,2,3,5,1,2,4,3,1,1,2,2,1,2,1,1,2,2,2,2,1,1,1,2,2,3,1,1,2,1,2,1,1,3,3,3,2,2,1,1,1,2,3,1,2,1,3,3,1,4,2,2,1,3,4,4,1,3,1,2,2,3,2,3,1,3,3,3,3,2,2,3,2,2,4,3,2,2,4,4,3,2,2,1,2,1,1,2,1,1,2,1,3,3,2,1,2,1,3,3,2,5,4,2,4,4,3,2,1,1,1,2,1,5,2,1,5,3,2,3,3,1,2,2,2,2,4,1,3,4,2,2,2,2,1,2,2,1,3,3,1,2,3,1,2,3,2,3,3,1,2,2,1,1,4,3,2,3,3,3,3,1,4,1,2,1,1,2,3,4,4,2,2,3,3,2,2,3,3,1,1,2,2,3,1,2,2,1
CluIDFG21G_1056,2,2,2,2,4,4,2,1,1,1,2,1,1,3,4,4,1,3,2,5,2,2,2,2,1,1,4,2,1,1,2,3,1,1,3,1,1,1,3,2,1,3,3,3,3,3,2,2,2,2,4,4,2,2,1,1,1,2,2,1,3,2,1,5,3,3,1,4,1,3,3,3,2,1,3,3,3,2,1,3,3,3,2,2,1,2,2,4,2,1,1,2,1,3,3,2,4,3,1,1,1,2,2,3,1,3,1,2,4,4,1,1,2,1,1,1,2,2,4,1,1,3,2,3,2,3,3,1,4,2,2,3,3,1,2,2,1,3,2,1,1,2,2,1,1,2,3,3,2,1,2,1,3,1,1,2,1,2,1,2,2,2,1,1,1,1,3,1,3,3,2,1,3,1,2,1,1,2,4,4,2,3,1,2,1,3,2,1,2,1,1,2,4,4,3,2,1,1,1,2,4,3,4,4,1,1,4,4,3,3,4,2,2,1,2,2,2,1,3,3,1,3,4,3,4,3,2,1,2,1,1,2,2,1,2,2,2,1,1,2,2,1,1,2,1,3,3,3,1,1,3,3,1,1,3,3,2,2,2,1,1,3,1,1,3,3,3,2,4,1,2,1,3,2,2,1,3,2,2,1,1,3,3,1,2,2,2,2,2,3,1,2,5,3,1,3,3,2,3,2,1,2,2,2,2,2,1,1,2,2,2,1,1,2,2,1,1,1,1,1,4,4,2,2,1,1,1,2,3,1,3,3,4,5,1,1,3,2,2,1,2,1,1,1,2,2,2,2,1,2,3,1,5,5,1,1,2,2,2,1,2,3,3,3,3,3,2,1,4,4,3,1,2,2,1,5,1,1,1,5,3,3,2,2,1,1,1,2,2,1,3,2,1,1,1,2,1,3,3,1,2,1,2,2,2,3,3,1,1,2,1,2,1,3,2,2,2,1,3,3,4,3,2,2,1,3,4,3,3,2,2,2,3,1,1,3,1,2,3,3,2,2,2,3,3,3,1,3,2,4,5,1,1,1,2,3,2,1,2,2,2,2,2,2,3,3,1,1,1,1,3,3,2,2,2,4,3,1,2,3,1,1,1,2,1,1,1,2,2,3,3,2,1,2,1,2,2,1,4,3,4,4,3,1,3,2,2,2,2,2,3,3,1,1,3,3,2,1,2,3,3,3,3,3,1,1,2,2,3,2,3,1,1,2,2,4,1,2,3,3,1,4,4,4,1,1,1,2,2,2,4,3,1,1,2,2,3,2,1,1
CluIDFG21G_1060,2,1,1,3,1,4,2,3,2,1,1,1,3,1,4,3,2,1,3,3,3,2,1,2,2,1,2,2,1,1,3,2,2,3,1,2,4,3,3,3,1,3,3,3,1,1,2,3,2,2,3,2,1,2,1,2,2,1,1,1,2,2,5,4,3,2,2,3,2,2,2,1,3,2,3,2,3,3,3,1,3,3,2,2,3,2,2,3,3,3,2,2,1,1,1,3,3,3,1,2,1,3,2,1,3,1,2,2,4,2,1,3,2,3,2,1,3,3,3,4,1,3,2,2,2,2,2,3,2,4,2,3,2,2,1,2,2,3,2,2,1,2,2,2,2,2,3,1,2,1,1,2,1,1,2,4,1,2,2,1,3,2,2,1,2,2,2,2,3,3,1,1,3,3,3,3,2,2,4,2,2,2,1,1,2,1,1,2,2,2,1,1,7,2,2,2,1,1,2,1,3,2,2,4,1,1,2,4,1,3,4,4,1,1,2,2,2,1,3,2,1,3,2,4,4,3,1,2,2,1,2,2,1,2,2,2,1,2,2,2,2,3,1,1,3,2,2,3,3,4,2,1,2,1,3,3,1,1,2,2,1,1,1,1,3,3,3,3,4,5,1,1,1,2,2,2,1,2,2,1,3,3,3,3,2,2,2,2,3,3,2,2,4,2,3,1,3,3,1,1,2,2,2,1,1,1,1,1,2,2,1,1,2,2,1,1,2,2,1,1,3,4,2,1,2,2,2,3,2,4,2,1,2,4,2,2,1,2,2,2,2,1,2,2,2,1,2,2,2,1,1,3,4,4,1,1,2,1,2,1,1,1,3,3,3,1,2,3,2,2,2,1,2,1,1,3,2,1,5,3,1,3,1,2,2,2,2,2,2,2,2,1,3,1,1,1,2,1,3,1,2,2,1,2,3,2,3,2,1,1,2,2,1,1,2,2,1,1,3,3,3,4,2,3,3,3,3,3,3,3,2,2,3,3,1,2,3,2,3,3,2,2,3,3,2,2,3,2,1,2,2,5,1,1,3,1,1,2,1,2,2,2,3,3,3,3,2,1,2,1,3,2,5,5,4,2,4,2,2,3,1,3,1,1,1,1,1,2,2,5,2,3,1,2,1,1,1,2,4,4,4,4,1,2,3,2,1,2,2,3,3,1,1,2,1,3,1,1,3,3,3,3,3,3,1,1,1,1,3,3,1,3,2,1,1,4,2,2,2,2,2,3,2,2,3,3,2,3,2,3,3,2,1,2,3,3,3,2,2,2
CluIDFG21G_1065,2,2,2,2,4,4,2,3,1,1,3,2,1,3,4,4,3,2,3,1,3,3,1,1,1,1,2,4,2,2,2,2,1,2,3,1,3,1,3,2,2,2,3,3,1,3,2,2,1,2,2,3,1,2,1,1,2,1,1,2,2,2,4,2,2,2,3,3,2,2,1,3,2,3,4,3,3,3,1,1,3,3,1,1,3,2,4,3,1,2,1,1,3,1,1,3,4,3,1,1,2,2,2,2,3,3,1,2,4,4,1,3,1,1,2,2,2,3,4,1,3,3,2,3,3,3,3,3,2,4,2,2,3,3,2,1,3,4,3,3,1,2,2,2,3,3,1,5,2,1,2,1,3,3,2,2,1,1,2,2,3,3,2,2,2,2,1,3,3,2,1,1,3,3,2,3,2,2,1,1,3,2,1,1,1,1,2,2,2,2,2,2,4,7,2,3,1,2,2,2,2,3,1,4,1,1,4,4,3,1,4,2,2,2,2,2,1,1,2,2,1,2,2,1,4,3,1,1,2,2,2,3,1,1,1,3,2,1,2,2,1,2,3,2,1,1,2,3,4,1,3,2,1,1,2,3,2,1,1,1,2,4,3,2,3,3,3,1,4,1,2,2,3,2,2,2,2,3,2,1,2,3,2,3,2,1,3,2,2,2,2,1,4,1,3,3,3,2,1,1,2,2,2,2,2,2,3,3,2,3,1,1,3,2,1,2,1,3,1,1,2,1,2,2,2,1,2,1,5,2,3,3,5,4,5,2,2,2,1,1,2,2,1,1,2,2,2,3,2,1,1,3,4,2,1,1,2,1,1,2,2,3,3,2,1,1,2,1,4,3,1,2,1,2,2,4,3,2,3,4,3,1,1,2,1,1,1,2,2,1,1,2,1,3,1,2,3,2,1,3,1,1,2,3,3,3,2,3,2,2,1,1,3,2,2,2,1,2,1,3,2,3,2,2,3,3,4,3,2,2,1,1,2,1,1,3,1,3,2,3,3,2,3,3,3,2,3,3,4,4,2,1,2,2,1,1,1,1,2,1,2,2,2,1,1,3,1,2,2,2,4,3,5,5,2,1,4,4,3,2,1,1,2,1,1,3,1,1,2,5,2,3,1,3,2,1,2,2,2,1,1,4,2,2,2,2,1,2,2,2,1,3,2,1,3,3,2,3,3,2,1,1,2,2,1,1,4,4,1,3,3,3,1,2,2,4,2,1,3,3,3,2,4,1,2,2,2,2,1,1,3,1,2,2,1,2,2,2,1,1
CluIDFG21G_1068,2,1,2,1,4,4,3,2,2,1,1,1,1,1,3,2,1,2,2,1,3,1,1,1,2,1,2,2,2,1,3,2,2,1,3,2,3,3,3,3,3,3,1,3,1,3,2,3,2,2,3,4,2,1,2,1,2,2,1,1,3,2,1,4,3,1,1,1,2,2,3,3,1,3,3,3,3,2,1,3,3,3,2,1,2,2,3,4,3,1,2,2,1,3,3,1,2,3,1,1,1,2,2,2,1,2,1,2,2,4,3,1,3,2,1,1,1,2,4,1,2,2,2,2,2,2,3,3,4,1,3,3,1,2,1,1,1,4,2,2,2,1,1,1,2,2,3,3,2,2,1,2,1,3,3,2,1,1,1,2,2,1,2,1,2,1,3,1,1,3,2,3,2,3,2,1,2,2,2,2,3,2,3,2,2,2,2,1,2,2,2,1,4,1,1,3,1,1,2,2,2,2,1,4,1,1,2,4,2,1,4,1,1,1,1,2,2,2,3,3,3,3,3,3,3,3,2,2,1,2,2,2,1,1,2,1,1,2,1,1,2,1,3,3,3,3,3,2,3,4,3,2,1,1,2,2,1,1,2,1,2,2,1,2,3,1,2,2,2,4,1,1,3,3,2,2,2,2,2,1,3,3,3,2,2,2,3,3,3,2,1,2,3,4,1,3,2,2,2,3,1,2,2,2,1,2,1,3,2,1,2,2,2,3,1,1,2,2,2,2,3,2,1,2,1,1,2,1,2,5,1,1,2,2,3,5,2,2,1,2,2,1,1,2,3,3,3,2,1,2,3,1,5,5,2,2,2,1,2,1,1,3,2,2,2,1,3,2,3,2,2,3,2,1,3,3,2,3,4,5,3,3,1,1,2,2,1,1,1,1,3,3,3,3,1,2,2,3,1,2,1,1,2,2,3,2,2,3,2,2,1,2,1,1,2,2,1,2,1,1,4,4,2,3,3,3,4,2,1,1,1,1,3,2,2,2,1,1,1,3,2,2,3,3,3,2,3,2,4,4,2,1,3,1,3,1,2,1,2,2,2,2,2,1,1,1,2,2,2,1,2,3,2,2,5,4,3,3,3,2,1,1,2,1,1,1,2,2,2,3,2,2,3,3,1,2,2,2,4,1,2,4,2,2,2,2,1,2,2,3,3,1,2,2,3,2,2,3,3,4,3,3,2,3,1,1,2,2,2,2,3,3,1,2,3,4,2,2,2,1,1,3,4,2,2,1,2,3,2,3,3,4,3,3,3,2,3,2,1,2
CluIDFG21G_1073,2,1,3,3,4,4,3,3,2,1,3,1,4,3,4,4,2,3,5,5,3,3,1,1,2,2,4,1,2,1,3,3,2,1,2,2,3,3,3,3,3,1,1,3,1,3,3,3,2,2,1,1,1,1,1,2,1,1,1,2,2,2,4,5,2,2,4,3,2,2,2,3,3,2,3,3,2,2,1,1,1,3,1,2,3,2,2,3,1,3,1,2,3,3,1,1,4,4,1,1,3,2,2,1,3,3,1,1,1,4,2,3,2,3,2,2,1,3,2,1,1,1,1,3,1,1,3,2,2,2,1,2,1,3,2,2,3,3,2,2,1,1,1,2,2,3,3,3,2,1,1,1,3,1,2,4,3,2,2,1,3,3,1,2,2,2,1,3,1,3,2,1,3,3,3,2,2,1,2,1,2,2,1,3,1,3,1,1,2,1,2,1,4,4,3,2,1,1,2,2,3,3,4,4,1,1,4,4,3,3,2,4,1,3,1,1,1,2,2,3,1,1,4,4,1,3,2,2,2,2,3,3,1,2,3,2,1,1,1,1,3,3,1,1,1,1,3,3,4,4,3,3,1,1,3,2,1,1,1,2,2,3,2,3,3,3,3,3,1,4,1,3,1,1,2,2,2,2,2,1,2,1,2,3,2,2,2,2,2,2,2,2,5,4,1,1,3,2,1,1,2,2,2,2,2,2,3,1,2,2,1,2,1,3,2,1,2,1,1,1,2,1,1,2,2,2,3,2,5,5,3,3,4,4,2,2,3,2,1,1,2,1,2,2,2,1,1,2,2,1,3,3,2,1,1,1,2,2,2,2,1,3,3,3,3,1,2,1,4,4,1,3,1,1,5,1,3,1,4,5,1,3,1,2,1,1,2,2,1,1,2,1,1,1,2,2,2,3,1,3,2,1,2,3,3,3,3,2,2,2,1,1,3,1,2,3,3,2,3,2,4,1,1,3,2,1,3,2,3,2,2,2,1,1,2,3,1,1,2,3,3,2,2,3,3,3,1,1,3,4,3,2,1,1,3,1,2,1,2,1,2,2,1,2,3,2,1,1,2,2,2,3,4,2,4,2,4,3,3,3,3,3,1,1,1,1,1,1,3,4,2,1,2,3,1,1,2,1,4,2,4,4,2,2,2,2,1,1,2,3,3,3,1,2,1,3,2,2,3,2,2,1,1,1,1,1,2,4,2,2,1,3,3,3,2,2,2,1,1,3,4,3,4,2,1,1,3,1,3,2,1,3,1,3,2,2,2,2,1,1
CluIDFG21G_1074,2,2,1,2,3,4,3,1,2,2,1,1,3,3,3,4,1,1,1,3,1,2,1,2,2,1,4,4,2,4,2,2,2,2,2,1,3,1,3,3,3,2,3,3,1,1,2,3,2,1,2,3,2,2,3,2,1,2,2,1,3,1,3,1,2,3,1,1,2,3,1,3,2,1,3,2,3,2,3,1,1,3,2,1,3,3,5,3,1,2,2,2,3,3,1,3,3,3,2,1,3,3,2,2,3,3,2,2,2,4,3,3,2,2,1,2,2,1,3,1,2,3,2,1,1,2,2,3,4,1,3,2,1,3,2,1,4,2,3,2,2,2,2,2,3,3,3,3,2,2,2,2,1,3,4,2,1,1,1,2,3,3,2,1,2,2,1,1,3,3,2,1,2,2,2,3,2,2,2,1,2,2,3,1,1,3,1,1,2,1,1,2,7,6,2,2,1,2,2,1,1,4,1,2,1,1,4,4,2,2,1,2,1,3,1,1,1,2,2,3,2,1,3,1,3,3,2,1,1,1,2,1,1,1,2,1,1,1,2,1,1,3,3,3,3,1,2,3,3,3,3,1,2,1,2,3,1,1,2,2,2,2,3,2,3,2,2,2,1,1,1,1,3,1,2,2,2,2,2,1,3,3,3,3,2,2,2,3,3,3,2,1,1,3,1,2,3,2,2,3,1,1,2,2,1,3,1,2,2,2,2,2,3,3,1,1,2,1,1,2,3,3,2,2,2,1,3,1,2,3,2,1,4,2,2,5,2,2,1,2,1,2,2,2,2,2,3,2,1,1,1,1,1,5,2,1,1,1,1,2,3,3,2,3,1,1,3,1,3,4,1,3,2,2,3,1,3,3,2,5,3,1,2,1,1,2,2,1,1,1,3,3,2,2,2,2,3,1,1,2,2,1,2,1,2,3,1,3,2,2,2,1,1,2,2,2,1,2,1,2,4,3,3,3,3,3,4,3,3,2,1,1,2,1,1,2,3,1,1,3,2,2,3,3,1,2,3,2,3,2,4,1,1,3,1,1,2,1,1,2,2,1,2,1,3,3,1,2,1,2,3,2,4,2,4,3,4,3,3,3,2,2,2,1,1,3,1,1,2,4,2,3,1,1,2,2,1,2,1,1,3,1,2,2,2,2,2,2,3,2,3,5,2,2,3,2,1,2,4,3,3,3,2,1,2,1,2,1,2,3,2,3,1,2,4,1,2,1,2,3,1,1,3,1,1,3,2,3,2,3,1,4,2,1,3,2,1,3,2,2
CluIDFG21G_1075,2,1,2,3,4,1,2,2,1,1,1,3,3,4,3,4,3,1,5,3,1,1,2,2,2,2,4,2,1,2,2,1,2,2,2,2,1,3,3,2,1,2,3,3,1,3,2,2,2,2,1,3,2,1,2,2,1,2,2,2,2,2,4,4,2,4,2,1,2,2,1,2,2,3,3,3,1,1,2,1,2,3,2,1,2,3,2,4,2,2,2,1,1,1,1,1,4,4,1,2,2,3,2,1,3,3,1,2,4,4,1,1,2,3,2,2,3,3,1,4,1,1,3,1,1,1,2,2,2,1,2,1,3,3,2,2,2,3,2,2,1,1,2,2,1,2,3,5,2,2,1,1,1,1,2,4,2,1,2,1,2,2,1,2,2,2,1,3,3,1,1,2,1,3,3,3,1,2,2,1,2,2,1,2,1,3,2,2,2,2,1,2,4,7,3,3,1,1,2,2,3,3,4,1,1,1,3,4,3,2,2,3,1,2,2,2,1,1,2,2,3,3,2,4,1,3,1,1,2,2,2,3,2,2,1,3,2,1,2,1,2,2,1,1,1,1,3,2,3,1,3,3,1,1,3,3,1,1,1,2,2,3,1,2,2,1,1,2,4,4,1,3,1,1,2,1,2,1,1,2,2,2,3,3,1,1,3,3,4,2,2,2,2,4,3,1,2,2,2,3,2,1,2,2,2,1,4,3,2,2,2,1,3,1,1,1,2,2,1,2,3,3,2,1,3,2,3,3,1,4,1,2,4,3,3,5,2,1,2,1,2,2,1,1,2,1,1,2,1,1,3,3,2,1,1,1,2,2,2,2,2,1,3,3,1,3,3,2,1,3,1,3,1,2,2,4,2,1,4,4,3,3,2,2,1,1,2,2,1,2,3,1,1,1,2,2,1,3,1,1,1,1,2,2,3,2,3,2,1,2,1,2,3,1,2,2,3,2,2,3,1,4,1,2,3,3,3,4,2,2,1,1,3,3,2,2,3,3,3,2,2,2,3,3,1,2,1,5,3,1,4,2,3,1,3,3,1,1,2,2,2,2,1,1,1,3,1,2,1,1,2,3,2,5,4,2,4,3,3,3,1,1,1,1,1,5,1,2,2,5,3,2,3,2,2,1,1,1,4,1,4,3,2,4,1,2,2,1,1,2,3,3,1,2,3,3,3,3,2,2,1,2,2,3,3,1,1,2,3,3,3,3,1,1,3,4,3,2,1,3,4,3,2,4,2,1,3,2,3,3,4,4,1,3,2,3,1,2,1,1
CluIDFG21G_1076,1,2,2,1,4,4,2,2,2,2,1,1,3,1,3,2,2,3,1,1,3,3,1,1,1,1,2,3,2,1,3,2,2,2,2,2,1,4,3,1,1,1,3,3,1,3,2,2,2,2,3,1,2,2,2,3,2,1,1,2,1,2,5,4,3,3,1,1,3,2,2,2,3,2,3,4,1,1,1,1,3,2,1,2,2,3,4,5,3,1,1,2,3,2,3,1,1,4,2,3,3,1,1,1,1,3,1,2,4,4,1,1,3,2,2,2,3,1,3,3,2,1,3,2,3,2,3,3,2,1,1,2,3,1,2,2,3,4,2,2,1,2,1,2,3,3,1,1,1,2,1,2,2,3,2,2,3,1,2,2,1,3,3,2,2,2,1,1,3,3,2,1,3,3,2,3,2,2,1,2,2,3,2,1,2,2,2,2,2,1,1,2,4,7,2,1,1,1,1,2,3,2,4,1,1,1,4,4,1,1,4,1,2,1,2,2,1,1,1,2,3,3,4,2,3,4,1,2,1,1,1,3,2,2,2,2,3,1,2,2,2,3,2,3,2,3,3,2,1,1,3,3,1,1,2,2,1,1,2,1,2,1,2,1,3,1,3,2,4,4,1,1,1,1,1,2,2,2,1,1,3,2,3,3,2,2,1,3,3,2,1,2,1,2,3,1,2,2,1,1,1,1,2,1,2,2,1,3,2,2,2,1,2,2,1,2,2,2,1,1,3,4,1,2,2,1,2,3,2,2,3,3,3,1,2,1,2,2,2,1,1,1,1,1,1,2,3,3,2,1,3,2,4,5,1,1,2,2,2,2,1,1,3,2,1,1,3,3,2,4,3,1,2,2,5,5,2,3,3,4,3,3,1,1,2,2,1,2,1,2,1,2,3,1,2,2,2,1,1,1,2,2,2,2,3,3,1,3,2,2,1,2,3,2,3,2,3,3,1,2,3,1,3,3,3,1,4,4,1,2,1,2,2,3,1,1,3,3,3,3,2,3,2,2,2,2,2,3,1,4,1,5,3,1,3,1,2,1,1,1,2,2,1,2,3,2,1,1,2,2,2,3,1,4,4,5,1,3,3,3,2,1,1,1,1,1,2,2,5,5,2,2,2,2,1,1,1,2,4,3,3,1,2,3,2,1,1,1,2,1,1,3,2,2,3,3,3,2,3,2,1,1,2,3,1,1,4,4,2,3,3,1,1,1,3,4,2,1,2,2,4,1,1,4,3,2,2,2,1,2,2,3,1,3,3,1,2,2,1,1
CluIDFG21G_1077,2,2,3,1,1,4,2,2,2,1,1,1,3,4,4,3,1,2,3,2,2,1,1,2,1,3,4,4,1,1,1,2,3,1,3,1,3,3,1,1,3,1,3,1,3,1,3,3,2,1,2,2,2,1,1,2,2,2,2,2,2,2,4,5,4,3,1,2,2,2,2,2,3,3,4,3,3,2,3,1,3,2,2,2,2,2,5,4,1,3,2,2,1,2,1,3,2,3,1,2,1,3,1,2,3,3,2,1,4,4,3,1,2,2,2,2,2,1,1,1,1,1,1,2,2,1,3,1,2,4,3,1,1,3,2,2,4,4,1,1,1,1,2,2,2,2,3,5,1,2,1,1,3,1,4,2,2,2,1,1,2,2,1,3,2,2,3,3,1,1,2,2,3,3,2,3,2,1,4,2,1,2,1,3,3,1,2,1,2,2,1,1,6,6,3,2,1,1,1,2,4,1,1,1,2,2,2,2,1,2,2,2,2,2,1,2,1,2,2,2,3,3,4,3,3,2,2,2,1,2,3,2,2,1,3,2,2,1,2,2,2,2,1,2,2,2,1,3,2,1,3,3,2,1,3,3,2,2,1,2,3,4,2,3,1,1,2,3,4,1,2,2,1,2,2,2,2,1,1,2,3,3,3,2,2,2,2,3,3,3,2,2,3,4,1,3,3,2,1,3,1,1,1,1,1,1,1,1,2,2,1,1,3,1,1,2,1,2,2,1,4,4,2,1,2,2,3,3,2,4,2,1,4,3,2,1,2,3,2,2,2,2,1,2,1,2,2,3,1,2,3,3,5,2,2,1,2,2,1,1,3,3,2,2,2,3,3,2,4,4,3,3,2,1,1,3,2,1,3,5,3,1,1,2,2,1,2,2,2,1,2,2,1,1,2,1,3,2,3,1,1,2,2,2,3,2,3,2,2,2,1,2,2,3,3,2,2,1,2,2,3,4,3,2,3,3,2,3,1,3,1,2,2,3,2,2,3,3,3,3,1,3,1,3,2,2,5,2,4,4,2,2,2,1,2,1,1,1,2,2,2,2,2,1,3,1,2,2,1,2,3,3,2,4,4,3,2,2,3,2,1,3,2,1,1,5,2,2,2,5,2,3,1,4,2,2,2,1,4,3,2,3,4,2,2,1,2,2,2,2,4,1,2,2,3,2,1,3,3,2,1,3,2,1,1,1,3,4,2,2,3,3,1,2,4,1,2,1,1,1,1,3,2,1,3,1,2,2,3,3,1,2,1,2,3,2,1,2,1,1
CluIDFG21G_1086,1,1,1,2,4,1,3,3,1,2,2,1,3,1,3,4,1,2,2,2,2,3,2,2,1,2,4,2,1,1,3,2,2,2,2,1,1,2,1,2,1,2,1,3,1,1,3,2,1,2,3,3,2,2,3,1,2,1,2,1,3,3,1,4,1,3,1,1,3,3,2,2,3,2,4,3,1,3,1,1,3,3,2,2,2,2,3,3,2,1,2,2,1,3,2,2,4,3,1,1,2,2,3,3,1,1,1,2,4,4,3,1,1,2,2,1,2,3,3,3,1,1,2,2,2,2,3,1,2,4,1,2,3,3,1,2,3,3,2,3,1,2,2,1,3,2,3,5,2,2,1,1,3,1,2,3,3,3,2,2,3,2,3,1,2,2,1,3,1,1,2,2,3,3,3,2,2,2,1,1,2,3,1,3,2,1,1,1,1,2,1,1,7,7,2,2,1,1,2,2,3,3,2,1,3,1,1,4,1,2,4,4,1,1,1,2,1,1,1,2,1,2,3,4,3,1,1,1,1,2,3,2,1,1,3,3,2,2,1,2,1,2,3,3,1,1,3,2,4,4,2,2,1,1,3,2,2,2,2,1,1,3,2,2,3,1,3,2,4,4,2,1,2,1,2,1,3,2,2,2,2,1,3,3,1,2,2,2,2,3,1,2,1,1,3,3,3,3,1,3,2,2,2,1,3,2,3,3,3,2,1,2,3,2,1,2,3,2,1,1,4,2,2,1,1,1,3,3,4,3,3,1,1,2,2,2,2,2,1,1,1,1,1,1,1,3,3,3,1,1,1,1,5,5,2,2,1,1,2,1,1,1,2,3,3,1,3,3,3,2,2,1,2,2,5,3,2,2,3,3,3,3,1,2,1,2,2,2,1,2,3,2,3,1,2,2,3,2,1,1,1,1,3,1,2,3,3,3,2,2,2,2,1,2,3,2,3,1,2,3,1,3,1,3,3,3,3,3,1,2,2,2,3,3,1,1,3,1,3,1,3,3,1,3,2,2,2,5,2,4,1,4,2,1,1,3,2,2,1,2,2,2,1,1,3,3,2,2,2,2,3,3,5,5,3,3,2,3,2,1,1,2,2,1,1,5,1,1,3,2,1,1,2,4,1,1,1,1,4,3,4,4,4,2,2,2,1,2,2,2,3,3,1,2,1,3,2,1,2,1,2,3,3,3,3,1,1,2,3,2,3,1,3,3,3,2,2,2,3,1,2,1,1,4,2,3,1,3,1,3,3,1,3,2,2,3,1,3,2,1
CluIDFG21G_1093,1,1,1,3,3,4,2,1,1,2,1,1,1,1,3,4,3,2,2,3,2,3,1,2,2,1,2,2,1,1,2,3,1,2,1,2,2,3,2,1,3,3,3,1,1,1,1,2,2,2,3,3,2,2,3,3,2,1,1,2,3,2,1,4,3,3,1,1,2,3,2,3,2,3,4,2,1,1,1,1,3,3,2,1,2,3,2,3,1,2,2,2,1,3,3,2,2,4,1,1,2,1,2,1,3,1,2,2,2,3,2,3,1,2,2,2,3,3,3,4,2,1,2,2,2,2,3,3,1,2,1,2,3,2,2,1,3,1,3,2,1,1,1,2,2,3,5,1,2,2,2,1,3,3,2,2,1,3,2,1,3,3,2,2,3,1,1,1,1,1,1,1,3,1,2,3,1,2,2,1,2,3,3,3,2,2,1,1,2,2,2,1,7,7,3,3,1,1,2,1,3,4,1,4,2,1,4,4,3,1,2,2,1,3,1,2,1,1,2,3,2,1,4,4,3,1,1,1,2,1,2,3,1,2,1,3,2,2,1,1,2,2,3,1,2,1,2,2,2,1,2,2,1,2,2,2,2,1,1,2,3,2,1,1,3,3,2,2,4,2,2,1,2,1,1,2,3,3,2,2,1,2,3,3,1,2,3,2,2,1,2,2,2,3,3,3,2,3,2,1,2,1,1,2,1,3,3,1,3,2,3,2,2,1,2,2,1,2,1,2,3,3,1,2,2,1,1,3,2,2,3,1,3,2,3,5,2,1,1,2,1,1,1,1,3,1,3,2,1,2,2,1,5,4,1,1,2,2,1,1,1,1,3,3,3,3,3,3,2,3,1,2,2,1,5,2,2,2,4,4,1,1,2,2,2,2,2,2,1,1,1,1,2,3,2,2,3,1,1,1,2,1,3,1,2,2,2,3,2,2,2,2,1,2,2,2,1,2,1,1,4,3,2,3,3,3,1,4,1,3,2,1,2,2,2,2,3,1,1,3,3,2,3,1,3,1,3,2,4,2,4,2,2,1,1,1,2,1,1,2,2,1,1,1,1,1,2,2,2,1,2,3,1,2,2,5,3,3,2,3,3,1,2,1,1,5,2,2,4,5,2,3,1,2,1,2,2,1,4,1,2,3,2,4,2,2,1,1,1,2,1,1,2,2,3,1,3,2,4,3,3,3,2,3,1,2,2,1,2,2,3,3,2,1,4,5,1,1,3,1,2,2,1,4,1,2,1,3,2,2,1,2,1,1,3,3,3,3,2,2
CluIDFG21G_1098,1,1,1,1,4,4,2,2,2,2,1,1,1,3,3,4,1,1,2,2,3,2,1,2,1,1,4,2,1,4,2,2,1,2,1,2,3,4,3,1,3,1,3,1,1,1,1,2,2,1,2,4,1,2,3,1,2,2,1,2,3,2,5,1,2,3,1,1,3,2,2,2,2,3,3,3,3,3,1,3,3,3,2,2,2,2,5,2,3,2,2,1,3,2,1,1,3,3,1,2,1,1,3,1,1,3,2,2,2,4,3,3,2,2,1,1,2,1,3,4,1,1,2,2,2,1,1,2,2,4,2,3,2,1,2,1,2,1,1,2,2,2,2,1,1,3,5,5,3,1,2,3,3,2,1,1,1,3,2,2,3,3,2,2,2,2,1,2,1,1,2,2,3,2,3,2,1,2,4,1,1,2,2,3,2,1,1,2,1,2,1,1,7,7,2,3,1,1,1,1,2,2,4,3,1,1,2,2,1,1,1,1,1,1,1,1,2,2,4,1,2,3,4,4,2,1,2,1,2,1,3,2,1,1,2,2,3,1,1,2,2,3,2,2,2,2,3,2,4,2,3,1,1,2,3,2,1,2,1,1,1,1,1,3,1,3,3,2,4,2,3,1,3,1,1,1,2,3,1,2,3,3,3,3,1,2,3,2,4,3,2,1,4,3,3,3,2,2,1,2,1,1,2,1,2,1,3,1,2,2,1,3,2,3,2,1,1,1,2,2,3,4,2,2,1,2,3,3,3,2,3,3,1,2,5,1,2,2,2,2,1,1,1,2,1,3,3,3,2,1,3,1,4,2,1,1,2,1,2,2,3,2,3,2,3,1,3,3,3,4,1,2,2,1,2,3,1,1,4,3,1,3,2,1,2,1,1,2,2,1,1,1,2,3,2,2,3,3,3,1,2,1,2,3,2,2,3,3,1,2,1,2,1,2,2,2,2,1,2,3,4,4,2,2,3,3,2,4,1,3,2,1,2,3,1,1,2,2,3,3,3,3,3,3,2,2,3,2,2,2,5,4,1,1,2,3,2,1,1,1,2,1,3,2,3,3,1,1,1,1,2,3,2,5,4,4,2,1,1,3,1,1,2,1,1,3,1,1,5,3,2,3,4,1,1,2,2,2,4,4,2,4,4,2,3,2,2,2,2,2,3,3,1,1,3,3,3,1,4,2,3,3,3,3,1,1,2,2,2,2,2,2,1,2,3,3,3,2,1,1,4,1,4,1,1,2,2,2,3,3,2,3,2,3,3,2,3,2,1,2
CluIDFG21G_1100,1,2,3,1,2,4,3,1,2,1,1,1,1,4,4,4,2,2,1,1,3,2,2,1,1,3,4,4,2,1,2,3,3,2,2,2,1,3,3,3,1,3,3,3,1,1,2,2,1,2,2,1,2,1,2,2,2,1,2,1,3,3,2,4,3,1,1,1,2,2,2,3,1,1,3,4,2,3,1,1,1,2,1,1,3,2,5,3,3,3,2,2,2,1,1,3,4,2,2,1,3,2,2,2,2,1,1,2,2,1,3,3,2,2,1,1,2,2,1,1,2,2,1,3,2,1,3,2,4,1,1,3,1,1,2,1,1,3,2,2,1,2,1,2,2,2,3,1,2,3,2,1,3,1,1,2,1,1,1,2,3,3,3,2,2,2,1,3,3,1,1,2,2,3,2,2,2,1,2,2,2,3,2,1,1,3,2,2,2,2,2,1,2,4,3,2,1,1,2,2,2,2,3,2,1,3,3,4,2,1,4,2,3,1,2,2,2,2,1,3,1,3,4,3,3,3,2,1,2,1,3,2,1,1,2,1,1,1,2,2,3,3,1,1,1,1,2,2,4,4,2,2,1,1,2,3,1,1,1,2,3,1,2,3,3,1,3,3,4,4,2,2,1,1,1,2,2,2,1,2,3,3,3,3,2,2,2,3,2,2,1,1,1,1,3,3,2,3,2,3,2,1,2,2,3,1,3,3,3,2,3,2,1,3,2,2,2,2,2,2,4,3,2,1,1,1,2,3,1,1,1,3,5,4,1,2,2,3,2,2,1,2,2,1,1,1,3,3,2,2,1,3,2,5,1,1,2,1,2,2,2,1,2,3,3,3,2,3,4,3,3,3,2,2,5,1,3,2,4,5,3,3,1,2,1,1,1,1,2,2,3,3,1,2,2,1,1,3,3,1,2,1,1,2,3,1,3,2,2,2,2,1,1,3,2,2,2,3,1,3,3,3,1,3,1,1,3,3,2,2,2,2,1,2,3,2,3,1,3,3,3,2,2,3,2,2,3,4,4,2,4,4,2,1,1,1,1,1,1,1,2,2,2,2,1,1,2,2,1,2,4,3,5,2,4,4,2,2,3,2,3,1,1,1,2,1,2,1,5,2,2,1,2,1,1,2,2,2,4,4,2,4,2,2,2,2,2,1,3,3,3,3,2,2,3,3,3,1,3,1,1,2,3,3,1,1,2,2,2,2,3,3,1,2,4,5,1,2,3,2,4,1,3,4,2,1,3,2,2,3,3,3,3,3,3,3,3,2,1,2
CluIDFG21G_1108,1,1,2,2,4,4,1,2,1,1,1,3,1,1,4,4,2,2,1,3,3,3,1,1,2,1,4,4,2,1,2,2,2,2,1,1,3,1,1,3,3,3,3,1,3,1,2,3,1,2,3,4,2,2,2,2,2,2,2,1,2,2,5,1,2,3,2,3,2,2,1,2,1,3,3,3,2,2,3,3,2,2,1,1,2,2,3,3,3,3,2,2,1,3,3,2,2,3,2,1,3,2,2,2,3,2,2,1,4,2,3,3,1,3,1,2,1,3,3,4,1,3,2,2,2,2,3,3,4,4,2,2,1,1,2,2,4,4,2,2,2,2,2,2,3,3,5,5,3,3,1,1,3,3,1,2,2,3,2,1,2,3,3,2,2,2,1,3,3,3,2,1,3,2,3,2,1,1,4,4,2,2,3,1,3,1,2,1,2,2,1,1,4,4,2,2,1,1,1,2,2,3,1,4,1,1,4,4,1,1,2,2,2,2,1,2,1,2,3,3,2,2,2,2,4,4,1,1,1,1,1,2,2,1,2,2,1,1,2,2,2,2,1,1,1,1,2,3,3,1,3,3,1,2,3,3,2,1,1,2,4,2,2,2,2,3,2,2,1,1,1,2,1,1,1,1,2,2,2,2,2,2,2,1,1,1,3,3,2,1,2,1,1,4,1,3,2,2,3,3,2,1,2,2,2,2,3,1,2,2,1,1,3,2,1,1,2,1,2,1,1,4,1,2,2,2,2,3,5,1,1,1,4,4,3,3,2,3,2,1,1,1,1,1,2,2,3,1,1,1,2,1,2,5,1,1,1,1,1,1,1,1,2,2,1,1,2,2,4,4,2,1,1,1,1,1,2,2,4,4,3,1,2,1,1,1,1,2,2,1,1,3,1,1,1,2,3,3,1,3,1,1,2,1,2,2,1,3,1,2,2,1,1,1,2,2,1,2,3,3,4,1,2,2,3,3,4,3,1,3,2,2,1,3,2,2,3,3,3,3,2,3,3,3,3,2,5,3,4,4,2,3,1,3,3,3,1,1,1,2,2,2,2,1,1,3,2,1,2,1,4,3,5,5,4,2,4,3,2,2,1,1,1,1,1,1,1,1,3,2,1,2,2,2,2,1,1,1,4,1,4,3,2,1,3,2,2,1,2,1,4,3,2,2,3,1,2,3,2,3,2,2,3,1,3,3,2,2,2,3,3,1,1,3,4,4,2,2,2,3,3,4,4,4,1,3,1,2,1,3,1,2,2,3,1,2,2,2,1,1
CluIDFG21G_1112,1,2,3,1,3,2,1,1,2,1,1,1,1,1,4,2,2,2,1,3,1,2,2,2,1,2,4,2,4,1,2,3,2,1,2,2,3,1,3,3,2,2,3,1,3,1,2,2,2,2,3,3,2,1,1,2,1,2,1,1,2,2,4,4,1,3,1,1,2,3,2,3,3,3,3,3,2,2,1,2,3,3,2,1,2,3,4,5,2,1,2,2,3,1,2,1,2,3,3,2,1,2,2,2,2,1,2,1,4,3,1,3,1,1,2,1,3,3,4,3,3,1,3,2,2,1,1,2,1,2,3,1,2,1,2,1,4,3,1,2,1,1,1,2,2,2,1,3,2,2,2,2,3,3,1,2,2,3,1,1,2,2,2,1,2,3,1,1,1,3,2,1,2,2,2,2,1,2,2,2,2,2,1,1,3,3,2,2,2,2,1,1,2,4,1,2,1,1,2,2,2,4,2,3,1,3,1,4,2,1,4,2,1,1,1,2,1,2,4,2,2,2,4,4,1,1,1,1,1,1,2,2,1,2,1,1,1,1,2,2,2,3,3,1,3,2,3,2,3,4,1,1,1,1,2,2,2,1,2,2,4,3,3,1,3,1,3,3,5,4,2,2,3,1,2,2,2,2,1,1,2,3,3,2,1,2,2,3,3,2,1,1,4,1,3,3,2,3,3,3,1,2,1,2,3,3,3,1,3,2,1,2,1,2,1,1,2,3,2,2,3,2,2,1,1,2,3,3,5,5,3,1,1,2,5,2,2,2,2,2,2,2,2,2,1,3,3,2,1,1,1,1,5,5,2,2,1,2,2,2,2,1,2,2,1,3,3,3,4,2,2,3,1,2,1,1,2,3,3,3,1,1,1,2,2,2,1,1,2,1,3,2,2,2,2,1,3,2,1,3,2,1,2,3,2,2,3,2,2,2,1,1,2,3,4,2,3,1,1,2,3,3,2,3,3,1,3,2,3,1,2,1,2,1,2,1,3,3,3,2,2,2,2,3,2,3,3,3,4,2,1,1,3,2,1,3,1,1,2,2,2,1,1,2,1,1,2,2,2,2,2,3,1,2,5,3,2,2,2,3,1,2,2,1,1,2,1,1,5,3,3,3,2,2,1,2,2,2,2,2,4,2,2,2,2,2,1,2,3,2,1,1,2,2,3,3,1,2,3,3,1,2,2,3,1,1,2,4,3,2,3,2,2,2,1,3,2,2,2,2,1,1,2,2,3,3,3,3,2,3,3,1,3,1,2,3,1,3,2,2
CluIDFG21G_1117,1,2,1,2,2,4,3,1,2,1,2,1,3,4,3,4,1,1,1,1,3,3,1,1,2,2,1,4,1,3,3,3,2,2,1,2,1,3,1,3,3,2,1,1,3,3,2,2,2,1,1,4,2,2,1,1,2,2,1,2,1,2,5,4,2,3,1,2,3,2,1,3,3,3,2,3,2,3,3,3,1,3,2,2,2,1,1,4,1,1,2,2,3,3,3,1,4,3,2,2,2,2,2,3,3,1,1,2,2,4,1,3,2,2,2,1,2,1,3,4,1,1,2,2,1,2,3,1,4,2,2,1,3,1,2,2,1,2,2,2,2,2,1,1,2,3,1,1,3,3,2,1,1,3,2,2,2,1,2,1,2,3,2,2,2,2,2,2,1,1,1,1,3,3,3,1,1,2,1,1,2,2,3,3,1,3,2,1,2,2,2,1,6,2,3,3,1,1,1,1,4,2,1,2,2,1,2,2,1,1,1,4,3,1,2,2,2,1,2,3,3,3,2,3,3,3,1,2,1,2,2,3,1,1,2,2,1,1,1,1,3,2,1,1,2,1,3,3,1,1,3,3,1,1,2,3,1,2,2,1,2,3,2,2,3,1,3,2,1,4,2,1,1,1,1,2,2,2,1,2,3,3,3,3,1,1,2,2,2,4,2,1,5,1,1,3,3,3,3,3,2,1,1,1,1,2,1,1,3,2,1,2,3,3,1,1,3,2,2,1,3,4,1,2,2,2,3,3,2,2,3,3,2,2,2,2,1,2,2,2,2,2,2,2,2,2,2,3,1,1,3,1,2,4,1,1,2,1,1,1,3,3,2,2,2,2,2,2,3,3,2,2,2,2,1,3,3,1,1,4,1,1,2,2,1,1,1,1,1,1,3,1,3,3,1,1,2,3,1,3,2,2,1,1,3,3,2,2,1,1,1,2,1,2,2,2,2,3,3,2,3,1,3,3,3,2,4,3,1,1,2,2,2,2,3,2,3,1,3,3,3,2,3,1,3,1,3,3,2,2,1,1,1,3,1,3,1,1,1,2,1,2,1,1,1,2,2,2,2,2,2,3,2,2,2,4,3,1,1,3,1,1,1,2,2,1,1,1,2,3,2,2,1,4,2,2,1,2,3,4,2,3,1,2,2,2,1,1,2,2,1,1,1,2,1,2,1,1,3,3,3,3,1,1,1,1,2,1,1,3,3,3,1,1,3,2,1,3,3,3,4,1,2,1,2,1,3,1,3,3,3,2,1,1,3,3,2,2,2,1
CluIDFG21G_1120,2,1,1,2,4,1,2,3,1,2,1,3,3,1,4,2,2,1,2,1,3,3,1,1,2,1,4,2,4,1,3,2,2,2,2,1,3,3,1,3,1,3,1,3,1,1,3,1,2,2,3,2,2,2,1,3,1,2,1,1,3,2,4,1,3,2,1,3,3,2,3,3,3,2,3,3,3,3,1,1,3,3,1,2,2,2,4,4,1,1,2,2,3,1,3,1,3,4,1,1,1,1,3,2,1,1,1,2,2,1,3,3,2,2,1,1,2,3,1,4,3,2,3,1,2,1,2,2,1,1,2,3,2,2,1,1,1,4,2,2,1,1,1,1,3,2,1,1,2,1,1,3,1,3,4,1,1,3,2,2,3,2,2,2,2,2,1,2,1,1,1,2,2,2,3,2,2,2,2,1,2,1,2,3,2,1,1,1,2,2,1,1,4,4,2,3,1,1,2,1,3,2,4,1,1,1,2,4,1,1,2,1,1,1,1,1,2,2,2,4,2,1,1,4,3,1,1,2,1,1,3,3,2,1,1,2,2,1,1,1,2,3,1,1,2,1,2,3,3,3,1,3,1,1,2,2,1,1,1,2,2,3,1,1,3,1,2,2,2,1,1,2,3,1,1,2,2,2,1,2,2,3,3,2,1,1,3,3,3,3,1,1,4,3,3,3,2,2,3,2,1,1,2,2,2,3,1,3,2,2,2,1,1,2,2,1,1,2,2,2,4,3,2,2,2,1,1,3,3,1,2,3,1,2,2,1,3,2,2,2,1,2,1,2,1,1,3,3,2,2,2,2,4,4,1,1,1,2,1,1,2,3,2,3,3,3,3,1,3,2,2,3,1,2,2,1,1,3,3,4,1,1,2,2,2,1,1,2,2,1,3,3,3,3,2,1,3,1,1,1,1,1,1,2,3,3,3,2,2,2,1,1,3,2,2,3,1,2,3,1,4,4,2,2,3,3,4,4,2,3,1,2,1,2,1,2,2,3,3,3,3,3,1,3,1,2,2,2,2,2,4,1,1,1,1,2,1,3,1,1,2,1,1,2,1,1,1,1,1,1,3,3,5,5,2,3,4,4,3,3,3,2,1,1,3,2,1,1,3,5,2,2,2,3,1,2,2,1,4,1,3,4,2,1,3,1,1,2,2,2,1,3,2,1,3,3,1,3,2,4,3,3,3,3,1,3,2,2,3,2,3,3,2,3,3,3,3,2,1,3,1,2,2,2,1,3,2,2,3,3,4,1,1,3,1,3,3,2,1,1
CluIDFG21G_1128,1,1,2,2,1,4,2,3,1,1,3,3,1,3,3,4,1,2,1,2,3,2,2,1,2,1,2,4,1,1,3,2,2,3,1,1,1,3,4,1,4,1,1,3,3,1,3,2,1,2,4,3,1,2,2,2,2,2,1,1,2,2,5,4,3,2,3,2,2,2,1,2,3,1,3,3,1,1,3,3,3,3,2,2,2,2,3,3,1,1,2,1,1,3,1,2,3,4,1,2,2,2,2,2,3,3,2,1,2,1,2,3,1,1,1,1,2,1,3,3,1,1,2,2,1,2,2,2,2,4,2,2,3,3,2,1,3,3,2,2,2,1,1,2,2,3,3,3,1,1,1,2,2,1,2,2,1,2,1,2,3,2,1,1,2,2,3,1,1,3,2,2,3,3,3,3,2,1,2,1,2,2,2,2,1,3,2,2,2,1,2,1,4,4,3,1,1,1,1,1,3,3,4,4,1,1,4,4,3,3,2,2,2,2,2,1,1,1,2,2,3,1,3,4,3,3,2,2,2,1,2,1,1,1,2,3,1,1,2,2,2,3,1,3,1,1,3,3,1,1,3,3,2,1,3,2,1,2,2,2,2,3,2,2,3,3,3,3,4,4,1,2,2,3,1,2,3,2,2,1,3,2,3,3,1,2,2,2,2,2,2,2,3,5,1,1,2,2,3,3,2,1,2,1,2,2,1,3,3,2,1,3,2,1,1,1,2,1,2,1,4,3,2,2,1,2,3,3,3,2,3,2,1,4,1,4,1,1,2,2,1,2,3,2,3,1,2,1,1,1,3,3,1,2,1,1,2,2,2,2,2,1,2,3,1,3,3,2,3,4,2,3,1,2,3,3,1,3,1,4,3,1,2,1,2,1,1,2,2,2,2,2,1,1,2,2,3,3,1,1,1,1,2,3,2,3,1,2,2,2,2,1,1,1,3,2,3,2,2,3,4,1,1,3,1,1,3,2,2,2,2,1,3,3,2,1,1,3,2,2,2,2,3,3,2,2,2,3,4,4,2,5,1,2,3,2,1,1,2,1,2,2,1,1,3,3,1,1,1,2,4,3,2,2,2,4,1,5,3,2,3,1,1,1,1,1,2,1,2,2,2,3,2,1,1,2,2,1,1,2,2,2,1,4,2,3,1,1,1,2,1,3,2,2,1,3,3,2,3,2,3,1,2,1,2,2,3,2,2,2,3,3,1,2,4,3,2,1,2,2,1,1,2,4,2,1,3,3,1,3,3,1,1,3,3,2,2,1,2,2
CluIDFG21G_1129,2,1,3,1,3,1,1,3,1,2,1,1,3,1,3,4,3,2,1,2,1,2,3,1,1,2,2,4,4,1,2,2,2,2,2,2,1,1,3,3,3,1,3,3,1,3,2,3,1,2,4,3,2,2,2,2,1,1,1,1,3,2,1,5,2,3,1,4,1,2,2,3,1,1,3,3,3,3,3,1,3,3,2,1,1,2,4,2,1,1,2,2,1,3,3,3,3,2,1,1,3,1,2,2,3,3,2,1,2,4,3,1,1,2,1,2,2,2,1,4,3,2,1,2,3,1,3,2,3,4,3,1,1,1,2,1,1,2,2,2,2,1,1,1,2,3,3,3,2,1,2,2,2,3,3,1,1,1,2,1,3,2,2,3,2,2,1,2,1,1,3,1,3,3,1,3,2,2,2,2,2,2,2,1,3,2,2,1,2,2,1,1,7,4,3,2,1,1,1,1,3,3,1,4,1,1,4,4,1,2,1,4,1,1,1,1,2,1,2,2,3,3,4,3,3,2,2,2,2,2,3,2,1,1,3,1,2,2,2,2,2,2,2,3,2,3,3,3,3,2,2,3,1,2,2,2,1,1,1,2,2,3,2,2,3,1,2,3,4,2,1,1,1,3,2,2,2,2,1,1,2,2,3,3,2,2,2,3,2,3,2,1,1,4,1,3,2,3,2,2,2,1,1,2,2,3,3,1,2,1,2,3,2,3,2,2,2,2,2,1,4,3,2,1,2,1,1,1,2,3,1,1,2,2,5,2,2,1,2,1,2,2,1,1,1,2,2,3,2,2,1,1,5,4,1,1,1,2,2,1,3,2,3,2,1,2,2,3,4,2,3,1,2,2,3,5,1,2,4,2,2,3,1,2,1,2,2,2,1,2,3,3,2,3,2,2,2,2,2,1,2,2,1,2,3,2,3,2,2,2,1,2,1,3,2,1,2,3,3,2,3,1,3,3,3,3,4,4,1,1,2,1,2,2,1,2,1,3,3,3,3,2,2,2,1,2,3,1,2,1,2,1,1,3,1,1,1,2,1,2,1,2,1,2,2,1,2,1,2,2,2,3,2,1,3,4,4,3,3,2,1,1,1,2,1,1,2,2,4,4,3,1,2,3,2,1,1,2,4,4,4,2,2,4,2,2,1,2,2,2,3,1,2,2,3,2,3,1,4,4,3,3,3,2,3,3,1,2,2,2,2,3,2,3,4,3,1,2,1,3,2,2,2,4,2,2,1,2,2,3,1,4,1,3,3,3,2,2,1,2
CluIDFG21G_1137,2,1,1,2,4,1,1,3,2,1,3,1,4,3,3,4,2,2,2,1,1,3,1,1,2,1,2,2,1,4,3,2,1,2,2,2,4,1,2,1,1,1,1,1,1,3,3,3,2,2,3,4,2,2,2,1,2,2,2,2,3,2,4,2,2,1,4,1,2,2,2,3,3,3,3,3,3,3,3,1,2,3,1,2,2,2,5,4,2,3,1,2,3,1,1,1,3,2,3,2,3,2,2,2,3,3,2,1,4,4,1,1,1,3,1,1,1,3,4,3,1,3,2,3,1,1,1,1,2,2,1,2,2,1,1,2,4,4,1,1,1,1,2,2,2,2,1,3,2,3,1,1,2,3,1,1,1,1,2,2,3,1,1,1,2,2,2,1,3,3,1,1,2,3,3,2,2,1,1,2,1,1,2,3,1,1,1,1,1,2,1,2,4,2,2,3,1,1,2,1,2,2,4,1,1,2,2,2,1,2,1,2,1,3,2,2,2,2,3,3,3,2,4,2,3,4,1,1,2,1,1,2,2,2,2,2,1,2,2,2,2,2,2,1,1,2,2,3,1,4,3,1,2,1,2,3,2,1,2,1,1,1,2,1,1,3,3,3,4,5,2,2,1,1,1,2,1,2,2,1,3,2,3,3,2,2,1,2,2,3,1,2,3,3,1,3,1,3,2,1,1,2,1,2,3,2,3,3,2,2,3,1,3,1,1,1,1,2,1,2,4,4,2,2,2,2,3,3,1,1,2,3,4,2,2,2,2,2,1,2,1,1,1,1,2,1,2,3,1,1,3,2,2,4,2,1,2,2,2,1,2,3,2,3,3,1,3,3,4,4,1,1,2,2,3,3,3,1,3,2,3,1,1,2,1,1,2,1,2,2,2,3,3,1,1,1,3,3,3,3,1,1,3,3,3,2,3,2,2,2,2,1,2,1,2,2,3,3,1,3,3,4,2,2,3,1,4,3,3,2,1,2,3,3,2,2,3,3,3,3,3,2,3,3,3,3,3,3,4,1,1,1,3,2,2,3,1,2,1,2,2,2,2,2,3,3,1,1,1,2,3,4,5,5,4,2,4,3,3,3,1,2,1,2,1,5,2,1,3,2,3,2,1,2,2,1,2,1,4,2,3,4,4,4,2,1,1,2,3,2,3,3,1,2,3,2,1,1,3,3,3,2,3,3,1,1,2,1,2,2,1,3,1,2,3,2,2,2,3,2,4,1,2,1,3,2,2,3,2,3,3,3,2,1,2,2,3,3,1,1
CluIDFG21G_1141,1,1,2,3,4,4,1,3,1,2,3,1,1,3,4,3,2,1,1,3,2,2,2,2,1,1,4,4,1,2,3,3,2,2,2,2,3,3,2,3,3,1,1,1,1,1,2,3,2,2,2,3,1,2,2,2,1,2,2,1,1,3,4,4,3,1,1,3,1,2,2,2,3,1,3,3,2,1,1,1,3,2,2,1,2,3,2,2,3,1,2,2,3,3,2,3,3,4,1,1,1,3,1,1,3,1,2,1,4,2,1,3,2,3,2,1,3,3,1,1,1,1,3,3,1,1,2,2,1,4,1,2,1,3,1,1,4,1,2,2,2,2,1,2,2,3,1,3,2,2,2,1,1,1,1,2,1,1,2,2,1,3,2,1,2,3,1,2,1,3,2,1,3,2,1,3,1,2,2,1,3,2,3,1,2,3,2,2,2,2,1,1,4,4,2,3,1,1,2,1,2,2,1,3,2,1,2,4,1,1,4,2,1,2,2,1,2,2,2,3,2,2,3,2,3,1,1,2,1,1,3,2,2,1,2,3,1,1,2,1,2,2,1,1,2,1,3,3,1,4,3,2,1,1,2,3,1,1,1,1,4,1,1,3,1,2,3,3,4,4,2,3,3,2,2,2,3,2,2,1,3,1,1,2,2,2,2,3,3,3,1,2,2,4,1,1,2,2,1,3,2,1,2,2,2,2,1,3,2,2,2,1,1,3,1,1,1,1,2,2,4,4,1,2,1,1,3,3,3,3,1,3,4,2,1,2,2,2,2,2,2,2,2,2,2,1,2,2,1,1,3,3,5,4,2,1,2,1,1,1,1,2,3,1,3,1,1,3,2,2,3,3,2,2,5,3,1,2,2,4,1,3,1,2,1,2,2,2,2,2,3,2,1,1,2,2,1,2,1,1,2,2,1,2,3,2,3,2,1,1,2,2,1,1,2,2,2,2,2,1,4,3,2,3,2,3,3,2,3,3,2,2,2,1,3,2,3,1,3,3,2,2,3,2,2,1,2,5,1,2,1,2,2,1,1,2,3,2,2,1,1,2,3,1,1,2,2,1,1,2,2,3,2,5,2,5,1,1,1,3,1,1,1,1,1,1,2,1,2,3,1,3,1,2,2,2,2,1,2,1,3,3,1,2,2,2,1,1,2,2,1,1,2,1,3,3,3,2,2,2,3,3,3,3,3,1,2,2,2,2,3,2,1,1,3,2,3,1,2,3,1,2,2,4,1,2,1,3,2,1,2,1,1,3,2,2,1,2,1,1
CluIDFG21G_1150,2,1,3,2,4,4,2,3,1,1,3,1,3,1,3,4,1,2,3,2,1,2,1,2,3,1,4,4,1,1,3,3,1,2,1,2,3,3,3,3,1,1,1,1,3,3,3,2,2,1,3,4,1,1,1,2,2,1,1,2,2,2,1,4,2,2,2,1,2,2,2,2,3,1,3,3,2,3,1,1,2,1,2,2,2,3,2,2,3,2,1,2,1,3,2,1,4,4,1,1,3,2,2,2,3,2,2,2,4,3,1,3,1,3,1,2,2,3,1,1,3,3,2,3,1,3,3,3,4,4,3,2,3,2,2,1,3,2,2,2,1,2,1,2,2,2,5,3,1,2,1,1,3,3,1,1,1,1,2,2,3,3,1,3,2,2,2,1,1,3,1,1,1,3,3,3,1,1,1,4,3,2,2,1,1,3,1,1,2,1,2,2,7,7,2,2,1,1,2,2,2,2,1,2,1,1,4,4,1,3,2,4,2,1,2,2,2,1,3,2,1,3,2,4,4,3,1,2,2,2,2,2,1,2,1,2,2,1,1,2,2,3,1,3,1,1,2,3,4,4,1,3,1,1,2,2,2,1,1,2,1,3,2,2,3,3,3,2,1,4,1,1,2,1,1,1,3,3,2,2,1,1,2,3,1,1,3,2,3,2,1,2,4,1,1,3,3,3,2,2,2,2,1,2,1,3,1,4,2,2,1,2,3,2,1,2,2,2,2,1,3,4,1,2,1,2,3,3,3,5,3,3,5,2,2,2,2,2,1,2,2,2,1,2,2,2,1,1,1,1,1,1,2,4,1,1,2,1,2,2,2,2,2,2,1,1,3,3,3,3,3,1,1,1,1,1,1,2,4,5,3,3,1,1,2,1,2,2,1,2,1,1,1,1,1,2,3,2,1,3,2,1,3,1,2,2,3,2,2,2,2,1,3,1,1,2,3,3,3,3,3,3,2,3,1,3,3,3,2,1,2,1,2,3,1,3,1,3,2,2,2,2,2,2,2,2,1,3,4,4,2,1,1,2,1,3,2,1,1,1,2,2,2,1,3,3,1,1,2,1,3,3,5,5,4,4,1,3,3,3,1,1,2,1,1,1,1,2,2,2,2,3,2,2,1,2,1,2,2,4,2,4,4,2,1,2,1,1,1,3,3,3,2,2,3,1,3,3,1,3,3,2,3,1,3,3,2,2,3,3,3,1,3,2,4,4,2,2,3,3,4,2,4,1,1,1,3,3,3,2,1,3,3,2,3,3,2,2,2,1
CluIDFG21G_1151,2,1,1,1,3,4,3,1,1,2,2,2,3,1,4,4,2,2,3,5,3,3,1,1,2,2,2,2,1,1,3,3,3,3,1,1,1,2,1,2,1,1,1,3,3,1,3,2,2,2,3,3,2,2,1,1,2,2,1,1,1,1,4,4,3,3,1,1,3,3,2,2,2,2,4,3,3,1,1,1,3,1,1,2,3,2,2,4,3,2,1,1,1,3,2,2,3,4,1,1,3,3,2,2,2,2,2,1,4,4,1,1,2,2,2,1,3,3,1,1,1,2,2,1,1,1,3,2,2,4,3,3,3,3,2,2,4,3,3,2,1,1,2,2,2,2,3,3,3,2,3,2,3,1,1,2,1,1,2,2,3,3,1,2,2,3,1,1,3,1,2,1,3,3,3,3,2,2,4,4,2,3,2,1,3,2,1,2,2,2,1,1,3,7,3,2,1,1,2,1,3,3,1,3,2,3,3,4,2,2,2,4,2,1,2,2,1,1,2,1,3,3,4,4,4,4,1,2,1,1,1,1,2,1,1,2,1,1,2,2,2,3,3,3,1,1,2,3,3,3,1,3,1,1,2,2,1,1,2,2,2,3,2,1,3,3,2,3,4,4,2,1,2,2,2,2,1,1,2,1,3,2,1,3,1,2,2,2,3,3,1,2,1,4,3,2,3,3,1,2,2,2,1,2,3,1,1,1,2,3,2,1,1,1,2,1,3,1,1,1,3,4,1,2,1,2,2,2,2,2,1,1,4,4,2,2,2,2,1,1,2,1,1,1,1,2,3,1,1,1,1,1,4,1,1,1,1,2,2,2,1,2,2,2,1,3,2,3,4,4,1,2,2,2,3,1,1,3,3,3,1,2,2,2,2,2,2,1,2,1,2,3,1,1,2,2,3,2,1,1,1,1,1,1,3,1,3,3,2,2,2,2,1,3,2,2,2,2,1,1,1,3,2,3,2,1,4,1,2,3,2,2,2,2,1,2,3,3,2,3,2,2,2,2,1,2,3,2,4,2,1,1,1,1,1,1,1,2,1,1,1,2,1,2,3,1,1,1,2,1,1,3,2,5,3,2,5,5,3,3,3,2,1,2,1,1,2,2,5,5,1,1,1,1,2,2,2,1,4,1,2,4,4,2,2,2,2,2,3,2,1,3,2,2,3,3,1,3,3,2,3,3,3,3,1,2,1,2,2,3,1,3,2,3,3,3,2,1,3,3,4,1,2,4,3,3,2,2,1,2,3,1,1,2,3,3,1,2,1,1
CluIDFG21G_1152,1,2,2,1,4,4,2,2,2,1,1,1,3,1,3,2,2,2,2,1,1,1,1,1,1,1,2,2,1,1,2,3,2,1,2,2,3,4,3,2,3,3,3,1,1,3,3,1,2,2,4,3,2,2,2,1,1,2,1,1,2,2,4,1,1,2,1,1,3,3,2,2,2,2,3,3,3,3,3,1,3,3,2,2,2,2,2,3,3,1,2,2,2,3,2,3,3,3,2,2,1,2,1,3,1,2,2,2,2,2,3,1,2,2,1,2,1,1,3,1,2,3,3,2,2,2,3,1,4,4,2,1,3,1,1,1,4,4,2,2,1,2,2,2,3,2,1,3,2,2,3,1,3,3,2,1,2,3,1,1,2,2,1,2,3,2,1,1,3,3,1,3,3,3,3,2,2,1,2,1,3,2,2,2,1,2,1,2,2,1,1,1,4,7,2,1,1,1,2,1,2,2,1,2,3,1,1,4,1,1,1,1,1,1,1,2,1,1,1,2,2,1,4,1,3,2,1,1,1,1,2,3,1,1,1,2,3,1,1,1,2,2,3,3,1,1,1,2,2,3,2,3,2,2,3,2,1,1,2,1,2,3,3,1,3,1,3,2,2,2,1,1,2,1,1,2,3,3,2,2,2,3,3,3,1,2,2,3,3,4,1,2,4,3,3,3,2,1,2,1,1,1,1,2,2,1,3,3,2,2,1,2,3,3,1,1,1,1,2,2,3,3,2,2,1,1,3,1,3,3,1,3,3,1,1,2,3,2,2,2,1,1,2,2,1,3,2,3,1,1,1,2,5,2,1,1,2,2,1,1,2,2,3,2,3,1,3,1,3,4,2,3,2,1,2,5,2,3,1,3,3,2,1,2,2,1,2,1,1,1,3,1,2,2,2,2,1,3,1,3,1,2,3,2,3,2,3,3,2,2,1,1,1,2,3,2,2,2,1,1,2,2,3,3,1,3,4,3,1,1,2,1,4,2,3,2,1,1,1,3,2,2,3,3,2,1,3,3,2,3,1,1,1,3,1,3,2,2,2,1,1,1,1,2,1,3,1,1,2,2,4,2,1,5,3,3,3,4,3,2,1,3,1,1,1,1,2,1,5,4,3,2,1,1,2,2,2,2,2,2,3,3,4,4,1,2,2,1,2,2,1,1,2,2,1,3,2,2,3,3,1,3,3,2,2,2,4,2,2,2,1,1,2,3,1,4,2,1,1,2,1,4,4,2,3,1,2,2,2,2,4,3,1,3,1,3,2,1,1,2
CluIDFG21G_1153,2,1,2,2,4,4,2,1,2,1,3,1,3,3,4,4,2,3,5,5,1,3,1,2,1,2,4,1,2,1,2,2,2,1,3,2,1,1,1,3,1,3,3,3,3,1,2,2,1,1,2,3,2,2,3,1,1,1,1,1,3,2,4,1,3,3,1,1,3,3,3,3,2,2,3,3,2,1,1,3,3,2,1,1,2,2,3,3,3,1,1,2,3,3,1,3,4,4,2,1,3,3,2,2,3,3,1,1,4,4,3,3,3,3,2,1,2,1,1,4,2,1,1,3,1,3,2,2,4,1,3,2,3,1,1,1,2,3,3,2,1,1,2,2,2,2,3,3,2,1,1,1,1,3,1,4,1,1,2,2,3,2,3,2,2,2,2,1,3,1,1,1,2,3,2,1,1,1,1,4,2,2,2,2,3,2,2,1,2,2,1,1,7,4,2,3,1,2,2,1,3,2,1,4,1,1,4,4,1,3,2,4,2,2,2,1,1,1,2,2,1,2,3,2,1,3,1,1,1,2,2,2,1,2,3,2,1,1,2,2,3,3,3,1,2,2,2,2,4,4,2,3,1,2,3,3,1,1,2,2,1,2,2,2,3,2,2,3,4,4,1,2,1,2,2,2,1,2,2,2,3,2,2,3,1,2,2,2,2,3,2,1,1,1,3,3,3,3,1,3,1,2,2,2,2,3,3,3,2,2,2,1,2,3,2,1,1,1,2,1,4,4,1,1,1,1,2,3,2,4,2,1,3,3,4,5,2,2,1,1,2,2,1,1,2,2,1,2,1,1,1,4,1,4,1,1,2,1,1,2,1,3,1,3,3,1,1,3,4,3,3,3,1,2,1,1,1,3,3,1,3,1,1,2,2,2,2,2,2,1,2,2,1,1,2,2,1,2,3,1,1,1,2,2,2,2,2,2,1,1,1,1,2,1,2,2,2,3,2,2,4,1,2,2,3,3,4,3,1,2,2,2,3,1,1,3,1,1,3,3,3,1,3,3,2,1,3,3,4,2,2,1,1,2,3,3,1,2,1,1,2,2,1,1,3,1,1,2,1,2,3,2,2,5,5,2,3,3,2,2,2,3,2,1,1,1,2,1,5,5,1,2,1,2,1,1,2,1,1,1,4,4,2,2,2,2,1,1,3,3,3,3,1,1,3,3,3,3,2,2,1,1,2,2,1,1,2,4,2,2,1,1,1,1,2,3,2,2,3,3,4,3,2,4,2,2,3,2,2,2,1,4,1,1,3,3,2,1,1,1
CluIDFG21G_1156,2,2,1,2,4,4,1,1,1,1,1,1,2,3,3,3,3,3,5,5,3,3,2,1,2,2,4,2,1,1,2,2,3,3,1,1,3,3,1,1,1,3,3,2,3,1,2,2,2,1,3,4,1,2,1,2,2,1,1,2,3,2,1,5,3,3,3,3,2,2,2,2,3,3,4,3,3,3,1,1,2,2,2,1,3,2,2,5,3,1,2,2,3,1,1,1,3,3,1,2,3,3,3,3,3,3,2,1,2,4,3,1,2,2,2,2,3,3,3,3,1,1,2,2,2,2,2,2,4,2,2,1,3,3,2,2,1,3,2,2,1,2,1,2,1,2,1,5,3,1,2,2,3,3,1,1,2,3,1,1,2,1,2,2,2,2,1,3,3,1,1,1,2,3,1,1,1,1,4,4,3,2,1,2,3,2,1,2,1,1,1,1,7,7,2,2,1,1,1,1,2,3,1,4,1,2,3,4,1,3,2,2,2,2,1,2,1,1,4,4,2,3,3,3,2,3,1,1,1,2,1,1,2,1,1,3,2,1,1,1,3,2,1,2,3,1,2,3,2,4,3,2,1,1,2,3,2,1,1,2,4,3,2,2,3,1,2,2,4,4,1,1,1,3,2,1,3,3,2,2,3,2,2,2,2,2,2,3,3,3,1,1,1,3,3,3,3,1,3,2,2,2,1,2,2,2,3,1,2,2,3,1,2,2,1,1,3,3,1,1,4,4,2,2,1,1,3,2,2,3,1,1,2,1,2,3,2,2,1,2,1,1,1,1,2,1,1,3,1,1,3,1,1,5,1,2,1,1,2,1,3,3,3,2,2,2,2,2,3,3,3,3,2,1,2,5,1,3,4,2,1,3,1,2,1,1,2,2,1,1,1,1,3,3,2,2,2,2,1,1,1,1,1,3,3,2,3,3,2,2,2,2,1,2,2,2,2,2,1,1,1,4,3,3,3,3,4,3,1,3,2,1,2,2,1,2,1,1,3,1,2,3,2,3,3,1,4,3,4,3,1,2,1,1,1,1,2,1,2,2,2,2,3,2,3,3,1,1,1,1,3,3,5,5,4,2,2,4,3,2,1,3,1,1,1,5,1,2,5,5,1,1,2,3,2,1,1,1,4,4,4,3,2,2,2,2,2,1,2,3,1,1,2,2,3,3,1,2,2,2,3,3,1,1,1,1,2,2,2,2,1,1,3,2,2,3,2,2,3,2,3,3,1,4,1,2,3,2,3,2,1,3,3,3,3,2,1,3,1,1
CluIDFG21G_1158,1,2,2,2,1,4,3,3,1,1,1,1,3,3,3,3,1,3,3,5,3,3,1,2,2,1,1,4,2,2,2,2,2,3,2,2,1,1,4,1,4,3,1,3,3,3,3,2,2,2,4,2,2,2,2,2,2,2,1,1,2,2,4,4,2,2,3,2,3,2,2,2,3,3,3,3,1,3,1,1,2,3,1,1,2,2,3,3,3,1,2,1,3,3,1,1,4,4,1,1,3,3,1,1,3,2,2,2,3,4,3,2,3,3,2,1,1,2,1,1,3,1,1,3,1,1,2,2,1,2,2,2,3,3,2,2,1,3,3,2,1,2,2,2,2,3,3,3,2,1,1,1,1,3,4,1,1,1,2,1,3,1,1,2,2,2,2,3,1,2,1,1,3,3,2,2,2,1,1,4,2,2,1,2,2,1,2,2,2,1,2,2,4,4,3,1,2,2,2,2,3,3,4,4,1,1,4,4,3,3,2,2,2,1,1,2,1,1,2,2,3,1,4,4,3,1,2,1,2,2,1,3,1,2,3,2,1,1,2,1,1,1,1,2,1,1,2,2,4,4,2,2,2,1,3,3,2,1,2,1,2,3,3,2,3,3,1,3,4,1,1,2,1,2,2,2,2,2,2,1,2,1,2,3,1,1,2,2,2,1,1,2,4,5,1,1,3,2,3,3,2,1,2,2,1,3,3,3,2,2,2,3,2,1,2,2,2,2,1,2,3,4,1,2,1,2,2,3,1,1,3,2,3,2,5,5,2,3,1,1,1,2,1,1,2,2,3,3,2,1,3,1,2,4,1,1,2,2,2,2,2,2,3,2,1,1,1,1,4,4,3,3,1,2,5,1,1,3,4,3,3,3,1,1,1,2,1,1,2,2,1,2,3,1,2,1,3,3,1,1,1,1,3,3,3,2,3,3,2,2,2,2,3,2,2,2,3,1,2,2,2,3,2,3,1,3,3,3,2,3,2,1,3,2,2,2,3,1,3,2,2,2,3,3,2,2,2,5,3,1,3,2,1,3,3,1,2,1,2,1,2,2,2,1,1,1,2,2,2,2,2,3,2,5,4,4,1,1,2,2,3,3,1,2,2,5,2,1,2,3,2,3,1,2,1,1,1,1,4,4,3,4,2,2,2,2,1,1,2,2,3,3,1,2,3,3,2,3,1,3,2,3,3,3,1,3,2,2,2,2,3,3,1,2,2,4,2,1,1,2,4,4,4,1,1,2,1,2,2,2,1,4,2,3,2,2,2,2,1,1
CluIDFG21G_1166,2,1,3,3,4,4,2,3,2,2,1,1,4,3,4,3,1,1,2,3,2,1,2,2,1,2,4,4,1,1,3,3,1,2,2,2,3,3,3,3,1,3,1,3,1,3,2,2,2,2,1,4,1,1,2,1,2,1,1,2,2,2,4,1,3,2,1,1,2,3,2,1,1,3,3,3,1,1,1,3,3,3,1,1,3,3,4,2,2,2,2,1,1,3,1,1,3,3,2,2,3,2,1,2,3,3,1,1,4,4,3,3,3,1,1,2,3,3,1,1,1,3,1,1,1,3,3,2,4,1,2,3,3,3,2,2,3,2,2,2,1,2,2,2,2,2,5,5,1,1,1,1,1,1,2,2,1,1,2,2,1,1,3,3,2,2,1,3,3,1,1,2,3,1,3,3,2,1,1,2,3,2,1,1,1,2,2,2,2,2,2,2,4,4,3,3,1,1,2,2,3,2,1,2,1,3,3,2,2,2,2,3,2,1,2,2,2,1,2,2,3,3,2,2,3,3,1,1,1,2,2,3,1,2,3,1,2,3,2,2,2,1,1,2,2,1,2,3,1,4,3,1,1,2,3,3,1,1,2,2,3,3,2,2,3,1,2,3,4,5,1,1,2,1,1,2,3,2,2,1,1,1,3,3,1,1,2,2,2,2,2,2,2,1,3,3,3,3,2,3,2,1,2,1,2,1,4,1,2,2,3,1,1,3,1,1,2,2,2,2,4,3,1,1,2,2,1,1,2,2,2,2,3,3,5,5,1,1,2,2,2,2,1,1,2,1,3,2,1,1,3,1,1,2,1,1,2,1,1,1,1,1,1,2,1,1,1,3,2,4,3,2,2,1,1,2,2,2,4,3,3,3,2,1,2,1,2,2,2,2,1,2,1,1,2,1,1,2,1,3,2,2,1,2,3,3,3,2,2,2,1,1,3,1,3,3,2,2,2,2,4,4,2,2,3,3,3,3,1,2,2,2,2,3,1,2,3,3,3,3,1,1,3,3,2,2,1,5,4,4,2,2,2,2,1,3,2,1,1,1,2,2,2,2,2,1,1,2,1,1,3,4,5,2,4,5,3,3,3,3,3,1,1,1,1,1,1,1,2,2,3,2,1,2,1,2,2,1,4,4,3,4,2,4,2,3,1,1,2,2,3,3,1,2,3,3,3,3,3,2,3,2,1,2,2,3,2,2,2,2,2,3,1,1,3,2,2,3,3,3,3,3,2,2,3,2,2,2,3,3,3,4,3,1,3,3,1,2,1,1
CluIDFG21G_1167,2,2,2,3,4,4,1,2,1,1,2,2,1,3,4,4,3,3,5,3,3,2,3,1,2,2,2,4,4,4,3,2,1,2,1,2,4,1,1,3,1,3,3,3,3,1,2,3,1,2,4,2,2,2,1,2,2,2,1,2,3,1,4,4,3,2,1,2,1,2,1,2,3,3,4,3,1,1,1,1,3,3,2,2,2,2,3,2,3,1,2,2,3,2,1,1,4,2,1,1,1,1,1,3,1,3,1,1,1,1,3,3,3,1,1,1,2,1,2,3,1,1,3,2,2,2,1,1,4,1,2,3,3,3,2,2,4,4,2,2,1,1,2,2,2,3,1,1,1,3,1,1,1,1,2,2,1,2,2,1,2,3,2,2,2,3,1,1,1,3,1,1,3,3,3,3,2,2,2,2,3,3,1,2,2,2,2,2,2,2,1,1,4,7,1,2,1,2,1,1,2,3,4,2,1,3,4,4,3,2,2,2,2,2,2,2,2,1,1,3,3,3,3,2,4,4,2,2,1,2,1,1,2,2,2,1,2,1,1,2,2,2,1,1,2,1,2,3,1,4,2,3,2,2,3,2,1,1,2,2,2,2,3,2,3,1,2,1,4,4,2,1,1,2,2,2,2,3,1,2,1,3,3,3,1,1,2,3,4,4,2,1,3,1,1,3,3,3,1,1,1,2,2,2,2,3,1,1,2,2,2,1,1,2,1,2,1,1,1,2,3,4,2,1,1,1,3,3,2,5,3,3,1,5,1,3,2,2,3,1,2,2,3,2,3,2,3,3,1,1,1,1,2,4,1,1,1,1,1,2,1,2,3,3,1,1,2,2,4,3,3,3,2,1,3,3,1,2,3,4,1,3,2,1,2,1,2,2,1,1,1,3,2,3,1,2,1,3,3,1,2,2,2,2,3,3,3,3,2,2,1,2,1,3,3,1,3,2,3,3,3,4,3,2,1,3,3,3,2,1,2,2,2,3,1,2,3,3,3,3,3,2,1,3,2,3,3,3,4,4,2,1,1,1,3,1,1,2,1,1,2,2,1,1,3,1,1,1,1,2,4,3,2,2,5,1,1,1,3,3,2,3,1,1,3,1,1,1,2,2,3,2,1,2,2,1,1,2,2,4,3,1,2,4,2,2,1,1,2,2,1,1,2,2,3,3,3,1,2,3,3,1,1,2,1,2,2,4,2,2,3,3,1,1,3,1,2,2,1,2,4,1,4,2,2,2,2,3,2,2,1,1,3,1,3,3,1,2,1,2
CluIDFG21G_1168,2,2,3,2,4,4,3,2,2,1,1,1,3,3,4,3,2,3,5,1,3,3,3,1,2,1,3,4,1,1,3,3,2,1,2,3,4,1,1,3,4,2,3,3,1,3,2,2,2,2,3,3,2,2,3,1,2,2,1,1,3,2,4,2,2,2,2,4,3,2,2,1,2,1,3,3,3,1,3,3,3,3,2,1,3,3,4,2,3,1,2,2,3,1,3,2,2,3,2,1,1,2,3,2,3,3,2,1,4,4,1,3,3,2,1,2,2,3,1,1,3,3,3,2,2,3,3,3,2,4,2,3,2,1,2,2,3,2,2,2,1,2,1,2,2,2,3,3,1,1,1,2,3,3,2,1,1,3,2,2,3,3,1,2,2,2,2,2,1,1,1,1,3,1,2,2,2,1,2,2,1,2,2,1,3,3,2,1,1,1,2,2,7,4,1,3,1,1,2,2,3,3,4,4,1,1,4,4,3,3,2,2,3,2,2,1,1,1,3,3,3,2,4,2,1,4,1,1,1,2,2,2,1,1,2,3,2,1,2,2,3,2,2,2,1,3,2,2,4,4,3,1,1,2,3,2,2,1,2,1,2,2,1,3,3,3,3,1,4,4,3,3,2,1,2,2,3,3,2,2,2,2,2,3,1,1,2,3,3,2,1,2,1,3,1,2,2,3,1,3,2,1,2,2,2,2,1,3,2,2,1,1,3,2,1,1,2,1,2,1,2,3,2,1,2,2,1,3,1,1,3,1,5,2,2,2,2,2,1,1,2,1,1,1,2,2,1,2,1,1,1,3,4,2,1,1,2,1,1,2,2,1,2,3,3,1,1,2,4,4,1,2,1,2,2,5,2,1,3,3,2,3,2,1,2,2,2,1,2,2,2,2,1,2,1,2,2,3,3,1,1,2,1,1,2,1,3,2,2,2,1,1,2,1,3,3,2,1,2,2,3,1,2,2,3,3,3,4,1,2,2,2,4,3,2,1,1,3,2,3,2,3,3,2,1,2,3,3,4,4,5,2,2,3,1,3,1,1,1,2,1,2,1,2,2,2,1,2,1,1,3,2,2,5,2,2,4,4,2,2,3,1,1,1,5,1,1,1,2,2,3,1,3,3,1,2,2,2,4,1,2,2,2,4,3,2,1,2,2,3,3,1,1,2,1,1,1,1,3,3,2,2,3,3,1,1,4,1,3,2,3,3,1,3,3,3,2,2,1,3,2,2,4,1,3,2,2,2,3,2,1,1,1,3,2,2,2,2,1,1
CluIDFG21G_1169,2,2,3,3,4,4,2,3,2,2,2,3,1,3,3,4,2,2,1,5,3,3,1,1,2,2,4,2,1,2,2,3,2,2,2,3,3,1,1,3,1,1,3,3,1,1,2,2,1,2,2,3,1,2,2,1,1,2,1,1,2,2,4,4,3,2,2,1,2,3,2,1,2,3,1,3,3,2,1,1,3,1,1,2,3,2,2,3,3,1,2,1,3,3,1,1,3,3,2,1,2,2,2,1,3,1,1,2,1,2,3,3,2,2,2,2,3,3,1,4,1,1,2,1,2,3,2,3,4,4,2,2,2,3,2,1,3,3,3,2,1,1,2,2,2,2,3,5,2,1,1,1,3,3,2,1,2,1,1,2,2,2,3,2,2,2,1,2,1,1,1,2,3,3,1,1,1,1,2,4,2,2,1,2,1,3,1,1,2,2,1,1,7,7,2,2,1,1,2,2,3,2,4,1,1,1,3,1,2,1,4,2,1,2,2,1,2,1,3,3,3,3,2,1,4,3,2,2,2,1,1,2,1,2,3,3,2,1,2,2,3,2,2,2,1,1,3,2,4,4,2,1,1,2,3,3,2,1,1,2,1,1,2,1,3,2,1,3,4,4,2,3,2,1,2,1,2,2,2,2,2,3,2,3,1,2,3,2,3,2,2,2,4,4,2,1,3,3,3,2,2,2,2,1,3,3,3,3,3,3,3,3,2,2,2,2,2,2,1,1,3,4,1,1,2,3,3,2,1,1,3,3,4,2,4,2,2,2,1,2,2,1,2,2,2,1,1,3,1,1,1,3,2,2,1,1,2,2,2,2,2,1,3,2,3,3,2,2,2,2,2,2,1,2,1,1,1,2,4,4,3,3,1,1,1,2,2,2,1,1,3,2,3,3,2,1,3,2,3,1,1,2,2,1,1,3,3,3,2,2,1,1,2,1,2,1,2,2,1,1,3,3,3,3,3,1,3,3,2,3,1,2,3,3,1,1,3,3,2,2,3,2,3,3,2,1,3,2,2,4,5,2,1,2,1,3,2,2,2,2,2,2,2,1,1,3,2,2,2,2,3,3,5,5,5,2,4,3,2,3,3,1,1,1,1,1,1,2,4,5,2,2,2,1,1,1,2,2,2,4,4,3,2,1,2,1,2,1,3,2,4,1,2,1,3,1,1,3,3,1,2,2,3,3,1,1,1,2,3,2,3,3,1,1,2,4,3,2,3,2,2,4,1,4,1,2,1,1,3,1,1,1,1,2,2,3,2,2,1,1
CluIDFG21G_1174,1,2,3,3,4,4,1,2,2,2,3,1,3,1,4,3,2,3,2,5,3,3,1,1,1,2,2,2,1,1,3,3,2,2,1,2,1,1,4,1,2,3,3,3,3,3,2,2,1,1,2,1,2,2,3,3,2,1,1,1,2,2,5,4,2,2,1,2,2,3,1,2,2,3,4,3,2,3,2,3,3,2,1,2,2,2,3,3,3,1,2,1,3,3,1,1,3,4,2,1,2,2,2,1,3,3,1,2,4,4,1,3,2,1,2,2,1,3,4,1,1,1,1,1,3,1,3,3,2,4,2,2,3,3,2,2,3,2,2,2,1,2,2,2,2,2,3,3,1,2,1,1,3,3,2,1,2,1,1,2,2,2,3,1,2,2,1,3,3,1,2,1,3,3,3,2,2,2,2,1,2,2,3,1,1,1,2,1,2,2,1,1,4,2,2,3,1,1,2,2,2,3,1,2,1,3,3,2,2,2,2,2,1,2,2,2,2,1,3,3,3,3,2,1,3,3,1,1,1,1,2,2,2,1,3,2,1,1,1,2,3,2,3,1,2,1,2,2,3,4,2,3,2,1,3,3,1,1,1,2,4,3,2,2,2,1,2,2,5,4,2,1,1,1,1,1,2,2,2,1,2,2,2,3,1,1,3,3,3,2,2,1,1,1,3,3,2,2,2,2,1,2,2,2,2,3,1,3,2,2,2,1,1,2,2,2,2,2,1,1,4,3,1,1,2,2,3,3,5,2,3,2,5,2,2,5,2,2,1,1,2,2,1,2,2,2,2,2,1,1,1,1,2,4,1,1,1,1,2,2,1,2,1,3,1,1,1,3,4,4,3,1,1,1,3,1,1,3,4,4,3,3,1,1,1,1,2,1,1,2,2,1,1,1,2,2,1,2,1,1,2,1,2,1,2,2,2,3,2,1,2,1,1,1,2,2,3,3,3,3,4,1,3,2,1,3,3,3,2,2,2,2,1,1,2,2,1,3,3,2,1,1,3,3,1,2,3,1,2,4,5,2,1,2,1,1,1,1,1,1,1,2,2,2,3,3,2,1,2,2,3,3,5,5,1,5,3,3,2,2,3,3,2,2,1,1,1,1,5,2,2,2,1,1,1,2,2,2,1,1,2,3,4,2,1,1,2,1,3,2,3,3,1,2,3,3,3,3,2,2,1,2,3,3,3,3,2,2,2,3,3,1,1,3,4,4,3,1,3,3,2,3,2,4,2,2,2,3,3,3,1,4,3,3,2,3,2,2,1,1
CluIDFG21G_1175,2,2,2,3,4,4,3,3,2,1,1,3,1,1,3,4,1,1,2,2,3,3,1,1,2,2,4,1,1,2,2,3,3,2,2,2,3,4,3,1,3,3,3,3,1,1,2,3,2,1,4,1,2,2,1,3,2,2,2,1,3,3,1,4,1,3,1,1,2,3,3,2,1,3,3,2,3,3,1,3,3,3,2,2,2,2,5,3,1,2,1,1,3,3,2,1,2,3,2,2,2,2,2,2,2,1,2,2,4,1,3,3,2,1,1,1,1,2,4,4,2,1,2,2,2,1,3,1,4,4,3,2,1,3,1,1,1,4,2,2,2,2,1,2,3,2,3,1,2,3,1,2,2,1,1,2,1,1,2,2,3,3,1,1,2,2,3,1,1,3,1,2,2,3,1,2,2,2,2,2,2,1,3,2,2,1,1,2,2,1,2,1,7,1,2,3,1,1,2,1,2,3,2,3,3,3,1,1,1,1,1,4,1,1,2,2,2,1,1,3,3,3,3,3,3,1,2,1,2,2,2,2,2,2,1,1,1,1,2,1,2,1,3,3,1,2,3,3,1,1,1,3,1,2,3,3,1,2,2,2,1,1,1,2,3,2,2,2,1,2,2,2,3,1,1,2,2,3,2,1,3,3,2,2,2,2,2,3,3,3,1,2,3,4,1,1,3,2,2,3,2,2,1,2,3,1,3,3,3,3,3,1,3,3,1,1,2,1,2,2,3,3,1,2,2,1,2,3,3,1,2,3,2,1,2,2,2,2,1,2,1,2,1,2,2,2,2,3,1,1,1,2,2,5,1,1,2,2,2,2,3,2,2,3,1,3,3,3,2,3,1,3,2,1,3,3,3,1,3,4,1,3,1,2,1,2,2,1,1,1,3,3,3,3,1,2,3,3,1,1,1,1,2,1,2,2,3,2,2,2,2,1,2,1,2,2,3,2,1,2,4,2,2,2,3,3,3,4,3,1,2,1,3,2,1,2,2,1,1,3,2,3,3,2,3,2,3,1,4,4,1,4,2,1,3,3,2,1,1,2,2,1,1,2,1,1,1,2,1,1,3,3,2,2,4,4,1,3,2,3,1,1,1,2,1,1,2,1,3,3,2,3,4,3,2,2,1,2,4,1,3,2,2,2,2,2,1,2,2,2,1,1,2,2,2,2,1,1,2,4,3,3,3,3,2,1,2,2,2,2,1,2,1,1,3,4,2,2,1,1,1,1,2,1,1,1,2,3,2,3,1,2,1,2,3,3,2,3,2,1
CluIDFG21G_1178,2,2,2,2,4,4,1,2,1,1,2,1,3,3,4,3,3,1,5,3,2,3,2,1,2,1,2,4,4,2,2,2,1,2,2,2,1,4,3,1,3,2,1,3,3,1,2,2,1,2,2,4,2,2,1,3,2,2,2,2,2,3,4,1,3,3,1,1,3,2,1,2,3,3,4,2,3,3,1,1,3,2,2,1,2,1,3,2,3,3,2,2,3,1,2,1,3,3,2,1,1,2,2,3,1,1,1,1,4,4,1,1,2,1,2,2,2,1,3,3,1,1,1,3,1,3,2,3,2,4,1,3,3,3,1,2,3,2,3,3,1,1,2,2,2,2,3,1,2,2,1,2,3,2,1,4,1,1,2,2,2,3,1,1,2,2,3,1,3,3,2,1,3,3,3,2,1,2,1,1,2,1,2,2,2,1,2,2,2,2,1,2,7,2,3,2,2,1,1,2,3,2,4,1,1,1,4,4,3,2,4,2,2,1,2,1,1,1,3,3,3,3,3,4,3,1,1,2,1,1,2,3,1,1,2,1,1,1,1,2,3,2,2,3,2,2,2,2,1,4,3,1,2,1,3,2,1,1,2,1,3,3,2,2,3,3,3,3,4,4,2,3,1,2,1,1,3,1,1,2,3,2,3,2,1,2,2,2,3,1,2,1,3,1,3,1,3,3,1,2,2,2,2,2,1,2,4,3,3,2,2,1,3,1,2,1,1,2,2,1,3,3,2,1,2,1,3,3,2,1,3,3,1,4,1,5,2,1,2,1,2,2,3,1,3,2,2,2,2,2,1,3,4,1,1,1,2,1,2,2,2,1,3,3,1,1,2,2,4,4,1,3,2,2,3,3,2,2,3,3,1,3,2,1,1,1,2,1,1,2,1,1,1,3,1,1,2,1,3,3,2,1,2,2,2,3,3,3,1,1,2,1,2,1,3,1,1,2,1,3,3,3,2,1,3,3,3,3,2,1,2,2,3,3,1,1,1,3,3,3,3,2,1,3,2,1,1,3,2,3,2,4,1,1,1,1,1,2,2,1,2,2,1,1,3,3,1,1,1,2,4,3,5,2,1,2,3,1,3,3,2,3,1,1,1,1,2,1,2,5,1,2,1,2,1,2,2,2,1,4,3,3,2,2,3,1,2,1,2,1,3,3,2,2,1,3,3,2,2,1,2,1,2,3,1,1,4,2,2,2,3,3,1,1,4,4,3,2,1,3,4,3,2,2,1,2,2,2,3,2,1,3,3,2,2,3,2,2,1,1
CluIDFG21G_1185,2,1,3,3,4,1,2,3,2,2,1,1,3,4,4,4,2,3,1,3,3,3,1,1,1,2,2,4,1,1,3,2,1,2,2,1,1,1,3,2,1,1,1,1,3,1,3,2,1,2,4,2,2,2,2,3,2,1,2,1,2,2,2,4,2,2,3,2,2,2,3,2,3,2,3,1,2,2,1,1,3,3,2,2,3,2,2,3,1,1,2,1,3,3,1,3,3,2,1,1,2,3,1,2,3,3,1,1,4,4,3,1,1,1,2,2,3,1,4,3,1,1,2,3,1,2,3,3,2,1,2,3,3,2,2,1,4,3,2,2,1,1,2,2,2,2,1,5,1,2,1,2,3,3,4,1,1,1,2,2,2,3,2,2,2,2,2,1,3,4,1,2,2,3,1,3,1,1,1,2,3,2,1,1,1,3,2,2,2,2,2,2,7,4,3,3,1,2,2,1,3,2,1,4,1,1,3,1,2,1,2,2,2,2,2,1,2,2,2,3,2,2,2,2,4,4,1,1,2,1,2,2,2,1,1,3,1,2,2,1,2,3,1,1,1,2,3,3,1,4,2,3,1,1,3,2,2,1,1,1,4,1,1,2,2,3,2,2,4,1,2,1,1,1,2,2,2,3,1,1,3,2,2,2,1,1,3,2,2,2,1,1,5,4,3,1,3,3,2,2,2,2,2,1,3,3,3,1,2,2,1,3,2,3,1,1,3,2,1,1,3,3,1,2,1,2,3,3,1,2,3,3,3,5,5,2,2,2,2,1,1,1,1,1,2,2,2,3,1,1,2,3,4,4,1,2,1,1,1,2,1,3,3,3,1,1,3,2,3,2,3,2,2,1,3,2,3,2,3,1,1,3,2,2,2,2,2,1,2,1,3,1,1,1,1,1,3,3,3,1,1,1,1,1,1,1,3,2,2,2,1,2,1,2,3,2,3,2,1,3,4,4,2,3,1,3,4,3,1,2,2,2,1,1,2,1,3,1,1,3,1,2,3,3,2,2,2,1,3,4,5,5,2,1,1,3,1,1,2,2,2,2,1,1,3,3,2,2,2,2,4,3,5,5,4,4,4,1,3,2,1,2,2,1,1,1,2,2,4,2,2,1,1,1,2,2,2,2,4,2,4,1,2,1,2,2,1,2,3,2,1,1,2,2,3,2,3,3,2,2,1,2,3,2,1,3,2,4,2,3,1,3,2,2,3,2,2,2,1,1,3,3,4,1,1,2,3,3,3,2,1,3,1,2,3,2,1,3,1,3
CluIDFG21G_1187,1,1,1,1,4,4,2,1,2,2,1,1,1,3,2,4,1,2,1,3,2,3,1,2,2,2,2,1,2,1,2,2,1,2,2,2,1,3,1,2,3,3,1,3,3,1,2,1,1,2,2,1,2,1,1,3,1,2,1,1,2,2,1,5,3,1,1,3,2,2,2,2,1,3,3,4,2,3,3,1,1,3,2,1,2,2,3,4,1,1,2,2,3,3,1,1,2,3,1,2,1,2,1,2,1,1,2,1,2,4,3,1,2,2,1,1,2,3,4,1,3,3,3,2,2,2,3,2,3,1,3,2,3,2,1,1,4,2,2,2,1,2,1,1,2,2,5,1,4,2,1,2,2,3,2,1,1,1,2,2,1,3,2,2,2,2,2,1,3,1,2,3,2,2,2,3,2,1,2,2,1,2,1,2,1,2,2,1,2,2,2,1,7,4,2,2,1,1,1,1,4,1,1,1,2,2,2,2,1,1,4,1,1,3,1,1,2,2,3,3,1,3,1,3,3,3,2,1,1,1,3,3,1,1,3,1,1,1,1,2,2,2,3,2,1,2,3,3,3,2,1,2,2,1,3,2,2,1,2,2,2,4,1,2,1,2,2,2,4,1,2,1,1,1,1,2,2,3,2,2,3,2,3,3,2,2,2,3,2,2,1,2,1,4,1,3,1,2,3,2,1,2,1,1,3,1,1,3,2,3,3,1,2,2,2,1,3,2,2,1,3,4,1,2,2,2,3,3,3,1,3,2,1,1,1,5,2,2,2,2,1,1,2,1,1,1,3,3,1,2,3,2,2,5,1,2,2,1,2,2,1,2,3,3,1,1,3,3,3,4,2,2,1,2,1,1,2,3,4,5,1,3,2,1,2,1,2,1,1,2,2,3,2,3,1,1,2,1,1,1,1,2,1,1,3,3,2,2,1,1,2,2,1,3,2,2,3,3,3,1,4,2,3,2,3,3,2,4,3,2,2,1,4,2,1,2,1,2,3,1,3,3,1,3,1,1,2,3,2,2,2,1,3,3,3,2,2,1,1,2,2,2,1,3,2,3,1,2,2,1,2,4,1,5,4,4,2,3,3,3,2,2,1,2,3,5,2,2,2,5,2,2,2,2,1,2,1,1,1,3,4,4,2,4,3,2,1,1,2,2,1,1,2,2,3,3,3,1,2,3,3,3,1,1,2,1,1,3,2,3,3,3,3,3,3,3,3,2,1,1,1,1,1,1,2,2,2,2,3,2,2,3,1,3,3,2,1,2,1,1
CluIDFG21G_1190,1,2,2,3,4,4,2,2,2,1,1,1,4,3,4,3,3,1,5,3,3,2,2,1,2,1,4,3,1,1,3,3,2,1,1,3,3,1,2,3,1,2,1,3,3,3,3,2,2,1,4,4,2,2,2,1,2,2,1,1,3,2,1,5,3,2,1,1,3,2,3,1,3,2,3,3,2,3,1,1,3,1,1,2,2,2,2,3,1,1,1,2,3,3,1,1,4,3,2,1,2,2,2,2,3,1,2,1,4,4,3,3,1,2,2,1,2,1,4,1,3,1,2,2,2,1,3,3,2,4,2,2,2,3,2,1,4,2,3,2,1,2,2,2,2,2,1,1,2,2,1,1,3,1,4,1,1,1,2,2,2,3,2,1,2,2,3,3,3,1,1,1,3,3,3,2,2,1,1,1,2,2,1,1,1,2,1,2,2,2,1,2,7,7,2,2,2,1,1,2,3,2,2,1,1,3,2,4,1,2,2,2,2,2,2,2,1,1,2,2,3,3,1,2,3,4,2,2,1,2,3,2,1,2,2,3,2,1,2,2,2,3,2,3,1,2,3,3,4,4,3,3,2,1,1,3,1,1,2,2,3,3,2,2,3,3,3,2,4,4,2,1,1,1,1,1,1,3,2,2,2,2,2,2,1,1,3,1,2,2,1,2,1,1,3,2,1,2,1,2,2,2,2,1,2,1,1,4,2,2,2,1,1,1,2,2,2,2,2,1,3,3,1,1,2,2,1,3,1,3,1,1,2,4,3,2,3,2,1,1,2,1,1,1,2,1,2,3,2,1,1,1,2,2,1,1,2,1,2,2,1,2,3,3,1,1,1,3,4,3,2,3,1,2,3,2,3,2,3,4,3,1,1,2,2,2,1,1,2,2,1,3,1,1,2,1,3,2,3,1,2,1,1,1,3,1,2,3,2,2,2,1,1,2,1,3,3,3,3,3,3,3,2,3,1,3,4,3,3,1,2,2,4,4,2,1,3,3,2,3,2,2,3,3,2,1,3,3,2,4,2,5,1,1,1,1,2,1,2,1,2,2,2,3,3,3,1,1,1,1,3,3,5,5,2,5,4,3,3,2,1,1,1,2,2,1,2,1,5,5,1,1,2,1,1,2,1,1,1,4,4,1,2,1,2,3,1,2,1,3,3,3,2,1,1,3,3,3,3,2,2,2,3,3,3,1,2,2,3,2,3,1,3,1,2,3,2,2,3,3,3,4,4,4,3,2,3,2,1,3,1,4,3,2,3,2,2,2,1,1
CluIDFG21G_1197,1,2,1,1,1,4,2,2,1,1,3,1,3,1,4,1,1,3,2,2,3,3,1,1,1,2,4,2,1,4,2,2,2,2,1,2,1,2,3,3,1,1,3,3,1,1,3,2,2,1,3,3,2,2,3,2,2,2,2,1,3,2,4,4,2,2,1,2,3,2,2,1,3,3,4,3,3,2,3,1,3,3,2,2,2,2,3,5,1,1,2,2,2,3,1,3,3,4,2,1,2,3,2,1,3,1,2,1,4,4,1,3,1,3,1,1,2,2,3,1,2,3,3,3,3,3,3,1,4,2,2,2,2,3,1,2,1,3,3,1,2,1,1,2,1,3,5,3,2,2,2,1,1,3,2,4,1,2,2,1,2,2,2,2,2,2,1,2,1,3,1,1,2,3,3,3,1,1,2,1,2,2,1,1,3,1,1,2,1,1,1,1,4,4,2,2,1,1,2,1,4,2,2,4,3,2,4,4,1,1,2,2,2,1,2,2,1,1,2,1,3,3,4,3,3,1,2,2,1,2,1,1,1,1,2,2,1,1,1,1,2,1,1,2,1,3,3,3,3,1,2,3,2,2,2,3,1,1,2,2,1,2,1,1,3,3,3,2,4,4,1,1,1,1,1,2,3,2,1,2,2,3,3,3,2,1,3,3,2,4,1,2,2,3,3,3,2,3,2,1,2,2,2,1,2,3,3,3,2,3,2,3,1,1,2,2,2,2,1,1,3,2,1,2,2,2,2,3,2,1,3,3,1,1,2,1,3,2,2,2,1,2,1,1,2,2,1,2,1,1,1,1,4,5,2,1,1,1,2,1,3,2,1,3,3,1,2,3,2,3,2,1,1,1,2,4,2,1,4,5,1,3,2,2,2,1,2,2,1,1,2,1,3,3,1,2,1,3,1,1,1,2,2,1,3,3,3,3,1,2,1,2,1,2,3,2,1,2,3,3,3,3,3,2,3,3,1,4,1,2,2,2,1,2,2,1,3,3,2,3,3,3,3,3,3,1,5,5,3,2,1,3,1,1,1,3,1,1,2,1,2,1,2,1,3,1,1,1,2,1,3,2,2,2,3,5,3,1,2,1,2,1,1,1,1,1,2,2,2,4,2,2,1,1,2,2,1,2,4,4,4,2,1,4,2,2,1,1,1,3,3,3,2,2,2,1,2,1,2,1,2,1,3,3,1,3,2,1,2,2,1,3,1,2,4,2,2,1,1,1,3,1,1,1,2,1,2,3,1,3,1,3,1,2,3,2,3,1,2,1
CluIDFG21G_1198,2,2,2,3,3,4,2,2,1,2,2,3,3,3,3,4,1,2,2,1,2,3,1,2,1,2,1,4,2,1,3,2,3,2,2,2,3,3,4,1,2,4,1,3,3,3,2,2,1,2,1,3,1,1,2,3,2,2,1,2,2,2,4,2,2,2,1,4,3,3,1,2,3,1,3,3,1,2,2,3,3,2,1,2,2,3,2,4,2,1,2,1,1,1,1,2,4,3,2,1,3,3,1,2,1,1,2,1,4,4,3,1,3,3,2,1,3,2,4,1,3,1,2,3,3,2,3,3,4,2,2,3,1,3,2,1,2,4,2,2,1,2,2,2,2,3,3,3,1,2,1,1,3,3,2,1,3,1,2,1,3,2,1,1,3,2,2,2,1,1,1,2,1,3,1,3,1,1,4,1,2,2,3,2,3,3,1,2,2,2,1,1,3,4,1,2,1,1,2,2,4,2,4,3,1,1,3,4,2,1,4,3,1,3,1,1,2,1,3,1,3,1,2,3,4,1,1,1,1,2,2,2,1,1,2,2,2,2,2,2,2,2,1,2,1,1,2,2,4,1,2,1,1,1,1,3,1,2,2,2,4,2,3,1,3,1,2,1,1,4,1,2,1,1,1,2,3,3,1,1,3,2,2,2,1,2,3,2,3,4,2,1,1,2,3,2,2,3,2,2,2,2,2,2,1,2,3,4,1,2,1,2,2,1,2,2,1,3,2,2,4,3,1,1,1,2,2,3,1,2,2,2,4,3,1,2,2,1,1,1,2,2,2,1,2,1,3,1,1,1,1,3,4,1,1,1,1,2,2,2,2,3,3,2,3,1,3,1,4,3,3,2,2,1,1,5,1,2,3,3,1,1,2,2,1,2,1,2,1,2,1,2,1,1,2,2,3,2,1,1,2,2,1,3,1,2,3,1,2,2,2,2,1,2,2,2,2,1,3,3,3,3,2,2,2,3,2,3,1,3,2,2,3,4,1,3,1,3,3,3,3,2,3,3,1,2,5,1,2,4,2,2,1,1,1,1,1,1,1,2,2,2,1,1,3,3,1,1,1,2,3,3,4,5,4,2,4,2,2,3,1,3,2,1,1,1,1,1,2,2,2,1,3,1,2,1,2,1,4,4,2,2,4,4,2,2,1,1,1,3,4,1,2,2,3,2,2,1,3,1,3,2,3,3,2,1,2,3,2,2,3,2,3,3,3,3,3,2,3,1,1,3,1,2,2,1,3,3,3,3,3,1,1,1,2,3,2,2,1,1
CluIDFG21G_1200,2,1,3,1,4,4,3,2,2,1,3,1,3,1,2,3,2,2,2,2,3,1,1,1,1,3,4,2,1,1,2,2,2,2,1,2,3,4,3,2,3,1,1,1,1,1,3,3,2,2,3,3,1,2,2,2,2,2,2,2,1,3,4,1,3,2,1,1,3,3,2,2,3,2,3,3,3,3,1,3,3,3,2,2,2,2,5,4,1,1,2,2,3,3,3,1,3,3,2,2,3,2,2,2,3,3,2,2,4,4,1,1,3,1,1,1,2,1,3,4,1,3,2,2,2,1,1,1,3,2,2,1,3,3,2,2,1,2,2,3,2,2,1,2,3,1,5,3,1,3,2,1,2,3,1,2,1,3,1,1,3,3,1,1,2,2,1,1,3,1,1,2,3,3,3,2,2,2,2,1,2,2,1,1,3,1,2,2,1,2,1,1,4,7,2,2,1,1,1,2,2,2,2,4,3,1,3,2,1,1,1,1,1,1,2,2,2,1,3,3,1,1,4,1,3,4,1,2,1,1,2,2,1,2,1,2,3,1,2,1,2,3,1,3,2,3,3,3,2,4,2,3,1,1,2,2,2,2,2,2,3,1,1,2,3,1,3,2,4,5,1,1,2,3,1,1,3,3,1,2,3,3,2,3,2,2,2,2,3,3,2,2,3,1,1,1,2,3,1,2,1,1,2,2,3,2,1,1,2,2,1,2,2,3,2,1,2,1,1,2,3,4,2,2,2,1,3,3,1,1,1,3,2,1,2,2,1,2,2,1,2,1,1,2,1,1,3,2,1,1,3,3,2,1,1,2,2,2,1,1,2,3,3,3,1,3,2,1,2,4,1,3,2,2,3,3,1,1,5,3,3,3,1,1,1,1,2,1,1,2,2,1,3,1,2,2,3,3,3,3,1,1,2,3,2,2,2,3,2,2,2,1,2,1,2,2,2,3,1,2,2,4,2,2,3,3,2,3,3,3,1,2,2,4,1,1,1,1,1,1,2,2,2,3,3,2,2,3,4,2,5,2,1,3,3,2,2,1,1,1,1,2,1,1,3,2,1,1,2,1,2,4,5,5,1,5,1,1,3,3,1,2,1,1,1,1,2,2,3,2,2,2,1,4,2,1,2,1,4,3,4,4,4,2,2,1,2,2,2,2,3,3,1,2,3,3,1,2,3,4,3,2,3,3,1,1,2,2,2,2,2,3,1,3,4,2,2,1,2,3,2,1,2,1,2,1,2,3,2,2,1,3,2,3,2,3,1,1,2,2
CluIDFG21G_1206,1,2,3,2,1,1,3,2,1,1,1,2,3,3,3,4,2,1,2,1,2,3,2,1,2,1,2,2,1,2,1,3,3,1,2,2,3,1,3,1,1,3,3,3,1,1,2,1,1,2,3,3,2,2,2,2,1,1,1,1,2,2,5,4,2,2,3,2,3,2,3,1,3,2,4,3,3,2,3,1,3,3,1,2,2,3,4,3,1,2,2,1,2,3,1,3,3,3,1,3,2,3,2,2,3,3,2,2,4,4,1,1,1,3,2,2,2,2,4,1,3,3,2,2,2,2,3,3,4,1,3,3,2,3,2,2,3,4,3,1,1,1,2,2,2,2,1,5,1,1,1,1,2,3,4,1,1,1,2,2,2,3,2,2,2,2,2,1,3,3,1,1,3,2,3,3,2,2,2,1,2,2,1,2,2,3,2,1,2,2,2,1,1,3,2,3,1,1,2,1,3,2,4,2,1,1,4,2,1,1,1,4,1,1,2,2,2,2,2,3,1,1,2,4,1,2,2,1,2,2,3,1,1,1,2,1,1,1,2,2,3,1,2,1,1,1,3,2,1,4,3,3,1,1,2,3,1,1,2,2,3,2,1,2,1,1,2,2,2,4,1,2,1,2,2,2,2,2,1,1,1,1,3,3,1,1,2,2,1,2,2,2,3,4,3,1,1,2,2,2,1,1,2,2,2,2,3,3,2,3,2,1,2,2,1,2,2,1,2,1,4,1,2,2,2,2,1,3,2,5,2,2,3,3,5,5,2,1,2,2,2,2,1,2,2,1,1,3,1,2,3,3,2,4,1,1,2,1,2,1,1,2,3,2,1,1,2,3,1,1,3,2,2,1,5,1,2,1,4,5,3,3,2,2,1,1,1,2,1,2,2,1,2,1,2,2,1,3,3,3,1,2,3,1,1,3,2,3,1,2,1,2,3,2,3,2,1,3,3,2,3,4,3,2,3,1,4,3,2,3,2,2,2,1,3,2,3,1,3,3,2,2,2,3,2,2,3,1,4,4,1,2,3,1,3,3,2,1,2,1,2,2,2,1,3,3,1,1,1,2,3,3,5,4,5,4,2,3,3,2,3,2,1,2,2,1,2,1,2,3,3,2,2,1,2,1,2,2,2,2,3,4,1,2,2,2,2,2,2,3,1,3,2,1,3,3,1,3,3,2,3,3,3,3,1,1,2,2,3,3,3,2,2,3,3,3,2,2,3,3,3,4,2,1,3,2,2,3,3,1,1,4,1,2,3,3,3,2,2,1
CluIDFG21G_1208,2,2,2,2,1,4,3,1,2,2,1,2,3,3,3,4,1,1,2,2,3,3,1,1,2,2,4,1,1,2,2,2,3,3,3,1,3,1,1,1,2,2,1,1,1,3,3,2,1,1,1,1,2,2,1,2,2,2,1,2,3,2,1,1,3,3,1,1,2,3,2,2,2,3,3,4,1,1,1,1,2,2,2,2,2,2,2,4,1,1,2,2,2,3,3,3,3,3,1,1,2,3,2,3,3,1,2,2,4,2,3,2,1,2,2,2,1,1,4,4,1,1,3,2,3,2,2,1,2,4,2,1,3,3,2,2,4,4,3,2,1,1,2,2,2,2,3,1,1,1,1,2,3,1,4,3,1,1,2,1,3,2,2,1,2,2,1,1,3,3,1,2,1,3,1,3,1,1,2,4,2,3,2,1,3,3,2,2,2,2,1,1,6,7,2,2,1,1,1,2,3,2,3,3,3,3,1,1,1,1,1,1,1,1,2,2,1,1,2,2,3,3,4,3,1,3,1,2,2,1,2,3,1,2,2,1,2,1,2,2,3,3,3,2,1,1,3,3,3,4,1,2,1,1,2,2,2,1,1,2,1,4,1,2,3,2,2,2,4,2,1,1,2,1,2,2,2,2,2,1,3,2,2,3,2,1,3,3,4,3,1,1,4,1,2,3,3,3,1,3,2,1,1,1,3,2,3,3,3,1,1,1,1,2,2,1,1,3,2,1,3,3,1,1,2,1,3,3,1,3,2,3,2,2,4,4,2,2,2,1,1,1,1,1,3,1,3,1,2,1,3,1,5,4,1,1,1,2,1,2,2,3,3,2,3,3,3,3,4,4,2,1,2,2,3,5,3,2,3,3,3,1,1,2,1,2,2,2,1,2,3,3,1,3,2,2,3,2,1,3,2,2,2,2,2,2,3,2,1,1,2,1,1,2,1,2,1,2,1,3,4,3,3,3,3,3,3,4,3,1,1,2,2,2,1,1,1,3,1,3,3,3,2,2,1,1,3,5,3,4,2,4,1,1,1,1,2,1,2,2,2,2,2,3,3,3,1,1,1,1,3,3,5,1,2,4,3,2,3,2,1,1,1,1,1,1,1,1,2,5,3,3,2,2,1,1,2,2,4,4,4,4,2,2,2,2,2,2,2,1,3,1,2,2,3,3,2,1,1,3,2,2,1,3,1,1,2,2,1,3,3,3,3,2,4,4,3,2,3,2,4,4,4,4,2,1,3,1,1,1,3,3,2,2,2,3,1,2,1,2
CluIDFG21G_1210,1,1,3,2,4,1,1,3,1,1,1,3,3,3,4,3,1,2,2,2,3,1,1,1,1,1,4,4,3,4,1,3,2,2,1,1,4,3,3,3,3,4,1,3,1,1,3,3,1,2,2,3,2,2,2,1,1,2,1,1,2,1,3,5,2,3,1,1,2,3,2,2,2,3,3,4,3,3,3,1,3,3,2,1,2,2,4,3,1,1,1,2,3,3,3,3,2,2,3,2,2,2,1,1,3,1,1,2,1,2,3,3,1,1,2,1,3,1,3,3,1,1,3,2,2,2,1,1,2,4,2,2,1,3,2,1,1,4,3,1,1,1,2,1,3,2,5,5,2,3,2,2,3,2,2,1,2,1,2,1,2,1,2,1,2,2,1,3,3,3,1,1,2,2,2,2,2,1,2,2,2,1,1,2,1,1,1,1,2,2,1,1,4,6,2,3,1,1,1,1,1,4,1,2,2,1,4,2,2,1,2,1,1,1,1,2,1,2,2,3,1,1,1,1,3,3,2,2,2,1,1,3,1,1,1,1,1,1,2,2,2,2,3,1,1,3,3,2,3,4,2,3,1,1,2,3,2,2,1,1,4,2,3,2,3,1,3,2,5,1,2,1,1,1,2,1,2,2,1,2,2,3,3,3,2,2,3,2,2,3,1,1,1,4,1,1,2,3,1,3,2,1,2,1,2,2,3,1,2,2,2,1,2,1,1,1,1,2,2,2,3,3,2,1,1,2,1,3,2,5,3,3,1,3,5,1,3,2,2,2,1,1,1,1,2,1,3,3,2,2,3,3,4,5,2,1,2,2,1,1,2,3,2,3,1,2,2,1,4,2,3,2,2,1,3,3,2,2,4,5,2,1,2,2,1,2,1,2,1,1,2,3,1,2,2,1,3,3,1,1,1,1,1,1,2,2,3,1,2,2,2,2,1,2,3,2,2,3,3,1,4,4,2,2,3,3,3,3,2,1,2,2,4,3,2,1,3,1,3,1,2,2,3,3,3,1,3,1,4,2,1,2,3,2,2,2,2,1,2,2,2,1,2,2,1,3,1,2,2,1,2,3,5,2,5,3,4,2,3,2,1,2,2,2,5,5,2,2,2,4,2,2,1,1,2,1,1,2,4,3,3,2,4,2,2,2,2,2,2,2,1,1,1,2,2,1,3,1,4,3,3,2,2,3,1,1,2,4,1,1,3,3,1,1,4,3,2,3,1,2,4,1,1,2,2,2,3,2,3,1,4,3,3,3,3,3,1,1,1,1
CluIDFG21G_1211,1,1,1,1,2,4,1,1,2,1,1,1,3,3,3,3,2,1,1,2,2,2,1,3,2,2,4,1,1,4,3,2,2,1,2,1,4,1,3,3,3,1,3,3,3,1,2,3,2,1,3,3,2,2,2,3,1,2,2,2,2,3,4,2,4,3,1,1,2,2,2,2,3,1,3,3,1,1,1,1,3,3,1,2,2,2,2,2,2,3,2,2,1,3,3,3,2,4,1,1,2,2,2,2,3,2,2,1,4,2,1,3,1,2,2,1,1,2,3,1,1,2,2,1,1,2,2,3,1,2,3,4,3,1,1,1,2,3,2,2,1,1,2,2,2,2,1,3,2,2,2,2,3,3,1,2,2,3,1,1,2,2,2,2,2,2,2,2,3,1,1,1,3,3,1,3,1,2,2,2,2,2,1,2,1,1,2,1,2,1,1,1,4,4,2,3,1,1,2,1,2,2,4,2,1,1,4,4,3,2,2,4,2,2,2,1,1,1,2,2,2,1,4,4,1,3,2,1,1,2,3,3,1,2,1,2,1,1,2,1,3,3,1,3,3,2,2,3,3,3,2,3,2,1,2,3,1,1,2,1,3,2,1,3,3,1,3,2,4,2,2,1,3,3,1,1,3,2,1,2,3,3,3,2,2,2,2,3,3,3,1,2,1,3,3,3,3,2,2,2,1,1,1,1,3,3,1,1,2,2,3,2,3,2,1,2,2,2,2,1,3,3,1,1,1,2,3,1,3,2,3,3,2,2,3,5,1,3,1,2,1,2,1,1,3,3,3,2,2,1,1,2,5,4,2,1,2,1,1,1,3,1,2,3,2,3,3,3,3,2,1,2,2,1,2,5,2,3,4,4,1,1,2,2,1,1,1,1,2,2,2,2,3,2,1,2,3,1,1,1,2,1,1,1,2,3,2,3,1,1,1,2,1,3,3,2,2,2,1,1,4,3,1,2,3,1,3,3,1,3,1,2,2,3,2,2,1,1,3,1,3,2,1,3,1,3,2,2,4,3,4,2,1,2,1,1,2,2,2,2,1,2,1,1,2,2,1,2,1,2,3,2,2,5,4,3,4,2,3,3,2,2,2,1,5,3,1,2,2,4,2,2,2,3,1,2,2,2,1,4,4,1,4,2,2,2,2,1,2,3,1,1,2,2,3,3,3,2,3,2,3,3,1,2,2,1,3,2,3,2,3,3,1,3,4,5,2,2,2,1,3,3,2,1,2,3,2,2,3,2,3,3,3,3,2,2,2,2,2,2
CluIDFG21G_1216,2,2,1,1,4,1,2,1,1,1,1,1,3,1,4,4,3,2,3,3,2,1,2,2,1,2,1,4,1,1,2,2,2,2,2,2,1,1,2,3,3,1,3,3,3,3,3,2,2,2,4,4,2,2,1,2,2,2,2,2,2,3,2,5,3,3,1,1,3,2,1,2,2,3,3,3,3,3,1,1,3,3,1,2,2,2,3,4,1,3,2,2,1,1,1,1,3,3,1,2,1,2,1,2,3,1,2,2,4,4,3,1,2,2,1,2,2,3,1,1,1,1,2,2,2,1,2,1,1,4,3,2,3,3,2,1,4,1,2,2,1,2,1,1,2,3,1,1,3,1,2,2,3,3,2,2,2,2,1,1,3,2,1,2,1,1,2,3,3,3,1,1,2,3,3,2,2,2,1,2,2,2,2,3,3,3,2,1,2,1,2,2,2,4,1,3,1,1,2,1,2,1,2,4,1,1,2,2,3,1,4,1,1,1,1,2,2,1,3,4,3,1,4,3,3,3,1,2,2,1,1,3,1,1,3,1,1,1,2,2,2,3,1,1,1,1,3,2,1,4,3,1,2,1,3,2,1,2,2,2,2,4,1,3,3,1,2,2,2,4,2,2,2,3,2,2,1,2,2,2,3,3,2,3,2,2,3,3,3,3,1,2,4,4,3,3,2,2,2,3,1,1,1,2,1,2,3,1,3,2,1,3,2,1,1,1,2,2,1,1,3,4,2,1,2,2,3,3,2,1,2,1,3,4,2,5,2,2,2,2,1,1,1,1,3,1,3,3,2,1,1,1,5,4,1,2,2,2,2,2,2,3,2,3,3,3,3,3,4,4,3,2,1,2,1,1,3,1,3,5,3,1,1,1,1,2,1,1,2,1,3,2,2,2,2,2,1,1,1,1,2,1,1,1,3,3,3,2,2,2,2,2,1,3,2,2,1,3,1,2,1,3,2,2,3,1,3,4,1,2,1,1,2,1,1,3,2,1,3,3,2,3,3,3,1,2,3,3,4,1,2,2,2,1,1,2,1,1,1,1,1,1,3,1,1,2,1,2,2,1,4,2,2,2,2,4,2,3,1,3,1,3,1,2,5,3,2,1,3,2,2,3,1,1,2,1,2,2,2,2,1,4,1,2,2,3,2,2,2,3,3,1,2,1,2,1,1,3,3,2,2,3,1,3,1,2,2,3,3,2,3,3,2,2,4,4,1,2,2,2,1,2,2,4,3,3,2,3,2,1,1,3,2,3,2,2,2,2,2,1
CluIDFG21G_1220,2,2,3,3,4,1,3,2,1,1,3,1,4,4,4,4,1,1,3,3,1,2,1,1,1,2,2,3,1,1,1,3,2,2,2,2,1,3,3,1,3,3,3,1,3,1,2,3,2,2,1,1,1,2,1,1,2,1,1,1,2,2,4,4,2,2,3,2,2,2,2,2,3,3,3,4,3,3,1,2,1,1,1,2,3,3,2,2,1,2,1,2,1,3,1,1,4,4,1,1,1,2,2,2,3,3,2,2,4,4,2,1,1,3,1,2,1,2,1,1,3,3,1,1,3,3,3,3,1,4,1,2,3,3,2,2,3,3,2,3,1,1,2,2,2,2,3,3,1,1,1,1,3,1,2,1,1,1,1,1,2,1,2,1,2,3,2,2,3,4,1,1,3,3,2,3,2,1,1,1,2,2,1,2,2,1,2,1,2,1,2,1,4,7,2,3,2,2,2,2,3,3,2,4,3,1,3,2,2,2,2,2,1,2,2,1,1,1,2,2,1,1,4,3,1,2,1,2,2,1,2,1,1,2,3,1,1,1,2,1,1,3,1,2,1,2,3,3,4,4,3,1,1,1,3,3,1,1,1,1,3,4,2,2,3,3,2,1,5,1,2,3,1,2,1,1,2,3,1,2,2,2,3,3,1,1,2,3,4,2,1,2,4,1,1,1,3,2,1,3,2,2,2,2,3,1,2,3,3,2,1,3,1,1,2,2,1,2,1,1,3,2,1,2,1,3,3,3,2,3,3,2,5,2,3,1,1,2,1,2,2,1,2,1,2,2,1,2,1,1,1,3,4,1,1,1,2,1,1,2,1,2,3,1,1,1,3,3,2,3,2,3,1,1,1,1,1,2,5,3,3,1,2,1,1,1,2,2,2,1,2,1,1,1,2,2,1,3,3,3,1,1,1,1,3,3,3,3,2,2,1,2,1,1,2,2,2,2,1,1,3,3,3,2,1,3,3,3,3,2,2,2,3,3,1,1,3,3,3,2,2,3,3,3,1,2,3,3,1,4,2,1,1,3,1,1,2,1,1,1,2,2,1,2,3,3,2,2,2,2,3,3,5,5,2,2,1,4,3,3,1,3,2,1,1,2,1,1,5,4,2,3,1,3,2,2,2,2,2,4,3,3,1,4,3,1,1,1,2,2,1,3,1,2,3,3,3,3,2,2,1,2,3,2,3,2,2,2,2,3,1,3,1,3,2,4,2,2,3,3,2,1,4,4,1,2,3,3,2,2,4,4,1,3,3,2,2,2,1,1
CluIDFG21G_1222,2,1,1,2,1,4,3,3,1,2,1,1,3,1,3,3,1,1,2,1,2,1,3,2,2,2,4,1,1,4,3,3,2,2,1,2,1,3,3,1,3,2,3,1,1,1,3,2,1,1,3,3,1,2,3,3,1,1,1,1,2,2,4,1,2,3,1,1,3,2,3,2,3,3,3,3,2,3,3,3,3,3,2,2,2,2,4,3,1,1,2,2,3,3,1,3,3,2,1,1,2,3,2,1,3,1,2,2,2,3,3,3,1,3,2,2,3,2,3,3,1,2,1,3,1,1,3,2,2,1,1,1,1,3,2,1,2,4,1,2,2,2,2,2,3,3,3,3,2,2,2,1,3,3,2,1,2,3,1,2,2,3,2,1,2,3,3,3,3,3,3,1,3,3,3,1,1,2,2,2,3,2,3,2,3,2,2,2,2,1,2,2,7,4,3,1,1,1,2,2,4,2,2,3,1,1,3,2,2,1,4,2,3,1,2,1,2,1,2,2,3,3,3,3,3,3,2,2,1,1,3,3,2,1,1,1,2,1,2,1,2,1,1,2,1,3,2,2,3,3,3,3,1,1,2,3,2,1,2,1,2,2,2,2,1,3,2,2,2,1,2,1,1,3,2,2,2,3,2,1,3,1,2,2,2,2,2,3,3,3,1,2,1,4,1,2,3,2,3,2,1,1,2,2,2,1,3,1,2,2,3,2,1,2,2,2,2,3,2,2,3,3,2,1,1,2,3,2,5,1,3,3,3,4,3,4,2,2,1,2,1,1,2,1,3,3,3,2,1,2,1,1,5,4,1,2,1,1,2,1,2,3,3,2,1,2,3,2,3,2,2,1,2,2,3,3,3,2,1,5,3,3,1,1,2,2,1,1,1,1,3,3,3,2,2,2,1,3,3,1,1,1,1,2,2,2,3,2,2,2,2,1,1,1,2,2,1,1,3,1,4,3,3,3,3,3,3,2,1,1,1,1,1,3,2,1,1,2,3,1,3,2,3,1,3,1,5,2,4,2,1,2,1,2,1,1,1,1,2,2,2,2,1,3,1,1,1,2,2,1,3,2,2,2,4,3,3,3,2,3,2,1,2,2,1,1,1,1,2,5,3,3,1,3,2,2,2,2,1,4,4,3,2,1,3,3,1,2,3,2,3,1,1,2,3,3,1,2,2,3,3,2,3,3,2,2,2,2,3,2,1,1,2,1,3,3,2,2,1,3,3,1,4,2,3,3,2,3,1,3,2,4,3,1,2,2,1,1,2,2
CluIDFG21G_1234,2,1,1,1,2,4,1,1,2,1,1,1,1,3,3,2,2,1,2,1,3,3,1,1,1,3,4,4,1,4,3,2,2,2,1,1,3,4,1,3,3,1,1,1,1,1,3,1,1,2,3,2,2,1,1,3,2,1,1,1,2,1,3,5,2,2,1,3,3,3,2,3,2,2,3,3,3,3,1,1,3,3,2,2,2,3,4,2,3,3,2,2,2,1,1,1,1,2,3,2,1,2,1,1,1,1,1,1,4,2,3,1,1,2,1,1,2,2,1,3,1,2,2,3,2,3,2,2,2,1,1,2,1,2,1,2,4,4,1,3,1,1,2,2,2,2,1,5,2,2,1,1,3,1,2,4,1,3,2,2,2,3,2,2,2,2,3,1,2,1,1,2,3,2,2,2,1,1,2,4,2,2,1,3,2,2,2,2,2,2,1,1,7,7,2,2,1,2,1,2,3,2,2,4,1,1,4,2,1,2,1,1,1,1,2,1,2,1,1,3,3,1,1,3,3,3,2,1,1,1,2,3,1,2,1,1,1,1,1,2,1,3,3,3,2,2,3,3,3,3,2,3,1,2,3,2,1,1,2,2,1,2,1,1,1,3,2,3,4,1,2,2,3,2,2,1,2,3,2,1,1,2,3,3,1,2,3,2,3,3,1,2,1,3,1,3,3,2,2,2,2,1,2,1,3,2,3,1,3,3,3,2,3,2,1,1,1,2,1,1,4,3,2,2,1,2,3,2,2,2,2,3,2,2,1,2,2,2,1,2,1,1,2,1,1,2,3,3,2,1,1,2,5,5,2,2,2,1,2,2,1,2,2,3,1,3,3,3,4,4,2,3,1,1,2,1,2,2,3,5,1,1,2,2,1,2,1,1,2,2,1,3,2,3,2,1,3,1,1,3,1,2,1,1,3,1,1,3,2,2,1,1,2,1,2,2,2,1,3,3,4,4,2,1,1,3,2,3,1,3,1,2,2,2,1,3,2,1,3,3,2,3,1,3,1,1,5,2,2,2,4,1,1,3,2,2,1,3,1,1,2,2,2,2,1,1,1,1,1,1,2,3,2,2,3,4,3,3,3,1,2,1,2,2,1,3,2,1,4,5,2,2,2,1,2,2,2,2,3,3,4,2,1,2,3,2,2,1,2,2,1,1,2,2,1,2,1,3,3,2,3,2,2,1,2,1,3,2,1,2,3,3,2,2,3,3,2,2,1,3,4,1,1,4,3,2,2,2,2,3,1,4,1,1,1,2,3,2,1,1
CluIDFG21G_1239,1,1,2,1,4,1,3,1,2,1,1,1,1,4,3,2,1,2,1,2,3,3,1,1,2,1,2,2,1,1,2,3,2,2,1,1,1,1,1,3,1,2,3,3,3,1,2,2,1,2,3,3,2,2,2,2,2,2,1,1,3,1,1,3,2,2,1,1,2,3,1,2,3,3,4,3,1,3,1,1,3,3,2,2,2,3,5,2,1,2,1,2,1,1,1,2,2,3,1,1,1,1,2,2,3,3,2,2,2,4,2,3,1,2,1,2,2,1,1,3,1,3,2,2,1,3,3,3,2,1,3,2,3,2,1,1,1,1,1,2,2,2,1,1,1,1,5,3,2,2,2,1,3,1,2,1,1,1,1,1,3,2,1,3,2,2,2,1,1,3,1,1,2,3,3,3,2,1,1,1,2,3,2,2,3,1,2,2,1,2,2,1,4,3,3,3,1,1,1,2,2,2,1,3,1,3,1,4,2,1,4,1,1,1,1,2,1,1,1,2,3,2,4,4,3,1,2,1,1,1,2,1,2,2,2,2,1,2,1,1,1,2,2,1,3,2,2,3,1,1,2,3,2,1,3,2,1,1,2,2,3,3,2,3,1,3,1,2,4,4,2,1,2,1,1,2,3,2,1,2,2,1,3,3,1,2,2,1,4,3,2,2,4,3,1,1,3,1,2,1,2,1,1,1,2,3,3,3,2,3,1,3,2,1,2,2,3,3,2,1,3,4,1,1,2,1,3,1,3,5,3,1,2,3,2,5,1,2,2,2,1,2,2,1,2,2,2,3,2,2,3,1,1,5,1,2,1,2,1,2,2,1,2,3,3,3,2,3,2,4,3,1,1,2,1,5,1,2,1,3,3,1,1,2,2,1,2,2,1,2,2,3,1,2,2,2,3,2,2,1,1,2,3,2,3,2,3,3,2,2,1,2,2,1,4,3,1,1,3,3,1,1,3,3,1,1,4,3,1,2,2,2,2,2,1,3,1,3,2,3,2,2,3,3,3,2,1,3,4,2,2,1,1,2,2,3,1,1,2,1,1,2,2,1,3,2,2,1,2,2,3,2,5,2,2,4,3,1,3,3,1,1,2,1,1,1,2,2,5,2,2,2,2,2,1,1,2,2,4,4,2,2,2,4,2,2,2,2,2,1,3,1,2,2,1,3,1,3,4,4,3,3,3,3,1,3,2,1,2,2,2,3,2,3,4,3,2,1,2,2,1,2,1,2,1,2,2,3,3,2,1,1,1,2,3,3,1,2,1,1
CluIDFG21G_1242,1,1,1,1,1,1,3,3,2,2,2,1,3,4,4,3,1,1,3,3,3,3,1,1,1,1,2,2,1,2,3,2,2,2,1,1,3,1,3,2,1,3,1,3,1,1,2,1,2,2,4,3,2,1,1,1,2,2,2,1,2,2,4,4,2,1,2,1,2,2,1,1,3,3,4,3,3,1,1,1,3,1,1,2,1,2,3,2,1,1,1,1,3,1,1,1,4,4,2,1,1,2,2,2,2,3,2,2,4,4,2,2,2,3,2,2,1,3,1,4,1,1,2,2,3,1,3,1,2,1,2,2,3,3,2,2,1,3,2,2,1,2,2,1,3,3,3,1,2,1,2,1,2,1,1,2,1,1,1,1,2,3,1,2,2,3,2,3,1,3,2,1,2,3,2,2,1,1,2,2,2,2,1,2,3,1,1,1,1,1,1,2,4,4,3,3,2,1,1,2,3,2,2,4,1,1,4,4,3,3,2,4,2,2,1,1,1,1,1,3,3,1,3,3,3,3,1,2,2,1,2,2,2,1,2,3,2,1,2,1,1,3,3,1,1,3,3,3,2,4,2,2,1,1,3,3,1,2,2,1,2,2,3,1,3,3,3,1,4,2,2,3,1,1,1,1,1,3,1,2,1,2,3,2,1,1,1,3,3,3,2,2,5,5,1,1,3,1,1,1,2,2,2,2,2,2,1,3,2,2,1,2,2,2,2,2,2,2,1,1,3,3,1,2,1,2,2,2,4,5,2,1,3,5,1,1,2,2,1,1,2,1,1,1,2,3,3,2,1,2,1,2,5,4,2,1,1,1,1,2,3,1,3,2,3,1,3,2,2,4,1,2,2,1,3,1,2,3,4,4,1,3,2,1,1,2,1,2,1,1,1,1,1,3,2,2,3,3,3,1,2,1,2,2,2,2,2,2,1,1,1,1,2,1,2,2,1,2,3,3,3,4,3,2,3,3,3,3,2,2,2,1,3,3,2,1,3,3,2,3,3,3,2,2,2,1,5,3,3,4,3,2,3,1,3,1,2,2,1,1,2,2,2,2,1,3,2,1,2,1,3,2,2,5,2,3,5,2,3,3,1,1,1,2,1,1,1,2,3,2,2,2,2,1,1,1,2,1,4,2,3,4,2,2,2,2,1,1,3,2,1,3,2,1,1,3,1,3,2,3,3,1,1,3,1,1,2,1,3,2,3,3,3,3,3,4,3,2,3,1,3,3,2,4,1,1,2,3,3,1,4,1,3,1,2,3,2,2,1,1
CluIDFG21G_1246,2,2,1,2,4,4,1,2,1,2,1,3,3,3,4,3,3,2,1,1,3,3,1,1,2,2,4,2,1,2,3,3,1,2,3,2,3,3,3,3,2,1,3,3,3,3,2,2,2,2,3,3,1,1,3,1,1,2,1,2,2,3,1,4,2,3,2,1,2,3,2,3,3,2,3,3,3,2,1,1,3,3,1,1,2,2,3,3,1,2,2,2,3,2,1,1,4,3,2,1,3,2,2,2,3,1,2,2,4,4,2,3,3,2,2,2,1,1,1,4,1,3,1,1,3,1,3,2,4,1,2,3,2,3,2,2,3,3,3,3,1,1,2,1,3,2,1,5,2,2,1,1,3,3,1,1,1,1,2,2,3,3,3,2,2,2,1,2,3,3,1,1,2,3,2,3,1,2,1,2,2,2,1,1,2,3,2,1,2,2,2,2,4,7,3,1,2,1,1,2,3,3,4,2,1,3,2,4,3,2,4,2,2,1,2,2,1,2,2,2,3,3,2,3,4,3,1,2,2,1,2,1,1,1,1,1,1,1,2,1,2,3,2,2,2,2,2,3,3,1,3,3,2,1,3,3,1,1,1,1,3,2,3,1,2,3,1,3,4,4,3,3,2,2,2,1,3,2,2,2,2,2,3,3,1,1,2,2,4,3,2,1,3,4,3,1,3,3,1,1,2,2,2,2,2,2,3,1,2,2,1,2,2,3,1,2,1,2,1,1,4,2,2,2,1,1,2,2,1,1,1,3,4,2,4,5,2,2,1,2,2,2,2,2,2,3,2,2,1,1,1,1,4,2,2,1,1,1,2,2,1,2,2,2,1,1,1,1,4,4,3,2,1,2,1,2,2,1,4,5,3,3,1,1,2,1,2,2,2,1,2,2,1,1,2,2,3,3,1,1,1,1,3,1,3,3,3,3,2,2,1,1,1,2,2,2,1,1,2,3,3,3,3,1,3,1,2,3,2,3,2,2,3,2,3,2,3,1,3,1,2,3,3,3,2,3,5,5,4,1,3,3,1,1,1,1,1,1,1,1,2,2,2,1,1,1,2,2,2,1,2,2,2,2,4,1,2,3,1,1,3,1,1,2,3,1,2,1,2,2,3,2,3,2,2,2,1,2,1,4,4,3,2,4,2,1,2,1,2,2,3,4,1,1,3,3,3,3,2,2,2,1,3,2,2,3,2,2,2,3,1,1,2,1,2,4,1,2,1,3,3,4,2,2,1,1,1,2,3,3,1,4,3,3,2,2,2,3,1,1
CluIDFG21G_1248,1,1,3,1,4,1,2,3,1,2,3,2,3,4,4,4,1,1,3,3,3,2,1,2,2,2,4,1,2,1,3,2,2,2,1,1,4,3,3,3,1,2,3,2,1,1,2,2,2,2,4,3,2,1,3,1,1,1,1,1,2,2,4,5,2,3,1,1,2,2,1,3,3,3,4,3,3,3,1,3,3,3,2,1,2,2,3,3,1,3,2,2,3,3,1,3,4,4,2,1,1,3,2,2,1,3,2,1,2,1,3,3,3,3,1,1,2,2,2,4,1,3,2,3,2,2,1,2,2,1,1,2,3,1,2,2,2,3,2,2,1,2,2,2,3,2,1,5,2,2,2,1,3,2,2,1,1,3,2,2,3,2,1,1,2,2,1,3,1,3,2,1,3,3,3,2,1,1,2,1,3,3,3,1,2,1,2,2,2,2,1,2,7,4,2,3,1,1,1,2,2,4,1,3,1,1,4,3,2,2,2,2,3,2,2,1,1,2,2,3,1,1,4,3,1,4,2,1,2,2,2,2,2,1,3,1,1,2,1,2,1,2,1,2,2,2,2,3,1,1,3,2,1,2,3,2,1,2,2,1,3,4,2,2,3,1,3,3,4,4,2,2,2,3,2,1,3,1,1,2,3,3,3,2,1,2,2,2,3,3,2,1,3,1,1,2,2,3,1,3,2,1,2,2,2,2,3,3,2,2,3,1,1,3,2,2,3,2,1,1,4,2,2,2,2,1,2,3,2,5,3,3,4,5,4,5,2,3,2,2,1,2,1,1,2,2,3,1,1,1,3,3,2,1,1,1,2,2,1,1,3,1,3,2,3,2,2,2,4,4,2,3,2,2,1,3,1,3,5,4,3,1,2,2,2,2,2,2,1,2,2,2,3,3,1,2,3,1,1,3,2,1,2,2,3,2,3,3,1,2,1,1,1,3,4,2,2,3,3,2,3,1,3,3,3,1,4,2,2,2,2,2,3,2,1,2,1,3,2,3,2,3,1,3,1,2,4,2,4,2,1,5,3,1,3,3,2,1,2,2,2,2,1,1,1,1,2,2,2,1,2,3,2,2,2,2,2,4,2,2,2,1,1,1,1,1,1,2,2,3,2,2,1,4,2,2,2,2,1,3,3,3,4,2,2,2,1,2,1,2,3,4,2,1,3,3,3,3,2,3,1,2,2,1,2,3,2,2,2,2,3,3,1,1,4,4,1,2,2,2,1,3,2,4,3,3,2,2,2,1,4,3,1,3,3,3,1,2,1,2
CluIDFG21G_1249,2,1,2,1,4,1,2,3,1,1,1,1,3,3,3,4,1,2,3,3,3,1,1,2,2,2,2,4,1,4,2,2,2,2,3,2,3,2,2,3,3,2,1,3,1,1,1,2,2,2,2,3,2,1,1,2,2,1,1,1,2,2,4,4,2,3,1,2,2,2,2,3,3,3,4,4,3,2,3,3,3,1,1,2,2,2,4,2,1,2,2,1,1,1,1,2,3,3,1,1,2,2,2,3,1,1,2,2,2,4,2,3,3,1,2,2,2,3,3,4,3,3,3,2,2,3,3,3,4,4,3,3,1,3,1,2,1,4,2,2,2,1,2,1,2,2,5,3,2,1,2,2,3,3,2,2,3,3,2,2,2,3,1,1,1,2,3,1,1,1,1,1,1,3,3,2,1,1,1,4,2,2,3,2,3,2,1,1,2,2,2,1,4,1,2,3,1,1,1,2,3,4,1,1,1,1,4,4,2,3,2,2,2,2,1,2,1,2,1,2,3,1,4,3,3,4,1,1,1,2,2,2,1,2,2,3,2,2,2,1,2,2,2,3,2,2,2,3,4,3,1,2,2,1,2,1,1,1,2,2,2,2,1,3,3,1,2,1,1,4,1,1,2,1,2,2,1,2,2,1,3,3,2,3,1,2,3,2,3,3,1,2,1,1,2,3,3,3,1,2,1,1,1,1,2,1,1,3,2,1,2,2,3,2,1,1,2,1,1,1,1,3,2,2,2,1,3,2,2,1,3,3,1,1,2,2,2,1,2,1,2,2,1,1,2,2,2,3,1,2,1,2,4,5,1,1,2,2,1,2,1,1,3,3,3,3,2,3,3,4,2,3,2,1,3,3,1,1,4,4,1,3,1,2,2,2,2,1,2,2,2,2,1,2,2,1,3,3,3,3,2,1,1,3,2,3,2,2,2,2,2,1,1,2,2,2,2,1,3,1,3,3,2,3,1,1,3,1,2,3,2,2,3,2,1,1,3,3,2,2,3,3,3,2,3,1,4,2,4,4,1,1,1,2,1,3,2,2,1,2,2,1,1,2,1,2,1,2,1,1,3,4,4,2,4,2,3,2,1,2,1,2,1,1,5,1,1,2,3,5,1,3,3,1,2,2,1,1,4,4,3,2,4,4,2,2,2,1,2,1,1,1,2,2,2,3,3,1,2,2,3,1,2,3,1,3,2,1,2,2,1,1,1,1,2,4,2,2,2,2,3,4,4,2,2,3,2,3,2,2,2,4,3,3,3,1,2,2,1,1
CluIDFG21G_1254,2,2,3,3,4,4,1,3,2,2,3,3,1,1,4,4,2,2,1,3,3,3,1,2,1,2,1,4,2,1,3,3,2,3,2,2,1,1,3,1,1,2,3,3,1,1,2,2,2,2,3,3,2,2,1,2,1,1,1,1,2,2,5,5,2,2,1,2,3,1,1,2,2,3,3,3,2,2,1,1,1,2,2,2,2,3,4,2,1,1,2,2,3,3,3,3,3,2,1,2,2,2,2,1,3,2,1,2,3,2,3,3,3,1,1,2,2,2,4,4,3,1,2,2,2,1,2,1,2,1,2,2,1,3,2,2,3,3,2,3,1,2,2,2,2,2,3,5,2,1,2,1,2,1,4,2,2,3,1,1,2,2,2,2,2,2,1,2,3,3,1,2,3,3,3,1,1,2,2,2,2,2,1,1,3,3,2,2,2,2,2,2,4,7,3,3,1,2,2,1,4,2,1,4,1,1,4,4,2,1,2,2,2,2,1,1,1,2,3,2,3,3,4,3,3,1,2,1,1,2,2,2,2,1,3,1,1,1,2,2,2,3,3,3,1,1,3,2,1,4,1,3,1,1,3,3,1,1,1,1,2,4,2,1,2,3,3,1,1,2,2,1,3,2,2,1,3,2,2,2,2,1,3,2,1,1,3,2,2,2,2,1,1,5,1,3,2,3,3,1,2,2,2,2,2,2,4,4,3,2,3,3,2,3,1,2,3,2,1,1,2,3,2,1,1,2,3,3,3,2,3,3,2,3,4,3,1,2,1,2,1,1,1,1,2,2,3,2,2,1,1,2,4,2,1,1,2,1,2,2,2,2,2,2,3,1,3,3,4,4,3,3,2,1,2,1,1,1,4,5,3,3,1,1,2,1,2,2,1,1,2,2,1,1,1,1,3,3,1,3,2,1,3,1,2,3,3,2,2,2,2,2,1,1,3,3,2,3,3,3,4,4,3,3,1,1,3,4,1,2,1,1,2,2,2,2,1,2,1,2,3,3,2,3,2,1,3,1,4,4,3,2,1,1,1,1,1,1,1,1,2,1,3,2,3,3,2,2,2,2,3,3,5,5,1,4,4,3,3,3,1,3,2,2,1,1,2,1,4,2,3,2,1,1,2,2,2,2,4,4,3,4,1,2,2,3,1,1,1,2,3,1,2,2,1,3,3,1,1,3,2,3,3,3,1,3,2,2,2,2,1,3,3,2,4,3,3,1,1,2,4,2,4,4,1,1,3,2,2,2,2,1,2,2,1,3,2,2,1,1
CluIDFG21G_1258,2,1,2,2,1,4,1,3,1,1,1,3,3,1,1,3,3,1,5,3,2,3,2,1,1,1,2,4,3,1,2,3,2,2,2,3,1,1,3,1,3,1,3,3,3,3,1,2,2,1,1,2,2,2,2,1,2,1,2,1,2,1,5,2,3,3,1,1,1,3,2,1,3,2,3,3,3,3,1,2,3,3,2,1,2,3,4,3,3,3,1,2,3,1,1,3,2,4,1,1,1,1,1,2,1,1,1,1,4,1,1,1,2,3,2,1,1,1,3,3,3,3,2,2,2,1,3,1,2,2,2,2,3,3,2,2,2,3,2,1,2,2,1,1,3,3,1,5,3,2,1,2,1,3,2,2,1,2,1,1,2,3,1,2,2,2,2,1,3,3,1,1,2,3,2,3,2,1,2,4,2,2,1,1,1,3,2,2,2,1,2,1,4,7,2,3,1,1,1,1,4,3,4,1,1,2,4,2,1,3,2,2,2,2,1,2,2,1,2,3,3,1,4,4,2,3,2,2,2,2,1,1,1,2,2,1,2,3,2,1,3,2,1,3,1,1,3,3,1,4,3,1,1,1,2,3,1,2,1,2,2,2,1,1,1,3,2,2,4,1,1,1,2,3,2,2,2,2,1,2,1,3,3,3,1,2,3,2,1,3,2,1,3,1,1,1,2,2,3,3,2,1,1,2,3,2,3,3,3,2,1,1,3,1,1,1,2,2,1,1,2,4,1,1,1,1,2,3,5,2,3,1,4,1,1,2,1,3,2,2,1,2,1,2,1,2,2,3,2,1,3,3,2,4,1,1,1,2,2,2,3,3,2,2,1,2,2,3,3,2,2,3,1,2,5,1,3,3,4,4,3,1,1,2,2,1,2,2,2,1,3,1,3,1,1,2,2,2,3,1,2,2,3,3,3,3,2,3,1,1,1,1,1,1,2,4,3,2,3,1,4,1,2,1,3,3,4,3,1,1,2,1,4,2,1,1,3,3,3,3,3,3,3,3,3,3,5,1,1,2,2,2,1,3,3,1,2,1,1,2,1,1,2,2,1,2,2,1,2,1,3,2,4,2,4,4,3,4,1,3,1,1,1,2,3,1,2,2,2,3,2,2,1,3,2,2,1,2,1,4,4,2,1,4,3,3,1,1,2,3,3,1,1,2,1,2,2,1,4,3,1,3,2,3,3,1,1,4,2,3,2,2,1,1,4,4,2,2,2,2,4,1,2,4,2,3,3,2,2,3,3,1,3,2,1,2,1,2,1,2
CluIDFG21G_1264,2,1,1,2,1,4,2,3,1,2,3,1,3,1,4,4,1,1,2,2,3,2,1,2,1,1,4,4,4,4,3,2,1,2,1,1,1,2,1,1,2,2,3,3,3,1,3,2,2,2,2,4,2,2,2,3,2,2,1,1,2,3,4,2,3,3,1,1,2,1,1,1,2,2,3,3,2,1,1,1,3,3,2,2,2,2,3,4,3,1,1,1,3,3,1,1,3,4,2,1,1,2,2,3,3,1,2,2,4,2,3,1,1,2,1,1,2,2,1,4,3,2,3,2,3,1,1,2,2,2,2,2,2,2,1,1,1,4,1,1,2,1,2,1,2,1,5,5,1,4,1,1,1,3,4,1,1,3,2,2,3,2,2,2,2,2,3,2,2,3,1,2,2,3,3,2,2,1,4,1,1,3,2,2,1,1,1,2,2,2,2,2,4,4,2,3,1,1,2,1,2,2,1,2,1,1,4,2,1,2,4,4,1,1,2,1,2,2,3,2,3,3,3,3,3,3,2,2,1,2,3,3,1,1,3,2,2,1,1,1,2,2,2,1,2,1,3,3,2,1,3,3,1,1,2,3,2,1,2,2,4,3,3,2,1,1,2,2,4,4,2,1,3,1,1,2,2,2,2,2,1,3,3,1,2,2,2,3,2,3,2,2,3,3,1,1,3,2,1,2,1,2,1,2,2,1,3,1,2,1,3,1,3,2,1,1,2,1,1,1,4,3,2,2,2,1,3,3,2,2,3,2,1,3,2,5,2,2,2,2,1,2,2,1,1,2,3,1,2,1,3,1,5,2,2,1,1,1,2,2,1,3,2,3,1,3,3,3,3,3,1,1,2,2,3,3,1,1,3,3,3,3,1,1,2,2,2,1,2,1,1,2,2,2,2,2,3,2,1,1,2,1,1,3,2,3,3,2,2,2,2,1,2,1,3,3,2,2,1,3,4,4,1,2,3,3,4,4,1,3,2,2,3,3,1,1,3,3,3,3,2,3,3,2,2,1,3,3,1,3,1,5,1,1,1,2,1,1,2,2,2,1,2,2,1,1,1,2,1,1,3,3,2,2,4,4,1,2,3,1,1,1,2,1,2,1,1,2,4,5,1,2,1,1,2,2,1,1,4,1,3,4,3,1,3,2,2,1,2,2,1,1,2,2,3,2,3,2,2,3,3,3,3,1,1,2,3,2,3,2,1,3,1,3,5,3,2,3,2,2,2,3,2,1,3,2,2,2,2,2,4,1,1,3,2,2,3,1,1,1
CluIDFG21G_1266,2,2,2,3,4,4,1,2,1,1,3,2,3,3,3,4,3,1,2,3,1,3,1,2,2,2,2,1,1,1,2,3,2,2,1,2,3,4,3,3,3,3,3,3,3,1,2,1,2,1,4,1,2,1,3,2,2,2,2,1,2,3,5,4,2,3,4,1,3,3,2,2,2,2,4,3,3,3,1,2,3,3,1,1,3,2,3,2,3,1,2,2,3,3,1,1,3,1,1,3,3,2,2,3,1,2,1,2,4,4,1,1,2,3,2,1,1,2,4,3,1,3,2,2,2,2,3,3,1,2,2,3,2,2,1,1,1,1,1,2,1,2,1,1,3,1,2,5,1,2,2,1,2,1,2,2,1,3,1,2,3,3,1,1,2,1,1,1,3,3,1,2,3,3,3,3,2,2,1,1,2,2,1,2,3,1,1,2,2,1,1,1,4,2,2,3,1,1,1,1,2,2,4,1,1,1,1,4,3,1,2,2,2,1,1,1,2,1,3,4,1,3,3,4,1,2,1,2,2,2,1,2,2,1,2,2,1,2,2,2,2,2,2,3,1,2,2,3,3,1,1,3,1,1,2,3,2,2,2,2,1,4,3,1,1,3,3,3,2,2,2,1,1,1,2,2,3,3,2,2,2,3,3,3,1,2,2,2,1,3,2,1,3,4,1,3,3,3,3,2,1,2,2,2,1,2,1,3,2,1,2,2,1,3,2,1,1,2,2,2,3,4,2,1,1,1,3,3,2,5,3,1,4,2,2,2,1,3,2,2,1,1,1,3,2,3,3,1,1,2,1,1,5,5,1,2,2,1,1,1,3,1,2,3,3,2,3,2,2,4,1,3,1,2,5,1,2,2,4,4,1,1,2,2,2,2,2,1,2,2,3,2,2,2,2,2,3,3,1,1,1,1,3,2,3,3,3,3,1,1,1,1,1,1,2,2,3,2,1,3,1,4,3,1,3,3,3,2,2,1,2,1,2,3,1,2,3,2,3,3,2,2,3,3,3,1,3,2,3,3,1,4,1,1,3,1,1,1,2,2,2,2,1,1,1,1,1,1,2,2,3,2,2,4,2,2,3,3,1,2,1,3,1,2,4,2,2,1,3,3,2,1,3,1,2,2,2,2,4,4,4,2,2,2,2,2,1,1,3,3,3,3,2,2,2,3,3,1,4,3,3,3,2,3,2,1,2,2,2,3,3,3,2,2,4,4,1,2,1,2,1,3,4,3,2,3,3,2,3,2,3,1,3,1,3,3,3,2,1,2
CluIDFG21G_1268,2,2,2,1,4,1,3,2,2,2,1,1,4,3,4,4,2,3,2,1,1,2,2,2,2,1,2,4,2,1,3,3,2,2,2,2,1,3,1,4,4,2,3,3,1,1,2,1,1,1,2,3,2,2,2,2,2,2,2,2,2,3,5,4,2,2,3,2,2,2,2,1,3,2,3,3,2,1,1,1,3,2,2,2,3,2,5,2,3,3,2,2,3,3,3,3,2,4,1,1,2,3,1,1,3,1,1,1,4,2,1,3,1,3,2,1,3,2,1,1,1,1,3,3,1,2,2,1,2,2,2,3,3,1,2,1,3,1,2,2,1,2,1,2,2,2,3,1,2,2,2,2,3,1,1,2,1,3,2,2,1,2,1,1,3,3,1,2,3,1,1,1,3,3,1,3,1,2,2,2,2,1,2,2,2,1,2,1,2,2,1,1,4,4,2,3,2,1,2,2,2,1,3,3,1,3,4,1,1,1,2,2,1,2,2,2,2,1,2,3,3,3,4,1,2,3,1,1,1,1,1,3,1,2,3,1,1,2,2,2,2,3,1,2,2,1,3,2,1,4,3,1,1,3,2,1,1,2,2,1,4,1,1,2,2,2,3,2,4,2,2,1,2,2,1,2,3,3,2,1,3,3,2,3,2,2,2,2,3,3,2,2,1,3,1,1,1,3,3,3,1,1,2,2,3,2,1,1,2,2,1,1,2,3,1,2,2,1,1,2,2,4,2,2,1,2,2,3,1,3,1,1,2,4,2,2,2,2,1,1,2,2,1,1,2,2,2,1,1,2,1,3,2,1,1,1,1,2,2,2,3,2,2,3,3,1,3,2,3,4,3,3,2,2,5,1,3,1,4,5,1,3,2,2,2,1,2,1,2,1,1,3,1,1,1,2,2,2,1,1,1,2,1,1,3,3,3,3,2,1,1,1,1,2,3,3,2,3,2,3,1,4,2,3,1,1,3,3,3,3,2,1,3,3,1,1,2,3,3,3,3,2,2,3,1,1,5,3,1,3,2,4,1,1,2,1,1,2,2,1,2,2,1,2,1,2,1,2,1,2,2,3,5,2,2,4,1,3,3,3,1,3,2,1,1,1,1,2,2,3,3,1,3,2,2,1,2,1,4,4,3,3,2,1,2,1,1,1,1,1,4,1,1,2,3,3,2,2,3,2,2,2,3,1,3,1,2,2,3,2,3,3,1,1,4,4,3,1,2,1,2,3,2,2,3,1,3,2,1,2,1,4,2,3,3,2,2,2,1,1
CluIDFG21G_1273,1,1,1,1,2,4,2,1,2,1,1,1,1,1,3,2,2,2,1,2,2,1,1,2,1,1,4,4,4,3,2,3,1,2,1,2,2,1,1,3,3,2,1,3,1,3,1,1,2,2,3,3,2,2,2,3,1,1,1,1,3,1,4,3,2,2,1,1,3,3,3,2,2,2,3,3,3,2,1,1,1,3,1,2,3,3,2,5,3,1,2,2,1,2,3,1,3,3,1,1,2,1,1,3,1,1,1,1,4,4,1,1,2,2,1,2,1,2,3,3,3,1,3,2,2,2,2,2,4,2,3,2,2,1,1,2,1,2,1,2,2,2,2,1,1,3,3,1,1,2,1,2,2,2,1,1,1,1,2,2,2,1,2,2,2,2,1,3,2,1,1,1,2,2,2,2,1,1,4,2,2,2,3,1,1,1,2,1,2,1,1,1,7,7,2,2,1,1,1,1,2,1,1,4,1,2,2,2,1,1,2,1,1,1,1,2,1,1,3,2,3,1,1,4,3,2,1,2,1,2,3,1,1,1,1,1,1,3,2,2,3,3,2,2,1,3,3,3,3,3,1,1,1,1,2,3,1,2,1,1,3,3,2,3,3,1,3,2,2,4,3,1,1,3,2,1,3,3,2,1,3,2,2,3,2,2,2,2,2,3,2,2,1,3,3,3,2,1,1,2,1,1,2,2,2,2,1,3,2,2,2,2,2,1,1,1,2,1,2,2,3,4,2,1,2,2,3,2,5,1,3,3,2,3,5,5,2,3,2,2,1,2,3,2,1,3,3,3,1,2,1,1,4,1,1,1,1,1,1,2,1,3,3,2,2,1,2,3,4,4,2,3,1,1,2,1,3,2,5,5,1,1,2,2,2,2,2,1,1,2,1,1,2,2,2,2,3,3,3,3,1,1,1,3,3,2,3,2,1,1,1,1,1,3,2,2,1,3,3,1,3,2,3,3,3,3,3,1,2,1,2,2,4,4,1,1,2,2,3,3,2,2,3,3,1,3,3,2,4,4,2,1,2,1,1,2,1,1,2,1,2,2,1,3,3,3,1,1,2,2,3,2,1,2,4,2,4,1,3,3,1,1,1,1,5,2,1,2,5,5,2,2,1,2,1,2,2,2,4,3,4,1,2,1,3,2,1,1,1,2,4,1,2,2,3,1,1,1,3,3,3,2,3,1,1,1,2,1,3,3,3,3,2,1,3,3,2,2,1,3,1,3,1,1,2,3,2,3,3,3,1,2,1,2,2,3,2,2,2,1
CluIDFG21G_1279,2,2,2,1,1,4,1,3,2,1,2,1,1,3,4,4,2,2,3,3,3,3,1,1,1,2,4,4,1,4,3,2,2,2,2,3,1,1,1,2,1,2,3,3,3,3,2,3,1,1,3,2,2,2,2,2,2,2,1,1,2,3,5,4,2,2,1,4,3,3,3,2,2,2,3,1,3,1,1,1,3,3,1,2,3,2,4,4,1,1,2,1,1,1,2,1,3,2,1,2,2,3,2,2,2,3,1,2,4,4,1,1,2,1,2,1,2,1,3,1,1,2,3,2,2,3,2,1,2,2,2,2,3,3,2,1,3,4,1,2,1,1,2,2,2,2,3,5,2,1,1,1,1,3,2,1,1,1,1,2,1,3,2,1,3,2,1,1,3,3,1,1,3,3,2,3,1,2,1,2,2,1,2,2,1,1,1,1,2,1,1,2,1,4,3,1,1,2,2,1,2,4,4,2,2,1,2,4,1,1,2,4,2,1,2,2,1,1,2,1,3,3,4,4,1,1,1,1,1,1,2,2,1,2,2,1,2,2,2,1,2,3,2,2,2,2,3,2,4,1,1,3,1,1,3,2,2,1,2,2,1,3,2,1,3,3,2,2,4,1,1,1,3,1,1,1,2,3,2,1,2,2,2,3,2,1,2,3,2,3,1,2,2,1,3,3,3,2,2,1,2,2,1,2,3,3,1,3,3,2,2,3,2,2,1,1,3,2,1,1,3,3,2,2,2,2,3,3,5,3,3,1,5,5,5,3,2,2,1,1,2,2,3,1,1,2,2,2,1,1,2,1,2,5,1,2,2,2,1,2,1,1,2,2,1,3,3,3,4,3,3,2,2,2,2,1,2,1,4,5,3,1,2,2,2,1,2,1,2,1,2,2,2,1,1,2,3,3,1,1,2,1,1,2,2,3,3,3,2,2,1,1,2,3,1,2,2,3,3,3,3,4,2,3,3,3,4,3,3,1,2,2,4,3,1,1,3,3,2,3,2,3,3,3,2,2,1,3,4,4,1,5,1,2,1,1,1,1,2,2,1,1,1,2,3,1,2,1,1,1,3,2,2,1,4,5,1,3,3,3,1,3,1,1,1,1,1,1,5,5,1,2,3,3,2,2,1,2,4,2,4,4,2,1,2,3,1,1,2,2,3,3,1,1,3,1,3,3,2,2,3,3,2,3,1,1,1,3,2,2,3,1,3,1,4,2,2,2,2,3,4,3,1,2,1,3,1,3,3,3,1,1,1,1,2,3,2,2,3,1
CluIDFG21G_1280,1,1,3,1,4,1,1,3,2,2,1,3,3,4,4,4,2,3,1,1,3,3,1,1,2,2,2,4,1,1,2,3,2,1,1,2,3,1,3,3,1,2,3,3,3,1,2,2,2,2,4,2,1,2,1,1,2,1,1,1,2,2,4,5,2,1,1,4,2,2,2,2,3,1,1,4,1,1,3,3,3,3,2,1,1,2,3,2,3,3,2,2,1,3,2,1,4,3,1,1,3,1,1,1,1,1,2,1,4,2,2,2,2,2,2,2,3,3,2,1,1,1,3,3,2,2,2,2,1,1,2,3,2,1,1,2,4,2,2,2,1,1,2,2,3,2,1,1,2,1,2,1,3,2,1,2,1,3,1,1,2,1,1,1,3,2,1,1,3,3,1,1,3,2,3,3,2,1,2,1,2,2,2,2,1,3,1,2,2,2,2,2,7,4,3,1,1,2,2,2,4,4,4,2,2,1,4,4,3,2,1,2,2,2,1,2,2,1,2,3,3,1,1,2,3,4,1,2,1,1,3,2,2,2,2,3,2,1,2,2,3,1,3,3,2,1,2,3,1,3,3,3,1,1,2,2,1,1,2,2,2,4,1,2,1,1,3,3,4,4,2,1,1,1,1,2,3,2,2,2,2,2,1,2,1,1,2,3,2,2,1,1,1,4,3,3,2,3,1,1,1,2,2,2,2,2,3,3,1,2,1,2,1,2,1,2,2,2,1,1,3,3,2,1,1,1,3,3,5,2,3,2,4,3,5,2,2,1,1,2,2,1,3,1,3,2,2,1,1,1,1,1,2,5,1,2,2,2,1,2,2,3,2,3,1,3,2,3,4,4,3,2,2,1,2,1,2,1,3,1,3,1,2,1,2,1,2,1,2,2,3,3,1,3,2,2,3,1,3,1,2,2,1,1,3,1,3,2,2,2,1,1,1,2,2,2,1,2,2,3,3,4,3,3,1,3,3,3,2,1,2,2,3,3,1,1,3,1,1,1,2,3,3,3,2,2,3,5,3,1,1,1,1,1,3,3,1,2,2,2,2,2,2,1,2,2,2,2,1,1,2,2,5,2,2,4,2,3,2,2,3,3,1,2,1,1,2,1,5,5,2,2,2,1,1,2,2,1,3,1,4,3,2,2,2,2,1,1,2,2,3,3,2,2,3,2,1,2,3,2,2,3,2,3,1,2,2,2,3,3,3,1,1,3,2,4,1,3,1,3,3,4,4,1,3,2,3,3,2,2,1,4,2,3,3,2,2,2,1,2
CluIDFG21G_1282,1,1,2,1,4,4,2,1,1,1,1,2,3,1,2,4,2,2,1,5,2,2,2,2,1,1,4,4,3,2,2,3,2,2,1,3,1,2,1,2,1,3,3,3,1,1,2,2,1,2,1,2,2,2,2,1,2,1,2,2,1,2,5,3,1,2,3,1,2,3,2,2,2,2,3,3,3,3,3,3,3,2,2,2,2,2,3,2,1,1,2,1,1,3,3,2,3,3,2,2,1,2,1,3,1,1,2,1,3,4,1,3,2,1,1,1,3,2,3,4,3,3,2,3,2,2,2,2,1,1,3,1,1,1,2,1,2,3,2,2,1,2,2,2,2,3,5,3,2,3,1,1,1,3,2,2,3,1,2,2,3,1,2,2,1,2,1,1,1,3,1,1,3,2,2,2,1,1,2,1,2,1,3,1,3,1,2,2,2,1,1,2,4,6,2,3,1,1,2,2,4,2,1,3,2,3,1,2,1,1,1,2,3,2,2,1,2,2,3,2,3,3,4,3,2,3,1,2,2,1,1,3,1,1,2,1,1,3,1,2,3,2,2,3,1,3,3,3,1,1,3,3,1,2,3,2,1,1,2,1,2,2,1,2,3,3,2,2,2,1,1,3,3,1,2,1,3,2,1,1,3,3,3,3,2,2,2,2,3,3,2,1,1,4,3,1,2,3,1,1,2,2,2,2,1,2,3,1,2,2,2,2,1,2,2,1,1,2,1,1,4,2,2,2,3,2,2,3,5,5,3,3,1,1,1,1,2,3,2,1,1,1,1,1,2,2,3,2,2,2,3,3,4,4,1,1,2,1,1,2,3,3,2,2,2,2,2,2,4,3,2,3,1,2,2,5,3,3,4,1,3,3,1,1,1,1,2,2,2,1,1,3,1,3,2,2,1,2,1,3,2,2,2,3,3,3,1,2,2,2,2,1,1,1,2,2,1,3,2,2,1,3,3,3,3,1,4,4,2,3,2,2,3,2,1,1,3,3,2,3,2,2,2,3,3,1,2,5,4,2,4,1,2,1,1,3,2,1,2,1,1,1,2,1,1,2,2,1,2,2,2,3,2,4,3,5,1,3,1,3,3,3,2,2,1,1,1,2,3,5,2,2,1,1,2,2,2,1,4,3,4,4,2,1,3,3,1,2,3,2,1,3,1,2,2,1,3,2,2,3,1,2,3,2,1,1,4,4,3,3,3,1,1,2,1,4,1,2,2,3,4,3,1,1,1,3,1,3,1,1,1,1,1,2,1,1,2,2,1,1
CluIDFG21G_1284,2,1,3,2,4,1,3,3,2,1,1,1,3,4,3,4,1,2,3,3,1,3,1,1,3,1,4,4,1,1,2,2,1,2,1,1,1,1,3,1,3,3,1,3,3,3,3,3,1,1,2,2,2,2,2,1,2,2,2,1,2,3,4,1,4,3,1,1,2,2,1,2,2,3,1,3,3,1,1,1,3,2,2,2,1,2,5,2,1,1,2,1,1,1,1,3,4,2,2,2,1,2,2,1,1,1,1,1,4,4,1,1,1,3,2,2,3,3,4,4,1,1,2,3,1,2,1,2,1,4,3,3,3,2,2,1,2,4,2,3,1,1,2,2,2,2,5,1,2,2,1,1,1,2,1,4,2,2,1,1,2,2,1,1,3,3,2,2,3,3,1,1,1,2,2,3,2,1,1,1,2,2,1,1,1,3,2,2,2,2,2,2,7,7,3,3,1,1,1,1,3,1,3,1,3,2,2,2,1,3,1,2,2,1,2,2,1,1,3,3,3,3,3,4,1,3,1,1,1,2,2,2,1,1,3,1,1,1,1,1,2,3,1,3,2,2,3,3,3,3,3,3,1,1,2,3,2,1,1,2,2,1,3,1,2,2,2,1,5,4,2,1,1,1,1,1,2,2,1,1,3,1,3,3,1,2,3,3,2,2,2,1,4,1,1,3,2,2,1,1,2,2,1,2,3,2,3,2,2,3,3,1,1,1,1,2,2,2,1,1,3,1,1,2,2,2,3,2,5,1,3,1,4,5,3,3,2,1,1,1,1,2,1,3,2,3,1,2,1,1,1,1,2,2,1,1,2,1,2,2,2,2,2,3,1,1,2,1,4,4,3,3,1,1,1,1,1,1,4,5,3,1,1,2,2,1,1,2,1,1,1,1,3,2,2,2,3,2,1,1,2,2,2,2,2,3,2,2,1,2,1,1,1,2,1,2,3,2,3,3,4,4,1,3,1,3,3,3,3,2,2,2,3,3,1,3,1,2,3,3,2,2,2,3,2,1,2,3,2,3,2,2,2,1,1,1,2,1,2,1,2,2,3,1,3,1,2,1,1,2,3,2,5,2,1,4,3,4,3,2,1,1,1,2,1,1,1,1,3,5,1,2,1,1,2,1,2,2,4,4,3,3,2,2,1,2,1,1,3,1,3,1,2,1,1,1,1,3,2,2,1,3,3,2,2,1,2,4,2,3,3,1,1,3,4,3,3,1,1,2,2,4,2,4,1,3,2,3,3,3,2,1,2,2,3,2,2,2,1,1
CluIDFG21G_1287,1,2,2,2,4,4,2,2,1,1,3,3,1,1,4,4,2,2,1,1,2,2,2,2,1,1,4,4,2,2,2,2,2,2,3,2,1,3,1,3,3,3,1,1,3,1,1,2,2,1,1,3,1,2,1,2,2,2,2,2,2,2,5,1,2,3,4,1,2,3,3,1,3,2,4,3,3,3,3,1,2,2,2,1,2,2,3,2,3,2,2,2,3,3,1,3,3,4,1,2,2,2,2,2,3,3,2,2,4,4,1,1,2,2,2,2,3,3,1,2,1,3,2,3,2,2,3,2,1,2,1,2,2,3,1,2,3,2,3,1,1,2,1,1,3,3,1,3,1,1,2,1,2,1,4,2,2,3,1,2,2,3,1,2,2,2,1,2,3,3,1,1,3,3,3,3,2,1,2,1,1,2,1,2,3,3,2,2,1,2,2,2,4,7,3,3,1,1,1,2,3,2,3,4,1,1,3,4,2,3,2,1,2,1,1,1,2,1,2,1,3,1,1,3,1,3,1,2,2,2,2,3,2,1,2,1,3,2,1,1,2,2,3,2,1,2,3,3,1,3,3,3,1,1,3,3,1,1,2,1,1,1,1,1,3,3,2,3,4,4,1,3,2,1,2,1,2,2,2,1,1,3,3,3,1,1,2,2,1,3,2,1,5,1,1,1,2,3,2,1,2,1,1,2,3,2,3,3,2,2,3,1,3,2,2,1,2,1,1,1,4,3,2,1,2,2,3,3,5,5,3,3,4,4,2,2,2,3,1,2,2,2,1,2,2,2,2,1,2,1,1,2,5,5,1,2,2,2,1,2,1,3,2,2,1,3,1,2,1,4,3,1,1,1,1,3,3,2,4,3,3,3,1,1,1,1,1,1,1,2,1,3,1,3,1,1,3,1,1,3,1,2,1,2,3,2,2,3,1,2,1,2,2,1,2,2,1,2,3,3,4,4,3,1,1,3,3,3,2,2,2,2,2,4,2,1,3,1,2,2,2,2,2,2,2,3,2,1,4,1,1,5,3,1,1,3,1,2,1,2,2,2,3,2,1,1,2,2,1,1,2,2,2,2,4,2,2,3,2,1,2,3,2,1,1,1,1,2,2,2,3,2,3,2,1,2,1,1,4,1,4,4,1,3,1,2,1,1,1,2,3,1,1,2,3,1,1,1,3,3,2,2,3,3,1,1,2,2,2,2,3,3,2,1,4,2,2,2,1,3,2,1,4,4,2,2,2,3,2,2,1,1,3,1,1,2,1,2,1,1
CluIDFG21G_1289,1,2,2,2,4,1,3,3,1,1,1,1,1,1,3,2,2,2,2,2,2,1,2,1,1,1,4,4,3,3,3,2,2,2,2,3,3,1,1,3,3,3,1,3,3,3,3,2,1,2,1,4,1,2,1,1,1,1,2,2,3,3,5,1,3,3,1,1,2,1,1,1,2,3,4,3,3,3,2,2,3,3,2,2,2,1,2,2,1,1,1,1,3,3,3,2,3,3,2,2,2,2,3,2,1,1,2,1,4,2,3,1,2,1,1,1,2,2,3,1,1,3,3,2,2,2,3,3,2,1,3,2,1,2,1,1,3,1,1,2,1,1,2,1,3,2,2,5,2,1,1,1,1,1,2,4,1,1,2,2,2,3,2,2,2,1,1,2,1,3,1,1,2,1,2,1,1,1,2,2,2,2,1,2,3,3,2,1,1,1,2,1,4,4,3,2,1,1,2,1,4,3,2,4,1,3,4,3,1,3,1,2,1,2,1,1,2,1,2,3,3,3,3,2,3,3,1,2,1,1,2,3,1,1,2,2,3,1,2,1,2,2,3,3,1,2,2,3,1,1,3,3,2,1,2,3,1,2,2,2,3,3,2,2,3,1,3,2,4,2,1,1,1,2,2,1,2,3,2,2,3,3,3,3,1,2,3,3,3,4,1,2,4,3,1,1,2,3,3,3,2,1,1,1,2,1,3,1,2,2,1,1,2,3,1,1,1,2,2,1,3,4,1,2,3,1,3,3,2,5,3,2,3,3,3,5,3,1,2,2,1,2,2,1,2,1,3,2,2,1,1,1,2,5,2,2,1,1,2,1,2,1,3,3,1,1,3,1,4,4,2,2,1,2,1,5,2,3,5,3,1,1,2,2,2,1,1,2,1,1,1,1,3,1,2,2,3,3,1,1,1,1,2,3,2,3,2,3,2,2,1,2,3,1,2,2,1,3,3,3,3,1,2,3,3,3,3,3,1,1,2,1,4,2,1,3,3,1,3,3,3,2,3,1,1,3,2,3,2,2,2,4,3,1,3,1,1,1,2,2,1,2,1,3,1,2,1,1,2,2,3,3,2,4,4,3,2,1,3,3,2,2,2,2,1,1,2,1,4,2,2,2,1,1,2,2,2,2,4,2,2,4,2,2,2,3,1,2,3,3,1,1,2,2,3,2,1,1,3,3,2,3,3,2,1,2,4,4,3,2,1,3,2,3,4,4,2,2,1,2,2,1,4,4,2,3,2,2,2,3,4,1,1,1,3,3,2,1,2,2
CluIDFG21G_1291,2,2,2,3,4,4,3,2,2,1,3,2,4,3,4,4,3,2,5,1,2,2,2,2,1,1,4,4,1,1,2,3,1,1,3,3,3,3,1,1,1,2,1,3,3,3,3,2,2,1,3,3,2,1,3,1,2,2,1,2,2,2,4,4,3,4,1,1,2,1,1,1,3,3,3,3,2,2,3,3,2,3,2,2,1,2,2,4,1,1,2,2,1,3,2,1,4,2,1,2,1,2,2,2,2,3,2,2,4,4,3,1,3,3,1,1,2,1,3,4,3,3,3,2,2,2,3,2,2,4,2,1,3,1,2,2,3,2,3,2,2,1,1,1,3,3,3,3,2,1,1,1,1,2,4,1,1,1,2,2,2,2,2,1,2,2,1,3,3,1,1,1,2,1,1,3,2,1,1,4,2,2,1,1,1,3,2,2,2,2,1,1,2,7,2,2,2,1,2,1,2,2,2,3,1,3,2,1,1,1,1,2,1,1,1,2,1,1,1,1,3,3,3,3,3,3,2,2,1,1,1,3,1,1,1,1,1,1,2,1,2,2,2,3,2,2,3,2,2,1,3,3,1,2,2,2,1,2,2,2,3,2,3,2,3,3,3,1,4,4,1,2,2,2,2,2,1,1,2,2,3,1,3,3,2,1,2,2,3,4,2,1,3,3,1,1,3,3,2,2,1,2,2,2,2,2,3,1,2,2,2,1,2,1,1,2,3,1,2,1,3,1,2,2,2,1,2,3,2,5,3,3,5,1,2,1,1,2,2,1,2,2,2,1,2,2,2,3,1,2,3,3,1,5,1,1,2,2,2,2,1,3,2,2,1,3,3,3,4,3,3,2,2,2,3,3,1,1,4,1,3,2,1,2,2,2,2,2,2,2,2,3,1,2,2,2,3,2,1,3,1,2,2,1,2,2,2,2,2,2,1,1,2,1,2,3,1,2,2,3,3,3,3,3,3,1,4,2,2,2,1,2,2,3,1,2,1,3,2,3,3,2,2,3,1,2,3,4,4,4,4,1,3,3,1,2,1,3,2,2,2,2,1,1,1,2,1,2,1,1,3,3,2,1,1,1,3,1,2,3,3,1,1,1,1,1,2,1,2,5,2,2,1,1,1,2,2,2,4,2,4,4,2,2,2,2,1,2,2,1,3,1,2,2,1,3,2,1,3,3,3,2,3,2,1,1,4,2,3,3,3,1,2,2,2,2,2,2,3,2,4,3,2,2,1,2,3,3,2,1,2,4,3,1,3,3,2,1,1,1
CluIDFG21G_1293,2,2,2,2,4,4,3,3,2,1,3,1,3,3,4,4,3,3,1,1,3,3,1,1,2,2,2,2,1,1,2,3,1,2,2,3,3,3,3,3,1,3,3,3,1,3,2,2,2,1,4,2,1,1,1,1,2,2,1,1,2,2,5,4,2,2,1,3,3,2,1,2,2,3,3,3,2,3,1,3,2,3,1,1,2,2,3,3,1,2,1,1,3,3,1,1,4,3,2,1,2,2,2,2,3,3,2,2,4,1,2,1,1,2,1,2,3,2,1,4,1,3,2,2,2,3,1,3,1,2,3,2,3,2,2,2,4,3,2,3,2,1,2,2,2,3,1,5,3,2,1,1,3,3,2,1,1,1,1,1,1,1,1,2,2,2,1,3,1,1,1,2,3,3,2,2,2,2,1,2,2,2,1,2,1,2,1,2,2,2,2,1,7,7,3,2,2,1,2,2,3,3,4,4,1,1,4,4,3,3,2,4,2,1,2,2,1,1,1,2,1,3,3,1,3,1,1,2,1,1,3,2,1,1,2,1,2,2,2,2,1,1,2,3,2,2,2,3,1,1,2,3,1,1,3,3,1,1,2,1,4,3,2,2,2,3,2,2,2,4,2,1,1,2,1,2,2,3,1,1,2,3,3,2,1,1,3,2,3,2,2,2,1,1,1,1,3,3,1,1,1,2,2,1,2,1,3,1,3,2,3,1,1,2,1,2,2,3,1,2,3,3,1,1,1,2,1,2,1,2,3,2,3,2,2,5,2,2,1,1,1,2,1,2,2,2,1,3,1,1,3,1,2,2,1,1,2,2,1,2,2,1,2,3,1,1,3,3,3,4,3,3,1,1,1,2,2,2,3,3,1,3,1,2,2,1,2,2,2,1,1,2,1,1,2,2,3,3,3,3,1,1,3,1,3,2,3,2,2,2,1,2,1,2,2,2,3,2,1,2,2,3,3,2,3,3,3,3,3,3,2,2,3,3,1,2,3,3,2,1,2,2,3,3,2,2,5,3,4,4,2,3,1,1,1,1,1,2,1,1,2,2,3,1,3,2,2,2,1,2,3,4,5,5,2,2,4,2,3,1,1,1,1,1,1,1,2,2,2,2,2,2,3,1,2,2,2,2,4,4,3,3,2,2,2,2,1,1,2,2,1,4,2,2,3,3,3,3,1,3,2,3,3,3,1,3,2,4,3,2,3,3,3,2,4,4,2,1,3,3,3,1,4,2,1,3,3,3,1,1,1,1,2,3,3,2,2,2,1,1
CluIDFG21G_1298,1,1,2,1,4,1,3,1,1,1,1,3,3,1,3,3,1,1,2,2,2,2,2,2,1,1,2,4,1,2,2,3,1,2,2,3,3,2,2,3,2,3,3,3,1,3,2,2,1,2,1,3,1,2,1,1,2,1,1,1,1,1,3,3,2,2,1,1,3,3,2,2,2,2,3,3,2,3,2,1,3,3,2,2,2,2,4,2,3,1,1,2,1,1,3,3,4,3,1,1,3,1,1,1,1,3,1,2,4,4,2,1,3,2,2,2,3,1,3,3,3,3,2,2,1,3,1,1,2,1,2,3,1,2,1,1,2,3,1,2,1,1,1,2,1,2,1,3,2,2,2,1,3,1,2,1,1,2,1,1,3,2,2,2,2,2,1,1,3,1,1,1,3,2,3,2,2,1,2,4,2,2,1,1,3,3,2,2,1,2,2,1,7,4,3,2,1,1,1,1,3,3,4,4,1,1,4,4,3,3,2,4,2,3,1,1,1,2,3,2,1,3,4,2,1,4,2,2,2,1,2,2,1,2,1,1,1,2,1,1,2,2,1,3,1,1,3,3,4,4,1,2,1,1,2,3,2,2,2,2,3,2,2,1,1,3,2,2,4,2,1,1,3,1,2,1,2,2,1,2,2,3,2,3,2,1,3,3,3,3,2,2,3,3,1,1,2,2,3,3,2,1,1,2,3,1,1,2,2,2,1,1,1,2,1,1,1,2,2,1,4,4,2,2,1,1,3,3,5,5,3,3,3,1,2,3,3,2,2,1,1,1,1,1,2,2,2,3,1,2,1,3,5,4,2,1,1,1,2,2,3,3,2,2,1,1,3,3,2,4,2,3,1,1,1,3,3,2,4,5,1,3,1,2,2,1,1,2,1,2,1,3,2,3,2,2,3,3,1,1,1,1,3,2,2,2,3,2,2,1,1,2,2,1,2,3,2,2,1,3,4,4,2,2,3,3,1,3,1,1,1,1,3,2,1,1,3,3,3,3,2,2,3,3,2,3,3,2,2,1,2,4,1,3,1,2,1,1,2,1,2,1,2,1,1,1,2,2,2,1,2,2,2,2,4,4,1,1,3,1,2,3,2,1,1,1,2,2,5,3,2,2,2,1,2,1,2,2,1,4,4,3,4,2,2,3,1,1,2,2,1,3,2,1,3,1,1,1,3,4,3,3,3,2,2,3,1,4,3,2,1,3,3,1,4,3,2,2,1,2,1,1,1,2,2,2,2,2,3,2,4,1,2,3,2,3,1,1,2,2
CluIDFG21G_1299,2,2,3,3,4,1,3,3,2,2,1,3,4,4,4,4,1,1,3,3,2,1,1,2,3,2,1,4,2,1,3,2,2,2,2,2,1,3,1,3,3,3,3,1,3,3,3,3,2,1,3,2,2,2,2,1,2,2,1,2,3,2,4,1,3,4,1,1,2,3,2,3,3,2,3,3,1,3,1,1,2,3,2,2,2,2,5,2,1,2,2,1,3,1,1,3,3,2,2,1,2,1,2,2,1,3,2,1,1,4,1,2,2,3,2,2,2,3,3,4,1,1,2,1,3,1,2,3,2,1,2,3,2,3,2,2,3,4,3,2,1,1,2,2,3,2,3,1,1,1,2,1,2,3,4,1,1,2,1,2,2,3,1,1,3,2,2,1,3,1,1,1,3,3,3,3,1,2,1,2,2,1,1,2,2,3,2,2,2,2,2,2,7,7,3,3,1,2,2,2,3,3,4,2,1,3,2,1,3,1,1,4,1,1,2,2,1,1,2,3,3,1,4,4,1,1,1,2,1,2,2,2,1,2,3,3,1,1,2,1,3,3,1,1,1,2,3,3,3,4,3,3,1,1,2,3,1,1,1,1,3,2,3,2,3,3,1,3,4,4,1,1,1,1,2,1,1,2,2,1,3,1,3,3,1,1,1,3,3,2,1,2,1,4,3,1,1,2,1,3,2,2,1,2,2,3,1,3,2,2,3,2,3,1,1,1,2,2,2,1,3,3,2,2,2,1,3,3,1,5,2,1,4,3,3,5,2,2,2,1,2,1,1,1,2,2,1,1,1,1,1,1,5,2,1,1,1,1,1,1,1,1,2,1,1,1,3,2,2,1,2,3,1,2,1,3,1,1,5,5,3,3,1,1,1,1,2,1,2,2,3,2,1,2,2,2,3,3,1,3,1,1,2,2,2,2,2,3,2,1,1,2,2,1,3,2,1,2,2,1,3,3,3,3,1,3,3,3,2,3,2,2,3,1,1,1,3,3,3,3,2,1,3,2,2,2,3,3,2,3,2,5,1,2,3,3,2,2,1,2,1,2,3,3,2,1,2,2,1,1,4,2,2,5,4,4,3,2,1,3,1,2,1,1,2,1,2,1,2,5,2,2,3,2,1,2,1,2,4,1,3,3,2,2,2,2,1,1,1,3,3,3,1,2,2,1,3,3,2,3,3,1,2,2,1,2,2,4,2,3,3,3,1,3,3,4,1,2,2,1,2,3,1,2,1,3,1,2,3,2,4,2,2,3,3,3,2,2,1,1
CluIDFG21G_1302,2,2,3,2,4,4,3,1,1,1,2,1,3,3,3,3,1,2,1,1,2,3,1,2,2,1,1,4,1,2,3,3,1,2,2,2,1,3,3,1,2,3,3,3,3,3,2,2,2,1,3,3,2,1,3,1,1,1,2,2,1,1,4,3,3,2,1,1,3,3,3,2,2,3,3,3,1,2,3,1,3,2,2,2,2,2,3,2,2,1,2,2,3,3,3,1,4,4,1,1,2,1,3,3,1,1,1,1,4,1,3,1,1,1,2,1,1,1,1,3,2,1,3,2,2,2,1,1,4,2,2,2,3,3,2,2,2,4,2,2,2,1,2,1,3,2,1,5,3,1,2,1,3,2,2,1,1,1,1,1,3,3,1,2,2,2,1,1,1,3,2,2,3,3,3,3,2,1,1,2,3,3,2,1,2,2,2,2,2,2,1,1,4,7,1,2,2,1,1,1,2,2,3,2,3,3,1,4,1,2,2,2,2,2,1,2,1,2,2,3,1,3,3,1,3,3,2,2,2,1,3,2,2,1,1,2,1,2,2,1,3,2,3,1,1,1,3,2,2,4,1,3,1,1,2,2,1,1,2,2,2,2,2,1,1,3,2,3,2,2,1,1,1,3,2,1,3,2,1,2,3,3,2,3,2,1,2,2,3,3,1,2,3,3,1,3,2,3,1,3,2,2,2,2,1,2,3,2,2,3,1,3,1,1,2,2,3,1,1,1,3,2,2,2,2,1,3,3,3,5,3,3,1,1,3,2,2,1,1,3,2,2,3,2,1,3,3,3,1,2,1,3,4,4,1,1,1,1,1,2,3,3,2,2,2,3,2,3,3,3,1,2,1,2,3,2,2,1,4,3,3,3,2,1,2,1,2,2,1,1,1,2,1,3,2,2,3,1,3,1,1,2,2,2,3,3,3,2,2,2,1,2,1,1,2,3,2,2,2,1,3,1,3,2,3,3,3,3,1,1,1,2,2,2,1,1,3,3,3,3,3,3,3,1,3,2,5,3,4,1,3,1,1,1,3,1,2,1,1,1,2,2,1,1,3,3,2,1,2,2,4,3,5,2,4,1,1,3,3,3,1,2,1,1,1,1,1,2,2,3,1,3,2,2,2,2,2,1,2,4,3,4,4,2,2,2,1,1,2,2,1,1,2,2,3,3,1,3,2,2,1,3,1,2,2,1,4,2,2,2,1,3,1,1,2,4,3,2,2,3,4,1,1,1,2,2,3,2,2,1,1,1,1,1,3,3,2,1,2,2
CluIDFG21G_1303,1,1,2,2,4,1,1,3,1,1,3,1,3,3,3,3,2,1,1,1,3,2,1,2,1,2,1,4,2,1,2,3,1,2,3,2,3,1,1,3,3,1,3,1,1,3,2,3,2,2,1,4,1,2,1,2,2,1,2,1,3,2,4,5,3,3,1,1,2,1,1,1,2,3,3,3,2,3,2,1,3,3,2,2,2,2,4,2,1,1,2,2,1,3,3,3,1,3,1,3,3,2,1,1,1,3,2,2,4,2,3,1,1,2,2,1,3,3,3,3,2,2,3,3,3,2,1,2,4,2,3,2,2,1,2,1,3,4,2,1,1,2,2,1,2,1,5,1,1,3,2,2,2,3,2,2,2,3,1,2,2,3,2,2,3,1,1,1,3,1,1,1,3,3,2,1,2,2,2,1,2,1,3,1,1,1,2,1,2,1,1,1,4,4,2,3,1,1,2,2,2,2,4,1,1,1,1,2,1,1,1,1,1,1,2,1,2,2,1,3,3,3,2,4,4,2,2,2,1,1,2,2,1,2,3,1,2,1,2,1,3,3,3,1,1,2,2,3,3,4,2,1,1,1,2,2,1,1,2,2,3,2,2,1,3,1,2,3,2,4,1,1,1,2,2,2,3,2,2,2,3,1,1,2,2,2,2,3,3,3,2,2,1,3,3,1,3,3,2,3,1,1,1,2,3,2,1,3,3,2,3,3,1,3,1,1,1,1,2,2,3,3,2,2,1,2,1,3,3,2,3,3,1,1,1,2,2,2,1,2,1,2,1,1,2,2,3,3,2,2,1,1,5,5,2,1,2,1,2,1,1,1,3,3,1,3,3,3,4,2,3,3,1,1,3,3,2,1,3,5,1,1,1,2,1,2,2,2,2,1,1,3,3,3,2,2,2,1,1,1,2,2,2,2,3,2,1,2,2,2,2,1,1,2,4,2,2,1,3,1,4,3,2,3,3,3,3,3,2,2,1,1,2,2,2,1,3,3,2,3,2,2,3,3,3,3,4,3,2,4,5,4,3,2,1,1,1,2,1,1,1,2,1,1,3,3,2,2,2,2,3,3,5,2,4,4,1,1,3,2,3,1,1,2,1,1,2,2,5,3,2,3,4,1,2,2,2,1,4,4,1,4,1,2,3,1,1,1,3,3,1,1,2,2,3,3,1,1,4,2,1,3,2,3,1,1,2,4,2,3,3,3,1,2,3,4,2,1,2,3,4,1,4,1,3,2,2,3,3,3,4,3,1,1,3,3,1,1,2,2
CluIDFG21G_1305,2,1,1,1,4,2,1,1,2,2,1,1,3,3,3,3,1,1,2,2,1,3,1,2,2,2,4,2,1,4,3,2,1,2,1,2,3,1,1,3,2,2,2,3,3,1,2,2,2,2,3,2,1,2,3,1,1,1,2,1,2,3,1,4,2,4,1,1,3,3,2,2,2,3,2,3,3,1,1,1,3,2,1,1,2,1,5,3,1,1,2,2,3,3,3,3,4,1,3,1,1,3,2,2,2,1,2,2,2,2,3,3,2,2,1,2,1,2,3,4,3,2,3,2,2,2,2,1,2,2,2,2,2,3,1,2,1,3,1,2,2,2,1,1,1,3,3,3,2,2,2,2,2,3,1,1,1,1,2,2,3,2,2,2,2,2,2,1,2,1,1,2,2,2,2,2,1,1,2,2,2,2,1,1,2,1,1,2,1,1,1,1,4,4,2,1,1,1,1,2,2,1,2,1,3,2,4,2,1,1,4,1,2,2,1,2,1,1,3,1,3,2,3,3,1,1,2,1,1,1,3,2,1,2,1,1,1,1,2,1,1,3,3,3,2,3,2,3,1,4,3,1,1,2,2,3,1,1,2,1,1,1,2,1,1,3,3,3,4,5,1,2,1,1,1,1,2,1,1,2,2,3,3,3,2,1,3,1,3,4,1,1,1,3,3,3,1,2,2,3,2,2,2,2,1,2,3,3,1,3,2,1,3,1,2,1,2,3,1,2,3,4,1,1,1,2,2,1,1,2,1,1,4,4,3,2,1,2,2,2,1,1,2,1,1,1,3,2,1,1,1,1,5,5,2,2,2,2,2,1,3,2,2,2,2,1,2,3,3,4,2,3,1,1,1,2,2,1,4,3,3,1,1,2,2,1,1,1,1,2,3,3,2,3,1,2,3,3,1,3,1,1,2,3,2,3,3,3,2,2,2,2,1,3,3,2,3,2,1,1,3,3,2,1,3,3,3,3,2,3,2,2,2,2,1,2,2,3,3,3,2,3,3,3,1,3,2,3,2,4,4,4,1,2,2,1,2,1,1,1,2,2,1,2,1,1,1,1,2,1,3,3,5,2,2,3,3,1,2,3,1,2,1,2,5,2,2,1,2,2,2,2,1,2,2,2,2,2,4,3,3,3,2,4,2,3,1,1,3,3,1,1,1,2,2,3,3,1,3,2,2,1,2,3,1,1,2,4,2,2,1,1,3,1,3,1,1,3,2,1,4,2,4,2,1,3,2,3,3,2,3,2,3,2,3,3,3,3,1,2
CluIDFG21G_1307,2,1,3,3,1,4,3,2,1,1,1,1,4,1,3,4,3,1,3,5,3,1,1,2,2,2,4,1,2,2,1,1,2,2,3,2,1,3,3,1,3,3,3,1,3,1,3,2,1,1,2,1,2,2,1,2,2,2,1,1,2,2,5,4,2,2,2,2,2,2,2,2,2,3,4,4,3,3,1,2,3,3,1,2,2,2,3,4,1,2,1,1,3,1,1,1,4,3,2,2,1,1,2,2,1,3,1,1,1,4,1,3,3,2,1,2,2,1,4,1,1,3,1,2,3,3,3,3,2,2,2,1,3,3,2,2,3,3,2,2,1,1,2,2,2,2,3,1,1,1,1,1,1,2,4,1,2,1,2,1,3,2,2,2,2,3,2,3,3,1,2,2,2,3,2,3,1,1,4,2,1,2,1,2,3,2,2,2,2,2,2,2,7,4,3,3,2,1,2,2,3,3,4,4,1,1,4,4,1,3,3,2,3,2,2,1,1,1,3,3,3,1,1,2,3,4,1,1,2,2,3,2,1,1,3,1,1,1,2,1,3,2,3,2,1,1,3,2,4,4,3,2,1,2,2,3,2,1,1,2,1,3,1,2,3,1,2,2,5,4,2,1,3,1,2,2,3,2,1,1,2,2,3,3,1,1,3,3,1,4,2,1,1,4,1,1,2,2,1,1,2,2,2,1,2,2,1,3,2,3,1,1,1,1,2,2,2,2,1,1,3,3,1,2,2,2,3,2,5,4,3,1,1,5,1,1,2,2,2,1,2,2,1,1,2,2,1,1,1,1,3,1,4,5,1,1,1,1,2,2,2,2,3,3,1,1,1,1,4,4,2,1,1,1,1,4,2,1,4,1,1,1,2,2,1,1,1,2,2,2,1,3,1,3,1,2,2,3,1,1,1,1,3,2,3,2,2,2,2,2,1,2,2,1,2,2,2,3,3,3,4,1,3,2,2,1,4,3,2,3,2,2,1,2,3,2,1,1,3,2,3,2,3,2,1,2,1,1,2,4,2,5,1,3,3,3,2,1,1,2,2,2,1,1,3,3,2,2,2,2,3,3,5,5,2,2,4,3,3,3,1,1,1,1,1,1,1,1,3,2,2,1,2,3,1,1,1,2,4,1,4,3,2,2,2,2,1,2,1,1,3,4,2,1,3,3,1,1,2,3,1,2,3,2,1,1,4,4,2,2,3,1,3,1,4,2,2,1,3,3,3,2,4,4,1,2,1,3,2,3,4,1,1,3,2,2,2,2,1,1
CluIDFG21G_1310,1,1,2,1,4,4,1,2,2,2,3,1,1,3,4,2,3,2,3,2,2,3,2,1,1,2,4,2,1,1,2,3,2,1,3,2,4,1,3,1,1,3,3,3,1,1,2,3,2,1,2,1,2,2,3,1,1,1,1,1,1,2,4,2,3,2,4,1,3,2,2,2,2,3,4,4,3,3,1,1,3,2,2,2,3,2,4,5,3,3,2,1,3,3,3,1,1,2,1,3,2,3,2,2,3,3,2,2,4,4,1,1,3,1,1,1,2,1,4,1,1,2,2,2,1,2,1,1,2,2,2,2,2,3,1,1,2,3,3,1,1,2,1,1,3,1,5,3,4,2,1,1,1,1,4,1,2,1,1,1,3,3,1,2,2,2,1,2,3,3,1,1,3,3,3,3,1,1,2,4,2,3,3,2,1,1,2,2,1,1,2,2,7,4,3,3,1,1,2,1,4,2,3,1,1,3,3,1,1,1,2,4,1,2,2,2,2,1,2,2,3,3,3,4,2,3,2,2,1,2,3,2,1,1,1,2,2,1,1,2,3,3,2,3,3,3,2,3,1,4,1,2,1,1,2,2,1,1,2,2,3,3,2,3,1,1,3,2,4,4,1,1,3,2,1,1,3,3,1,2,2,1,3,3,1,2,3,2,4,3,1,2,4,2,3,3,3,2,3,3,2,2,1,2,1,2,1,3,2,2,1,1,3,2,1,1,1,2,2,2,3,3,1,2,1,1,1,3,3,4,1,2,2,2,4,2,3,2,1,2,1,1,2,1,2,2,2,2,1,1,3,3,5,1,1,2,1,1,2,1,3,2,2,3,2,1,3,2,2,4,2,1,2,2,3,1,3,1,4,3,1,3,1,2,2,2,2,1,1,2,3,1,1,2,2,2,3,3,1,3,1,1,2,3,2,3,2,3,1,1,1,2,1,2,2,1,3,2,3,3,1,3,1,3,3,1,3,4,1,2,2,2,4,3,1,1,3,2,3,3,2,2,3,3,3,2,2,3,3,2,5,4,1,1,2,1,2,1,2,2,2,2,2,2,3,3,1,2,2,1,3,2,5,2,3,2,2,1,2,3,1,2,1,1,1,1,2,1,5,5,2,3,1,1,2,2,2,1,4,4,3,3,4,2,2,2,2,2,2,3,1,1,2,2,1,1,2,3,1,3,3,2,3,3,1,1,2,2,2,2,3,1,1,2,4,3,3,2,1,2,2,1,2,3,3,2,2,3,3,1,1,3,2,2,3,3,1,1,1,1
CluIDFG21G_1314,1,1,3,2,4,4,1,1,1,1,2,1,3,1,4,3,1,2,2,3,3,3,1,1,2,2,2,1,1,1,2,3,2,1,2,1,3,3,3,1,3,3,1,3,3,3,2,3,2,2,4,3,1,1,3,3,1,1,2,1,2,2,4,4,4,3,1,1,1,3,2,2,2,2,3,3,3,3,1,1,3,3,2,1,2,2,2,4,1,2,2,1,1,3,3,1,4,2,1,1,2,2,1,2,1,3,2,2,2,4,3,2,1,2,2,2,3,1,4,3,2,2,3,3,2,3,2,1,2,1,1,3,2,3,2,1,3,1,3,2,1,1,2,1,2,3,1,2,2,1,1,2,1,2,1,4,1,1,2,1,2,2,1,1,2,2,1,1,3,3,1,2,3,3,3,2,2,2,1,2,2,2,1,2,2,3,1,1,1,1,1,1,4,4,2,3,1,1,1,1,2,4,1,2,1,3,1,1,2,1,1,2,1,1,1,2,1,1,1,3,3,3,3,4,2,4,2,1,2,1,2,2,2,1,2,1,2,2,1,1,1,3,3,3,3,1,2,3,3,2,3,2,1,1,2,2,1,1,2,2,3,2,2,2,1,1,2,3,4,2,1,1,1,2,2,1,3,3,2,2,2,2,3,3,2,1,2,2,2,4,1,1,3,1,3,3,3,3,2,2,1,1,2,1,1,2,1,1,2,2,3,2,1,3,2,2,2,1,2,2,4,3,2,1,2,2,2,3,2,5,1,1,4,4,2,2,2,2,1,1,2,2,1,1,2,2,1,2,1,2,3,1,5,5,1,1,2,2,1,2,1,2,2,3,1,1,3,3,3,3,2,1,2,2,5,5,1,2,3,4,1,1,2,2,2,2,1,2,2,1,2,3,1,3,2,2,2,3,1,1,1,1,2,2,3,3,3,3,2,1,2,2,3,1,2,2,3,2,2,3,3,1,2,3,3,1,2,2,1,2,2,2,2,2,2,1,3,3,3,3,2,2,3,3,1,2,3,1,3,4,1,2,1,1,1,1,2,1,1,2,2,1,1,2,1,1,1,1,2,2,3,3,2,2,4,2,3,1,2,3,1,2,2,2,1,1,2,2,5,2,2,1,2,3,1,2,2,2,2,4,3,4,2,2,2,2,1,2,2,3,1,3,2,2,2,3,1,1,2,1,3,3,2,3,3,1,2,1,3,2,1,1,2,2,4,4,2,1,2,1,4,3,3,3,3,2,2,3,3,3,2,3,1,1,3,3,2,1,2,1
CluIDFG21G_1320,1,2,2,2,4,1,3,1,2,1,2,1,4,3,3,3,2,3,1,3,2,3,1,1,2,2,1,1,1,2,2,2,3,3,3,3,1,3,3,3,1,3,3,3,1,3,2,2,2,1,2,3,2,1,2,2,2,2,1,1,2,2,4,5,3,2,2,4,2,1,1,2,3,3,2,2,2,2,1,1,1,3,2,2,1,1,2,2,1,3,2,2,3,3,3,3,2,2,1,1,1,1,1,1,1,1,2,2,2,4,1,3,2,2,2,1,3,3,1,3,1,1,2,3,2,1,3,2,2,1,3,2,1,1,2,2,3,3,1,2,2,2,2,1,2,1,3,1,2,3,1,1,3,3,1,2,3,1,2,1,3,2,2,1,3,3,1,1,3,1,2,1,1,3,2,2,1,2,1,2,2,2,2,2,3,3,1,1,2,2,2,2,7,4,1,1,2,1,2,2,2,2,2,3,1,3,4,2,1,1,2,1,1,2,1,1,2,1,3,3,3,2,3,2,1,4,2,1,1,2,2,1,1,1,3,2,2,1,2,2,2,3,1,1,2,1,2,3,4,4,3,1,1,1,2,3,1,2,2,2,2,2,3,1,1,3,2,1,4,4,2,1,1,2,2,1,3,2,1,2,2,2,2,2,1,1,2,3,3,3,1,1,2,4,3,3,2,2,1,2,2,1,1,1,2,1,2,4,2,2,2,2,1,2,1,2,1,2,2,1,3,4,1,2,1,1,3,1,5,3,1,1,4,4,3,4,2,2,1,1,1,1,3,1,1,3,2,1,1,1,3,3,4,3,1,1,2,1,2,2,3,2,1,3,1,3,1,3,4,2,2,3,1,1,1,3,1,1,5,5,3,3,2,1,2,2,1,1,2,1,3,1,1,3,1,2,2,3,1,1,1,1,3,2,3,2,3,3,2,2,1,2,1,1,3,3,1,2,2,2,1,1,2,2,1,3,3,3,3,2,2,2,3,3,2,2,2,3,3,2,2,2,3,2,2,2,1,3,1,1,2,1,1,1,1,3,1,1,2,2,2,2,3,3,2,2,1,2,1,1,4,2,2,5,5,3,3,3,3,2,3,2,2,1,1,1,1,2,2,4,3,2,1,1,1,1,1,2,4,1,4,3,2,1,2,2,2,1,2,2,1,1,2,2,2,3,3,1,3,2,3,1,3,2,1,2,2,2,3,2,3,1,1,2,2,3,2,1,3,3,4,4,1,4,3,1,2,2,2,3,1,1,2,2,3,3,2,3,1,1
CluIDFG21G_1324,2,2,2,2,4,4,2,3,2,1,1,1,3,3,3,4,3,1,1,3,3,3,1,1,1,2,2,2,1,1,3,3,1,2,2,3,3,1,3,1,1,3,3,3,3,1,2,2,2,2,2,1,2,1,2,2,2,2,1,1,2,2,4,4,2,2,2,2,2,2,2,2,3,3,3,4,2,3,1,1,1,3,2,1,3,2,3,3,3,2,1,2,3,3,1,1,3,3,1,2,3,2,1,1,2,3,1,2,4,3,3,3,3,1,2,2,1,3,1,4,3,3,3,1,1,1,3,2,4,4,2,2,3,3,2,1,2,3,3,3,1,2,1,2,2,2,3,3,2,2,1,1,1,3,2,2,3,1,1,2,2,1,1,2,2,2,1,3,1,3,2,1,3,3,2,1,2,1,4,1,2,2,2,1,1,1,2,1,2,2,1,1,7,4,2,3,1,1,2,1,3,3,4,4,1,1,1,1,1,1,4,2,1,2,1,2,1,1,3,1,1,1,1,4,2,3,1,1,2,1,2,2,1,1,2,3,1,2,2,2,1,2,2,2,2,1,2,2,4,4,2,2,2,2,2,3,2,1,2,2,1,3,1,2,2,3,2,2,2,1,1,1,1,1,2,1,2,2,1,1,3,2,3,2,1,1,3,3,3,3,2,2,4,1,1,1,2,3,1,1,2,2,2,2,2,3,1,3,2,3,1,2,3,2,1,1,2,3,2,1,3,3,1,2,2,1,2,2,4,1,1,3,2,4,5,3,2,2,1,2,1,2,1,1,2,2,2,1,1,1,1,1,2,2,2,1,1,2,1,2,1,2,3,2,1,3,2,3,2,4,2,2,1,2,1,1,2,1,5,4,1,3,1,2,2,2,2,2,1,1,2,2,1,1,1,1,2,3,1,1,2,1,1,3,2,2,2,2,1,1,2,1,2,1,2,2,3,1,3,2,4,3,3,2,1,1,3,3,3,3,2,2,3,2,3,3,1,1,3,3,2,2,3,2,2,2,1,3,4,4,2,2,1,3,1,1,2,1,1,1,2,2,1,1,2,3,2,1,1,1,3,4,5,2,2,4,2,3,2,3,1,3,2,1,3,2,1,1,2,2,3,1,2,3,1,2,2,2,4,1,4,2,4,2,2,1,2,1,2,2,3,3,2,2,3,3,3,1,3,3,2,2,3,3,1,1,4,4,2,2,3,3,2,1,4,2,2,2,3,3,4,3,2,4,1,1,2,3,1,1,1,1,2,2,3,3,2,2,1,1
CluIDFG21G_1327,2,1,1,2,4,4,2,2,1,2,1,2,1,3,4,2,3,2,2,1,3,3,2,1,1,2,3,2,2,4,2,2,1,2,1,2,1,3,1,1,3,3,1,3,1,3,2,3,2,2,4,4,2,2,2,1,1,1,1,1,3,2,4,4,3,2,1,2,2,2,2,2,3,3,3,3,2,1,1,1,2,3,2,1,2,2,4,5,1,2,2,2,1,3,3,2,4,3,1,1,1,1,2,2,3,3,2,1,2,4,3,1,2,2,1,1,2,2,3,1,2,2,2,3,2,3,1,3,1,4,3,3,1,2,1,1,4,1,2,2,2,1,1,1,2,2,5,1,2,1,1,2,3,2,2,2,3,1,2,2,3,2,1,3,2,1,3,1,1,3,2,2,2,3,2,1,2,1,4,1,2,1,2,2,3,2,2,1,2,2,1,1,3,2,2,2,1,1,1,2,2,4,1,2,1,3,3,1,2,1,1,2,1,2,2,2,1,1,3,2,3,2,3,2,4,3,1,1,1,1,2,3,2,1,1,2,1,1,1,1,2,2,1,3,3,1,3,2,4,3,2,1,1,1,2,3,1,2,2,2,3,3,1,3,3,1,3,2,4,4,1,2,1,1,2,2,2,3,2,2,2,2,3,3,1,2,2,2,2,4,1,2,3,1,1,3,3,1,2,1,2,1,1,2,2,1,3,1,2,2,2,1,3,1,1,1,1,1,2,2,4,4,2,1,2,2,3,3,1,1,2,3,1,5,2,5,2,2,2,1,2,1,2,1,2,1,3,2,2,1,1,3,4,2,1,1,2,1,1,2,1,2,3,3,3,1,3,3,4,2,3,3,2,2,2,5,2,2,3,3,3,1,2,1,2,2,2,1,2,1,2,3,1,2,1,2,3,3,3,3,2,1,2,3,1,2,3,3,2,2,2,1,2,1,3,2,1,1,2,3,1,4,1,3,3,1,4,3,2,1,1,2,2,4,3,1,3,1,2,3,1,2,2,3,2,2,2,3,2,2,2,5,1,3,1,3,1,1,1,1,2,2,1,3,3,3,2,1,2,2,2,3,5,1,4,1,3,3,3,2,1,1,1,1,3,2,1,1,3,2,2,2,2,1,1,2,1,2,4,4,4,3,2,4,3,2,2,1,1,2,1,3,1,2,3,2,1,2,3,2,1,1,2,3,1,1,4,2,2,2,1,1,3,1,3,3,3,1,2,1,1,3,4,1,3,1,3,2,2,2,1,3,1,1,3,2,2,2,1,1
CluIDFG21G_1334,1,2,2,3,4,4,1,1,1,1,2,1,3,1,1,4,2,3,3,5,3,3,1,1,2,2,2,4,1,1,2,2,2,2,1,2,2,1,3,3,3,1,3,3,3,1,3,3,2,2,3,1,2,2,2,1,1,1,2,2,1,2,4,4,3,1,3,1,3,2,3,2,1,3,3,3,2,3,3,1,3,2,2,1,2,3,4,2,2,1,2,2,1,3,1,2,4,4,1,1,2,2,1,2,2,1,2,2,3,1,2,3,2,1,1,2,3,3,4,4,3,1,2,2,3,1,3,1,4,1,1,3,1,3,1,2,3,1,2,3,2,1,1,2,2,2,1,3,2,2,2,2,2,1,1,2,1,1,1,2,3,3,3,2,1,2,1,1,3,1,2,1,3,2,3,2,2,2,1,1,3,2,2,1,3,3,2,2,1,2,1,1,3,7,2,2,1,1,1,2,4,4,4,2,3,1,4,4,1,3,2,2,2,2,2,2,1,1,4,2,3,3,3,3,1,1,2,1,1,1,2,3,2,2,1,1,1,1,1,2,3,2,1,2,1,3,3,1,4,4,2,3,1,1,3,2,1,1,2,2,2,4,2,3,3,2,3,2,4,1,2,1,2,1,1,2,2,3,2,1,3,2,3,3,2,1,3,3,2,4,1,2,1,3,1,2,3,2,1,3,1,2,2,2,2,3,1,3,2,2,2,1,3,2,1,2,3,1,2,1,3,2,2,2,2,2,3,3,2,4,2,3,1,4,1,4,2,2,2,2,1,2,1,2,3,1,3,3,2,1,3,1,5,5,1,2,2,2,2,1,2,3,3,2,1,1,3,3,4,4,3,2,1,2,3,2,2,1,3,4,3,3,1,1,2,1,2,2,2,2,3,2,1,2,2,2,3,2,1,1,2,2,1,1,3,3,2,3,1,1,1,1,1,1,3,2,2,2,1,1,4,3,3,2,3,1,4,3,1,3,2,2,4,2,3,2,1,3,3,3,2,2,3,2,2,1,4,5,2,2,2,2,1,1,1,1,3,1,1,2,2,1,2,1,1,1,2,2,1,2,2,3,2,5,5,4,1,1,3,3,3,3,1,2,1,3,1,1,3,2,2,3,1,3,2,2,1,1,1,4,3,2,4,2,2,1,1,1,3,2,3,1,2,1,3,3,2,1,2,1,2,2,3,2,1,1,2,2,2,3,1,2,1,3,3,3,2,2,2,2,3,3,4,2,3,1,3,2,1,2,1,4,1,2,2,2,2,3,2,2
CluIDFG21G_1337,1,2,2,1,1,1,3,3,2,1,3,3,3,3,4,4,1,1,2,2,3,3,1,1,1,1,4,4,4,4,3,2,2,3,1,1,1,1,3,3,3,3,3,3,3,3,3,3,2,2,4,3,2,2,1,2,1,2,2,1,2,3,1,1,2,3,1,3,2,3,2,2,2,3,3,3,1,3,1,3,3,1,2,1,2,2,3,4,1,1,2,2,3,1,1,1,2,3,2,2,2,1,1,2,1,3,1,2,4,2,1,3,1,2,1,2,2,1,1,3,3,3,3,2,2,3,1,2,1,4,2,1,1,3,2,2,3,2,2,2,2,2,1,2,3,3,1,3,2,1,1,2,1,3,2,4,2,1,2,1,2,2,2,2,1,2,1,1,3,1,1,1,2,3,1,2,2,1,2,4,2,2,1,2,2,3,2,1,1,2,1,2,4,4,2,2,1,1,1,1,2,3,4,4,2,1,2,4,1,3,4,2,3,3,1,1,1,2,3,3,3,3,3,2,4,3,2,2,1,1,3,2,1,2,1,2,2,1,2,2,2,2,1,3,1,3,3,3,1,1,3,3,2,2,3,3,2,1,2,1,1,4,2,3,1,1,2,3,5,4,1,2,1,3,1,1,2,3,1,1,2,2,3,2,1,1,3,2,4,1,1,1,1,1,2,1,2,2,2,3,2,1,1,2,2,3,3,1,2,3,1,2,1,1,1,2,1,2,2,2,4,3,1,1,1,1,3,3,2,1,2,3,3,1,2,5,2,2,2,2,1,2,2,1,2,2,3,3,2,2,2,1,4,5,1,2,1,1,1,1,3,2,3,2,2,1,1,3,4,4,3,3,1,1,3,1,2,2,5,3,1,3,2,1,1,1,2,1,2,1,1,3,2,3,1,2,2,1,1,1,1,2,3,2,2,3,3,2,2,2,1,2,1,2,3,4,2,2,1,3,4,4,2,2,3,3,3,1,1,3,2,1,3,3,1,1,3,2,3,3,3,2,2,3,1,1,1,2,4,1,2,2,2,1,2,1,2,1,1,2,2,1,1,2,1,3,1,2,1,2,2,3,2,5,5,2,4,3,3,3,2,1,2,1,1,2,2,1,3,2,2,2,2,2,1,1,2,2,2,2,3,4,2,2,1,2,2,1,2,2,1,3,2,2,2,2,3,1,3,2,1,2,3,2,1,1,4,2,1,3,1,3,3,2,4,1,2,1,2,1,1,1,4,2,3,2,3,3,3,3,1,1,3,2,1,3,3,2,1,2
CluIDFG21G_1338,1,1,3,3,4,1,3,3,2,2,1,1,3,3,3,3,1,2,2,1,2,2,2,2,1,2,4,4,2,1,2,3,2,2,1,2,3,3,1,1,3,4,1,3,1,1,1,2,1,2,1,3,2,2,1,3,1,1,1,1,3,2,4,4,2,2,3,2,2,2,2,1,3,3,1,4,3,3,3,3,3,3,1,1,3,2,3,2,1,3,2,2,1,3,3,2,4,4,1,1,1,2,1,3,3,3,2,2,2,3,3,3,2,2,2,2,3,3,2,3,1,1,3,3,1,3,2,3,2,2,2,4,1,3,1,2,3,3,1,3,1,1,2,2,2,2,3,3,2,1,1,1,1,3,2,2,3,1,2,1,3,2,1,2,2,3,2,1,2,3,1,1,2,3,3,2,1,2,2,4,2,3,1,1,1,2,2,2,2,2,2,2,7,4,2,1,1,2,1,2,3,3,2,2,3,3,2,4,3,2,4,4,1,2,1,2,1,2,2,2,2,1,3,1,3,1,2,1,2,2,3,2,1,2,3,1,1,2,1,2,3,2,1,2,1,2,3,2,4,1,1,3,1,1,1,2,2,1,1,1,2,4,2,1,1,1,1,1,1,4,2,2,2,2,2,1,3,3,1,2,3,2,3,2,1,1,2,2,3,3,1,1,1,1,1,1,1,3,1,1,2,2,2,2,2,3,3,3,2,3,2,1,1,3,2,1,2,1,1,1,3,3,1,2,2,2,2,3,5,2,2,2,3,3,5,5,3,2,1,1,1,2,3,2,2,2,2,3,1,2,1,1,1,2,1,1,1,2,2,2,2,2,3,3,3,1,2,2,2,2,3,3,2,2,2,5,3,1,4,4,1,3,1,2,1,2,2,1,1,1,1,2,1,3,2,2,3,3,3,1,1,1,3,1,2,2,3,2,2,2,1,2,2,1,3,2,3,1,3,3,4,3,3,2,1,1,3,4,3,2,1,2,3,3,1,3,3,1,3,2,2,2,2,2,2,2,1,1,2,1,2,2,2,1,2,1,2,1,1,1,2,2,1,1,2,2,1,1,2,2,2,2,2,2,2,4,3,3,2,3,1,3,2,1,3,2,1,1,2,2,3,1,2,1,2,2,2,1,1,4,2,3,2,4,3,2,1,2,3,2,3,3,2,2,3,3,3,1,3,1,2,2,3,3,1,2,4,2,2,2,3,3,1,2,4,1,2,1,3,1,2,3,1,2,1,2,3,2,3,2,1,4,3,2,2,3,2,2,1,1
CluIDFG21G_1339,2,2,2,3,1,4,3,2,2,1,1,3,1,4,4,4,1,2,1,3,1,2,2,1,1,3,4,4,2,2,2,2,2,2,2,2,3,1,3,3,2,3,3,1,1,3,3,2,1,2,2,3,2,2,1,1,2,2,1,1,3,2,4,1,1,3,1,1,3,2,3,2,2,2,4,3,3,3,1,1,3,2,1,2,2,2,2,2,1,2,2,2,3,1,2,1,3,4,1,2,1,2,2,2,3,1,2,2,4,4,1,1,3,2,2,2,3,3,1,4,1,2,1,2,1,1,2,2,2,1,1,3,2,3,2,2,4,3,2,3,1,1,2,2,2,2,5,1,1,2,2,2,3,3,2,2,3,3,2,2,3,3,2,1,2,2,3,1,3,1,1,1,2,3,2,2,1,1,2,2,1,1,2,2,2,2,2,2,2,2,2,1,7,7,2,3,1,1,2,2,2,3,2,1,3,3,3,2,2,3,2,2,2,2,1,2,1,1,3,2,3,3,1,4,1,3,1,1,2,1,2,2,1,2,1,3,2,3,1,1,3,2,1,1,1,1,2,3,4,4,3,3,1,1,3,2,2,1,2,1,3,3,2,3,3,3,2,3,5,4,2,1,1,1,1,1,1,2,2,1,3,2,3,3,1,1,3,2,3,3,2,2,5,1,1,3,3,2,3,3,2,1,2,2,2,3,1,3,2,2,2,2,3,3,1,1,1,2,1,1,1,1,2,2,2,2,3,3,1,5,1,3,5,4,2,5,2,1,1,1,1,2,3,3,3,3,2,2,2,1,2,1,5,5,1,1,2,1,1,1,2,1,2,3,1,1,2,3,1,4,1,2,2,2,3,3,1,2,5,3,1,1,1,2,1,1,1,1,2,2,3,2,1,2,2,2,3,2,3,3,2,1,2,2,2,2,3,3,1,1,1,1,3,1,1,3,2,2,1,1,3,1,2,3,3,3,3,3,3,2,2,2,1,3,1,2,3,3,3,2,2,2,3,3,2,1,3,2,4,3,2,1,3,1,3,3,2,2,2,1,2,2,1,1,2,2,1,2,1,2,4,2,5,2,2,1,4,1,3,1,3,1,1,1,1,1,1,2,3,5,2,2,1,1,2,1,1,2,1,4,3,2,2,4,1,2,2,1,3,3,3,1,2,2,3,1,1,3,2,2,3,3,2,2,1,1,4,2,2,3,3,1,3,1,3,4,1,3,1,3,3,3,4,2,2,1,3,3,2,1,1,1,3,2,3,3,2,2,1,1
CluIDFG21G_1342,2,1,3,1,1,4,3,3,2,1,3,3,4,4,4,4,2,2,1,1,3,2,2,1,1,2,4,4,1,1,3,2,1,2,3,3,1,3,3,1,3,3,1,3,1,3,2,2,1,2,3,2,1,2,2,3,2,1,2,1,2,2,4,5,3,4,1,3,2,2,1,1,1,3,3,3,1,2,3,3,2,3,2,2,2,1,3,2,1,1,2,2,1,1,2,1,2,3,2,3,3,1,1,2,1,3,2,2,4,1,1,3,3,2,1,1,3,2,1,4,3,3,2,3,2,3,3,2,4,2,2,2,3,3,1,2,3,3,2,2,1,1,2,1,1,2,1,5,1,4,1,2,3,2,1,2,1,3,2,2,2,3,1,2,2,2,1,1,3,3,1,1,3,2,3,3,1,2,2,1,2,2,2,2,1,2,2,1,1,1,1,1,4,7,3,3,1,1,2,1,2,2,1,3,1,3,1,4,1,1,1,2,2,1,1,1,1,1,1,1,1,1,4,3,3,1,2,2,2,1,2,2,1,2,1,2,1,1,2,1,2,2,3,2,2,2,3,3,4,3,1,1,2,1,3,2,2,2,2,2,2,4,3,2,3,3,3,2,2,4,1,1,2,1,1,2,3,3,1,2,3,3,2,3,2,2,3,2,2,3,2,2,3,1,1,3,3,2,2,2,1,2,1,2,3,2,3,1,2,2,3,1,3,3,2,1,1,2,1,1,2,4,1,2,2,2,2,3,3,2,3,1,1,4,1,3,1,2,2,1,1,2,1,3,3,3,2,2,1,2,2,3,1,5,1,1,2,2,1,2,2,1,3,2,1,2,3,2,4,4,2,3,2,1,1,1,3,2,4,3,3,2,2,1,2,2,2,2,2,2,3,2,3,2,2,2,3,3,3,3,2,1,1,3,3,2,2,2,2,2,1,1,1,3,3,2,2,3,2,3,3,1,3,2,3,3,3,3,1,3,2,2,2,3,2,1,1,1,3,3,3,3,2,2,1,2,2,3,4,2,4,2,1,3,2,3,1,1,1,2,2,2,1,1,1,3,1,1,2,2,3,4,2,2,2,1,2,3,3,2,3,2,2,1,1,1,2,1,3,5,2,3,2,1,1,2,2,2,1,4,4,4,2,2,2,2,1,1,3,1,3,1,2,2,1,3,1,3,2,3,1,3,3,2,1,1,2,4,2,2,2,3,1,1,4,2,1,1,2,2,1,3,4,2,2,1,1,3,1,3,1,2,2,3,3,3,2,2,1,1
CluIDFG21G_1344,1,2,2,1,1,4,3,2,1,1,1,3,1,4,3,3,3,1,5,3,3,3,1,1,1,2,3,4,1,1,2,2,2,2,1,2,3,3,3,3,1,3,3,1,1,1,2,1,2,1,3,3,1,2,2,2,2,2,1,2,2,2,4,5,2,4,1,1,2,2,2,1,3,3,3,2,2,1,3,1,2,3,1,2,2,3,4,5,1,2,1,1,1,3,1,3,2,3,2,2,3,2,2,1,1,3,1,2,4,2,1,3,1,3,2,2,2,3,4,3,1,1,2,1,1,3,3,2,2,1,2,3,1,3,2,2,3,1,2,2,2,1,2,2,3,2,1,5,1,2,1,2,3,2,2,1,2,3,2,1,2,3,1,1,1,1,1,1,3,1,1,1,3,1,2,3,1,1,1,4,2,2,2,1,3,3,2,2,2,2,2,2,4,4,3,3,1,1,1,2,3,3,2,4,3,1,2,1,3,1,1,2,1,1,2,1,1,1,3,2,1,3,3,4,3,1,1,2,2,1,2,2,1,1,3,1,2,1,1,2,3,3,2,3,2,1,2,2,4,4,2,1,3,1,3,3,1,1,1,2,3,2,3,3,2,3,3,2,4,5,2,1,1,1,1,1,2,3,1,2,2,3,3,3,1,1,2,3,2,3,2,1,4,4,1,1,3,3,3,1,1,1,2,1,2,2,3,3,1,1,2,1,1,3,1,2,2,2,1,1,3,3,2,2,1,1,2,2,4,5,2,2,5,5,2,1,3,2,2,1,2,1,1,1,2,2,2,1,1,1,3,1,2,4,1,1,2,1,1,1,1,1,3,2,1,3,2,2,4,4,1,1,1,1,4,1,2,2,4,4,3,1,1,2,1,2,2,2,2,2,2,1,1,3,2,2,3,3,3,3,1,1,1,3,2,3,1,2,1,2,1,1,1,1,3,2,2,1,2,3,1,1,3,2,1,3,4,3,3,3,2,2,2,1,1,1,2,2,3,3,3,2,2,3,2,1,3,3,2,3,4,2,2,1,3,1,1,2,1,1,2,2,2,3,1,3,1,2,1,2,2,2,2,2,4,4,3,3,3,3,3,1,1,1,1,1,1,1,2,3,2,2,1,1,1,2,1,1,4,1,3,3,2,2,2,1,1,1,3,1,3,1,2,2,1,3,3,3,2,2,1,1,2,1,1,2,2,1,2,3,3,3,2,1,4,4,2,1,1,3,4,2,4,4,1,1,3,3,3,2,1,2,2,3,3,3,2,2,2,1
CluIDFG21G_1345,2,1,1,3,2,4,1,3,2,1,3,1,1,4,3,3,1,3,2,2,3,3,1,1,2,1,2,4,4,1,2,3,2,1,2,2,3,1,1,2,3,3,1,1,3,1,3,1,2,1,3,3,2,2,3,3,2,2,2,2,2,2,4,4,3,3,1,1,2,3,2,3,1,1,4,3,2,2,1,1,3,2,1,2,2,2,3,4,3,1,2,1,2,3,2,3,3,4,1,1,3,2,2,1,3,3,2,2,4,4,1,2,1,3,2,2,3,2,3,3,2,1,3,3,3,1,3,3,1,3,3,3,3,1,1,2,3,1,2,2,1,2,2,1,1,2,3,3,2,2,2,1,3,1,2,2,1,3,2,2,1,3,2,1,2,2,1,1,3,3,1,2,2,2,3,3,1,1,2,1,1,3,1,2,2,3,2,2,1,2,2,2,4,7,1,2,1,1,1,2,2,3,1,1,1,1,4,4,2,3,2,1,1,1,1,2,1,2,3,2,1,1,4,1,3,3,1,1,2,1,3,2,1,1,2,1,1,2,2,1,2,3,3,2,2,2,2,1,3,2,2,3,1,1,3,3,1,1,2,2,4,1,1,2,3,2,2,3,4,2,1,1,1,1,2,2,2,2,2,2,2,1,3,3,1,2,3,2,2,2,2,1,3,3,3,1,2,2,2,3,2,2,2,1,3,1,3,3,3,3,1,3,2,2,1,1,2,2,1,1,3,3,2,1,2,2,2,1,3,1,1,3,4,2,2,2,3,2,1,2,1,1,1,2,2,1,2,3,1,2,1,3,1,5,1,1,2,2,1,1,2,3,3,2,2,1,3,2,2,3,2,1,2,1,1,3,1,1,1,3,1,3,2,2,1,1,2,1,2,1,1,3,2,3,2,2,3,2,1,1,1,1,1,3,2,2,3,3,2,1,2,2,3,2,1,2,3,1,3,1,1,3,1,3,1,3,4,4,1,1,2,2,2,2,1,1,3,2,3,3,2,2,3,2,2,2,4,5,4,1,1,5,1,2,1,3,1,2,1,1,2,2,2,2,1,1,1,1,1,2,3,3,5,4,2,2,3,3,2,3,3,3,1,2,1,1,2,2,3,4,1,1,2,3,2,1,2,2,3,2,3,4,3,2,2,2,1,1,2,2,1,1,1,2,3,1,2,1,1,3,2,3,2,1,1,3,2,2,2,3,1,1,2,2,2,3,2,2,2,2,2,3,2,1,1,1,2,3,2,2,3,1,1,3,3,3,2,3,2,1
CluIDFG21G_1349,2,2,3,3,4,4,1,2,1,2,1,3,3,1,4,4,3,1,5,5,1,1,2,2,2,2,4,4,1,1,3,2,3,2,2,1,1,1,1,3,1,2,3,3,1,1,2,2,2,1,3,2,2,2,2,1,1,2,2,2,2,2,5,4,3,2,1,1,3,3,3,1,2,3,3,3,2,2,3,3,2,2,1,1,3,2,5,2,1,3,2,2,1,1,2,3,2,3,1,1,1,2,1,2,3,1,2,1,4,3,1,3,1,1,2,2,1,3,3,3,1,1,2,2,2,3,3,1,4,2,2,2,3,3,2,1,2,3,3,3,2,1,1,2,2,2,5,5,1,4,2,1,1,3,2,4,1,2,1,2,2,3,1,2,2,2,1,2,2,3,1,2,3,3,3,1,2,1,2,1,2,1,3,2,3,1,2,2,2,2,1,2,7,4,3,1,1,2,1,2,4,2,1,4,1,1,4,3,1,2,2,2,2,2,1,1,1,2,3,3,3,1,4,1,3,1,2,2,1,2,3,2,1,1,2,3,2,2,2,1,3,3,1,3,1,2,3,3,4,4,1,1,1,1,2,2,2,2,2,2,3,4,2,2,2,3,2,3,4,2,1,1,3,2,2,2,3,2,1,1,3,2,1,2,1,2,2,3,2,3,1,1,4,1,3,1,1,2,2,1,2,1,1,2,2,2,3,1,1,2,1,3,3,3,1,1,3,3,1,1,3,4,2,1,1,1,3,2,1,3,1,1,4,5,2,4,2,2,1,2,1,2,2,1,1,2,3,1,1,1,3,2,5,2,2,2,1,1,1,2,1,3,3,3,1,1,2,2,4,2,3,2,1,2,2,2,1,3,4,1,3,1,2,2,1,2,1,1,2,1,2,1,1,1,1,2,3,2,1,1,1,2,2,2,3,2,3,2,2,2,1,2,3,2,3,1,3,2,3,3,3,4,3,2,3,1,3,4,3,2,1,2,3,1,2,2,2,3,2,3,2,1,3,2,2,1,1,3,4,2,2,2,1,1,1,1,2,1,1,1,1,2,1,1,1,3,1,2,2,2,3,3,5,2,2,1,4,3,3,3,1,3,2,2,1,1,2,1,4,5,2,2,1,1,2,2,1,1,4,4,3,3,1,1,2,3,2,1,2,2,3,1,2,2,2,3,2,1,2,3,2,2,3,2,3,1,2,2,2,3,1,3,2,3,3,2,2,2,1,3,3,2,4,2,1,1,2,2,3,2,2,1,1,2,3,1,2,2,3,2
CluIDFG21G_1353,1,2,2,3,1,4,3,2,1,2,1,3,4,3,3,4,1,2,2,2,3,3,1,1,1,2,2,4,1,2,2,2,1,2,3,1,3,3,2,3,1,4,3,1,3,3,2,1,2,2,3,1,1,1,2,2,2,1,1,1,3,2,4,4,2,2,2,2,2,2,2,2,3,3,4,3,3,2,1,1,3,3,2,2,2,1,5,2,3,3,2,2,3,2,2,3,3,4,1,2,3,3,1,1,1,1,2,1,4,4,3,1,3,1,1,1,2,3,2,1,1,3,3,2,2,3,3,3,2,2,2,2,1,3,1,2,3,3,2,1,1,1,1,2,2,2,5,1,1,2,2,1,3,1,2,2,3,1,2,2,3,2,1,2,3,3,2,3,3,1,1,2,3,3,3,3,1,2,2,1,2,2,1,1,3,2,2,2,2,2,1,2,6,4,2,3,2,1,1,1,3,2,1,4,1,1,4,4,3,1,2,2,2,2,2,2,2,1,3,3,1,3,3,4,4,4,1,1,2,1,2,2,1,2,1,1,1,1,1,1,2,3,2,3,1,1,2,2,4,2,2,2,1,2,2,2,1,2,1,2,2,2,3,3,3,3,2,1,4,4,1,2,2,1,2,1,3,3,2,2,2,1,3,2,1,1,1,2,2,2,1,1,1,1,1,3,1,3,3,3,1,2,2,1,1,2,4,3,2,3,3,1,1,1,1,2,2,2,2,2,4,4,2,2,1,2,3,3,1,2,3,3,1,1,1,1,2,2,1,1,2,2,2,1,2,2,2,2,1,1,3,1,2,5,2,1,2,1,1,2,2,3,2,3,1,1,3,1,4,4,3,3,2,2,1,1,3,3,3,4,3,3,1,1,2,2,1,2,2,2,2,2,2,1,1,2,2,3,1,1,2,2,2,3,3,3,2,3,2,2,1,2,1,2,2,2,2,1,1,3,3,1,2,1,2,3,2,3,1,3,1,2,2,1,3,1,1,2,3,3,3,2,3,2,2,2,3,3,2,3,4,4,1,2,1,3,2,1,2,1,1,1,1,2,1,1,2,2,1,2,2,3,2,2,4,4,3,1,2,2,1,3,1,1,1,1,2,1,2,5,2,2,3,1,2,2,2,1,1,4,1,3,2,4,2,2,1,1,2,3,3,1,2,2,3,2,3,1,1,1,3,3,2,3,3,1,2,2,2,3,3,1,3,2,4,4,2,1,2,1,4,4,1,1,3,2,3,3,2,1,1,4,1,2,2,2,2,2,1,1
CluIDFG21G_1354,2,2,3,3,4,4,3,3,1,2,3,3,1,4,4,4,1,2,1,3,2,2,2,2,1,1,4,4,1,1,3,3,1,2,3,3,1,1,1,1,2,2,3,3,3,3,2,2,1,2,3,2,2,2,2,3,1,1,1,2,2,2,5,5,3,2,4,1,2,3,1,2,3,2,3,3,2,2,1,1,1,3,2,2,3,2,3,2,1,3,2,2,3,3,3,3,3,4,1,1,3,3,2,2,1,1,2,2,4,4,3,1,3,3,2,2,3,2,4,3,1,1,2,2,1,1,2,3,1,2,2,3,3,1,2,1,3,3,3,3,1,1,2,2,2,2,5,1,2,2,1,1,1,2,3,4,3,2,2,1,3,3,3,2,2,2,1,1,3,1,1,1,3,3,1,1,1,1,2,2,1,2,2,1,3,3,2,2,2,2,2,2,7,7,3,3,1,2,2,2,2,3,2,1,1,1,1,4,1,1,2,4,2,1,1,1,1,1,2,2,1,3,3,1,1,3,1,1,1,2,2,1,2,1,3,1,1,1,2,2,3,2,2,3,1,1,3,2,1,4,3,2,1,1,3,2,2,1,1,1,2,3,1,1,3,3,2,2,1,1,3,1,1,3,2,2,2,1,1,2,2,2,2,3,1,1,3,2,2,3,1,1,4,1,3,2,2,1,3,3,2,2,2,2,1,2,4,3,3,3,3,3,1,3,2,1,2,2,1,1,3,3,1,1,2,1,2,2,5,4,1,3,4,4,2,3,2,2,2,1,2,2,1,1,2,2,2,2,2,2,1,1,2,2,1,1,2,1,1,2,1,1,3,3,1,3,3,3,3,2,3,2,1,1,2,1,3,3,1,4,1,3,1,2,1,2,2,2,1,1,1,2,1,1,2,2,3,3,1,1,1,1,3,2,3,3,2,3,2,2,1,1,1,3,3,2,1,2,2,2,4,3,3,2,1,1,3,3,2,3,1,2,1,2,3,3,1,1,3,3,3,2,2,3,1,2,3,3,4,4,5,4,1,2,1,1,2,2,1,1,2,2,2,1,1,2,2,1,1,1,4,3,2,5,2,1,3,2,1,2,1,3,2,1,1,1,2,1,2,2,3,1,2,1,1,1,1,2,1,4,1,4,2,1,2,2,1,1,3,1,1,1,2,2,3,3,1,3,3,3,2,1,3,2,1,1,4,2,3,2,1,3,2,3,3,4,2,3,2,1,4,1,4,4,1,1,3,2,1,1,4,1,3,2,3,3,2,2,2,2
CluIDFG21G_1356,2,1,3,1,1,4,3,3,1,2,2,1,4,3,3,3,1,1,3,3,1,2,2,2,2,2,4,1,2,2,2,2,2,1,1,2,1,3,3,3,2,1,3,3,1,1,2,2,1,2,3,2,2,1,2,1,2,1,1,1,3,2,4,5,1,2,4,1,1,2,1,2,3,3,3,3,2,2,1,1,2,1,2,2,2,2,5,2,2,2,1,1,3,1,1,1,4,4,1,2,3,1,2,1,3,1,2,1,4,4,1,2,3,3,2,2,3,1,4,4,1,3,2,2,2,1,2,1,1,2,3,1,3,1,2,2,3,2,3,2,2,1,1,1,3,1,5,3,1,1,2,2,3,3,2,2,3,3,2,2,3,3,2,2,3,2,2,2,3,3,1,1,2,3,3,3,2,1,2,1,2,2,1,2,1,2,1,2,2,1,2,2,4,7,3,3,2,2,2,2,2,4,1,4,2,3,3,4,1,2,2,2,1,1,2,2,1,1,3,3,1,3,3,4,3,1,1,1,1,2,2,2,1,1,1,1,1,1,1,2,2,3,1,1,1,1,2,2,4,3,2,3,2,1,3,3,1,1,2,2,2,3,2,1,3,3,2,3,5,4,2,2,1,2,2,1,2,2,1,1,1,2,2,3,1,1,3,3,1,3,1,2,1,3,1,1,2,2,1,1,2,2,2,1,3,3,3,3,3,2,1,3,1,3,1,2,2,2,1,1,3,3,2,1,1,2,3,3,3,2,3,3,4,5,1,3,2,2,1,2,2,2,1,1,2,2,2,1,1,2,1,3,1,1,1,1,2,1,2,2,1,1,3,2,1,1,3,2,2,4,2,3,1,1,1,2,3,1,1,4,1,3,1,2,1,1,2,2,1,1,1,2,1,1,2,2,2,3,1,1,2,2,2,2,2,3,2,3,2,2,1,1,2,3,3,2,2,2,1,1,3,4,3,3,3,3,3,3,2,2,2,2,1,3,2,3,3,1,3,3,3,2,3,2,1,2,5,3,3,2,5,3,1,1,3,1,2,1,1,1,2,2,2,3,3,1,2,1,2,1,2,4,2,5,1,4,1,1,3,3,1,3,1,1,3,1,1,2,2,5,3,2,1,2,2,1,2,2,3,4,3,2,4,2,1,2,1,1,2,3,3,1,2,1,3,3,3,1,2,2,1,1,2,3,1,1,2,4,2,2,1,3,3,3,4,4,3,2,3,1,1,3,2,2,1,1,3,3,2,1,1,4,2,2,2,2,2,2,1,1
CluIDFG21G_1358,2,1,2,2,4,1,3,1,2,1,1,1,1,3,1,4,3,2,1,5,2,2,1,1,3,1,4,4,1,2,2,2,3,2,2,1,1,1,1,4,4,3,1,3,3,1,2,2,2,1,2,1,2,2,3,1,1,1,2,2,3,1,4,4,1,4,1,3,2,2,2,3,2,1,3,3,2,2,1,3,3,3,1,2,3,2,4,3,1,1,2,2,3,3,1,1,3,3,2,1,1,2,1,2,1,1,2,1,4,1,3,1,2,2,1,2,3,3,1,3,1,2,3,3,3,1,1,2,4,1,2,1,3,3,2,2,3,4,3,2,1,1,2,2,2,2,1,1,1,2,1,2,3,2,2,3,3,3,1,2,3,3,2,2,2,2,1,2,3,1,1,2,2,3,3,2,2,1,1,2,2,2,2,3,3,1,1,1,2,2,2,2,3,4,3,3,1,2,2,1,4,4,2,1,1,3,4,4,1,2,2,2,2,2,2,2,1,1,2,3,3,2,3,3,1,3,2,2,1,1,1,3,1,2,3,1,1,1,2,1,2,2,2,1,1,2,3,1,4,4,1,3,1,2,3,2,1,1,2,2,3,4,2,3,1,2,3,3,4,5,2,2,1,1,1,1,2,1,1,2,1,3,3,3,2,1,3,3,2,2,2,2,4,4,1,3,1,2,3,2,1,2,2,1,3,1,4,3,2,2,3,1,2,3,1,1,3,1,2,1,3,4,2,2,1,2,3,3,1,3,3,1,4,1,2,1,2,2,2,2,2,1,1,1,2,2,3,1,1,1,1,3,5,5,1,2,1,2,1,1,2,1,3,3,3,1,3,3,4,2,2,1,2,2,1,2,3,3,4,1,1,1,2,2,2,1,2,2,2,2,2,2,1,3,2,2,3,1,1,1,2,2,2,2,3,2,3,3,2,1,1,1,1,1,2,4,2,1,3,1,4,1,2,3,1,1,3,3,3,3,2,2,3,2,1,2,3,2,2,2,2,2,3,2,1,2,1,4,1,1,2,2,1,3,1,3,1,3,1,1,1,2,2,1,1,1,2,2,1,1,2,3,2,2,4,4,1,1,2,3,3,3,2,1,1,1,1,2,5,3,3,2,3,3,1,2,1,2,4,1,3,2,2,2,2,2,1,1,3,1,4,3,2,2,2,2,3,1,3,2,1,2,3,2,1,1,4,2,3,1,2,3,3,2,3,4,1,1,3,2,3,2,4,2,2,3,1,3,2,2,4,3,1,2,3,2,2,1,1,2
CluIDFG21G_1359,2,2,2,2,4,4,1,2,1,1,1,3,3,1,3,4,1,2,3,1,2,3,2,1,1,1,2,4,1,1,2,2,2,2,2,2,2,1,2,3,2,3,1,3,1,1,2,1,2,1,1,3,2,2,1,2,2,2,1,1,3,3,1,4,3,3,1,1,2,3,3,1,3,2,3,4,3,3,1,2,2,2,2,1,2,2,3,2,2,3,2,2,3,3,1,2,4,4,1,1,2,2,1,3,3,1,2,2,2,4,2,3,2,1,2,1,1,1,3,4,1,3,2,2,2,2,3,3,1,1,3,2,3,3,2,2,1,3,1,2,1,2,2,2,3,2,3,3,1,1,2,2,2,3,2,2,3,3,2,2,3,3,1,1,2,2,1,1,3,1,1,2,1,3,2,3,2,1,1,2,1,2,2,1,2,2,2,2,2,1,2,2,4,7,3,3,2,1,1,2,2,2,2,3,1,1,4,3,3,2,2,1,1,2,1,1,1,2,2,1,2,3,2,4,3,1,1,1,2,1,2,2,1,1,3,1,3,1,1,1,2,3,1,3,1,1,3,3,3,1,3,3,1,1,3,3,1,2,2,2,1,1,1,1,3,3,2,3,4,4,1,2,2,1,1,2,2,3,2,2,2,3,2,3,1,1,2,2,2,2,1,2,1,3,3,1,3,3,1,2,1,2,2,1,2,3,3,3,2,2,1,3,2,1,1,2,2,2,1,1,3,3,1,2,2,2,3,3,3,2,3,3,4,1,2,2,1,2,2,2,2,2,3,2,3,2,2,2,2,2,2,1,5,5,1,2,2,2,1,1,1,1,3,1,1,1,2,1,4,4,2,3,1,2,1,3,1,2,3,4,3,3,1,1,1,1,1,1,2,2,2,2,1,1,1,2,3,2,1,1,2,1,2,1,1,2,2,3,2,2,1,1,2,3,2,2,3,2,3,3,1,4,1,3,3,3,3,1,3,3,2,2,2,3,2,1,1,3,3,3,2,2,2,2,3,3,2,5,2,2,3,5,2,1,1,1,2,2,2,1,1,2,3,1,1,2,2,2,1,1,4,2,2,5,1,5,1,1,3,1,2,1,2,1,1,1,2,2,5,2,2,3,2,2,1,1,1,1,4,1,4,2,3,4,2,1,1,2,3,3,1,3,2,2,3,3,2,1,3,3,2,2,1,3,3,1,2,2,2,2,3,3,2,3,4,2,1,2,1,3,4,3,4,2,1,2,2,3,2,1,1,4,1,2,3,2,2,1,1,1
CluIDFG21G_1362,2,1,3,1,1,4,3,3,2,1,1,2,4,3,2,3,1,2,2,3,1,1,2,2,2,2,4,4,2,1,2,3,2,1,2,1,1,3,3,1,3,3,3,1,1,3,2,2,2,1,1,2,1,2,2,2,1,2,2,1,3,2,1,4,3,3,1,4,3,2,1,2,2,3,4,3,1,3,2,1,2,3,1,2,3,2,2,2,2,3,2,2,1,3,1,2,4,3,2,2,2,1,2,2,3,3,2,2,4,4,1,1,2,2,2,2,3,1,1,4,2,3,1,1,1,1,2,2,1,2,2,4,1,3,1,2,1,1,2,2,1,2,1,2,3,3,1,3,2,1,2,1,3,2,2,1,2,1,2,1,3,2,2,1,3,3,1,1,1,3,1,1,3,2,2,2,1,2,2,1,2,2,2,2,1,2,1,1,2,1,2,2,4,1,3,3,1,1,2,2,2,3,1,4,1,3,3,4,2,3,2,2,2,2,2,1,2,1,3,3,3,3,4,2,1,3,1,1,2,2,1,2,1,1,1,2,2,1,2,1,3,2,1,3,1,1,2,2,3,4,2,3,1,2,3,2,2,2,2,2,1,1,1,1,3,1,2,3,4,4,1,2,1,1,1,2,2,1,2,1,3,2,3,3,1,1,2,2,3,3,1,2,5,4,3,1,3,3,1,1,2,1,2,1,2,2,3,3,2,2,3,1,1,1,2,2,2,2,1,1,3,1,1,2,2,2,3,3,2,3,1,3,4,5,3,2,2,1,2,1,2,2,1,1,2,2,1,1,1,1,3,1,2,2,1,1,1,1,2,1,2,1,3,2,1,1,2,1,4,1,3,3,2,2,5,5,3,2,4,5,3,3,2,2,1,1,1,2,2,1,1,1,3,1,1,2,3,3,3,3,1,2,1,2,1,2,3,3,2,2,2,1,3,1,3,2,1,3,2,2,1,4,1,3,3,3,3,3,2,2,2,2,3,3,1,2,1,1,3,2,2,3,3,3,2,2,5,3,1,2,5,3,2,3,1,1,2,2,2,1,2,2,1,1,1,3,1,2,1,2,3,3,5,1,4,1,2,3,3,2,2,2,1,1,3,2,1,2,2,2,3,2,2,1,1,1,2,2,1,4,3,2,2,4,3,1,1,1,3,1,3,3,2,2,1,1,3,1,2,2,1,1,2,3,1,1,4,2,3,2,3,3,3,3,4,4,3,2,3,3,2,2,4,4,2,1,2,3,3,2,2,1,2,2,1,2,2,2,1,1
CluIDFG21G_1371,1,2,2,2,4,4,1,1,1,2,1,1,1,3,1,3,3,3,5,5,3,3,1,1,2,2,3,2,1,2,2,2,2,2,2,2,3,1,3,2,4,3,1,3,1,3,2,3,1,1,3,3,2,1,2,2,2,2,1,1,2,1,3,4,2,2,1,3,2,3,2,1,2,3,3,3,1,3,1,3,2,3,2,1,2,2,3,3,3,1,2,2,1,1,1,1,2,2,2,2,2,2,3,2,1,3,1,1,2,1,3,3,1,1,1,2,2,2,1,1,2,1,3,3,2,3,1,1,4,4,2,2,3,1,1,2,3,2,2,2,2,1,1,1,3,3,1,1,2,1,1,1,1,2,2,2,3,1,2,2,3,2,1,1,3,2,2,1,1,3,2,2,3,2,3,3,1,1,2,1,2,1,1,2,3,2,2,2,2,2,1,1,4,7,2,2,1,1,1,2,2,3,3,2,3,3,1,4,1,1,2,4,2,1,2,2,2,2,3,3,3,3,3,1,3,3,1,2,2,1,3,1,1,1,3,2,1,1,2,2,3,2,1,2,2,2,2,3,4,1,3,1,3,1,3,3,1,1,1,2,1,3,3,1,1,3,2,3,4,2,2,2,1,1,1,2,3,2,1,2,3,3,3,3,1,2,2,2,3,3,1,2,3,1,1,3,3,1,1,2,1,1,2,2,3,2,3,3,1,2,1,2,1,3,1,2,3,2,1,1,1,2,2,2,1,2,3,3,1,2,3,1,4,1,1,1,3,2,2,2,1,1,1,1,3,1,2,2,1,1,1,1,2,5,2,1,1,2,2,2,3,1,1,3,1,3,3,3,4,4,3,3,2,1,5,3,3,3,4,4,1,1,2,2,2,1,2,1,1,1,1,1,2,3,2,2,3,3,3,3,2,2,1,2,2,2,2,2,1,2,2,2,1,1,2,2,2,1,3,3,1,4,3,3,3,1,2,4,1,3,2,2,2,3,1,1,2,3,3,3,3,2,2,1,2,1,3,4,2,3,1,2,1,1,1,3,1,1,2,1,2,2,2,2,3,3,1,1,2,2,4,4,5,2,2,2,4,3,2,3,1,3,1,1,1,1,1,1,4,3,2,3,1,1,2,2,2,2,4,1,2,3,2,2,2,1,1,2,2,3,1,1,2,2,3,1,3,1,2,3,1,3,1,3,1,1,1,1,3,3,3,2,3,2,4,3,1,1,3,1,3,1,2,2,1,3,3,2,1,3,1,4,1,3,2,3,1,2,2,1
CluIDFG21G_1373,2,1,2,3,4,1,2,3,1,2,1,2,1,1,4,4,2,3,3,5,2,3,1,2,2,1,2,4,2,2,2,2,2,2,3,1,1,3,3,4,4,2,3,3,1,3,2,2,1,1,4,2,1,2,1,2,2,2,1,1,3,2,4,2,3,2,3,1,2,2,1,3,3,2,4,4,3,3,2,2,3,3,1,1,3,3,3,3,1,3,1,2,3,1,3,1,4,3,1,2,2,1,2,2,2,3,2,1,2,4,3,2,1,3,1,1,1,2,4,3,1,2,2,2,2,2,3,1,2,1,2,2,1,3,1,1,3,4,2,2,1,1,2,2,3,2,1,5,2,2,2,1,3,3,2,2,3,1,2,2,3,3,1,2,2,3,1,2,3,3,1,1,2,2,3,2,1,1,2,2,3,2,1,1,1,1,2,2,1,2,1,2,4,4,2,2,1,1,1,1,2,2,1,1,1,1,4,4,1,2,4,2,2,1,2,2,1,1,3,2,2,1,2,1,3,3,1,1,2,1,3,2,2,2,3,3,1,1,1,1,3,3,3,3,2,2,3,3,4,1,2,1,1,1,3,2,2,1,2,1,2,3,2,3,3,3,3,1,4,4,1,1,2,1,2,1,2,3,2,1,3,3,2,2,1,1,3,2,3,3,2,2,4,4,3,3,3,3,3,3,2,1,2,1,2,2,3,3,2,3,1,1,2,3,1,2,3,3,1,1,3,3,2,2,2,2,3,2,2,5,3,3,5,5,2,2,2,2,1,1,1,2,3,1,1,2,1,2,2,1,3,3,4,2,1,1,1,1,1,2,1,3,3,3,1,1,2,3,3,2,1,3,1,1,4,1,1,2,5,3,1,3,2,2,1,1,2,1,2,1,1,2,1,1,2,2,3,1,1,1,2,1,1,1,3,1,3,2,2,2,2,1,1,1,2,3,2,1,2,2,3,4,2,3,3,1,4,2,2,3,1,2,1,1,2,1,1,3,3,2,2,3,2,3,1,2,5,3,4,4,5,5,2,2,1,2,1,1,1,1,1,2,1,1,1,1,2,1,2,2,3,4,2,5,2,1,4,1,3,3,1,1,2,2,2,1,1,1,4,5,2,2,1,1,2,1,2,2,4,2,4,1,2,2,2,2,1,2,2,2,3,3,1,1,3,3,3,3,2,2,1,3,3,2,3,1,4,1,2,2,3,3,1,2,2,2,2,1,1,3,3,2,2,2,1,1,2,2,3,3,1,1,1,1,2,1,1,2,1,1
CluIDFG21G_1375,2,2,2,1,4,1,3,1,1,1,1,3,3,3,4,3,1,1,2,2,3,3,1,1,1,1,4,2,4,1,3,2,2,2,2,2,3,1,1,3,1,3,3,2,1,1,2,2,2,1,3,2,2,2,2,1,2,2,2,1,2,2,4,4,2,2,2,4,2,2,2,2,3,2,4,3,2,1,2,2,3,1,2,1,3,2,5,2,3,3,2,2,1,2,3,1,4,3,1,1,1,3,2,1,3,3,2,2,4,4,2,1,2,3,2,2,3,1,4,1,3,1,3,2,1,3,1,2,4,1,3,1,1,2,1,1,2,1,2,2,1,2,1,1,2,1,1,5,2,1,2,1,1,3,2,4,1,2,2,1,2,3,1,1,3,2,1,2,1,3,1,1,2,3,3,1,2,2,4,2,1,2,3,3,1,1,2,2,2,2,2,2,4,4,3,3,1,1,1,1,2,3,4,4,1,1,4,2,3,1,2,2,2,2,2,2,1,2,3,3,3,2,3,4,2,1,2,1,2,1,3,2,1,2,1,2,1,1,2,1,3,2,3,3,1,1,3,3,1,1,3,3,2,1,3,2,2,2,1,2,2,2,3,1,2,3,2,2,4,2,3,1,2,1,2,1,2,3,1,2,3,2,2,2,1,2,3,3,1,3,2,1,1,4,1,1,2,3,2,3,1,2,2,1,1,2,3,1,1,2,3,3,1,3,1,1,1,1,2,2,3,3,2,2,3,1,2,3,3,3,3,3,1,2,2,1,2,2,1,1,1,2,3,1,2,1,2,2,1,1,1,1,5,1,1,2,1,1,2,1,1,3,2,3,1,2,2,3,4,4,3,2,1,1,2,3,2,3,4,4,1,1,2,2,2,1,1,2,1,2,3,1,1,1,2,2,2,3,1,1,2,2,1,3,2,1,3,2,2,2,1,1,1,1,2,4,2,2,3,3,3,4,2,2,3,3,4,4,1,1,1,2,2,2,1,2,3,3,3,3,2,2,3,3,2,1,3,2,3,4,1,2,2,1,1,1,2,1,2,2,1,1,1,2,1,1,2,1,1,1,1,4,5,2,4,4,4,4,3,1,3,2,1,1,1,1,2,1,3,3,2,2,4,2,2,1,1,1,4,4,4,3,2,4,2,2,1,1,2,3,3,3,1,1,3,2,1,3,2,2,1,1,2,2,1,1,4,2,2,2,3,3,1,3,4,2,1,1,2,2,2,4,2,1,2,2,2,3,1,2,4,1,3,2,2,3,1,3,1,2
CluIDFG21G_1380,2,2,2,2,4,4,3,1,1,1,1,1,4,3,3,3,1,1,3,3,3,1,2,1,2,1,4,4,2,1,2,2,2,1,2,2,3,1,3,4,4,3,3,1,1,3,3,2,2,1,4,3,2,1,2,2,2,1,1,1,2,2,5,4,1,2,1,1,2,3,3,3,1,2,3,3,2,1,2,1,1,3,1,2,2,3,2,4,2,2,2,2,1,3,1,3,3,4,2,2,2,1,2,2,3,3,2,2,4,4,1,1,2,3,2,2,1,2,3,4,3,1,2,1,2,1,2,3,1,2,4,1,3,1,1,2,3,1,2,3,1,1,1,1,3,3,3,3,1,1,1,2,3,3,4,2,3,1,1,2,3,1,3,3,3,2,2,1,3,3,1,1,2,1,2,3,1,2,1,2,1,2,2,2,1,1,1,1,2,2,2,2,1,7,3,3,1,1,2,1,3,4,4,4,2,1,4,4,1,3,4,2,1,1,2,1,1,1,2,3,3,3,2,1,3,3,1,1,2,2,2,1,2,1,2,1,1,1,2,2,3,2,1,3,1,1,2,2,4,4,3,2,2,1,2,3,2,1,2,1,2,4,1,1,3,1,2,2,4,4,3,1,2,2,1,2,2,2,2,1,2,1,3,3,1,2,2,3,3,1,2,2,4,5,1,1,2,3,1,1,2,2,2,1,2,3,3,3,2,2,1,3,1,3,1,2,1,2,1,1,3,3,1,1,2,2,3,2,2,4,1,1,4,5,2,1,1,2,1,2,2,2,1,1,2,2,1,2,1,1,3,3,4,2,1,1,1,1,2,1,2,2,3,2,1,1,3,2,4,4,1,3,2,1,1,3,1,2,3,4,3,1,2,2,1,1,1,1,1,2,2,1,1,1,1,2,1,1,3,1,2,2,1,2,1,2,3,2,2,2,2,2,2,1,2,2,2,3,3,1,3,4,3,2,3,3,3,3,2,3,2,2,3,1,1,3,1,1,3,3,3,3,2,3,2,2,5,3,2,1,5,3,1,3,3,1,2,2,2,2,2,2,2,1,1,3,1,1,1,2,3,4,5,1,5,4,3,3,3,3,2,3,1,1,5,1,1,2,2,5,3,2,3,3,1,2,1,1,1,1,2,2,4,4,2,2,2,1,3,3,1,3,2,2,1,1,1,1,3,2,1,2,2,3,1,1,2,4,2,2,3,1,3,1,4,4,2,2,3,2,1,2,4,4,2,2,3,2,2,3,2,1,2,2,1,1,2,2,1,1
CluIDFG21G_1382,2,2,2,2,1,4,3,1,2,2,1,1,3,3,4,2,2,2,1,1,2,2,1,2,1,1,2,4,1,1,2,2,2,2,2,1,3,3,1,1,2,1,1,1,3,1,3,2,1,1,2,3,1,2,2,3,2,1,2,2,2,3,1,2,3,3,1,1,1,3,1,2,3,3,3,3,3,3,3,1,2,1,1,2,3,2,3,5,3,1,1,1,2,1,3,3,3,4,1,1,1,1,1,2,3,3,1,2,1,4,2,2,2,2,2,1,2,3,4,1,2,3,3,3,3,2,2,2,2,1,3,1,3,1,2,2,4,2,2,2,1,1,2,2,2,3,1,3,1,1,2,1,1,1,2,3,2,3,1,1,2,3,1,2,1,2,1,1,3,1,2,1,3,2,2,3,1,2,1,2,3,2,2,2,3,1,2,1,2,2,2,1,4,3,2,3,1,1,1,1,4,2,1,3,1,3,1,1,1,1,2,1,1,2,1,2,2,2,3,3,2,1,3,3,1,1,2,1,1,1,2,3,2,2,1,2,1,1,1,2,2,3,1,1,2,1,3,3,1,1,3,3,1,1,3,2,1,1,2,2,2,4,2,1,1,2,3,3,4,4,2,1,1,1,2,1,3,3,1,2,2,3,2,3,1,2,3,3,3,4,2,1,1,4,1,2,1,3,2,2,1,2,1,1,3,3,3,1,2,3,3,3,2,1,2,1,1,2,2,1,3,3,1,1,2,1,3,3,1,4,3,1,4,1,1,2,2,2,2,1,2,2,2,1,2,1,2,2,2,1,3,1,5,1,2,1,2,2,2,1,2,1,3,3,3,1,3,1,3,4,3,3,2,2,1,1,3,3,4,4,3,3,1,1,2,2,2,1,1,2,2,1,3,1,2,2,3,2,1,3,1,2,2,3,2,2,2,2,2,2,1,2,1,1,4,2,2,1,2,2,4,1,2,2,2,3,2,3,3,3,2,2,2,2,3,1,1,3,3,3,3,3,2,2,2,1,4,3,1,2,2,2,1,1,1,3,3,1,1,1,2,1,2,1,1,3,2,1,2,1,3,3,5,4,3,2,2,4,3,2,1,3,1,1,1,1,1,2,2,3,3,3,2,3,2,1,1,1,4,4,2,3,4,2,1,2,2,1,2,2,1,4,2,2,3,3,2,3,2,1,2,1,2,3,1,1,2,4,2,3,3,3,2,1,3,3,2,2,2,2,1,1,4,4,3,2,2,3,1,2,2,2,3,3,3,3,2,1,1,1
CluIDFG21G_1386,2,2,2,2,4,4,2,1,1,1,1,1,3,3,4,3,2,2,3,1,3,2,2,1,2,1,2,4,1,2,2,2,2,2,2,2,2,1,2,3,4,1,3,1,3,1,3,2,1,1,2,1,2,2,2,3,1,1,2,1,2,3,4,4,2,2,2,3,1,2,1,2,2,3,3,3,3,2,2,3,3,3,1,2,3,2,4,4,3,2,1,2,2,1,1,2,3,4,1,1,2,3,2,2,3,3,2,2,1,4,3,2,3,1,1,2,3,3,1,4,1,1,2,3,1,1,3,1,4,2,2,2,3,3,2,2,3,3,2,2,2,1,1,2,2,3,1,1,1,2,2,1,1,3,2,2,1,3,2,2,2,2,1,2,2,3,1,2,1,3,2,2,2,2,3,3,2,1,1,1,2,2,1,2,2,1,2,2,2,2,1,1,4,2,2,2,1,1,1,1,3,2,3,2,3,3,4,1,1,1,2,4,2,1,2,1,2,2,3,3,3,3,2,1,3,3,2,1,2,1,1,3,1,2,2,1,1,1,1,2,2,3,2,2,3,2,2,2,1,4,1,2,2,1,2,2,2,1,1,2,3,1,3,1,2,3,2,2,2,1,1,1,1,1,1,2,2,2,1,2,2,3,3,3,1,1,2,2,4,3,1,2,3,1,1,3,3,3,1,2,2,2,2,2,3,2,3,3,2,2,2,2,3,3,1,1,2,2,1,1,1,2,2,2,1,2,3,3,1,4,3,1,3,4,1,4,3,2,2,2,1,2,1,1,2,1,2,3,1,1,1,3,2,2,2,1,2,1,2,2,3,1,1,2,3,1,3,3,2,4,1,3,1,2,1,4,2,3,4,5,1,3,2,1,1,2,1,2,1,2,1,2,1,3,2,2,3,2,1,3,2,1,1,2,3,2,2,3,2,1,1,2,1,1,2,2,3,2,3,3,3,4,2,3,1,3,4,4,3,3,2,2,4,2,2,1,3,2,3,3,2,3,2,2,3,2,3,2,2,4,2,1,1,2,1,3,1,1,2,2,2,2,1,2,1,1,2,2,1,1,2,2,2,2,2,4,3,4,2,2,1,1,1,2,3,1,1,1,3,2,2,2,1,1,2,2,2,2,4,1,3,2,2,2,2,1,2,1,2,3,1,3,2,2,3,1,3,3,2,2,1,3,3,1,1,1,4,1,3,2,3,3,2,1,4,3,1,2,3,2,2,3,1,4,1,3,3,3,1,3,1,4,1,3,2,2,2,2,1,1
CluIDFG21G_1392,1,2,3,2,4,4,2,2,2,2,2,2,1,1,3,4,1,2,2,2,3,3,2,2,2,2,2,2,1,1,3,1,2,2,3,1,1,3,3,1,3,3,3,1,3,1,2,2,2,1,3,3,2,1,1,3,2,1,1,2,3,3,4,5,2,3,1,4,2,3,2,1,3,3,2,3,1,1,3,3,3,3,1,2,1,3,2,2,3,1,2,1,3,2,2,1,2,3,1,1,3,1,2,3,1,3,2,1,4,4,3,1,2,1,1,2,1,2,3,4,3,1,2,3,2,2,3,1,2,1,3,2,1,3,2,2,2,4,2,2,1,1,2,1,3,3,3,1,2,1,1,1,1,1,2,4,1,2,2,1,1,2,2,2,3,3,1,3,3,4,3,2,3,3,3,3,2,1,1,2,2,2,1,2,3,2,1,1,2,2,1,1,1,4,2,2,1,1,2,2,2,2,3,1,3,3,2,1,1,1,2,2,2,2,2,2,2,1,3,1,1,3,3,4,4,1,1,2,1,1,1,2,2,2,3,2,2,2,2,2,2,1,1,3,2,1,2,2,1,4,2,2,1,2,2,3,1,2,2,2,2,4,2,3,3,3,3,2,4,4,1,1,3,3,1,2,3,2,2,1,3,2,3,3,2,2,3,3,3,2,1,2,4,3,1,3,2,2,1,1,1,2,1,2,2,2,3,1,2,2,2,2,2,3,1,1,1,2,1,1,3,4,1,1,1,2,3,3,5,1,1,3,4,4,2,1,2,3,1,2,2,1,3,2,3,2,3,1,1,1,3,1,4,4,1,1,2,2,2,1,1,1,3,3,1,3,2,2,4,3,3,2,1,1,3,3,2,2,4,5,1,3,1,2,2,1,2,2,1,1,1,2,2,2,2,1,3,3,1,1,2,1,2,1,3,2,2,2,2,2,2,1,2,1,2,3,3,1,2,3,1,3,1,3,3,1,3,3,2,1,1,1,4,2,3,1,1,3,3,3,2,3,3,2,3,1,3,2,1,4,5,3,1,3,3,1,2,2,1,1,1,2,1,1,1,1,2,2,1,2,3,4,2,2,3,3,4,4,3,3,1,1,1,1,1,1,1,1,3,4,3,3,1,1,2,2,2,2,4,4,2,4,2,2,2,2,2,1,2,3,1,1,2,2,3,3,2,1,3,3,3,3,1,3,1,1,2,2,1,3,3,1,1,3,3,4,2,2,2,1,1,1,4,1,1,1,3,2,1,2,1,4,3,2,3,2,3,1,2,2
CluIDFG21G_1396,1,2,2,2,1,1,3,3,1,1,3,3,3,3,4,2,2,1,2,3,3,3,1,1,1,2,4,4,1,4,3,3,2,2,2,1,2,2,1,2,2,3,1,3,1,1,1,3,1,1,2,2,2,2,3,2,2,1,1,1,1,1,3,5,3,2,1,1,3,3,3,3,3,2,3,3,3,3,1,3,3,2,2,2,2,1,2,2,1,1,2,1,1,3,3,3,4,1,3,1,1,2,2,1,3,1,2,2,4,2,3,1,2,1,2,2,2,1,3,4,1,1,2,3,1,3,3,3,1,2,2,1,2,1,1,2,1,1,1,1,2,1,2,1,3,3,1,3,2,1,2,1,3,1,2,2,1,1,2,2,2,2,2,2,2,2,1,1,3,3,1,1,3,3,3,3,1,1,2,1,2,2,3,1,3,3,2,1,2,1,1,2,4,2,2,3,1,1,1,1,1,2,1,2,2,1,2,2,1,1,2,4,3,3,1,1,2,1,2,3,1,3,4,3,3,3,2,2,2,1,2,3,1,2,1,2,1,1,2,2,2,2,1,3,2,3,3,2,2,4,2,1,1,1,2,1,1,1,2,2,1,3,1,1,3,3,2,2,4,1,1,2,1,1,1,1,2,1,2,2,2,1,1,3,2,2,3,1,3,2,2,1,1,3,3,2,1,2,2,2,2,1,1,1,3,2,3,1,3,2,3,3,3,1,2,1,2,1,1,2,3,4,2,2,2,2,3,3,5,3,3,2,5,2,1,5,2,2,2,1,2,1,2,2,3,2,3,2,1,2,1,1,5,5,2,2,2,2,2,2,2,2,2,2,3,3,3,3,4,4,2,2,2,1,3,3,2,1,5,3,1,3,2,1,1,2,2,2,2,1,1,3,3,3,2,1,1,3,2,3,1,1,3,2,2,1,3,2,2,2,1,1,1,1,2,3,2,1,3,3,4,3,2,3,3,1,1,4,2,3,2,2,3,3,2,1,3,2,3,3,2,2,3,3,1,2,1,2,2,2,2,4,3,3,1,3,1,2,2,1,2,2,1,1,1,1,1,1,1,1,3,3,5,2,3,4,2,3,3,3,2,3,2,1,5,2,2,2,3,2,2,2,3,1,1,2,2,2,4,1,4,2,1,2,2,3,2,2,3,3,3,1,2,1,3,2,2,2,3,3,2,2,2,3,1,2,2,2,3,3,1,1,2,1,4,3,2,2,1,3,1,3,2,4,3,1,2,2,3,3,1,3,1,1,3,1,1,2,1,2
CluIDFG21G_1397,2,1,2,2,4,4,1,2,1,1,1,3,3,3,3,3,1,1,3,3,2,3,2,1,2,1,1,4,2,1,2,2,1,2,2,1,3,1,3,1,3,1,3,1,1,1,2,2,2,1,2,3,1,2,2,3,2,1,2,1,3,2,4,5,3,3,4,1,2,2,2,1,3,3,3,2,3,2,1,1,3,3,1,2,2,1,1,3,1,2,2,1,3,3,1,3,4,4,3,2,1,2,3,1,3,3,2,2,4,4,2,2,2,2,2,2,1,3,4,1,3,2,2,1,2,1,2,3,2,1,4,2,1,3,1,1,2,1,2,2,1,1,1,2,3,2,3,1,1,2,1,2,3,1,2,2,2,1,1,2,3,1,1,2,2,3,1,1,3,3,1,1,3,2,2,3,1,1,2,2,2,1,2,1,3,2,2,2,1,2,2,2,7,7,3,3,1,1,2,2,3,3,4,2,3,1,4,2,2,3,2,4,1,1,1,2,1,2,2,3,3,1,3,1,3,3,1,1,2,2,2,2,1,1,1,1,1,1,2,1,2,3,1,3,1,1,2,2,3,4,3,2,1,1,3,2,1,2,2,1,2,4,1,1,3,1,2,2,5,4,3,3,2,1,1,1,2,2,2,2,2,3,2,3,1,1,2,2,2,3,1,2,5,1,3,1,3,2,1,1,2,1,2,2,2,2,3,3,2,2,1,1,1,3,1,2,2,1,1,1,1,3,1,2,1,2,2,3,5,5,3,2,1,4,2,1,2,2,1,1,2,2,1,1,2,2,1,2,1,1,1,3,2,1,2,1,2,1,2,2,2,1,3,2,1,1,1,2,4,4,2,3,2,1,1,3,2,1,4,3,3,1,1,1,1,1,1,2,1,2,2,2,1,1,2,1,3,3,1,1,2,1,2,2,2,2,3,2,2,2,1,2,2,3,2,2,2,2,1,1,3,3,3,3,3,3,3,3,3,3,2,2,2,3,2,1,1,3,3,3,2,3,2,2,3,2,5,5,3,3,3,2,1,1,3,1,2,1,1,1,1,2,3,1,1,1,2,2,1,1,2,2,2,2,4,4,3,1,2,1,2,3,2,1,1,5,1,1,2,2,3,2,1,1,2,2,1,1,1,1,3,2,2,4,2,1,1,1,3,2,1,3,1,2,1,3,3,3,2,2,3,2,2,1,3,1,2,2,2,2,3,1,2,3,3,4,2,2,3,1,3,2,4,4,1,1,2,2,2,1,4,4,2,3,3,2,2,2,1,1
CluIDFG21G_1398,2,1,1,1,1,1,3,1,2,2,3,1,3,3,3,4,2,2,1,3,3,1,2,1,2,1,4,4,4,4,2,3,2,2,1,2,1,3,3,2,3,3,3,3,3,1,2,3,2,2,3,3,2,1,2,3,2,1,2,1,1,2,3,5,2,3,1,1,3,3,2,2,3,2,3,3,3,3,3,1,3,3,2,1,2,1,4,3,1,1,1,2,3,3,3,3,2,4,1,3,1,2,1,1,1,1,1,1,3,4,3,1,2,1,2,1,2,3,3,4,1,1,3,2,1,1,3,1,1,2,2,2,2,2,1,1,3,1,1,2,1,2,2,1,3,2,1,5,1,3,2,2,2,3,2,1,1,2,1,2,2,1,1,1,2,1,1,1,3,1,1,1,3,3,3,3,1,2,2,2,3,1,3,2,2,1,2,1,2,2,2,2,7,1,3,3,1,1,1,2,2,2,4,3,3,2,1,2,1,1,4,2,3,3,2,2,2,2,3,1,3,1,3,4,3,3,2,1,1,1,3,1,1,1,2,1,1,3,2,1,2,2,3,3,3,2,2,3,1,4,1,3,2,1,3,2,1,2,2,1,1,3,1,2,3,3,2,3,1,2,2,2,3,1,2,2,2,2,2,1,3,3,3,3,2,2,2,3,3,4,1,2,1,3,3,1,2,3,2,1,1,1,1,2,3,2,1,1,2,2,2,3,1,2,1,1,2,1,2,2,3,3,2,2,1,1,1,3,5,1,3,1,1,4,1,1,3,2,2,2,2,1,1,3,3,2,2,2,2,1,1,3,1,5,1,1,2,2,1,1,1,1,3,2,1,3,3,2,4,4,2,3,1,1,3,2,1,2,5,5,3,3,2,2,1,1,1,1,1,1,1,1,1,1,1,2,3,1,3,1,2,2,2,1,3,1,1,2,2,2,2,1,2,2,2,2,2,2,1,1,4,4,3,2,3,3,3,3,1,2,2,2,4,4,3,1,1,3,3,3,2,2,3,3,2,3,2,1,1,3,2,2,1,2,1,1,2,1,1,1,2,1,2,1,3,3,1,1,1,1,3,3,2,5,4,2,3,4,3,3,2,1,1,2,1,5,1,2,3,4,2,2,1,2,1,1,2,1,1,3,1,2,2,2,3,2,1,2,2,2,1,1,2,1,3,1,1,1,3,3,2,2,3,3,1,1,4,2,2,1,1,3,2,2,3,1,2,3,3,1,1,1,1,2,3,3,3,2,2,3,1,1,2,3,3,3,2,3,2,1
CluIDFG21G_1401,2,2,2,3,4,4,2,1,1,2,1,3,3,3,3,3,2,3,3,2,2,3,1,2,1,1,2,4,1,4,2,3,2,1,2,3,3,3,4,2,1,4,3,3,3,3,3,2,2,2,1,3,1,2,3,2,1,1,1,2,2,2,1,4,2,1,1,2,2,3,1,1,3,2,3,3,2,1,1,1,1,3,1,2,3,2,2,2,1,3,1,2,1,3,1,1,3,4,1,1,2,3,1,2,1,1,1,1,4,1,3,3,1,3,1,2,3,3,1,2,1,3,2,3,1,1,2,2,4,2,4,1,3,1,2,1,3,4,2,2,1,1,2,2,3,2,3,3,2,2,2,1,3,3,2,2,3,3,1,2,2,3,3,1,2,3,2,1,3,3,2,1,1,2,2,2,1,2,2,1,3,3,1,2,1,2,1,2,2,2,1,2,7,4,1,3,1,1,1,2,2,2,1,2,2,1,2,4,2,2,2,4,2,3,2,1,2,2,3,3,3,1,2,4,1,3,1,2,2,1,2,2,1,2,1,3,2,1,2,2,2,3,3,2,1,1,3,3,1,4,3,3,1,1,2,2,2,2,2,1,4,1,1,1,1,3,2,3,1,4,2,1,1,1,1,2,2,1,1,1,3,3,2,3,1,1,1,2,2,3,1,2,1,4,2,1,3,1,1,1,1,2,2,1,3,3,3,2,2,3,3,1,1,1,2,2,2,2,1,1,3,3,1,2,1,1,3,2,4,5,3,1,4,5,3,2,2,2,1,2,2,1,2,1,2,1,2,1,1,1,3,2,2,1,2,1,2,2,1,2,2,1,2,2,1,3,2,3,2,4,3,3,1,1,1,2,1,3,5,4,3,3,1,2,1,1,2,1,1,2,1,1,3,1,2,1,2,3,1,1,2,1,1,1,2,2,3,2,1,1,2,1,1,2,2,2,2,1,3,1,1,1,3,2,1,1,2,3,3,3,2,2,3,3,2,1,3,1,1,3,2,2,2,3,2,2,4,3,2,2,2,1,1,1,3,3,2,2,1,1,1,2,2,1,3,1,1,1,2,2,3,3,4,4,4,1,2,2,2,2,1,2,1,1,1,3,1,2,5,5,3,2,4,2,1,2,2,2,2,1,1,3,2,1,2,1,1,2,3,3,3,1,2,2,3,3,1,3,2,3,3,2,3,3,3,3,2,1,2,2,1,1,2,3,3,4,2,2,1,3,4,4,4,2,1,1,3,2,3,1,1,3,3,2,2,3,2,2,1,2
CluIDFG21G_1402,2,2,2,2,4,4,1,2,1,2,1,3,3,3,3,4,1,3,2,1,3,3,1,1,2,2,1,2,2,1,2,3,3,1,2,2,3,3,1,1,2,2,3,3,1,1,2,2,2,2,1,1,2,2,1,1,2,1,1,2,2,3,5,1,3,3,3,1,2,3,1,2,3,3,3,3,1,1,3,1,3,3,1,1,2,2,3,3,1,3,1,2,3,3,1,3,3,3,1,1,3,3,1,2,3,1,1,2,4,2,1,3,3,2,1,2,3,2,3,2,1,1,2,2,3,3,3,3,2,4,2,3,3,2,1,2,4,4,1,3,2,1,2,2,3,2,1,1,2,2,1,1,3,3,1,1,1,1,2,1,3,3,1,1,2,3,1,2,4,4,1,1,3,3,3,3,1,2,2,2,2,2,3,1,1,3,2,2,1,2,2,1,7,4,2,2,1,1,1,2,3,3,2,4,3,1,3,2,2,2,4,2,1,1,2,2,2,2,3,3,3,3,2,2,3,3,1,1,1,2,2,2,1,2,3,1,1,1,1,1,3,3,2,2,2,2,3,2,1,4,3,2,1,1,3,3,1,1,2,2,2,3,2,2,2,2,2,2,2,2,2,1,2,1,1,1,2,3,1,1,2,3,2,2,1,1,2,3,1,1,1,1,4,1,1,3,2,3,1,1,2,2,2,2,2,2,4,1,2,2,2,1,1,2,2,2,2,3,2,1,3,3,1,1,1,1,2,2,1,4,1,3,2,4,4,2,2,2,2,1,1,2,1,2,3,2,2,3,1,1,1,1,2,1,1,1,1,1,2,2,2,1,2,2,1,3,1,3,3,4,3,2,1,2,2,2,1,3,1,4,3,1,2,1,2,1,1,2,1,2,2,3,1,1,1,1,2,2,3,1,1,1,2,1,3,1,3,3,2,2,2,1,1,2,2,2,1,3,2,3,3,3,2,3,1,1,3,3,3,3,2,2,2,4,3,3,1,1,3,3,3,2,2,3,1,2,3,3,4,4,5,2,2,2,1,3,2,2,2,1,2,2,1,2,2,2,1,1,1,2,2,3,5,2,2,2,4,4,3,3,1,3,1,2,5,1,2,2,2,2,3,3,3,3,1,1,2,1,2,2,4,4,2,2,2,2,1,2,3,2,5,4,2,1,3,3,3,3,2,1,3,2,3,3,3,3,2,2,2,3,3,1,1,3,4,4,2,2,3,1,4,4,2,2,1,1,1,3,3,2,2,1,3,2,2,2,3,3,2,2
CluIDFG21G_1404,2,1,1,1,4,4,2,2,2,2,1,1,1,3,4,3,1,2,2,2,3,3,2,1,2,2,2,4,1,1,2,2,2,3,1,3,1,3,3,1,2,1,1,3,3,1,2,2,1,1,3,2,2,2,2,2,2,2,2,2,2,1,3,4,3,3,1,1,3,1,2,1,3,3,4,4,3,3,1,1,1,2,1,2,2,2,4,5,3,2,2,2,3,3,1,3,2,4,1,2,2,1,3,2,1,2,1,1,4,1,3,1,2,1,1,1,2,1,2,1,2,1,3,2,2,2,2,3,1,1,3,3,3,3,2,2,4,4,2,3,2,1,2,1,2,3,3,3,1,2,1,1,1,1,1,2,3,1,2,1,3,3,1,1,2,2,1,3,1,3,1,1,3,3,2,3,1,2,1,2,2,2,3,2,3,2,1,2,2,1,2,2,4,1,3,3,1,2,2,2,2,4,1,3,2,3,1,2,1,1,4,2,1,2,1,1,1,2,3,2,3,3,3,4,1,4,2,1,1,2,2,1,1,2,2,2,2,1,1,2,2,2,1,3,2,2,1,2,4,3,1,2,2,1,3,3,1,2,2,2,3,3,2,2,3,3,3,2,4,2,1,1,2,1,2,2,2,1,2,2,1,3,3,3,1,2,2,2,3,2,2,1,3,3,1,3,3,2,3,1,2,1,1,2,1,2,1,3,1,2,1,1,3,2,1,2,2,2,1,1,4,4,2,2,2,1,3,3,3,2,2,3,1,3,2,1,2,3,1,2,2,2,2,1,2,2,2,2,1,2,1,2,1,4,1,1,2,2,2,2,1,1,3,3,1,1,3,2,3,2,1,2,1,2,3,1,2,1,3,3,3,3,1,2,2,1,2,2,2,1,2,2,1,1,2,2,3,3,2,1,1,2,1,1,3,2,2,2,2,2,1,2,3,2,2,2,1,1,3,3,3,3,2,2,1,3,4,3,2,3,2,2,2,2,2,2,3,3,3,3,3,2,3,3,3,1,2,5,1,4,2,1,3,1,3,3,1,2,1,2,1,2,2,1,1,2,1,2,1,2,4,3,2,4,3,2,3,4,3,3,3,1,1,1,1,1,2,1,5,2,1,2,1,1,2,2,2,1,2,4,2,3,4,2,1,2,1,2,1,3,4,3,2,1,3,2,1,3,3,2,1,3,3,2,1,1,2,4,2,2,3,2,1,1,4,2,2,2,1,2,1,4,4,1,1,2,2,2,3,3,1,3,1,2,3,1,2,2,2,1
CluIDFG21G_1406,1,1,3,2,4,4,3,2,2,2,3,1,1,3,3,3,2,2,3,1,1,3,1,2,1,3,2,4,1,1,2,3,2,2,2,1,4,1,3,3,3,1,3,1,1,3,2,2,2,2,2,3,2,2,2,3,1,1,1,2,2,1,3,4,2,3,1,1,3,3,3,2,1,3,3,3,3,1,1,1,2,2,2,2,2,2,4,2,1,1,2,2,3,1,1,1,1,3,3,1,2,3,2,1,1,3,2,2,2,4,1,3,2,3,2,1,3,2,3,3,2,1,2,3,3,2,1,3,3,2,1,2,3,3,1,2,4,4,2,2,2,1,2,1,3,1,1,3,2,2,1,2,3,1,2,1,1,3,2,1,1,3,1,1,2,2,1,3,1,3,1,2,3,3,3,3,1,2,1,2,3,2,1,2,2,2,2,1,2,2,1,2,1,2,1,2,1,1,2,1,2,2,2,3,3,3,3,2,1,1,1,2,2,1,1,1,2,1,3,2,3,3,4,4,3,2,2,2,2,2,2,3,1,1,2,2,2,2,2,1,2,2,2,3,2,2,1,3,2,1,2,3,1,1,2,3,1,2,2,2,2,2,2,3,3,3,1,2,4,2,2,2,1,1,2,2,2,2,1,2,3,1,3,3,2,1,1,2,3,3,2,2,1,4,3,3,2,2,3,1,2,1,2,2,1,3,1,1,2,2,1,1,2,2,2,2,2,2,1,1,1,3,2,2,2,2,3,1,3,2,3,3,2,3,2,4,3,1,1,2,2,2,1,2,2,2,2,3,1,2,2,3,4,1,1,1,1,2,2,1,1,2,2,3,1,1,3,3,2,3,1,3,2,1,1,5,1,2,3,3,3,3,1,1,1,1,2,2,2,2,2,3,1,2,2,1,2,3,2,1,2,1,2,2,3,2,3,3,1,2,2,1,1,3,2,3,2,3,2,3,3,1,1,2,3,3,4,4,1,1,2,2,2,2,3,1,1,3,3,3,2,2,2,3,2,3,1,3,1,1,2,5,1,1,3,1,2,2,2,1,2,2,1,2,1,1,1,2,2,1,3,3,2,2,4,2,1,3,3,2,1,1,1,1,1,1,1,1,4,5,3,2,3,2,2,2,2,2,1,4,3,4,3,2,2,2,1,1,1,2,3,1,2,2,3,1,1,2,1,1,2,3,2,3,1,1,2,2,2,2,1,3,1,1,3,2,1,1,2,2,1,2,2,1,3,2,2,2,3,1,1,2,1,2,3,1,2,2,1,1
CluIDFG21G_1407,2,1,2,2,4,4,2,2,1,1,2,3,3,3,3,4,1,3,3,1,3,3,1,1,2,1,1,4,1,1,2,2,1,1,2,1,4,1,1,3,3,2,3,1,1,3,2,2,1,1,3,3,2,2,1,1,1,2,1,2,3,2,1,4,3,3,1,1,2,3,2,3,3,2,3,2,1,2,1,1,3,3,2,2,1,1,1,2,3,2,2,2,1,1,2,2,3,3,2,1,1,2,3,2,2,1,1,1,4,1,3,1,2,1,1,2,2,2,4,3,1,1,1,3,1,3,2,3,4,1,1,2,3,3,2,2,3,4,2,3,1,1,2,1,2,3,3,1,3,1,2,1,2,3,4,1,1,2,1,2,2,2,2,2,2,2,1,2,3,3,1,2,3,3,3,2,1,2,2,2,1,2,2,2,3,2,2,2,2,2,2,2,7,7,3,3,2,2,1,2,3,2,4,1,1,1,4,4,2,3,1,4,1,1,1,1,1,1,3,3,3,3,4,2,1,4,2,1,2,1,2,1,1,2,2,1,1,3,2,1,3,2,1,3,2,2,3,3,4,4,1,2,2,1,3,3,1,1,2,1,2,3,1,2,3,1,2,3,4,4,1,3,1,3,1,2,2,2,1,2,3,2,3,2,1,2,3,3,3,1,1,2,3,1,3,1,2,2,3,2,1,2,2,2,2,1,3,3,2,3,2,2,3,1,1,2,3,1,1,1,1,4,2,2,2,2,3,2,2,1,2,1,3,4,2,2,2,2,2,1,2,2,2,1,2,2,2,1,1,1,1,2,4,1,1,1,1,2,2,2,3,1,3,2,1,3,2,3,4,3,2,3,1,2,3,1,1,1,4,1,3,3,1,1,1,2,1,2,1,1,2,1,1,1,2,1,1,3,1,1,2,2,2,2,2,3,3,1,1,2,2,1,1,2,2,2,2,2,3,1,3,3,3,2,3,3,3,3,2,1,2,2,4,3,1,1,1,3,3,3,3,2,3,2,1,1,2,1,2,3,2,2,1,1,1,3,2,1,1,1,2,2,1,1,3,3,2,2,2,2,3,3,5,2,2,4,1,3,3,3,2,3,1,1,1,1,2,2,2,2,2,1,2,2,1,2,2,2,4,1,4,2,4,1,1,3,2,2,3,2,3,3,2,2,3,3,2,3,1,2,3,2,3,2,1,1,2,2,2,2,3,3,1,3,4,4,2,2,1,3,4,3,2,2,1,2,2,2,2,3,1,1,3,1,2,3,1,2,1,1
CluIDFG21G_1408,2,2,3,1,4,4,2,3,1,1,1,2,3,3,3,3,1,2,3,2,3,3,1,1,2,3,2,4,1,1,3,2,3,2,2,1,1,1,2,3,3,1,3,3,1,3,2,3,2,2,3,4,2,2,2,2,2,1,1,1,3,1,1,4,3,3,1,1,3,2,1,2,2,3,3,3,2,2,3,1,2,3,2,2,1,2,2,2,2,2,2,2,3,1,1,2,2,3,1,1,2,3,1,2,3,3,2,2,1,4,3,2,2,3,1,2,3,2,1,4,3,3,2,3,1,2,1,2,2,1,3,1,2,3,2,2,4,3,2,3,1,1,2,2,2,3,1,5,2,2,2,1,1,3,2,4,1,3,2,2,3,3,1,2,3,2,3,1,1,3,1,1,2,3,3,3,1,1,2,2,2,2,1,1,2,3,2,1,2,2,1,2,4,2,3,2,1,1,2,2,2,1,1,4,1,1,3,4,2,3,4,2,3,2,2,1,2,1,3,1,2,1,3,4,4,2,2,1,1,2,3,1,2,1,3,3,1,2,2,2,1,2,1,3,2,2,2,2,4,4,1,2,1,1,2,3,1,1,2,2,3,2,1,2,3,3,3,2,4,4,1,1,1,1,1,1,2,1,1,1,2,3,2,1,2,1,3,1,3,3,2,2,5,3,1,1,2,1,1,2,2,1,2,2,2,2,3,1,2,2,2,1,2,3,1,1,2,2,1,1,3,1,2,1,2,1,3,3,2,5,3,2,3,1,1,5,2,2,3,2,2,2,1,2,2,1,3,3,2,1,3,3,4,5,1,1,2,2,2,1,1,2,2,3,3,3,3,2,4,3,3,2,1,1,3,3,3,3,4,4,1,1,2,2,1,2,1,2,2,2,3,2,1,1,1,2,3,1,3,3,2,2,2,2,3,3,2,3,2,2,2,2,1,3,2,3,2,2,1,1,3,3,3,3,1,1,4,4,3,2,2,2,1,3,2,3,1,3,3,3,3,2,2,2,2,1,3,3,4,4,2,5,1,2,3,1,2,1,1,1,2,2,2,1,3,1,1,2,2,1,3,2,5,5,2,4,4,3,3,2,1,3,1,1,1,1,1,2,5,5,3,2,1,1,2,1,2,2,4,1,2,3,4,2,1,2,2,1,2,2,1,3,2,1,3,2,1,3,4,2,3,3,3,3,1,1,2,4,2,2,2,2,2,3,3,3,2,1,2,3,2,1,4,2,3,2,2,2,3,2,4,3,1,2,2,3,1,3,1,2
CluIDFG21G_1412,1,1,2,3,4,4,1,2,1,1,2,2,3,3,4,4,1,2,1,3,2,3,1,2,1,2,2,1,1,2,2,2,2,2,1,1,4,4,3,3,2,3,3,2,1,1,2,3,1,2,3,3,2,2,1,1,1,1,2,1,2,2,4,4,3,3,1,1,2,3,3,3,3,3,4,3,3,2,1,1,3,3,1,1,2,3,4,3,3,1,2,2,3,2,1,1,3,4,3,1,3,2,1,2,1,3,1,1,4,4,3,1,1,3,2,2,2,1,4,4,3,1,3,2,2,2,2,1,2,1,2,2,1,1,2,2,3,1,2,2,1,1,1,2,2,2,5,5,2,2,1,1,3,2,1,1,1,1,2,2,2,2,1,2,1,2,1,1,1,1,2,2,1,3,3,3,1,1,2,1,3,3,2,1,2,1,1,2,2,2,1,2,4,2,3,3,1,1,2,2,1,4,1,1,2,1,2,4,2,1,4,2,3,2,1,2,2,1,2,3,3,2,2,2,4,3,2,1,2,1,2,3,2,2,3,3,1,2,2,1,2,1,2,2,1,2,2,3,4,1,2,2,2,1,3,2,2,1,2,1,1,3,1,3,3,3,1,2,1,4,2,1,1,2,1,2,3,3,1,2,3,3,2,2,2,1,2,2,3,3,1,2,1,1,3,2,3,3,1,3,2,2,1,2,2,2,3,3,2,2,1,2,2,1,2,2,3,2,2,1,3,3,2,2,1,1,3,3,5,5,3,3,3,4,3,2,2,2,2,2,1,1,1,1,1,3,1,3,1,1,1,3,5,1,1,2,2,2,2,2,1,1,3,2,1,1,2,1,4,4,3,3,2,2,1,1,3,3,4,5,3,1,2,1,2,2,2,2,2,1,2,2,3,1,1,2,3,3,1,3,1,1,1,2,2,1,2,2,2,2,2,1,2,1,2,2,3,1,3,3,4,3,2,2,3,3,4,4,2,3,2,2,2,4,1,1,3,3,3,2,2,2,3,3,2,2,4,2,3,4,2,1,3,1,3,1,1,2,2,1,2,2,1,2,1,2,2,2,1,2,3,2,2,2,5,1,1,1,2,3,2,3,1,1,3,1,2,1,2,4,2,2,1,1,2,2,1,2,3,4,4,1,2,2,2,2,2,1,2,2,3,3,2,1,3,3,3,2,2,3,2,2,1,2,3,1,2,2,2,3,3,3,3,1,2,3,2,2,3,2,2,4,1,4,3,3,3,2,2,2,3,4,1,1,2,3,3,2,1,1
CluIDFG21G_1413,1,1,3,3,4,4,2,3,2,1,3,2,4,1,4,4,2,1,2,3,3,3,2,1,2,1,4,2,4,1,3,2,2,2,1,1,3,1,1,1,1,3,1,1,1,3,3,2,1,2,3,3,1,2,2,3,2,2,1,1,2,2,4,4,2,2,1,2,2,3,2,3,3,2,2,3,1,3,3,1,3,3,1,2,1,3,2,2,3,3,2,2,1,2,1,2,4,2,3,1,1,2,2,2,3,2,1,1,4,1,1,3,2,1,2,2,2,3,4,1,1,3,3,2,3,2,2,3,2,1,2,2,3,3,2,2,3,3,3,2,1,1,2,2,2,2,3,5,1,2,2,1,2,2,1,2,3,1,2,2,3,2,1,2,2,1,1,3,3,3,1,1,3,3,3,3,1,2,2,4,2,2,1,1,2,1,2,1,2,1,1,1,6,4,2,2,1,1,2,1,4,2,4,1,1,2,4,4,2,1,2,2,2,2,2,2,1,1,1,3,3,1,4,4,4,2,1,1,2,1,2,1,2,2,2,3,2,1,2,2,2,2,2,3,2,2,3,2,4,1,1,2,1,2,2,2,1,1,2,1,4,1,2,1,3,2,2,3,4,2,2,1,1,3,1,1,2,3,1,1,2,2,2,3,2,1,3,3,2,3,2,2,2,3,1,1,2,2,2,1,2,1,2,1,1,3,1,3,2,1,2,3,3,2,2,1,2,2,1,1,4,3,2,1,1,1,1,3,4,3,3,1,2,2,3,3,2,2,2,2,1,1,1,1,2,2,1,3,1,1,3,3,2,5,1,1,2,2,1,1,3,1,3,3,1,3,2,2,4,2,3,2,1,2,3,2,2,1,3,4,3,3,2,1,2,2,2,2,2,2,2,3,2,2,2,2,3,3,3,1,1,1,2,1,2,2,3,2,1,2,2,1,2,1,2,2,1,3,3,3,3,3,2,2,3,3,3,3,2,1,2,2,2,2,2,1,3,3,3,3,3,2,2,2,2,2,1,4,4,1,1,1,1,2,2,1,2,2,1,1,2,2,1,2,2,2,1,2,1,1,2,2,2,2,2,5,3,3,2,3,3,3,2,1,1,1,2,2,2,5,2,3,1,3,2,2,1,2,4,1,4,3,1,2,2,3,1,1,2,2,3,1,1,2,3,3,1,3,4,2,3,1,2,3,3,3,1,2,3,2,1,2,3,1,4,4,2,2,1,2,4,1,2,2,3,2,2,2,1,2,3,4,1,2,3,3,1,2,2,2
CluIDFG21G_1414,2,2,1,3,4,1,3,2,1,2,2,1,1,3,4,3,2,1,3,2,1,3,1,1,1,1,2,4,1,2,3,2,1,2,3,2,1,1,1,4,1,1,3,1,1,3,3,2,1,1,2,2,2,2,1,2,2,2,1,2,3,3,1,4,2,2,2,3,2,2,1,2,3,3,4,4,3,3,2,3,3,2,1,2,2,1,3,2,1,1,1,1,3,1,3,1,3,3,2,1,2,1,1,2,3,1,2,2,4,2,2,3,2,1,1,2,1,2,1,1,1,2,3,1,2,1,3,1,4,2,2,1,3,1,1,2,3,2,2,3,1,1,2,1,3,2,1,5,2,3,1,2,2,2,2,2,1,3,2,2,3,2,2,2,3,1,2,2,3,3,2,3,3,3,3,3,1,2,2,4,2,2,1,3,3,3,1,2,1,2,2,1,7,4,2,3,1,1,1,2,4,4,3,2,3,1,3,3,2,1,2,2,1,3,1,1,1,1,2,1,1,1,3,1,3,1,1,2,1,2,2,2,1,1,2,3,2,1,1,1,3,2,3,3,3,2,3,3,4,1,2,3,2,2,2,3,2,2,2,1,2,3,2,3,3,3,2,2,1,2,2,2,2,1,1,2,2,3,2,1,2,3,3,3,2,2,3,2,2,2,1,1,1,4,3,1,3,3,2,2,1,2,2,1,3,3,3,3,2,2,2,3,1,2,1,2,1,3,2,2,3,4,2,1,2,2,1,2,3,5,3,1,1,1,2,5,2,1,1,2,2,2,1,2,2,2,2,1,1,2,3,3,1,2,1,1,2,2,1,1,2,3,2,1,2,3,2,3,4,4,2,2,2,2,5,3,3,2,1,3,1,1,2,2,2,2,1,1,2,1,1,2,1,1,2,2,3,3,1,1,1,1,1,2,3,3,3,2,1,1,2,2,2,3,3,2,2,1,2,3,3,1,2,3,1,3,3,3,3,3,1,2,2,1,1,2,3,2,3,3,3,3,1,2,3,1,1,3,2,3,2,2,1,1,3,1,2,1,2,2,2,2,3,2,1,1,1,2,2,1,3,4,2,2,3,4,3,4,3,3,1,1,2,1,1,1,1,1,3,4,3,1,2,1,2,2,2,2,4,2,2,3,2,2,1,2,1,1,2,2,3,1,1,1,3,3,1,1,3,1,3,3,1,2,1,1,1,2,3,3,1,3,3,2,1,3,1,2,2,3,3,4,1,2,1,2,1,2,3,2,2,1,2,2,3,2,2,2,1,2
CluIDFG21G_1417,2,1,1,2,1,1,3,2,1,2,1,1,3,4,3,4,2,2,3,1,3,2,3,1,1,2,2,4,1,2,3,3,2,2,3,2,4,3,3,1,3,3,3,3,1,1,2,3,2,1,4,1,2,2,3,3,1,1,1,1,2,1,4,4,3,2,1,2,3,2,3,2,3,1,3,4,2,3,3,1,3,3,2,2,2,2,3,5,1,1,2,1,3,1,2,1,2,3,1,1,3,1,1,2,3,1,2,2,2,4,3,1,2,3,2,1,1,2,3,1,1,1,3,2,2,2,1,3,1,4,2,3,3,2,1,1,1,2,2,2,1,1,2,1,2,3,1,1,2,1,1,1,1,3,2,2,1,3,2,1,3,2,1,1,1,1,1,3,3,3,1,1,2,3,2,3,2,1,1,1,2,1,2,2,1,3,1,2,2,2,1,1,2,4,1,2,1,1,2,1,2,1,2,3,1,1,2,3,2,3,2,2,3,1,1,1,2,1,2,4,2,3,3,2,1,3,1,2,1,1,3,2,2,1,1,2,2,2,1,2,2,2,3,3,1,3,2,3,2,3,3,3,1,1,3,2,1,2,2,2,1,2,3,1,3,2,1,2,4,4,2,1,2,2,2,2,3,3,2,2,3,2,2,2,1,2,2,3,3,3,2,2,3,3,3,3,3,2,1,3,2,1,1,2,1,1,1,1,2,2,1,1,2,3,2,2,2,3,2,1,3,4,1,2,2,2,3,3,5,5,1,3,1,4,2,3,3,1,2,2,2,2,2,3,3,2,2,3,2,2,1,1,5,4,1,2,1,1,2,2,3,2,3,2,1,1,3,3,3,4,2,2,2,2,3,3,3,1,4,5,3,1,1,1,1,2,1,2,2,2,2,2,2,2,1,2,2,1,1,3,1,2,2,1,2,2,2,3,2,2,1,1,2,1,2,3,3,2,2,3,1,3,3,2,3,3,4,3,2,1,1,1,2,1,2,1,3,3,3,3,2,3,2,2,1,2,3,3,4,2,1,2,2,3,1,1,1,1,2,2,1,1,3,3,1,1,1,1,2,2,3,3,2,1,3,1,3,2,2,2,1,3,1,2,1,1,1,1,2,3,2,3,1,2,1,2,2,2,2,4,4,3,2,2,2,3,1,1,2,1,4,4,2,2,3,2,2,3,3,2,1,3,3,2,1,1,4,4,2,2,3,3,1,2,4,3,2,1,1,1,3,1,1,1,2,1,2,3,3,2,1,2,2,1,3,3,2,2,1,1
CluIDFG21G_1419,1,2,1,1,2,4,1,3,2,2,3,1,3,3,3,4,1,1,2,2,3,3,1,1,1,1,4,4,4,4,2,2,2,2,2,2,4,4,3,3,3,3,3,1,1,1,3,3,2,2,4,3,2,2,1,2,2,1,2,1,2,3,4,1,3,4,1,1,2,3,2,2,3,2,3,3,3,3,3,3,3,3,2,1,2,1,5,4,1,1,2,2,1,3,1,2,3,4,2,1,1,2,2,3,1,1,1,1,1,1,3,3,2,2,1,1,1,3,4,3,3,1,2,3,1,2,3,2,4,4,2,2,3,2,1,2,3,2,2,3,1,2,1,1,1,3,5,1,3,1,2,1,1,2,1,2,1,1,2,2,1,3,1,2,2,1,1,1,3,2,1,1,2,3,3,2,2,1,2,2,2,2,3,1,1,3,2,2,2,2,1,2,4,6,1,2,1,1,1,1,2,2,3,3,3,3,2,1,1,1,1,1,1,1,1,1,2,2,3,1,1,2,1,2,3,3,2,1,2,1,3,3,2,1,2,2,3,1,1,1,2,3,2,2,1,3,1,3,1,2,3,3,2,2,2,3,1,2,1,2,1,4,3,1,1,3,2,2,4,2,2,1,1,1,2,2,2,2,2,1,3,2,3,3,1,1,2,2,4,4,1,1,3,1,3,1,3,3,2,3,2,1,2,1,2,3,3,3,2,2,1,2,3,1,1,1,1,2,2,1,3,3,2,2,1,1,3,3,3,2,3,3,2,1,2,1,2,2,2,2,1,2,2,2,2,2,2,2,1,1,1,3,2,2,1,2,1,1,2,1,3,2,3,2,1,3,3,1,3,4,3,2,1,2,3,1,3,1,4,4,1,1,2,2,1,2,1,2,2,2,1,3,2,2,1,2,1,2,1,1,1,2,1,1,3,2,2,2,2,2,2,1,2,1,3,2,2,1,3,1,4,4,1,2,3,3,3,3,1,1,2,1,2,2,1,1,2,3,3,3,2,2,3,3,1,3,3,3,2,2,4,1,1,3,3,3,1,2,1,1,2,1,2,1,1,1,2,1,2,2,3,2,2,2,5,2,3,1,3,3,1,3,1,2,2,1,1,2,4,3,2,2,2,2,2,1,2,1,4,2,4,2,2,1,3,2,2,2,3,2,1,1,1,2,1,2,3,3,2,2,3,3,1,1,2,2,3,3,3,3,3,3,2,1,1,3,1,2,2,2,1,1,4,4,2,3,2,2,2,2,2,4,1,3,3,2,3,1,2,2
CluIDFG21G_1423,2,2,3,2,4,4,3,2,1,1,3,3,4,3,4,3,1,3,3,5,2,3,2,1,2,2,1,2,1,2,2,3,2,2,2,2,3,1,3,4,2,4,3,3,1,3,2,2,2,2,4,2,2,2,2,2,1,1,1,1,2,2,4,4,2,2,4,2,2,2,1,2,3,2,3,4,1,3,1,1,1,3,1,2,3,1,2,4,2,1,1,2,3,1,1,1,4,4,2,1,2,1,2,2,3,2,2,2,3,4,1,3,2,3,2,2,2,2,4,4,1,3,2,1,2,3,1,3,2,2,1,1,3,3,2,2,3,3,2,2,1,1,2,1,3,2,3,3,1,1,1,2,1,3,4,2,1,1,2,1,2,3,1,2,2,2,3,1,3,3,1,1,2,2,2,3,1,1,2,1,2,2,2,2,1,1,1,1,2,1,2,2,4,2,3,3,1,1,1,2,2,3,4,4,1,1,1,4,3,1,4,4,2,1,1,1,1,1,3,2,1,3,3,2,4,1,1,2,1,1,3,2,2,2,2,3,2,1,2,2,3,1,1,1,1,2,2,2,4,3,2,3,1,1,3,2,2,1,2,1,3,2,1,2,3,2,3,1,4,4,2,1,2,2,2,1,2,2,2,1,2,1,3,2,1,1,3,2,3,3,2,2,1,5,1,3,2,3,1,3,1,2,2,2,2,2,3,3,2,2,2,1,2,3,2,2,2,2,1,1,1,3,2,2,2,3,3,2,1,1,3,1,4,4,1,3,1,2,2,1,2,2,2,1,2,2,2,2,1,1,1,3,1,4,1,1,1,1,1,2,1,1,3,3,1,1,1,3,2,4,3,3,1,1,1,1,1,1,5,5,3,3,2,1,1,2,2,2,1,1,1,1,3,3,2,2,1,3,1,1,1,2,2,3,2,3,3,2,1,2,2,1,3,1,2,2,1,1,3,3,1,4,3,3,3,1,3,3,2,2,2,2,3,3,1,2,1,3,2,2,1,1,3,3,2,2,3,3,4,2,5,5,1,2,3,1,2,1,2,1,2,2,1,1,3,1,1,2,1,1,3,2,2,5,4,4,2,1,2,3,1,3,1,1,1,1,1,2,4,2,3,3,3,3,2,2,2,1,2,1,3,3,2,2,2,2,1,1,1,1,3,3,2,2,3,3,1,3,2,2,1,1,2,2,2,2,2,2,2,2,3,1,1,1,4,4,2,1,3,1,2,2,4,4,3,2,2,2,3,2,4,1,2,1,3,1,2,2,1,1
CluIDFG21G_1426,2,1,1,3,3,4,1,1,2,1,1,1,3,1,3,3,1,1,2,1,3,2,3,1,2,2,1,4,1,4,3,2,2,1,2,2,3,1,3,1,1,3,3,1,1,3,2,2,2,1,1,1,2,1,3,3,2,1,1,1,2,2,5,4,2,3,2,1,3,2,1,2,3,2,3,3,3,3,3,1,2,3,2,2,2,1,4,2,1,1,2,2,1,1,3,1,4,4,1,1,1,2,1,2,3,1,2,2,4,2,3,1,2,1,1,2,1,3,3,4,1,2,3,2,2,2,1,3,2,4,1,3,1,3,1,2,1,3,2,3,1,2,1,2,2,2,5,5,2,2,2,1,2,1,4,2,1,3,2,2,2,3,2,1,2,1,1,2,2,1,1,1,3,2,2,1,2,1,2,1,2,2,3,1,3,3,1,1,2,1,1,2,6,4,2,3,1,1,2,2,1,2,1,2,1,1,2,1,1,3,1,4,1,1,2,1,2,2,1,3,3,3,2,4,3,2,2,2,1,2,2,2,1,1,1,2,1,2,2,1,3,2,3,3,2,1,3,3,2,1,3,3,1,1,3,2,1,2,2,2,1,3,3,3,1,3,3,1,1,4,1,2,1,1,1,2,2,3,2,2,3,2,3,2,2,1,2,2,3,3,2,2,1,4,3,3,1,3,2,1,1,1,1,2,2,2,3,1,2,2,1,2,1,3,1,2,2,1,1,2,4,3,2,1,1,2,1,2,3,1,1,3,4,4,2,2,2,2,2,1,2,2,2,1,2,2,3,2,2,2,3,1,5,1,1,1,2,1,1,2,2,2,3,3,1,1,1,3,3,4,2,3,2,2,3,3,1,1,3,4,1,1,2,1,2,2,2,1,2,1,3,1,3,1,2,2,3,2,1,1,1,2,2,1,2,2,2,2,2,2,1,2,3,1,1,4,2,2,1,1,4,4,2,3,3,3,4,2,2,2,2,1,2,2,1,2,2,3,3,3,2,2,3,3,2,2,3,4,4,4,5,4,1,1,3,1,1,1,1,2,1,1,2,1,1,1,2,2,2,2,2,3,2,2,5,4,3,1,2,3,1,1,2,1,1,1,2,1,5,3,2,3,2,1,1,2,2,2,4,4,2,1,2,2,3,2,1,2,3,3,1,3,2,2,3,2,3,2,3,4,3,3,2,3,1,1,2,2,3,2,3,3,2,2,4,4,2,1,3,1,3,4,4,3,3,1,3,3,2,1,1,4,1,1,3,3,1,1,1,1
CluIDFG21G_1429,2,2,3,1,4,4,1,1,2,1,2,1,1,3,4,3,1,2,3,1,1,3,2,1,1,2,4,4,4,1,2,3,2,2,2,3,1,1,1,1,3,2,3,1,3,3,2,2,1,2,2,4,2,2,2,1,1,2,1,2,2,2,4,2,2,2,1,1,2,3,3,3,2,3,2,2,3,3,2,1,3,1,2,1,1,3,1,2,2,3,2,2,3,2,1,1,4,4,1,1,3,2,2,2,2,2,2,1,4,4,1,1,2,2,2,1,2,3,1,1,1,2,2,3,3,3,3,2,2,4,3,1,3,1,1,2,2,2,2,2,1,2,1,2,2,1,5,3,2,1,2,2,1,2,4,2,1,3,2,2,2,3,1,2,2,1,1,3,3,4,1,1,3,3,2,3,2,1,4,2,2,2,1,1,1,1,1,1,1,1,1,1,4,4,2,2,1,2,1,2,4,4,4,1,1,2,4,4,2,1,2,1,3,3,2,2,2,2,3,3,3,1,2,4,1,4,1,2,2,1,2,2,2,2,3,2,2,3,1,2,2,2,1,3,2,2,3,2,4,1,1,3,1,1,3,2,1,2,2,2,2,3,1,2,1,3,2,3,4,4,1,2,1,1,2,2,2,2,1,1,3,3,2,2,1,1,3,3,3,3,2,2,3,3,1,3,3,3,2,2,2,2,1,1,3,2,1,1,2,2,3,3,2,3,2,1,2,2,1,1,4,3,1,2,1,1,3,1,5,3,2,3,4,2,4,2,2,2,1,2,1,2,1,1,2,2,3,1,1,1,3,1,5,5,1,1,2,2,1,1,1,1,3,3,3,3,2,3,4,3,2,2,1,2,1,2,2,2,5,3,1,3,2,1,1,1,1,2,2,1,2,1,3,1,2,1,3,2,1,1,2,2,2,2,3,3,3,2,2,2,2,1,3,1,1,3,2,1,1,3,3,4,2,3,1,3,3,3,3,3,2,2,2,2,1,3,1,1,3,3,3,2,2,2,3,2,3,5,4,1,1,5,1,1,2,2,2,1,2,1,1,2,2,2,1,1,2,1,1,1,3,2,5,4,5,3,4,3,2,1,1,3,1,2,1,1,2,2,2,2,2,3,2,4,2,2,1,1,4,4,4,3,2,1,3,2,1,1,2,2,3,3,1,1,3,3,3,3,2,3,1,3,3,2,1,1,2,4,2,2,3,3,3,1,2,3,1,3,1,2,4,4,1,2,1,2,2,2,3,1,1,4,3,2,2,2,2,2,1,2
CluIDFG21G_1430,2,2,1,2,1,4,3,2,1,1,1,1,3,3,4,4,2,2,3,3,2,3,3,1,2,1,4,2,1,1,2,2,2,2,1,3,2,2,3,3,3,3,3,3,3,3,2,3,2,2,3,3,2,2,2,3,1,2,1,2,2,2,4,4,3,4,1,1,3,2,3,3,1,1,2,3,1,3,1,3,3,2,2,1,1,3,4,4,1,2,1,1,1,1,1,1,3,3,1,1,3,2,2,1,2,1,2,1,4,3,1,1,1,2,2,2,1,3,4,3,1,3,3,2,2,2,1,2,2,4,4,3,1,1,1,1,1,1,2,2,1,2,1,1,2,3,5,5,2,1,2,2,1,2,1,2,1,3,2,2,2,2,2,2,2,2,1,1,3,3,2,2,3,3,3,3,2,2,1,1,2,1,1,1,1,3,2,1,2,2,1,1,4,2,2,2,1,1,2,2,2,2,3,3,1,1,3,3,2,2,2,2,3,3,1,2,2,1,4,3,1,2,1,3,3,1,1,1,1,2,1,3,2,2,3,2,1,1,1,1,2,3,3,1,1,1,3,3,4,1,2,3,1,2,2,2,2,2,2,2,3,3,2,2,2,2,2,2,4,4,1,3,2,1,2,2,2,3,1,2,3,3,2,2,2,1,2,2,3,2,2,1,4,4,1,3,3,1,3,3,1,2,1,1,1,2,1,3,2,2,1,1,3,2,1,1,1,1,2,1,3,2,2,2,2,1,2,2,3,3,1,1,5,5,3,3,2,2,2,2,1,1,1,1,3,3,3,3,2,1,1,1,5,5,1,2,1,2,2,2,3,3,2,2,1,1,3,2,4,4,2,2,1,2,2,3,1,3,4,4,1,1,2,2,2,2,2,2,2,2,1,2,1,1,2,2,3,3,1,3,2,2,1,2,2,1,2,2,2,2,1,1,1,1,2,2,2,3,3,2,1,3,2,2,3,3,4,4,2,2,2,2,3,3,1,2,3,3,2,3,3,2,3,3,1,2,3,2,2,2,2,4,1,1,2,1,1,1,2,2,1,1,1,1,1,1,1,2,2,1,2,2,2,2,4,1,3,3,3,3,3,3,1,1,1,1,2,2,5,3,2,2,1,1,2,2,2,2,4,4,4,4,2,1,2,3,1,1,2,3,3,3,2,1,3,3,1,2,2,3,3,3,2,1,1,1,2,1,3,3,3,3,3,2,4,4,2,2,1,2,2,2,1,1,3,2,3,2,3,2,1,1,2,1,2,3,3,3,3,1
CluIDFG21G_1436,2,2,1,2,4,1,3,2,2,1,3,1,4,1,4,3,1,1,3,2,2,3,1,2,1,3,4,4,1,1,3,2,2,2,2,2,2,3,3,2,3,1,3,1,1,1,1,2,2,1,4,3,1,2,1,2,2,2,1,2,2,2,4,4,2,4,1,4,2,2,1,2,3,2,3,3,1,1,2,3,3,2,1,1,3,3,2,4,3,2,1,1,1,1,1,1,3,4,2,1,3,2,2,2,3,3,2,2,4,1,2,2,3,2,2,2,1,1,4,4,1,3,1,3,2,1,1,2,2,1,3,1,1,3,2,1,2,1,2,3,1,2,2,2,1,3,3,5,2,1,1,1,3,1,4,4,2,1,1,2,2,3,1,3,2,2,1,1,3,1,1,1,3,3,3,3,2,1,4,4,1,2,1,2,3,3,2,2,2,2,2,2,4,7,3,3,1,1,2,1,3,3,4,3,1,2,4,2,1,3,1,2,2,1,2,2,1,2,2,2,3,3,1,3,1,3,1,2,2,2,3,2,1,2,3,1,1,2,2,1,3,3,2,3,2,2,2,2,4,4,2,1,1,1,3,2,1,1,2,1,3,3,2,2,3,3,3,2,1,4,1,1,1,1,1,1,2,3,2,1,2,2,3,3,1,1,3,3,2,3,1,2,4,4,1,1,3,2,1,1,1,2,2,2,2,2,1,3,2,2,2,2,2,3,2,1,2,2,1,1,3,2,1,1,1,1,3,3,4,5,1,2,5,4,3,2,2,2,1,1,2,2,1,1,2,2,1,1,1,1,1,3,2,4,1,1,2,1,1,1,1,1,1,3,3,1,3,3,4,2,3,1,2,1,5,4,2,2,4,4,3,1,2,1,2,1,1,1,2,2,2,3,2,3,1,2,1,3,3,1,1,2,2,2,2,2,2,1,2,2,2,1,2,1,2,3,3,2,1,3,3,3,3,3,3,1,1,3,3,3,2,2,1,3,1,3,3,1,3,2,2,2,3,3,2,2,3,3,2,2,2,2,2,1,1,3,2,1,1,1,2,2,2,2,3,1,1,2,2,1,2,3,4,2,4,2,2,2,1,3,1,1,1,1,1,2,1,2,3,2,2,2,1,1,2,1,2,2,4,2,4,4,2,2,2,2,2,1,1,2,3,3,2,1,3,3,1,2,3,2,2,1,2,1,3,1,2,4,2,2,1,3,3,2,3,4,2,1,3,1,4,2,4,2,1,1,1,2,2,3,3,2,3,2,2,3,2,2,1,1
CluIDFG21G_1440,2,1,1,1,4,4,2,1,1,2,2,1,1,3,3,3,2,1,1,2,3,3,1,1,1,1,2,2,1,1,2,3,2,2,2,3,4,1,3,3,1,3,3,3,1,1,2,3,2,1,3,3,2,2,1,3,1,1,2,2,2,3,5,1,3,3,1,1,3,1,1,2,3,3,4,2,3,3,3,3,3,2,2,2,2,1,2,3,3,1,2,2,1,3,1,2,4,3,1,2,2,1,1,2,3,1,2,2,4,2,3,3,2,1,1,2,3,3,3,3,2,1,1,2,3,2,3,3,4,4,2,2,3,3,2,1,3,3,2,2,2,2,1,1,3,3,1,3,2,1,2,1,1,1,2,4,2,1,2,1,1,3,1,2,2,2,1,2,3,1,2,2,3,1,3,2,1,2,4,1,1,2,2,1,2,3,2,2,1,2,1,1,7,6,1,2,1,1,1,2,1,2,1,3,2,1,3,2,1,2,4,4,1,3,1,1,2,1,3,1,1,3,1,4,1,3,1,2,1,1,3,2,1,2,2,1,1,1,2,2,3,2,3,3,1,1,1,3,2,2,3,2,2,2,2,3,2,1,2,2,2,4,3,2,1,1,2,2,2,1,2,2,1,3,2,1,3,3,1,2,2,3,1,3,1,1,2,2,4,3,1,2,1,4,1,3,2,2,3,2,1,2,1,1,2,3,1,3,3,2,3,1,1,1,1,1,1,1,1,2,3,3,1,2,2,2,3,3,2,3,3,2,3,2,5,3,2,2,2,2,2,2,1,1,2,2,3,3,1,1,1,1,5,4,1,2,1,1,2,2,1,1,2,3,1,1,3,3,4,4,2,2,2,2,1,1,3,3,4,4,3,3,1,1,2,1,1,1,1,1,3,1,2,2,2,2,3,3,1,1,1,1,3,2,3,2,3,3,2,2,2,2,1,2,2,3,2,2,1,3,4,4,1,2,3,3,4,3,3,1,2,2,2,3,2,1,1,3,3,3,3,3,3,3,1,3,3,2,4,2,1,5,1,2,1,2,1,2,2,1,2,2,1,1,1,1,1,2,2,1,2,3,2,2,5,2,3,1,3,3,1,1,1,1,1,1,1,1,4,5,2,2,1,1,2,1,2,2,2,2,4,4,2,1,2,3,2,1,3,2,1,1,2,2,3,2,1,1,3,3,3,3,2,2,2,1,4,2,2,2,1,3,2,3,1,4,2,2,3,2,1,4,2,2,1,1,1,2,3,3,3,1,1,2,3,2,2,3,2,1
CluIDFG21G_1442,1,2,2,1,1,1,1,3,1,1,2,3,4,1,3,4,1,1,3,2,1,2,1,1,2,2,2,4,1,2,3,2,1,2,2,2,1,2,1,3,3,3,3,1,3,3,3,2,1,2,4,2,2,2,1,1,2,1,2,2,2,2,1,4,3,2,3,1,2,2,2,2,1,1,3,3,1,3,3,1,3,3,2,1,1,1,4,5,2,1,1,2,3,1,1,3,4,3,1,1,3,2,2,2,3,2,2,2,3,4,3,2,3,1,1,2,2,3,1,4,3,1,2,3,2,2,3,1,3,2,2,2,3,3,2,2,1,1,2,2,1,2,2,1,3,2,5,5,1,2,1,1,2,1,1,4,2,1,2,1,2,2,1,1,1,2,1,1,3,3,1,1,3,3,3,3,2,2,1,1,3,1,2,2,2,3,1,2,2,1,1,2,2,4,2,3,1,1,2,1,2,3,1,4,1,1,4,4,3,2,4,2,2,1,2,2,1,1,3,2,1,1,1,1,3,3,1,1,1,1,3,3,1,2,1,3,2,1,1,1,3,3,3,1,2,2,3,2,4,1,1,3,2,1,2,2,1,1,2,2,2,1,1,3,1,3,2,2,2,2,1,2,2,1,2,2,3,2,2,2,3,2,2,2,1,2,3,2,3,1,1,2,1,1,3,3,3,3,1,2,1,2,2,1,2,3,1,3,3,2,2,1,2,2,2,1,1,2,1,1,3,2,2,1,2,2,3,3,5,5,1,3,3,4,4,1,2,2,2,1,2,2,1,1,2,2,2,2,2,2,1,1,2,5,1,1,2,1,1,2,3,2,2,3,3,1,2,3,1,4,3,1,1,2,3,3,1,1,3,4,3,3,1,1,2,1,1,1,2,2,2,3,3,1,2,2,2,3,3,2,2,1,2,3,3,2,2,3,2,2,1,1,3,1,2,2,2,1,3,2,3,3,2,1,1,3,3,4,1,3,2,2,2,3,1,2,3,3,3,2,2,3,3,3,1,3,3,3,2,3,1,2,1,1,1,1,1,1,2,2,2,1,1,1,1,3,1,2,1,2,1,3,4,2,5,4,3,2,2,2,3,3,1,2,5,1,1,2,2,5,2,2,2,2,1,1,2,1,4,3,4,3,1,2,3,2,1,2,2,2,1,3,1,2,3,3,1,1,3,3,3,3,2,1,3,2,4,2,2,1,1,3,2,2,3,4,1,1,1,2,4,2,1,4,2,3,3,2,2,1,1,3,2,3,3,2,2,2,1,1
CluIDFG21G_1447,2,2,2,2,4,1,2,3,1,1,3,2,3,3,3,4,1,3,2,5,2,2,2,2,1,1,4,2,1,1,3,2,1,1,2,1,3,1,1,1,2,2,3,1,3,3,2,2,2,2,3,4,2,2,1,3,1,2,1,1,2,2,4,4,3,3,1,1,1,2,1,2,3,3,3,4,1,3,1,1,3,3,2,2,2,1,2,3,1,3,1,2,1,2,3,2,3,4,1,1,2,1,2,2,2,2,2,1,1,4,3,3,2,2,1,2,2,1,2,3,1,3,2,2,2,2,1,3,2,4,2,1,3,3,2,2,3,4,2,3,1,1,2,2,2,2,1,3,2,2,1,1,2,1,2,1,1,1,2,1,2,2,1,1,2,1,3,1,3,3,1,1,3,3,2,3,2,1,2,1,1,2,2,1,1,2,2,2,2,2,1,2,7,3,2,3,1,2,2,2,2,3,4,2,1,1,2,4,1,3,2,2,2,1,2,1,1,1,2,3,3,3,4,3,4,3,1,2,1,1,3,1,2,1,1,1,1,2,2,2,3,3,1,1,2,3,2,3,4,3,2,1,1,1,3,2,1,1,2,2,3,2,1,2,1,3,2,3,4,2,1,2,3,2,1,2,2,3,1,2,3,3,2,3,2,1,3,2,3,3,1,2,1,3,1,2,2,3,2,1,1,2,2,2,2,1,3,3,3,3,2,2,2,1,2,1,3,1,1,2,4,3,2,2,1,2,3,3,2,2,2,2,3,3,2,5,1,2,2,1,2,2,1,2,2,2,2,2,2,1,1,1,4,5,1,1,1,1,2,2,2,3,3,2,3,1,3,2,4,3,3,2,2,2,3,3,2,1,1,3,3,3,1,1,2,1,2,1,2,1,2,3,3,1,1,2,2,1,1,1,1,2,2,2,2,2,3,3,1,2,2,2,1,1,2,2,1,2,3,3,3,4,1,2,1,1,4,3,1,3,2,2,2,2,1,1,3,3,2,2,2,3,1,3,2,3,4,3,4,4,1,1,3,1,3,3,1,1,1,1,2,2,1,1,1,3,2,1,2,1,3,3,2,5,1,4,1,1,2,3,2,2,1,1,1,1,1,2,2,2,3,2,1,1,2,2,2,2,4,2,4,4,2,4,3,2,2,2,2,2,1,3,2,2,3,3,3,3,2,4,3,3,3,1,2,1,3,2,2,2,3,3,1,1,4,3,2,2,3,3,1,4,2,2,1,2,3,2,2,2,4,2,2,1,3,3,2,1,1,1
CluIDFG21G_1455,1,2,2,2,4,1,2,3,1,2,1,3,1,3,3,4,1,3,2,1,1,3,1,2,1,1,4,2,2,1,2,3,2,2,3,1,2,3,2,2,3,1,3,3,1,3,2,2,1,2,1,3,2,2,3,1,2,1,2,1,1,3,4,5,2,3,2,1,2,1,2,2,3,3,3,3,1,1,1,1,1,2,2,2,3,1,2,2,2,3,2,1,3,3,2,3,4,3,1,2,3,3,1,2,3,2,2,1,2,2,3,3,3,2,2,1,2,2,3,2,3,1,2,3,1,2,3,3,3,1,1,1,3,1,1,2,3,1,3,2,2,2,1,1,2,1,3,3,2,1,2,1,1,2,1,1,3,1,2,2,1,3,1,2,2,3,1,1,4,3,1,1,3,3,1,2,1,1,2,2,3,3,3,1,3,1,2,2,1,2,1,1,4,7,2,3,1,1,2,2,3,2,1,3,1,1,4,1,1,2,2,4,1,2,1,1,2,1,3,2,2,2,2,4,3,3,1,1,1,1,2,2,1,2,1,3,1,2,2,2,2,2,1,2,2,1,3,3,1,4,2,3,1,1,2,1,1,1,2,2,2,4,2,1,2,2,1,3,2,4,2,2,3,2,2,2,2,3,1,1,3,3,2,3,2,1,3,2,3,3,1,1,2,2,1,3,2,1,3,3,2,2,2,2,2,2,3,1,2,2,1,3,2,1,1,1,1,2,2,2,3,4,2,1,1,1,3,3,1,3,2,2,2,2,2,4,2,2,2,1,2,2,3,2,2,2,2,2,1,2,3,3,5,4,1,1,2,1,1,1,1,2,3,3,1,1,3,1,4,4,2,3,2,2,3,1,2,1,5,3,1,3,2,2,1,1,2,1,2,2,3,3,1,1,2,2,1,3,1,3,1,2,2,1,3,3,2,2,2,2,2,2,2,1,3,3,3,2,3,2,3,1,3,2,3,3,3,3,2,3,2,1,4,1,2,1,3,3,3,3,2,2,3,3,1,1,5,5,1,1,1,4,1,1,1,1,2,2,2,2,1,2,2,3,2,2,1,1,1,2,3,3,5,5,4,5,1,1,2,1,3,1,1,1,5,1,1,2,2,2,1,1,2,1,2,1,2,1,2,4,3,3,1,2,2,1,1,1,1,1,5,1,2,1,3,3,2,2,3,2,3,3,3,3,1,1,2,2,2,3,3,1,1,3,3,2,1,1,2,2,3,1,2,2,1,2,3,3,3,3,1,3,3,1,3,2,2,2,3,1
CluIDFG21G_1456,1,2,3,2,4,1,3,2,2,1,3,3,3,1,3,3,1,2,2,1,3,2,2,1,1,1,2,4,4,1,3,3,1,2,2,2,3,1,2,1,3,1,1,3,3,3,3,2,1,2,4,4,2,2,3,2,2,2,1,2,3,1,5,1,3,3,1,1,1,3,1,3,3,2,3,4,2,3,1,1,3,3,2,2,2,2,5,4,1,1,2,2,3,3,1,3,3,3,2,1,1,3,2,3,3,3,2,2,2,4,3,2,3,2,1,2,1,1,4,1,1,3,2,3,2,1,1,2,2,4,2,1,3,3,1,2,3,3,2,2,2,2,1,1,3,3,1,1,1,1,2,1,1,3,2,4,1,1,2,1,2,3,2,1,2,2,1,1,3,3,1,1,3,3,3,3,2,1,2,2,1,2,1,1,1,2,1,2,1,1,1,2,4,2,2,2,1,1,1,1,3,2,2,4,1,1,2,2,1,1,1,4,1,1,1,2,1,2,1,3,3,3,4,3,1,3,1,2,1,1,2,3,2,1,2,1,2,1,1,2,2,2,3,1,2,2,3,3,4,1,2,3,1,1,2,3,1,1,2,2,2,2,2,1,3,1,2,3,5,1,1,1,3,1,2,1,2,3,1,1,2,3,2,3,2,1,3,2,4,3,2,1,3,4,1,2,3,2,3,3,2,2,1,1,3,1,3,2,2,3,1,1,3,3,1,1,2,1,1,1,4,3,2,1,1,1,3,3,2,3,1,1,4,2,2,1,3,2,2,2,2,1,1,2,2,2,2,1,1,1,2,1,4,5,1,2,1,1,1,2,3,1,3,2,1,2,1,2,3,4,3,3,2,1,3,1,3,1,4,4,2,3,2,1,1,1,1,1,1,2,3,2,3,1,2,1,3,2,1,1,2,2,2,1,3,2,2,1,2,2,1,1,2,1,2,3,2,2,3,1,4,4,2,2,3,1,4,3,3,2,2,2,2,3,1,2,3,3,3,2,2,2,2,3,3,2,3,2,1,4,2,4,2,1,3,3,2,2,1,1,2,2,2,1,1,3,2,1,1,2,4,2,5,2,4,5,2,1,1,3,1,3,2,1,1,1,2,1,3,2,3,2,4,1,1,2,2,2,4,1,3,4,4,2,3,2,2,1,3,3,1,1,1,2,3,3,1,1,3,3,2,3,2,3,2,1,2,4,1,1,1,3,2,2,4,4,2,2,2,1,3,2,2,2,3,2,2,3,1,2,4,1,2,3,1,3,2,3,1,1
CluIDFG21G_1457,2,1,1,1,4,4,1,1,1,2,1,1,3,3,3,3,2,2,2,2,1,1,1,1,1,1,4,4,3,3,2,2,3,2,1,3,1,3,3,1,3,3,1,3,3,3,2,2,1,2,1,2,2,2,3,1,1,2,1,2,1,2,4,5,3,3,2,1,2,3,2,1,2,3,3,3,3,3,3,3,3,3,2,2,2,2,4,3,3,1,2,2,3,2,1,1,2,2,2,1,2,1,2,2,1,3,2,1,4,2,3,3,2,1,1,1,2,1,1,3,1,1,3,2,2,1,1,1,2,4,1,2,3,3,2,1,4,1,3,2,2,2,2,1,3,1,1,3,3,2,2,2,2,3,2,1,2,1,1,2,3,2,2,2,2,2,1,2,1,3,1,2,3,2,2,1,2,2,2,2,1,2,3,1,2,2,2,2,2,2,2,1,6,6,2,3,1,1,1,1,2,2,4,4,1,1,4,2,3,1,4,2,2,1,2,2,2,1,2,2,3,1,4,2,3,3,1,2,2,2,3,2,1,1,2,1,1,2,2,1,2,3,1,2,1,1,3,3,1,1,3,3,1,2,3,3,1,2,1,1,3,3,2,3,3,1,2,2,2,4,3,2,1,3,2,1,3,2,1,2,3,2,3,3,2,2,3,2,2,3,1,2,4,4,2,1,1,2,2,2,1,1,1,2,2,1,1,3,2,2,3,2,2,1,1,2,2,2,1,2,3,3,1,2,1,2,3,2,2,2,1,2,1,3,5,1,2,2,2,1,2,2,1,2,2,2,3,1,1,1,1,3,1,5,1,1,1,2,2,1,1,3,2,2,2,3,3,2,4,3,2,1,2,2,3,1,3,3,5,4,1,2,2,2,1,1,1,1,1,1,2,3,2,1,2,1,1,1,1,3,1,1,2,3,3,2,3,3,1,2,2,2,3,1,2,2,3,3,1,3,1,4,3,3,1,3,3,3,1,3,2,2,1,2,3,2,1,3,3,3,2,3,3,2,1,1,3,3,2,3,2,5,1,3,3,3,1,2,1,1,2,1,1,1,1,1,2,1,1,2,2,3,2,5,3,4,2,2,3,3,1,1,1,2,2,5,1,1,2,2,2,2,4,1,2,2,1,2,1,3,3,4,3,2,2,2,1,2,2,2,1,1,1,2,3,3,1,1,3,3,3,2,2,1,1,1,1,4,1,3,3,3,2,2,1,3,1,1,2,2,1,1,4,1,1,3,1,3,3,3,1,3,2,3,3,2,2,1,2,1
CluIDFG21G_1463,1,2,3,2,1,4,3,1,1,1,1,2,1,3,3,4,2,1,1,2,1,3,2,1,1,2,4,2,1,1,3,3,1,2,2,2,4,1,3,1,3,2,2,1,3,1,2,2,2,1,3,4,2,2,1,3,2,2,1,2,2,2,2,5,2,2,3,1,2,3,3,3,3,2,3,3,1,1,3,3,3,2,1,2,2,2,5,2,2,2,2,2,3,3,3,2,4,1,2,3,2,2,1,2,3,3,2,1,4,1,1,3,1,2,2,1,3,2,1,2,1,3,2,2,3,3,3,3,2,3,2,1,3,3,2,2,2,1,3,2,2,2,1,1,3,1,5,5,1,1,2,1,2,3,2,1,3,1,2,2,3,2,2,1,2,3,3,2,1,3,2,1,3,3,3,3,1,1,1,4,2,1,1,1,1,3,2,1,1,1,1,1,4,4,2,2,1,2,1,2,2,4,4,2,1,2,4,3,1,3,2,2,2,2,2,1,2,1,4,2,1,3,2,4,4,4,2,2,2,2,2,2,2,2,3,1,2,3,2,1,2,2,2,1,2,1,2,2,4,4,1,1,1,1,2,2,2,2,2,2,4,1,1,2,1,3,3,2,1,4,2,2,1,1,1,2,2,2,2,1,3,3,2,3,1,1,3,2,3,4,1,1,4,4,2,3,3,2,2,3,1,2,1,1,2,2,1,1,3,2,3,1,2,3,2,2,2,3,2,1,4,3,2,1,1,1,1,3,4,3,1,2,2,1,3,4,2,1,1,2,1,2,1,2,1,2,3,3,1,2,3,3,5,5,1,1,2,2,1,1,3,2,2,2,1,3,3,2,4,2,3,3,2,2,3,1,3,3,3,4,3,3,1,1,2,1,2,2,1,2,1,2,2,1,1,2,3,2,3,1,1,1,2,2,2,3,3,2,2,2,2,2,2,3,2,2,1,3,2,2,3,3,3,2,3,3,3,4,3,1,2,2,2,2,2,1,2,1,3,3,2,2,3,2,2,2,4,2,1,4,1,5,3,3,1,2,1,2,2,1,2,2,2,1,2,2,1,1,1,2,3,3,4,5,3,1,4,1,2,3,1,1,1,2,1,5,2,1,4,2,2,1,1,2,2,1,1,1,4,4,4,2,4,2,2,2,1,2,2,3,3,1,1,2,3,3,3,3,4,2,3,1,2,2,1,3,2,2,2,2,3,3,3,1,1,3,1,2,1,1,3,2,1,2,2,1,3,2,2,2,4,4,2,1,2,2,2,2,2,1
CluIDFG21G_1464,2,1,1,2,4,1,1,3,1,1,1,3,3,3,4,4,1,3,2,3,1,3,2,1,2,1,1,4,2,4,2,3,1,2,2,1,4,1,1,3,2,3,3,3,3,1,3,3,1,2,2,4,2,2,1,1,1,1,1,1,1,2,1,5,1,3,1,1,3,3,2,2,2,3,3,4,3,3,1,3,3,3,2,2,2,2,3,3,1,1,2,1,1,3,2,1,2,1,3,2,2,2,1,1,1,1,1,1,1,2,3,3,1,1,1,1,2,3,1,4,3,1,2,3,2,2,1,2,4,2,2,2,3,3,2,2,1,3,1,2,2,2,1,1,3,3,1,3,1,1,2,2,1,3,2,4,1,2,1,2,2,2,2,2,2,1,3,1,1,3,1,1,2,3,3,3,2,1,2,1,3,1,3,2,2,1,1,2,2,2,2,1,4,7,3,3,1,1,1,1,2,2,4,4,1,1,2,4,2,1,1,2,1,3,1,1,1,2,3,1,1,1,1,3,3,3,1,1,1,1,3,3,1,1,1,1,1,1,2,1,2,3,3,1,3,2,2,3,1,3,3,3,1,2,3,2,1,1,2,2,4,2,3,1,1,1,2,3,5,2,1,2,3,3,1,1,2,2,2,2,3,3,3,3,1,2,3,3,3,4,1,1,1,1,3,2,2,2,2,2,1,1,2,2,2,2,3,3,2,2,2,2,1,1,1,1,1,1,2,2,3,3,2,1,1,2,1,3,2,2,3,3,2,2,5,2,3,3,2,2,1,1,1,1,2,2,3,3,2,2,2,1,4,5,1,1,1,1,2,1,2,3,3,2,1,3,1,2,2,3,3,2,2,2,1,3,3,1,5,3,1,1,2,1,1,1,1,1,1,2,3,3,2,2,1,2,2,1,1,1,2,1,1,3,3,2,2,2,1,1,2,1,2,1,4,2,2,2,1,1,4,4,2,2,3,3,3,3,1,3,1,2,2,3,2,1,2,3,3,3,2,2,3,3,3,1,3,2,1,2,1,1,1,1,1,3,1,2,2,1,1,2,1,2,1,1,2,2,2,2,2,3,2,2,4,4,3,4,1,1,1,3,2,1,1,2,1,1,4,3,2,2,1,2,2,2,2,2,4,2,1,1,2,2,3,2,2,2,2,2,1,3,1,1,3,2,3,1,1,2,3,3,2,1,1,2,3,2,3,1,1,3,1,2,1,1,2,1,1,1,4,4,2,2,2,2,2,2,3,3,1,2,3,1,3,3,3,2,2,1
CluIDFG21G_1465,1,2,3,3,4,1,1,3,2,2,1,1,4,4,4,4,3,1,2,3,1,1,1,2,1,2,1,2,1,1,3,2,2,2,1,1,3,3,1,3,3,3,3,3,3,1,2,3,2,1,3,4,1,1,3,2,2,1,2,1,2,2,4,5,3,3,3,1,2,2,3,2,3,3,3,4,3,1,1,3,3,1,2,1,1,2,4,1,1,1,2,2,3,1,3,3,4,3,1,1,2,2,1,2,2,1,2,1,3,4,1,3,1,1,2,1,3,3,3,1,2,2,2,1,1,1,2,3,1,1,3,1,2,1,1,2,2,4,2,2,2,1,2,1,2,3,1,3,2,2,2,2,1,3,4,2,1,3,1,2,3,2,1,2,1,2,1,3,1,1,1,1,3,3,1,1,2,2,2,2,2,1,1,2,1,3,2,1,1,2,1,1,4,4,2,1,1,1,2,1,3,2,1,2,1,1,4,2,1,3,2,2,2,1,1,1,2,1,2,3,3,3,2,3,1,3,1,1,1,2,2,2,2,2,1,1,3,2,1,2,1,3,3,3,3,1,3,3,2,4,2,2,1,1,3,2,1,2,2,1,1,3,1,3,1,3,2,2,2,1,2,2,1,1,2,1,2,3,2,2,2,2,3,3,2,2,2,2,2,1,1,1,4,4,1,3,3,3,2,3,2,2,2,2,1,1,3,3,3,2,2,2,1,2,2,1,2,2,2,2,3,3,1,1,2,1,2,2,1,2,1,2,4,4,3,2,1,2,1,2,1,1,1,1,2,3,1,3,1,1,3,2,5,5,2,1,1,2,2,2,3,2,2,3,1,1,3,3,2,3,2,1,1,2,1,5,3,2,4,4,2,3,1,2,2,2,1,1,2,2,1,2,1,3,2,1,2,1,2,1,1,1,1,2,3,3,3,2,2,2,2,2,2,3,2,2,1,3,1,1,2,4,2,3,3,3,2,2,3,1,1,2,3,2,2,1,3,3,3,3,2,2,3,3,2,2,2,1,4,4,4,4,2,2,1,3,2,1,2,1,2,2,1,1,1,1,1,2,1,1,3,3,1,5,4,3,4,2,1,3,2,2,1,2,1,1,1,1,3,2,3,3,2,2,1,1,2,2,4,4,4,3,4,4,3,2,1,1,2,3,1,1,2,2,3,1,1,2,3,2,2,3,1,3,2,1,2,2,2,2,1,3,1,1,4,3,3,2,2,1,2,2,2,4,1,3,3,2,2,3,4,2,3,1,2,2,1,1,2,2
CluIDFG21G_1468,2,1,1,1,4,2,2,1,1,2,1,1,1,3,2,3,2,1,2,1,3,3,1,1,2,1,4,2,1,4,3,2,2,2,1,2,3,1,3,1,3,3,1,3,1,3,1,2,2,1,2,4,2,2,1,1,1,2,1,1,2,3,4,5,3,2,1,1,2,3,3,2,3,2,3,3,3,3,1,1,3,3,2,2,2,3,4,2,1,3,2,2,2,1,1,1,3,4,3,1,1,2,3,2,1,3,2,1,4,2,1,3,2,2,1,1,2,2,3,3,3,2,2,3,2,1,2,3,1,2,1,3,2,1,1,2,4,4,1,2,1,1,2,1,2,2,5,1,1,1,2,3,3,1,1,4,3,1,2,2,2,3,2,2,2,2,2,1,1,1,2,2,2,2,2,2,2,1,2,1,2,1,2,1,1,1,2,1,2,2,1,1,1,4,2,2,1,1,2,1,4,2,4,2,3,1,2,1,1,1,1,1,1,1,2,1,1,2,3,4,1,2,4,1,3,1,1,1,1,1,3,3,1,1,2,1,1,3,2,2,3,3,3,2,1,1,3,3,3,3,3,1,2,1,3,3,1,1,1,2,1,2,2,3,1,3,2,3,4,2,3,2,1,1,1,2,3,2,1,2,2,2,3,3,2,2,2,3,3,2,2,2,1,1,3,3,2,1,2,1,1,1,1,2,2,1,3,1,2,2,1,2,2,3,1,1,1,1,2,2,4,4,2,1,2,2,2,3,2,2,2,3,2,1,5,1,2,2,2,2,1,1,2,2,1,1,2,3,1,2,1,2,4,4,1,1,2,1,1,2,3,2,3,2,3,1,3,3,3,4,2,2,1,1,2,2,3,1,4,4,1,1,2,2,2,2,2,1,2,2,1,1,2,1,2,2,1,3,1,3,1,2,3,1,2,3,2,3,1,1,1,1,1,3,2,2,1,1,3,3,4,4,2,1,3,3,4,3,2,1,2,1,2,2,1,1,2,3,3,3,3,3,3,1,2,1,3,2,2,2,5,1,1,1,2,1,1,1,1,2,1,2,2,1,3,1,1,2,2,1,3,3,5,5,4,2,2,4,2,1,3,1,1,1,5,1,1,2,5,4,2,2,1,2,2,2,1,1,4,3,3,4,4,4,3,3,1,1,2,1,3,4,1,2,2,3,3,3,2,2,3,3,3,1,1,2,2,3,2,1,2,3,1,3,3,3,3,2,1,1,1,4,4,2,2,2,2,2,3,3,2,3,1,1,3,3,3,2,1,1
CluIDFG21G_1469,1,2,3,3,4,1,3,2,1,2,2,1,4,3,4,4,1,2,2,3,1,3,1,1,2,3,4,2,1,1,2,2,2,1,3,3,3,3,1,3,2,4,3,1,3,3,1,2,2,2,1,3,1,2,3,2,1,2,1,1,2,2,4,4,2,2,2,1,2,3,2,1,2,2,3,3,3,3,2,1,3,3,2,2,2,2,4,5,1,2,2,1,1,2,3,3,3,3,2,2,2,1,2,1,2,1,2,1,2,4,3,1,1,3,2,1,2,1,4,1,2,3,2,2,3,2,3,1,4,2,2,2,3,2,1,1,3,1,2,1,2,1,2,1,2,2,1,1,2,1,2,3,3,3,2,1,3,3,2,1,2,3,1,2,3,3,3,2,1,3,1,2,2,2,2,2,1,1,2,2,1,2,1,1,1,3,1,2,1,2,1,1,1,4,2,2,1,2,2,2,3,3,4,2,3,1,4,1,1,3,2,2,1,2,1,2,1,2,3,3,1,3,4,3,3,1,2,2,1,1,2,2,1,1,2,1,2,1,1,2,2,2,3,3,3,1,3,2,3,2,2,2,2,1,2,3,2,1,2,1,2,3,3,3,1,3,3,2,2,4,2,1,1,2,2,2,3,2,2,2,1,3,2,3,2,1,3,3,3,2,1,2,2,1,3,3,3,3,1,3,1,2,2,1,3,2,3,3,3,3,3,1,1,3,1,1,1,2,2,2,2,3,1,2,1,1,3,3,2,5,1,3,2,3,1,3,2,2,1,1,1,2,1,2,2,2,2,3,1,1,3,1,5,2,1,2,2,2,2,1,3,1,3,2,3,1,2,3,2,4,2,3,2,2,5,3,1,2,4,3,1,3,1,2,2,2,1,2,2,2,2,2,1,2,1,2,3,3,3,1,2,1,1,1,1,1,3,3,2,2,1,2,1,2,2,2,2,1,3,1,4,3,1,2,2,3,4,2,3,1,2,1,2,2,2,3,1,1,3,1,2,3,3,3,2,2,1,3,2,4,2,2,3,2,2,1,1,2,1,2,2,2,2,2,1,1,1,2,2,2,2,3,2,5,4,4,4,1,2,2,1,1,1,1,1,1,1,2,3,4,3,3,1,1,1,2,2,2,4,1,4,2,2,2,2,2,2,2,3,2,3,3,2,2,1,3,1,1,1,3,3,3,2,1,1,1,4,2,3,2,1,3,3,2,4,4,2,2,2,1,4,3,1,3,2,2,3,3,3,1,1,1,2,1,3,2,1,3,2,2
CluIDFG21G_1471,2,2,3,1,4,1,3,1,2,2,3,3,1,3,4,3,3,1,2,1,3,2,2,1,1,1,4,4,1,2,3,2,1,2,2,2,3,1,1,2,4,2,3,3,1,3,2,2,2,2,4,1,1,2,3,1,1,1,2,1,2,2,5,4,3,2,3,4,2,2,2,1,2,3,3,3,3,2,1,1,3,3,2,2,2,2,3,4,2,2,1,1,1,3,2,1,4,4,1,2,2,2,1,1,3,3,2,2,4,4,1,3,2,2,2,2,3,3,4,4,1,1,2,2,1,1,3,3,1,2,3,2,2,1,1,1,2,3,2,3,1,1,2,2,1,2,5,1,1,1,1,1,3,3,4,2,1,1,1,2,2,3,3,1,3,2,2,1,3,3,1,1,3,3,3,3,2,1,2,4,1,3,2,1,1,3,2,2,2,2,2,2,7,7,3,3,2,2,2,2,3,3,2,4,1,1,1,4,1,3,2,4,1,1,2,1,2,2,3,3,3,1,3,4,1,1,1,1,1,2,2,2,2,2,3,3,1,1,1,2,2,3,3,2,2,1,2,2,1,1,3,1,1,2,2,1,2,1,2,1,3,1,2,1,3,3,3,2,4,1,1,2,3,1,1,2,1,2,1,2,2,2,3,3,1,1,3,3,2,2,1,2,2,4,3,3,1,2,1,3,2,2,2,2,2,1,1,2,2,2,1,2,3,2,1,1,2,2,2,1,4,3,2,1,2,2,2,2,5,4,1,3,4,4,3,2,1,2,1,1,2,2,1,1,2,2,2,1,1,2,1,3,2,2,1,1,2,2,1,2,1,1,2,3,1,1,1,1,4,4,3,2,1,1,1,2,1,3,1,5,1,3,2,1,1,1,1,2,1,1,2,1,1,3,1,2,3,3,1,1,1,1,1,2,2,3,3,2,1,2,1,1,2,1,2,2,1,2,1,3,1,3,2,2,1,3,3,4,2,2,2,1,1,2,1,2,2,3,2,2,2,1,2,3,1,2,3,3,2,2,2,5,1,1,1,1,2,2,1,1,2,2,2,2,2,3,1,1,2,1,2,3,2,2,2,2,3,2,2,1,1,2,2,1,1,1,2,2,3,2,2,1,1,1,2,2,2,2,1,3,3,4,2,2,2,2,1,1,2,3,4,1,1,2,1,1,2,1,3,3,1,1,2,2,1,1,4,4,2,3,2,3,3,3,3,3,2,1,3,3,4,3,4,4,1,1,2,1,1,1,1,1,2,2,2,3,2,2,2,1
CluIDFG21G_1473,2,2,2,1,4,1,1,3,1,1,1,3,3,1,4,4,1,2,3,2,3,2,1,2,1,1,4,2,2,1,3,2,2,3,2,1,3,3,2,3,2,3,3,1,1,1,1,2,2,2,3,4,2,1,1,3,1,1,1,2,2,2,4,1,3,2,4,1,2,3,1,2,1,3,4,3,2,3,2,1,2,1,2,1,1,2,2,3,2,3,1,2,1,3,1,1,2,4,1,2,2,1,3,2,1,3,1,2,2,1,3,3,1,2,1,2,2,2,3,1,2,1,1,3,1,2,3,2,4,2,2,3,3,3,2,1,4,1,1,2,1,2,1,1,2,1,3,1,1,2,2,1,3,3,2,2,1,2,2,1,2,2,1,2,3,2,1,3,3,1,1,2,3,2,3,2,1,1,4,2,2,1,1,3,3,2,1,2,2,2,1,1,2,6,2,3,1,1,1,2,2,2,2,4,1,3,2,4,1,1,1,4,1,1,2,1,2,2,3,3,3,3,2,4,4,2,2,1,2,1,2,3,1,1,1,2,1,3,1,2,1,2,1,3,1,1,3,2,4,3,1,2,1,1,3,3,2,1,1,2,1,3,2,2,1,3,3,2,2,4,2,3,1,3,2,1,3,2,1,1,3,3,2,3,2,2,2,2,2,3,1,1,1,1,3,3,3,2,3,3,1,1,2,2,2,2,3,1,2,1,1,1,2,2,1,1,2,2,1,1,4,3,2,2,2,1,2,3,1,4,1,1,4,4,2,2,2,2,1,1,1,2,1,1,2,1,3,1,1,1,1,1,4,5,2,1,2,1,2,2,2,1,2,2,1,1,3,3,4,2,2,2,1,1,3,1,2,3,4,5,3,1,2,1,1,1,1,1,1,1,3,3,2,2,2,2,3,2,1,3,2,2,3,3,2,2,3,2,2,1,1,1,1,1,4,2,2,2,1,2,1,2,3,2,1,1,3,3,3,3,2,2,1,2,1,3,1,3,2,3,2,2,3,3,2,1,3,4,2,1,5,1,1,1,1,1,3,1,1,1,2,1,1,2,3,3,1,1,1,1,3,3,2,4,2,4,4,3,2,3,1,2,1,2,1,2,1,1,2,4,1,2,1,2,1,2,2,1,2,3,4,4,2,3,2,2,2,2,3,2,1,1,1,2,3,3,1,1,3,3,2,3,1,2,2,1,2,4,3,2,3,3,2,2,4,1,1,2,2,1,1,3,3,1,1,3,3,1,3,2,1,4,2,2,2,2,2,3,1,2
CluIDFG21G_1474,2,2,1,2,4,1,2,3,2,2,3,2,3,3,3,4,3,2,3,5,1,3,1,2,2,2,2,4,1,4,2,1,1,2,1,2,3,1,2,3,2,3,3,3,1,1,2,1,1,2,2,3,1,1,1,2,2,2,1,1,2,3,4,4,3,2,2,1,3,2,2,2,2,1,1,3,2,3,2,3,3,3,1,2,2,2,5,4,2,2,2,2,3,1,1,2,4,4,3,1,2,2,2,2,3,3,2,2,4,4,1,1,1,1,2,2,3,3,1,1,2,1,2,2,2,3,3,3,4,2,1,1,3,1,2,2,2,3,3,2,1,1,1,2,2,3,1,1,1,1,1,1,3,3,2,2,1,1,2,2,2,2,1,1,3,3,3,3,3,3,1,1,3,2,2,3,1,2,1,4,2,3,3,3,3,3,1,1,2,2,2,2,4,1,3,3,2,1,2,2,2,4,1,4,3,2,3,4,2,1,2,2,3,3,1,2,1,2,1,3,3,1,4,4,4,2,1,2,2,2,1,2,2,2,2,3,2,2,2,1,2,2,2,3,3,2,2,3,1,4,2,2,1,2,2,3,2,2,2,2,2,3,2,2,1,1,2,2,2,2,1,1,2,2,2,2,1,1,2,1,3,1,1,3,1,2,2,2,1,3,2,2,4,4,2,1,3,3,1,1,2,1,1,2,2,2,1,1,2,2,2,3,1,1,2,2,3,1,2,1,4,2,1,2,2,1,2,3,5,4,2,3,4,2,4,4,2,2,1,1,2,2,1,3,2,2,3,2,1,1,1,2,1,5,1,2,2,2,1,2,1,1,2,3,1,1,2,3,4,4,3,3,2,2,3,1,3,3,2,3,3,3,1,1,2,2,2,2,1,2,2,1,1,2,2,1,2,2,3,1,2,2,2,1,3,2,2,2,1,1,2,2,1,2,2,2,1,3,3,1,3,3,2,1,1,1,3,3,3,3,2,2,2,3,3,3,1,1,3,3,2,2,2,2,3,1,3,2,4,1,5,2,2,3,3,2,2,1,1,1,2,2,1,2,3,3,1,1,2,2,4,4,5,5,1,2,5,1,3,3,3,1,2,2,1,1,2,2,4,5,2,2,1,1,2,1,2,2,3,1,3,2,2,4,2,1,1,2,3,2,3,4,2,2,3,3,3,2,2,3,1,3,3,2,1,1,4,2,2,3,1,3,1,3,4,3,2,1,1,1,3,4,1,1,1,2,3,2,3,3,4,3,2,3,2,3,2,2,1,2
CluIDFG21G_1477,1,2,1,3,1,1,3,3,2,2,2,1,4,3,4,3,1,2,3,1,3,3,1,1,2,1,4,2,1,1,2,3,2,2,2,1,4,3,1,3,3,2,1,3,3,1,2,2,2,2,3,3,2,2,2,3,2,2,1,1,2,3,4,4,2,2,2,2,2,2,3,1,2,2,3,3,3,3,2,2,3,3,1,2,2,3,4,4,3,2,2,1,1,1,1,1,3,3,2,1,3,1,3,2,3,1,2,2,2,4,3,2,3,2,1,2,1,2,1,3,1,3,2,2,2,2,3,3,2,4,2,2,3,2,1,1,1,4,1,2,1,2,1,1,1,2,5,1,2,2,1,2,3,1,2,4,2,2,1,1,2,2,1,1,3,1,1,3,3,3,1,1,2,3,2,2,1,1,2,2,1,2,1,3,1,1,1,2,1,1,2,1,4,4,3,3,2,2,2,2,2,2,1,1,1,2,4,2,2,1,2,2,3,2,2,1,1,2,3,4,1,3,4,1,3,3,1,1,1,2,2,3,1,2,1,1,1,1,1,1,2,3,1,2,1,1,2,3,2,3,3,2,1,1,2,2,1,2,2,1,1,1,2,1,3,3,2,2,4,2,1,1,1,1,2,2,2,2,1,1,3,3,2,2,1,1,3,3,3,3,2,2,3,3,1,2,3,3,3,3,1,1,1,2,2,1,1,3,2,2,1,3,1,2,1,2,2,3,2,2,2,2,2,2,2,1,3,3,1,2,3,3,5,1,1,1,3,2,1,2,2,2,2,1,2,2,3,2,1,2,1,1,4,1,1,1,1,1,1,1,3,1,2,3,3,2,2,2,4,4,2,3,2,1,1,2,3,3,1,4,1,1,2,2,1,2,2,1,2,1,1,2,2,3,1,1,3,3,1,1,1,2,1,1,1,3,2,3,2,2,2,2,1,2,2,2,1,2,3,3,1,3,2,2,1,3,4,4,1,3,2,2,2,2,1,2,3,3,3,3,3,3,2,3,1,2,3,3,4,4,4,5,1,1,1,1,1,1,2,1,2,1,3,1,1,3,2,2,2,2,3,3,5,5,2,2,2,3,3,2,1,1,1,1,5,1,2,1,3,3,2,2,2,1,1,1,1,2,4,4,1,3,1,4,2,2,2,1,1,1,3,3,1,1,3,3,1,1,3,3,3,3,1,1,1,1,1,4,1,3,3,3,1,1,4,3,2,1,1,3,4,4,2,1,2,2,3,2,1,1,1,2,2,2,3,3,2,1,1,1
CluIDFG21G_1478,2,2,3,3,1,4,2,1,1,1,2,3,3,3,3,4,1,1,3,3,2,1,2,2,2,2,4,1,1,2,1,3,2,1,2,2,1,1,4,4,4,4,1,1,1,3,3,2,2,2,4,4,2,2,2,2,2,2,2,1,2,2,5,4,2,1,1,1,2,3,3,1,1,2,4,3,2,3,2,1,3,1,2,2,2,2,2,5,3,2,2,2,3,3,1,1,4,3,1,2,1,3,2,2,3,3,1,2,1,4,1,3,3,3,2,2,3,1,4,4,3,1,1,2,1,3,3,2,2,2,1,3,3,1,2,2,3,2,2,2,1,2,2,1,1,2,3,3,2,1,1,1,1,2,2,1,1,1,2,2,2,1,2,1,3,2,3,1,3,3,1,1,2,2,3,2,1,2,2,2,2,2,1,1,3,3,2,2,2,1,1,2,7,7,2,3,1,1,1,1,3,3,2,4,1,3,2,4,2,3,4,2,1,2,2,2,1,2,2,3,1,1,3,4,3,1,1,1,1,2,2,2,1,1,1,2,1,2,2,2,3,3,2,1,1,1,3,2,4,3,3,2,2,1,2,2,2,2,2,2,1,4,1,2,1,3,3,2,4,4,1,1,2,1,2,2,2,2,1,1,2,1,2,3,1,1,3,2,3,3,2,1,3,1,2,1,3,2,1,1,2,1,2,1,2,3,3,3,2,2,3,1,1,2,2,1,2,2,1,1,1,3,1,2,2,2,3,3,1,4,3,2,5,5,3,3,2,2,1,1,2,2,1,1,2,2,2,2,1,1,3,1,2,2,1,1,1,1,2,2,2,2,2,3,1,1,3,1,4,4,3,1,1,1,2,3,3,3,1,4,3,3,2,1,1,1,2,1,2,1,2,2,1,1,1,2,1,3,1,1,2,1,2,1,3,2,3,3,2,2,2,2,1,3,2,2,3,3,3,3,4,4,2,2,3,3,3,3,2,3,2,2,3,1,2,2,3,3,3,3,2,2,2,2,2,2,5,5,3,4,5,2,1,1,3,1,1,1,1,1,2,2,2,1,1,3,1,1,1,1,3,3,5,1,4,1,1,3,3,2,1,1,1,1,3,1,1,1,2,2,3,3,3,3,1,2,1,1,1,1,3,3,2,2,3,3,2,2,3,3,3,1,2,2,1,2,1,3,2,2,1,3,3,2,1,1,4,2,3,2,1,2,1,3,4,2,3,2,3,3,2,2,4,4,1,1,2,3,2,2,1,1,2,2,2,3,2,2,1,1
CluIDFG21G_1480,1,2,2,3,4,4,1,3,1,1,2,1,3,3,3,3,3,2,5,3,2,3,1,2,2,1,4,2,1,1,2,3,2,2,2,2,3,1,3,3,1,1,3,3,3,1,2,2,2,1,1,3,1,2,3,2,1,2,1,1,2,3,4,1,4,2,1,2,2,2,2,1,3,3,3,4,2,1,2,1,3,2,2,2,2,2,2,3,2,1,2,2,3,1,1,3,4,4,1,1,3,2,2,2,3,3,2,2,4,1,2,3,3,1,2,1,3,2,4,3,1,1,2,3,1,1,3,1,4,1,2,2,3,3,2,2,3,1,2,2,2,2,1,2,3,3,1,5,1,2,2,1,3,2,1,1,1,1,1,1,2,1,2,2,2,2,1,2,1,3,2,1,2,3,3,3,2,1,2,2,2,2,1,1,2,3,2,2,1,2,2,1,4,2,3,2,1,1,2,1,2,3,4,3,1,3,1,4,1,3,1,2,1,2,1,1,1,1,2,1,2,3,1,3,1,3,1,2,1,2,3,3,1,1,1,3,1,2,2,1,2,3,1,2,2,2,3,2,4,1,2,3,1,1,3,2,1,1,2,2,3,2,2,1,3,2,2,1,4,4,1,1,1,1,1,2,3,2,1,2,3,2,2,3,1,2,2,3,3,3,2,2,5,3,1,1,3,2,3,2,1,1,2,2,2,2,3,1,2,2,1,2,1,2,2,2,2,3,1,1,1,1,2,2,2,3,2,1,1,3,3,3,1,5,1,1,2,1,2,1,1,1,1,1,3,2,1,2,1,1,1,3,2,4,1,1,1,2,1,2,2,1,2,2,1,3,2,2,3,4,2,3,2,2,5,1,2,3,4,4,1,2,2,2,1,1,1,2,1,2,3,1,1,3,2,2,1,2,1,1,2,2,2,2,2,3,2,2,1,1,1,2,1,1,4,2,1,1,3,2,1,3,3,3,3,1,3,3,1,2,2,1,1,2,2,2,3,1,2,3,2,2,2,1,2,1,3,3,2,4,2,2,1,1,1,2,1,1,1,2,2,2,1,1,3,1,1,2,1,2,4,4,2,5,4,4,3,2,3,3,1,1,1,1,1,5,1,2,2,5,3,3,1,1,2,1,1,2,1,4,4,2,2,2,2,2,2,2,2,2,3,1,2,1,2,3,1,3,2,3,3,3,3,3,1,1,2,2,3,2,2,3,3,1,3,3,1,1,3,3,1,1,2,4,3,3,1,2,3,3,4,3,1,1,3,3,2,1,2,1
CluIDFG21G_1481,2,2,1,3,4,4,3,1,2,1,2,3,1,3,4,4,2,2,3,1,3,3,1,1,2,2,2,4,1,1,2,2,2,2,3,1,3,1,3,3,3,3,3,1,1,1,2,1,1,1,4,3,2,2,1,2,2,2,1,2,3,3,5,5,1,3,2,1,2,1,1,3,3,3,4,4,3,2,1,1,3,2,1,2,2,3,4,2,3,2,2,2,3,2,1,1,2,3,1,1,1,1,2,2,2,3,2,2,2,3,2,3,2,2,1,2,2,3,3,1,1,1,2,2,1,2,1,3,4,4,4,2,2,3,2,2,2,2,2,2,1,2,2,2,3,2,5,3,2,2,1,1,1,1,2,2,3,3,2,2,3,2,3,1,2,2,1,1,3,1,2,1,3,2,3,3,2,2,1,1,3,2,3,2,3,1,1,2,2,2,1,2,4,3,3,2,1,1,2,2,3,2,4,1,1,1,4,4,3,2,4,2,1,2,2,2,1,1,2,2,2,3,4,3,1,1,2,1,2,1,2,1,1,2,1,2,1,1,1,1,2,3,3,2,1,2,1,3,4,2,2,3,2,1,3,2,2,2,2,2,3,1,2,1,3,3,3,2,1,4,2,3,3,2,2,2,3,2,1,1,3,3,2,2,1,1,2,3,3,2,1,1,4,2,3,1,2,1,1,1,2,2,1,2,2,3,1,1,2,2,1,1,2,1,1,2,3,1,2,2,3,3,1,2,2,2,3,3,5,5,3,3,3,5,3,1,3,2,2,2,1,2,1,1,3,3,3,3,1,2,1,1,5,1,2,2,1,1,2,2,1,1,2,2,1,1,3,3,4,3,2,3,2,2,3,3,1,1,4,4,1,3,2,1,1,1,1,2,1,2,1,1,3,1,1,2,3,1,1,3,1,2,2,1,2,3,2,1,2,2,2,1,1,1,2,3,2,3,2,3,1,1,2,1,1,3,4,4,2,1,2,1,2,1,1,1,3,3,2,2,2,3,3,3,3,2,2,2,3,4,2,2,1,1,1,1,1,1,1,1,2,2,1,3,2,1,2,2,1,2,2,1,2,5,4,4,4,1,2,3,1,1,1,2,1,1,2,1,5,5,2,3,2,1,1,1,1,1,4,4,3,4,2,4,2,2,1,1,2,2,1,3,1,2,3,3,3,2,3,3,3,2,3,2,1,1,2,2,2,3,3,3,3,2,3,3,1,1,2,3,4,2,1,2,1,2,2,1,1,2,3,4,1,2,2,3,3,2,3,2
CluIDFG21G_1482,1,1,2,2,1,1,3,3,2,1,3,3,3,3,3,2,1,2,2,2,2,2,2,2,1,1,4,4,3,2,3,2,2,2,3,3,1,2,2,1,1,3,3,2,1,1,2,2,1,1,3,2,2,2,1,1,1,1,1,1,2,1,4,3,2,2,4,1,3,2,2,2,2,2,3,3,3,3,3,3,3,2,2,2,2,3,2,3,3,1,1,2,3,1,3,2,4,4,1,1,3,2,3,1,1,3,1,2,4,4,1,1,3,2,1,1,2,2,1,3,3,3,3,2,3,2,2,1,2,1,1,2,1,3,2,2,2,2,2,2,2,2,2,1,3,3,3,5,2,2,1,2,2,3,2,1,2,2,1,1,2,2,2,2,1,2,1,2,3,3,1,1,2,3,3,3,2,1,1,2,3,2,1,2,3,2,2,2,2,1,1,1,7,4,2,1,1,1,1,2,3,2,3,4,1,3,1,4,3,1,2,1,2,2,1,1,2,2,3,3,3,3,4,4,2,2,2,2,1,2,3,1,2,1,1,2,1,3,1,1,3,2,2,3,1,1,3,3,4,1,3,1,1,2,2,2,1,1,2,2,4,3,3,2,1,3,3,3,5,2,1,1,1,2,2,2,2,2,2,1,1,1,1,3,1,2,2,1,1,3,1,2,4,1,3,1,3,2,1,1,2,2,2,2,2,2,3,3,2,2,2,2,3,1,1,1,1,2,1,2,1,3,2,2,3,1,3,3,5,5,3,3,1,1,1,5,2,1,1,1,2,1,3,1,3,2,2,2,2,2,1,3,2,1,1,1,1,1,1,1,3,3,2,2,2,2,2,2,3,4,3,2,1,1,1,3,3,3,4,4,1,1,2,2,1,2,2,2,2,1,3,1,3,1,1,2,3,2,3,3,2,2,3,3,2,2,3,3,1,1,1,1,1,1,2,2,3,1,2,2,3,3,3,3,3,3,1,4,1,1,2,1,4,3,2,1,3,1,3,3,3,3,3,3,3,3,1,3,2,1,5,2,3,1,1,3,2,1,1,1,2,1,2,1,2,2,1,1,1,2,3,3,4,2,4,5,4,1,3,1,1,2,2,2,1,1,1,2,4,2,1,2,3,1,2,2,2,2,4,1,2,4,2,4,3,3,2,2,2,2,3,1,2,1,1,1,2,3,2,3,1,2,3,2,1,2,3,4,3,2,3,1,1,1,4,4,2,2,3,3,1,3,1,2,2,1,3,3,1,3,1,3,1,2,1,1,2,2,1,1
CluIDFG21G_1486,1,2,1,1,2,4,2,1,1,2,1,1,3,3,4,4,2,3,3,1,1,3,2,1,3,2,4,1,2,1,3,2,1,2,2,2,2,4,1,3,2,3,3,3,1,1,3,3,2,2,3,3,2,2,2,2,2,2,2,1,2,3,1,1,1,2,2,1,3,2,3,2,3,1,3,3,3,1,1,1,3,2,2,2,1,2,2,2,3,1,1,2,3,2,1,1,2,2,1,2,1,2,3,3,1,3,1,1,4,1,1,3,1,2,1,2,1,1,3,3,1,1,2,2,2,2,3,3,1,1,2,3,2,3,2,1,4,3,2,2,2,2,2,1,3,3,1,3,2,1,2,2,3,1,1,2,2,2,1,1,3,2,2,2,2,2,1,3,3,3,2,2,3,3,3,2,1,2,1,2,3,2,1,1,2,2,2,2,1,2,1,1,4,2,3,2,1,1,2,1,4,1,2,2,3,1,4,3,1,2,2,2,3,1,1,1,1,1,3,1,3,2,3,3,3,1,1,2,2,1,3,2,2,1,1,1,1,1,1,2,3,3,2,2,1,1,3,3,1,2,2,3,2,2,3,2,1,1,2,2,1,2,1,2,1,3,2,3,2,5,2,2,3,2,2,1,3,2,2,2,3,3,2,3,2,2,3,3,3,2,1,1,4,1,1,3,3,2,1,2,2,1,2,1,2,3,3,3,3,3,2,3,3,2,2,1,1,2,2,1,4,4,2,1,2,1,2,3,1,1,3,1,2,2,2,3,2,2,2,2,2,1,2,1,2,1,3,2,2,1,2,2,4,4,1,1,1,2,1,2,2,3,2,1,3,1,3,3,4,3,3,3,2,1,3,3,1,2,4,5,1,2,2,2,2,1,1,1,2,2,2,2,2,2,2,1,1,3,1,2,1,1,1,2,3,2,2,3,1,2,2,2,1,2,2,3,2,2,3,1,3,4,2,2,3,1,4,3,3,3,1,2,2,2,2,1,3,3,2,3,3,2,3,1,2,2,1,4,2,4,4,2,2,1,2,1,2,1,2,1,2,1,1,1,1,1,2,1,2,2,3,2,2,2,4,4,4,3,3,3,3,2,1,2,2,1,2,2,2,4,2,2,1,1,2,2,2,2,2,4,3,1,4,1,1,2,2,1,1,3,4,1,2,1,3,2,1,1,3,3,3,3,2,2,2,2,4,4,2,3,1,1,2,2,4,4,1,2,2,2,2,4,1,2,2,3,3,2,2,2,3,2,1,1,3,3,1,3,2,1
CluIDFG21G_1487,1,1,2,3,1,4,3,2,1,2,3,2,3,3,4,3,1,2,2,1,1,3,1,1,1,1,2,4,1,4,3,3,2,2,1,1,4,1,1,3,2,1,3,2,1,1,2,2,1,2,3,1,2,2,1,1,1,1,2,2,3,2,5,5,3,3,3,1,3,2,2,2,2,2,3,3,2,3,3,1,2,3,2,2,2,2,2,3,2,1,1,2,3,3,3,2,4,3,1,2,3,1,1,1,1,3,1,2,4,4,1,1,2,2,2,1,3,2,1,3,1,3,2,2,2,3,1,3,1,2,2,3,3,2,1,2,3,4,3,1,2,1,1,2,2,2,3,5,2,3,2,2,2,2,1,2,2,1,2,1,3,2,1,2,1,3,2,1,1,1,1,1,2,3,2,3,2,1,2,1,2,1,3,1,1,2,1,2,2,1,1,1,4,4,3,2,1,1,2,1,3,2,4,4,1,1,4,2,3,1,1,4,2,1,1,1,2,2,3,2,3,1,4,3,3,3,2,1,1,1,3,2,1,1,1,1,1,1,2,2,3,3,3,3,2,3,3,3,1,4,3,2,2,1,2,3,2,2,1,2,4,3,2,2,2,3,2,3,2,5,3,2,1,3,1,1,3,2,1,1,3,2,1,3,1,2,2,3,4,3,1,2,3,1,1,3,2,2,1,3,2,1,1,1,2,2,1,1,2,3,1,1,1,1,1,1,1,1,2,2,4,3,2,2,1,2,3,3,5,5,3,3,3,1,3,1,3,2,2,1,1,1,1,1,2,2,2,3,1,1,1,3,5,2,1,1,2,2,2,2,3,3,2,3,3,1,2,3,4,1,2,3,1,1,2,3,3,2,1,5,1,3,1,2,1,1,1,2,1,1,1,3,1,1,2,2,3,2,1,1,1,2,2,3,3,2,3,2,2,1,1,2,1,1,3,3,2,3,3,3,3,4,3,2,3,3,4,4,1,2,2,1,4,2,1,1,3,3,2,3,2,3,3,2,2,3,3,3,4,1,2,5,1,3,3,2,1,1,1,1,1,1,2,1,3,1,2,2,2,2,3,2,5,2,4,4,1,4,3,3,2,3,2,1,1,5,2,2,4,5,2,2,1,1,2,2,2,1,1,4,4,4,4,1,2,1,1,1,2,1,3,1,2,2,3,1,1,2,3,3,2,3,2,3,2,2,3,4,2,1,1,3,1,1,3,1,3,2,3,1,3,1,1,4,1,2,1,2,1,3,1,1,2,2,1,3,2,1,1,2
CluIDFG21G_1498,2,1,1,2,4,4,1,3,1,2,1,1,1,3,4,3,1,2,3,1,3,2,2,1,1,1,4,2,1,1,3,2,1,2,1,1,1,2,1,2,3,3,1,1,3,1,3,1,1,1,3,2,2,2,1,2,2,1,2,1,3,2,2,5,2,2,4,2,2,2,1,1,3,3,3,2,3,2,3,1,2,3,1,1,2,2,2,3,1,3,2,2,3,3,1,1,3,4,2,2,3,3,2,2,1,3,2,2,1,2,1,3,3,3,2,1,3,2,1,1,3,1,3,1,1,1,1,3,2,1,2,4,3,1,1,1,2,1,2,2,1,1,2,1,2,3,1,3,1,2,1,1,3,1,1,2,1,1,2,1,1,2,2,2,1,3,1,1,3,3,1,1,3,2,3,2,1,2,1,1,2,1,2,2,1,1,1,2,2,1,1,2,4,4,3,2,2,2,1,1,4,2,1,4,2,1,4,2,1,1,3,1,1,3,1,1,1,1,2,2,2,3,3,2,4,3,2,2,1,1,1,3,2,2,1,3,2,1,1,1,3,3,1,1,1,1,2,2,4,4,2,2,1,2,2,2,2,2,1,1,1,2,1,3,2,1,2,2,5,4,1,3,1,1,2,1,3,1,1,2,3,2,2,3,1,1,2,1,1,3,1,2,4,4,3,3,3,1,1,3,2,1,2,2,2,2,1,3,2,1,2,1,1,3,2,1,2,2,1,1,3,3,2,2,1,1,3,3,5,3,3,1,5,4,3,3,2,2,2,2,1,1,2,1,2,2,2,2,1,2,1,1,1,4,1,2,2,1,2,2,3,2,3,1,1,3,3,2,4,4,3,1,1,1,1,1,1,2,4,4,3,1,1,1,1,2,2,2,1,2,2,1,3,1,2,1,1,2,1,1,2,1,2,2,2,2,2,2,1,1,2,2,1,1,3,2,1,2,2,3,3,4,2,3,3,1,3,1,2,3,2,2,1,2,1,3,3,1,3,2,2,3,3,3,2,3,3,3,3,3,2,2,1,3,1,3,1,2,1,1,2,2,1,1,3,2,2,1,1,2,2,2,2,2,4,2,4,3,2,3,1,3,1,1,1,1,1,2,2,3,2,2,1,1,2,1,2,2,4,4,3,4,2,2,2,1,1,1,3,2,1,3,2,2,1,3,1,2,3,2,1,2,1,2,3,2,2,2,2,2,3,3,1,3,2,2,3,1,2,1,3,3,2,1,1,3,3,2,3,2,1,4,3,1,3,2,2,2,1,1
CluIDFG21G_1499,1,2,1,3,4,3,1,1,2,2,1,1,3,3,4,3,2,2,1,1,1,2,1,1,1,2,1,2,1,1,3,2,3,1,2,1,3,1,3,3,3,1,3,3,3,3,1,2,2,1,3,3,1,2,3,2,1,2,2,2,1,3,1,4,3,2,2,1,2,3,2,3,1,3,3,3,1,3,1,1,3,3,2,2,2,2,3,2,3,1,2,2,3,3,3,3,2,1,3,1,2,3,2,2,1,3,2,2,2,2,3,3,2,2,2,2,1,1,4,3,1,1,2,3,2,1,3,2,1,1,2,2,2,2,1,1,1,1,2,2,1,1,1,1,3,3,1,1,1,1,2,2,3,1,2,2,3,1,1,2,3,2,2,1,1,2,2,1,3,1,1,1,2,3,2,3,1,1,1,2,2,2,1,2,1,2,2,2,1,2,1,1,4,2,3,2,1,1,1,2,2,2,3,3,3,1,2,3,2,3,4,2,3,2,1,2,2,1,2,3,2,2,4,3,1,1,2,1,1,1,1,3,1,1,3,2,1,1,2,2,2,3,3,3,3,3,2,3,2,3,2,1,2,1,2,2,2,1,2,1,2,2,1,2,1,1,1,2,4,1,2,2,3,1,1,2,2,3,1,2,3,2,2,3,1,2,2,2,2,2,2,1,4,1,3,1,3,2,2,2,1,1,2,2,3,1,3,1,3,3,3,2,2,1,1,2,2,1,1,2,3,4,1,2,1,2,3,3,2,2,3,3,4,2,4,5,1,1,2,2,1,1,3,1,3,3,1,2,1,1,2,3,4,4,1,1,1,2,2,2,3,3,2,2,1,3,3,3,2,3,3,2,2,2,3,1,1,3,4,4,3,1,2,1,1,2,1,1,1,1,2,1,2,3,1,2,3,3,3,1,1,2,1,1,2,1,2,3,1,1,2,1,1,3,2,3,2,2,1,1,3,4,1,2,1,3,3,3,3,1,2,1,2,3,1,2,1,2,1,3,2,2,3,3,2,3,2,1,4,4,2,2,1,2,3,1,2,1,1,1,1,2,1,2,2,2,2,1,2,2,3,2,2,2,2,4,2,3,3,2,2,3,2,2,3,3,1,1,2,2,2,2,3,2,2,2,2,2,1,4,4,4,2,4,2,2,1,2,3,2,1,3,2,2,3,1,3,1,1,4,3,3,2,3,1,1,1,4,1,2,3,3,3,1,4,3,1,2,3,2,3,2,3,2,2,3,2,2,2,2,1,1,3,3,3,3,2,1,2,2
CluIDFG21G_1505,2,1,1,3,4,1,3,2,2,2,1,1,1,1,2,4,2,1,2,2,3,3,1,1,2,1,2,4,1,4,2,2,2,2,2,1,3,3,1,1,3,1,1,1,3,1,3,3,1,2,2,4,1,1,3,1,1,2,1,1,2,2,2,4,3,3,1,1,2,3,2,2,1,1,3,3,1,1,3,3,3,3,1,1,3,3,4,4,1,3,2,2,1,3,3,3,3,4,1,2,2,2,2,2,2,2,2,1,3,4,3,1,1,1,2,1,2,2,1,3,2,3,3,3,3,2,2,2,1,4,3,3,3,1,1,1,1,1,2,2,2,2,1,1,2,2,5,5,2,2,2,1,3,3,2,1,1,1,2,2,3,2,1,2,2,3,3,3,1,3,1,1,3,3,1,2,2,1,2,2,2,2,1,2,1,2,2,1,1,2,2,1,4,7,1,2,1,1,1,1,2,2,2,2,1,1,2,2,1,1,2,2,1,1,2,1,2,1,3,3,3,2,4,4,3,3,1,2,1,1,2,3,1,1,1,1,1,2,1,1,2,2,1,2,1,3,2,3,3,1,2,3,2,2,3,3,1,1,2,2,1,2,1,2,3,1,2,3,1,4,2,1,1,1,2,2,3,2,2,2,2,2,3,3,1,2,2,2,2,2,1,1,4,1,3,1,3,3,3,3,1,2,2,2,1,1,3,3,3,1,3,3,3,1,2,2,2,1,1,2,3,4,1,2,1,2,2,3,1,5,2,1,2,1,2,3,2,2,1,1,1,1,1,1,2,2,3,2,2,2,1,1,5,4,2,1,2,1,2,2,2,2,3,2,3,1,3,3,2,4,2,2,2,2,1,1,3,3,4,4,3,1,1,2,1,2,1,1,2,2,2,3,3,2,2,1,3,2,1,1,2,1,1,1,3,3,2,2,1,1,1,2,1,1,2,1,2,3,3,1,4,2,2,2,3,3,2,2,1,1,1,2,3,2,2,2,1,1,3,3,2,2,3,3,2,3,3,4,4,2,4,1,2,3,1,2,1,1,2,2,2,2,2,2,2,2,2,2,1,1,3,3,1,2,4,3,3,2,2,2,1,2,2,1,1,2,2,1,3,5,2,2,1,1,2,1,2,2,1,1,3,2,4,2,2,2,2,2,3,3,3,1,2,2,3,3,3,2,2,3,2,1,2,3,2,2,2,3,2,2,3,3,1,2,3,4,3,1,2,1,2,4,4,1,1,2,3,3,2,2,1,1,3,1,3,3,1,2,1,1
CluIDFG21G_1509,1,1,3,2,1,3,1,3,1,1,1,1,3,3,3,4,1,1,2,3,2,2,3,2,1,2,4,4,2,4,3,3,1,1,2,3,2,1,1,1,2,3,1,1,3,1,3,3,1,2,1,3,2,1,2,3,2,1,1,1,1,3,4,5,3,1,1,2,2,3,3,2,2,1,3,3,3,1,2,3,2,1,2,2,1,2,2,4,1,1,1,2,3,3,3,1,3,3,2,2,2,1,2,1,3,1,2,2,1,2,3,3,2,2,2,1,3,2,1,3,1,2,3,2,1,1,1,3,4,2,1,2,3,1,1,2,4,1,1,2,2,2,1,2,3,3,3,3,2,1,1,2,3,3,2,2,1,1,2,2,2,1,2,2,2,2,3,1,3,1,1,1,2,3,3,3,1,2,2,2,2,3,2,3,2,3,1,2,1,2,1,2,6,7,3,3,1,2,1,1,2,1,1,3,1,2,3,2,2,1,2,2,1,3,1,1,1,2,3,2,3,1,4,4,3,3,1,1,1,2,1,2,1,1,2,1,1,1,2,2,2,2,1,1,1,1,3,2,4,3,1,3,1,1,3,2,2,1,2,2,3,2,3,1,2,3,2,2,4,2,1,2,1,1,2,1,1,3,2,2,2,2,1,3,2,2,1,2,2,3,1,1,4,2,3,3,3,1,2,2,1,1,2,2,2,2,3,3,3,1,2,2,1,3,1,2,2,3,2,2,4,3,1,2,2,2,3,3,5,5,3,1,3,4,5,3,2,2,1,2,1,1,1,2,2,3,3,2,1,1,1,1,4,5,1,2,1,2,2,2,2,2,2,2,3,3,3,3,4,4,2,1,1,2,3,1,2,3,3,2,3,1,1,2,2,1,1,1,1,1,1,3,1,2,1,1,1,1,1,3,1,1,1,2,1,2,2,3,2,2,1,1,1,1,2,2,1,2,2,3,1,3,3,2,3,3,4,3,2,1,1,2,3,3,1,2,1,2,3,1,2,2,3,2,2,2,1,2,2,4,4,1,1,3,1,1,1,1,2,2,2,2,1,1,1,3,2,1,1,2,3,3,5,2,3,4,3,2,3,3,2,1,1,2,1,3,1,1,3,3,2,3,1,3,2,2,2,2,4,2,3,2,2,2,2,2,2,2,1,3,4,3,2,2,3,2,2,2,3,3,3,2,3,2,1,2,2,2,2,2,3,1,1,2,1,3,1,2,3,2,2,3,2,2,1,3,2,3,3,2,3,2,1,1,2,3,1,1,1,2
CluIDFG21G_1514,1,2,1,2,4,4,3,1,2,2,3,1,3,3,2,4,2,2,3,1,1,3,2,2,2,2,4,4,4,1,2,1,2,1,1,1,3,3,3,1,3,3,3,2,1,1,2,2,2,1,3,2,1,1,3,1,2,2,2,1,1,1,5,4,3,3,1,1,3,3,2,2,2,2,4,3,3,3,3,2,3,3,2,2,2,2,3,3,1,1,2,1,3,3,2,1,2,3,1,2,2,1,1,2,3,1,2,1,2,4,1,3,2,2,2,1,1,1,1,3,3,3,2,3,2,2,3,3,4,2,1,2,3,3,1,2,4,3,3,3,2,1,2,2,3,2,1,1,3,2,2,1,3,1,4,2,1,1,2,2,2,3,2,1,2,1,1,2,3,3,2,1,3,3,2,3,2,2,2,2,2,2,2,1,2,3,1,2,2,2,1,2,2,4,2,2,1,1,1,2,2,2,2,2,1,1,2,2,1,1,1,4,3,1,2,2,1,2,3,3,1,3,1,3,3,3,1,2,1,1,3,3,2,1,1,2,1,1,2,2,3,2,2,3,1,1,3,3,1,1,3,3,2,2,3,3,2,2,1,1,3,2,2,2,3,3,2,2,1,1,2,3,2,3,2,1,2,2,1,2,2,3,3,3,2,2,3,3,2,3,1,2,4,4,3,3,2,3,3,2,1,2,2,1,2,3,3,2,2,3,1,2,1,1,1,1,2,2,2,1,4,3,1,2,2,2,3,3,5,2,2,3,3,2,5,3,3,3,2,2,1,1,1,1,2,2,3,2,2,1,3,1,5,2,1,1,1,2,2,2,1,1,2,2,3,1,3,3,2,4,2,2,2,1,1,1,3,2,3,4,1,3,2,1,1,2,2,2,1,2,3,2,3,2,2,2,1,3,1,1,1,1,2,1,3,3,2,3,2,2,1,2,1,3,3,2,3,2,3,2,3,1,3,1,3,1,2,2,1,3,2,2,2,2,2,2,3,3,3,3,2,2,3,3,2,1,3,3,3,4,5,4,1,2,1,3,2,2,2,1,2,2,2,1,1,1,2,2,1,2,3,2,2,2,2,2,3,4,2,3,1,1,1,1,2,5,2,1,2,4,2,2,4,1,2,2,2,1,1,4,4,4,1,3,2,2,2,2,2,2,1,3,1,1,2,3,1,3,2,4,1,3,3,3,1,1,2,4,3,1,2,3,2,2,1,1,2,2,1,2,1,1,2,1,2,1,2,1,3,2,2,4,3,2,3,3,1,1,2,2
CluIDFG21G_1519,2,2,2,2,4,4,2,2,1,1,3,3,4,4,4,4,1,2,1,3,3,2,1,2,2,1,2,4,2,4,2,2,2,2,3,2,3,1,3,3,1,3,3,3,1,1,1,2,1,2,3,3,2,1,2,1,2,1,1,2,2,2,1,4,2,2,2,1,2,2,1,3,3,2,3,3,1,2,1,2,3,3,1,1,2,3,2,3,2,1,2,1,3,3,3,3,3,2,3,1,1,2,2,2,1,3,2,2,4,4,1,1,3,2,2,2,1,2,1,4,1,3,2,1,3,3,3,3,2,1,3,2,3,1,2,2,3,1,2,2,2,1,2,2,2,3,5,5,2,2,1,1,3,3,1,1,1,1,1,1,1,1,1,2,2,2,3,1,3,1,1,1,2,3,2,2,1,2,1,2,1,2,2,2,1,2,1,2,1,2,2,2,4,2,3,3,2,1,2,1,2,3,4,2,3,1,3,1,1,1,1,4,1,1,1,2,2,1,2,3,1,3,2,2,4,4,2,2,1,1,2,2,1,1,1,1,2,1,1,1,3,3,2,2,1,1,2,3,4,4,1,3,1,2,2,2,1,1,1,2,3,3,2,2,3,3,3,3,4,4,1,1,2,1,1,1,2,1,2,1,2,2,2,3,1,1,2,2,3,3,2,2,5,5,1,1,3,3,1,3,2,1,1,2,3,2,3,1,2,2,2,2,3,3,1,1,2,1,1,1,2,1,2,1,2,1,2,3,1,4,2,1,3,5,2,5,1,2,1,2,2,1,1,3,3,2,1,1,1,1,1,1,4,2,1,1,1,1,2,1,3,2,3,3,3,1,2,2,4,4,1,1,1,2,1,3,2,1,4,4,3,3,1,1,2,1,2,2,2,2,1,2,1,1,1,2,2,1,3,1,2,2,2,2,2,2,2,3,1,2,1,2,1,3,2,1,3,3,3,3,4,4,2,1,1,3,3,3,3,2,1,1,3,3,3,3,1,1,3,3,3,1,3,3,2,1,5,3,2,2,1,3,2,1,3,1,2,1,1,2,2,1,1,1,3,3,1,1,2,1,4,3,5,5,4,1,3,2,3,2,2,1,1,1,1,1,2,1,2,5,2,2,1,1,1,2,2,1,4,1,3,1,2,2,2,2,1,1,3,1,3,1,2,2,3,3,1,1,2,2,1,1,2,2,1,1,2,2,2,3,1,1,3,3,4,3,2,3,1,3,3,3,4,2,2,1,3,3,1,1,1,4,1,2,3,2,2,2,1,1
CluIDFG21G_1521,2,1,2,1,4,4,2,2,2,1,1,1,1,3,3,3,2,1,2,3,1,3,1,2,2,1,4,4,3,2,1,3,3,2,2,1,1,3,3,1,2,3,1,1,3,1,3,3,2,2,3,4,1,2,1,1,1,2,1,2,2,2,4,1,2,1,1,2,2,2,2,2,2,1,3,3,2,1,3,2,3,3,1,1,3,3,4,3,2,1,2,1,3,1,2,1,3,3,1,1,2,2,2,2,3,3,2,2,4,1,1,1,1,1,1,2,2,2,4,4,3,1,2,2,2,3,3,3,4,4,2,2,3,3,1,1,2,4,2,3,1,2,2,1,2,2,3,1,4,1,1,1,2,3,1,3,3,1,1,2,2,2,2,2,2,2,1,3,3,3,1,1,2,3,3,3,2,1,1,1,3,2,2,3,3,1,1,2,1,2,1,1,4,4,3,3,1,1,2,2,2,3,3,4,3,1,3,2,2,2,1,2,2,1,2,1,2,2,2,3,3,3,4,4,1,1,1,2,1,1,2,2,1,2,1,3,1,1,2,1,2,3,2,2,2,1,2,3,4,4,1,3,1,1,3,2,1,1,1,2,3,3,2,1,3,3,1,2,4,4,2,1,2,2,2,1,3,3,2,2,2,2,1,1,1,1,2,2,2,2,1,2,4,1,3,2,3,3,2,1,2,2,1,2,3,1,1,1,2,2,3,1,1,3,1,2,2,2,1,1,3,1,2,2,2,2,3,3,2,3,1,2,4,2,3,2,2,2,2,2,1,2,1,3,2,2,2,2,1,1,3,3,2,2,1,1,2,2,2,2,2,1,3,3,1,1,1,1,4,4,2,2,2,1,3,2,1,3,3,1,1,3,2,2,1,2,2,2,1,2,2,1,1,1,2,2,2,2,1,1,2,1,2,1,3,3,2,3,2,1,1,1,1,3,3,2,3,3,3,2,3,4,1,2,1,3,4,2,2,3,2,2,2,3,1,3,1,1,2,3,3,3,2,3,2,3,3,1,2,4,5,1,1,2,3,3,1,1,1,2,1,2,1,2,1,3,1,1,2,2,3,4,5,5,5,4,1,4,2,2,1,1,2,2,1,1,1,1,2,5,2,2,1,1,2,2,2,2,4,1,3,2,4,1,1,2,2,1,3,3,3,3,1,2,3,1,3,3,1,1,3,3,2,3,3,3,4,4,3,2,3,3,3,3,1,3,2,1,1,3,4,2,1,2,1,2,3,3,2,2,1,3,3,1,3,2,2,2,1,1
CluIDFG21G_1529,1,1,2,2,1,4,1,2,2,2,1,1,3,1,4,4,2,2,3,2,3,3,1,1,3,2,4,2,1,1,3,2,2,2,1,1,2,1,1,2,3,3,1,1,1,3,2,1,2,2,3,3,2,2,3,3,2,2,2,1,2,3,4,2,2,2,4,4,3,1,1,2,2,2,2,3,3,3,2,2,1,1,1,1,2,3,3,5,2,3,2,2,1,1,2,1,4,4,3,1,1,1,2,2,3,3,2,2,4,4,1,3,1,2,2,2,3,2,1,4,1,1,2,2,3,2,1,3,2,2,2,1,3,2,2,2,3,3,3,1,1,1,2,2,2,2,1,1,2,1,1,1,2,2,1,1,2,1,2,1,2,2,2,2,2,3,3,2,4,1,2,2,3,3,3,2,1,1,4,1,2,2,1,1,1,1,1,1,2,1,1,1,4,4,2,2,1,1,2,2,4,2,1,2,3,1,4,3,2,1,2,1,1,2,2,2,2,1,3,3,1,3,2,2,4,3,2,2,2,2,2,3,2,1,3,2,2,1,1,2,3,3,1,3,2,2,2,2,4,3,2,2,2,2,3,3,1,2,2,2,1,4,2,3,3,3,3,1,4,4,1,2,1,2,1,2,3,2,2,1,3,3,1,2,2,2,2,2,2,2,1,1,4,4,3,3,3,1,1,1,2,2,2,2,2,2,1,3,2,2,2,1,1,2,2,2,1,2,1,1,3,4,1,2,1,1,3,3,5,2,3,2,2,4,2,4,2,2,1,2,2,1,3,1,3,2,2,3,2,1,3,1,4,5,1,1,2,2,1,1,1,1,3,3,3,3,3,2,4,3,1,2,1,1,4,3,2,1,5,5,3,3,1,2,2,2,2,2,1,2,1,2,1,1,2,1,3,3,1,3,1,1,1,1,2,2,2,1,2,2,2,2,1,2,2,3,1,2,3,3,3,1,3,2,3,1,3,1,1,3,2,2,2,4,1,1,3,1,3,2,2,3,2,3,2,1,3,4,4,1,2,1,1,1,1,2,1,2,1,1,2,2,1,1,2,3,2,1,1,2,4,2,2,5,3,4,4,1,3,2,3,3,1,1,1,1,1,2,5,3,3,2,1,2,2,2,2,2,3,4,3,3,4,2,2,2,1,2,2,2,3,3,1,1,3,3,3,2,3,4,3,3,3,3,1,1,2,1,2,3,1,3,3,3,4,3,3,2,1,1,4,3,2,1,2,1,3,2,3,1,4,4,1,2,3,3,3,3,2,2
CluIDFG21G_1535,1,2,1,2,1,1,3,1,2,2,2,1,1,1,3,4,2,2,2,3,2,1,2,1,2,3,4,1,2,1,2,2,3,2,1,3,1,1,3,4,2,2,3,2,3,1,2,2,1,2,2,3,2,2,3,3,1,2,1,1,3,2,4,5,2,2,3,4,2,1,2,1,2,3,2,2,2,1,2,3,3,3,2,1,1,2,2,2,2,1,1,1,1,3,1,2,4,3,1,1,3,1,1,2,3,3,2,2,4,4,1,2,2,2,2,2,1,1,4,1,1,1,2,2,2,1,1,1,2,1,2,3,2,3,2,1,2,4,1,2,1,1,1,2,1,3,5,3,2,2,1,1,1,2,1,2,1,1,2,2,1,2,2,2,2,3,2,2,3,4,1,2,3,3,2,3,1,1,2,4,2,2,2,1,3,3,2,2,2,1,2,1,4,4,1,2,1,1,2,2,2,2,1,1,2,3,2,4,1,3,2,1,2,1,2,2,1,1,3,1,3,3,3,2,1,3,1,2,1,2,3,2,1,2,3,2,1,3,1,1,3,2,3,3,2,2,2,3,1,1,2,3,1,1,3,3,2,2,2,2,4,1,1,2,3,3,2,3,4,2,1,1,3,1,2,1,3,2,1,1,3,2,3,1,2,2,3,1,2,3,2,2,4,3,3,3,2,2,1,3,2,2,2,2,2,2,3,3,2,1,1,1,3,3,1,1,1,1,1,1,4,2,1,2,1,2,3,3,3,1,3,3,4,2,2,2,3,3,2,2,1,2,3,2,2,3,2,1,1,1,1,1,2,4,1,1,2,2,1,2,1,2,2,3,3,3,2,3,4,2,3,3,2,1,3,1,2,1,5,5,3,1,1,2,1,1,2,1,1,1,1,1,2,3,1,2,2,3,1,2,1,2,1,3,3,2,2,2,2,2,2,2,1,2,2,3,1,2,2,3,4,3,3,3,1,3,3,3,3,2,1,2,3,4,3,2,1,3,1,3,2,2,2,3,2,1,3,1,1,1,3,1,1,3,2,1,1,1,1,1,2,2,1,2,3,3,2,1,2,2,4,3,2,5,5,3,4,1,3,3,1,1,1,1,1,1,2,1,3,5,3,2,1,1,2,2,2,2,4,4,3,3,4,2,1,2,1,2,3,2,1,3,1,2,3,3,1,3,2,4,1,3,3,2,1,1,4,2,3,3,3,3,1,3,3,3,3,2,3,1,4,1,4,1,1,3,2,2,3,2,4,4,1,3,2,3,3,2,2,1
CluIDFG21G_1537,1,2,1,2,4,4,3,1,1,2,2,1,3,3,3,3,1,1,1,2,3,3,1,1,2,2,2,2,1,1,3,3,2,2,2,1,1,3,3,1,1,1,3,3,3,1,3,2,2,1,3,1,2,2,1,2,1,2,1,1,2,1,3,4,2,2,1,2,2,3,2,1,2,3,3,3,1,3,3,1,1,1,1,2,2,1,1,4,3,3,2,1,1,3,1,3,2,3,2,1,3,1,2,3,1,3,1,2,4,2,1,3,3,2,1,1,1,2,4,4,1,3,2,2,2,1,1,3,2,1,3,2,1,2,2,1,4,2,2,1,2,1,1,1,2,1,1,3,1,2,1,1,1,3,2,1,3,1,1,1,3,3,1,2,2,3,3,1,1,3,2,1,3,3,3,3,1,2,2,1,2,3,2,1,3,1,2,2,2,1,2,1,4,4,2,3,1,1,1,1,3,2,4,1,1,1,4,4,2,3,4,2,1,3,1,2,1,2,3,1,2,3,2,4,1,3,2,2,1,1,3,2,1,1,2,2,2,2,1,1,3,2,1,1,2,1,3,3,2,4,3,2,1,1,3,2,1,2,2,2,3,2,2,3,3,1,2,2,4,1,1,2,2,1,2,1,3,3,2,2,1,3,3,3,1,2,2,1,2,3,2,2,3,1,1,3,3,1,1,3,2,2,2,1,2,1,1,2,3,2,2,3,2,3,2,1,1,2,2,1,2,3,2,1,2,1,3,3,1,3,3,3,1,3,1,2,2,2,2,1,1,1,1,2,2,1,3,2,1,1,3,3,1,1,1,1,2,2,1,1,3,3,2,3,1,2,2,2,3,3,3,2,2,2,1,5,3,3,4,4,1,3,2,1,2,2,1,2,2,1,1,2,2,3,1,1,3,2,1,1,2,1,3,3,2,3,3,3,1,2,2,1,1,1,3,4,3,3,2,1,4,1,3,3,1,3,4,4,1,3,2,2,3,1,2,1,3,3,3,2,2,2,2,3,3,2,3,2,4,2,2,2,1,2,3,2,1,1,2,2,2,2,1,1,2,2,2,1,2,2,2,3,4,2,4,2,4,2,3,3,1,1,1,1,1,2,1,1,5,3,2,1,2,2,2,2,2,1,1,1,2,4,2,2,2,2,2,2,2,2,1,1,2,2,3,3,3,1,4,4,3,3,3,3,1,3,1,2,2,2,2,3,1,3,3,4,3,2,2,2,1,1,1,2,3,1,2,2,3,1,1,1,1,2,2,1,2,1,1,2
CluIDFG21G_1540,1,1,1,1,4,4,3,3,1,1,2,2,1,1,4,4,2,2,2,2,3,3,2,1,2,2,2,2,1,1,3,3,2,3,2,1,4,3,1,3,3,3,1,3,3,3,2,2,1,2,4,3,2,1,1,2,1,1,1,1,3,3,1,5,3,3,1,3,2,3,2,2,3,2,4,4,3,2,1,1,1,3,2,2,2,1,1,4,1,1,1,1,1,3,3,1,3,4,1,1,3,3,2,2,3,3,2,2,2,2,2,3,2,2,2,2,3,1,4,3,2,1,3,2,2,3,2,1,2,4,1,2,3,3,1,1,1,3,2,2,2,2,1,1,3,1,3,3,3,2,1,1,1,1,4,2,3,1,1,2,3,2,2,2,2,3,1,2,3,1,1,2,3,3,3,3,2,2,4,4,2,3,2,1,1,3,1,1,2,2,1,1,6,6,1,3,1,1,1,1,2,3,3,1,3,1,1,4,2,1,4,2,2,2,2,1,2,1,3,4,3,3,4,4,4,1,2,1,1,1,2,1,2,1,2,2,1,1,2,1,3,2,2,2,1,1,3,2,4,4,2,2,2,1,2,2,1,1,2,2,4,2,2,2,3,2,2,2,1,2,2,1,3,1,2,2,3,3,2,2,3,3,2,2,2,1,2,2,3,3,2,2,3,3,1,3,3,1,2,1,2,1,1,1,2,2,1,1,2,2,2,2,3,3,1,1,1,1,2,2,3,3,1,2,1,1,3,3,1,3,2,3,4,1,4,1,2,2,1,1,1,1,1,1,2,3,1,1,2,2,2,2,4,4,2,1,2,2,1,2,3,3,3,2,3,1,3,4,3,4,2,1,2,2,3,5,3,2,3,3,3,3,1,2,1,1,2,1,1,1,1,3,3,1,2,2,2,3,1,1,2,1,1,2,3,2,3,3,2,2,2,2,1,1,2,1,2,1,1,2,4,3,2,2,3,3,4,2,2,3,1,2,2,3,1,1,1,3,1,3,2,3,2,3,1,3,5,3,1,1,1,1,1,1,2,1,2,1,2,2,2,2,2,1,3,1,1,2,1,1,1,3,4,2,3,2,4,5,1,2,1,1,2,1,2,1,2,1,3,5,1,2,2,2,1,2,1,2,1,4,4,4,3,2,2,2,1,1,2,2,1,1,2,2,2,3,1,2,3,2,3,2,3,3,1,2,1,2,3,3,1,3,2,3,3,3,2,3,1,3,3,4,1,2,2,2,3,2,2,3,1,1,2,3,3,2,3,3,1,1
CluIDFG21G_1542,1,2,2,3,4,4,3,3,2,1,3,3,1,1,4,4,2,2,1,1,3,3,1,1,2,2,2,2,1,1,2,3,2,2,1,1,3,1,2,3,1,2,3,3,3,3,2,2,1,1,4,3,1,2,1,1,1,1,1,2,3,2,1,2,3,2,1,1,3,2,1,2,2,3,2,3,3,3,1,1,1,2,1,2,2,3,2,4,3,1,2,2,1,1,2,3,3,2,1,1,2,2,2,2,3,3,1,2,4,2,1,3,1,1,2,1,2,1,4,3,1,1,2,2,2,2,1,1,2,2,2,2,2,2,2,1,3,3,2,2,1,1,2,2,2,2,1,1,1,1,2,1,1,1,4,4,2,2,1,1,3,2,1,2,2,2,1,1,3,3,1,2,3,2,3,2,2,1,2,4,3,2,2,1,1,3,2,2,2,2,2,2,4,4,3,1,1,1,2,2,2,2,1,1,1,1,4,1,3,1,2,4,2,2,1,2,1,2,2,2,3,2,4,2,1,4,2,1,2,1,2,2,2,1,3,3,1,2,2,1,1,2,3,2,2,2,3,3,4,4,1,1,2,1,3,3,1,1,1,1,2,2,3,3,3,3,1,1,1,1,2,1,2,1,1,2,2,3,2,2,2,2,3,3,2,2,2,2,2,2,2,2,3,4,3,1,3,2,1,3,2,2,2,2,1,2,2,3,2,2,2,3,2,1,2,2,2,3,1,1,1,3,2,2,2,2,2,2,5,5,3,3,5,5,2,2,2,2,2,1,2,2,1,1,2,2,1,1,1,1,3,1,2,2,1,1,2,1,1,2,3,2,2,3,1,1,2,2,3,1,3,3,1,1,1,1,1,1,3,5,3,3,1,1,2,1,1,2,2,2,2,2,1,1,2,1,3,2,1,1,1,1,1,1,1,1,3,3,2,2,2,1,1,1,3,2,2,3,2,2,3,4,3,3,1,1,4,3,3,3,2,2,1,2,1,3,1,1,3,3,2,2,3,2,1,2,3,5,4,4,5,2,2,2,1,3,2,2,1,1,2,1,1,1,3,1,1,1,1,2,3,3,5,5,2,4,1,4,2,2,1,1,2,2,1,1,2,2,2,2,3,2,1,1,1,1,2,2,1,2,1,1,2,2,2,2,2,2,2,3,1,3,2,1,3,1,3,2,2,3,1,1,2,2,1,1,4,4,3,2,3,3,3,3,5,2,2,2,3,3,2,4,2,4,2,2,2,2,1,1,1,1,2,2,2,1,2,1,1,1
CluIDFG21G_1546,1,1,1,3,1,4,2,3,2,2,1,2,3,3,4,4,3,1,3,3,3,2,2,1,1,2,4,1,2,4,3,2,1,1,2,3,3,3,3,3,1,3,3,3,1,1,2,2,1,2,3,1,1,1,2,3,2,2,2,1,2,2,4,4,3,2,1,2,2,1,3,2,3,3,3,3,1,2,1,3,3,3,2,1,1,2,5,4,2,1,1,1,3,1,3,1,2,3,1,2,3,3,2,2,3,3,2,2,1,2,2,3,2,2,1,2,1,3,4,4,1,1,2,3,3,1,2,3,1,2,1,3,3,2,2,1,2,2,2,2,2,2,2,1,2,2,3,1,2,2,2,1,3,3,3,1,2,1,1,1,2,2,1,1,2,2,1,3,3,1,1,2,3,1,3,3,1,1,1,1,2,2,2,2,1,2,1,2,2,2,1,2,4,2,1,2,1,1,1,2,4,3,2,1,1,1,4,4,2,2,4,2,1,2,2,2,1,1,4,1,3,3,3,1,4,4,1,2,1,1,2,1,1,2,3,2,1,1,2,1,3,3,1,3,1,1,2,3,2,2,2,3,2,1,2,2,1,1,2,2,2,1,1,2,3,3,2,2,2,4,2,1,1,1,2,2,3,1,2,2,2,2,2,2,2,1,2,2,3,2,2,2,4,3,1,2,3,3,1,2,2,1,1,2,2,2,3,1,2,3,1,1,1,1,2,1,1,1,2,1,3,3,1,2,2,2,3,2,1,1,2,2,3,4,4,5,2,2,1,2,1,2,1,1,2,2,1,2,1,1,1,2,4,1,2,1,2,2,1,1,2,1,3,3,1,3,3,2,4,2,2,3,2,2,2,2,3,3,3,3,3,3,1,1,1,1,2,2,1,2,1,1,3,1,2,1,2,2,1,1,2,1,2,1,2,3,3,2,2,2,2,1,2,1,2,2,2,3,3,1,4,4,2,2,3,1,3,3,3,1,2,2,3,2,2,1,3,1,2,1,2,3,3,2,2,2,2,1,1,4,2,4,1,1,1,1,2,1,2,2,1,2,1,2,2,3,1,2,1,1,3,3,2,5,2,2,5,3,3,3,1,3,2,2,2,1,1,2,5,5,1,2,2,2,2,2,2,2,4,1,1,3,4,2,3,2,1,2,2,2,3,1,2,2,3,3,1,3,3,2,2,3,3,2,1,3,2,2,1,2,1,1,2,3,4,4,2,3,3,3,1,1,2,4,2,3,3,2,2,3,1,1,2,1,2,3,2,3,3,2
CluIDFG21G_1547,1,1,3,2,4,4,3,1,1,2,1,1,3,1,4,4,2,1,1,3,2,2,2,2,1,1,4,4,1,2,3,3,1,2,2,3,3,1,1,1,1,2,1,1,3,1,1,3,1,2,1,3,1,1,3,1,1,2,1,1,2,3,4,4,3,1,1,1,2,2,3,3,1,3,3,3,1,1,3,3,3,3,2,1,2,3,4,3,3,3,2,2,1,1,3,1,3,3,1,1,2,1,2,2,2,3,2,1,2,4,1,2,2,3,2,1,3,2,1,3,3,2,3,2,2,2,3,2,4,4,3,3,1,3,1,1,1,1,2,2,2,2,1,1,2,2,5,3,2,2,1,3,2,3,1,2,3,1,1,2,2,1,2,1,2,1,3,2,3,1,2,1,2,3,2,3,1,2,1,1,3,2,2,2,2,1,2,2,1,2,1,1,7,1,3,2,2,1,2,2,3,2,2,1,1,3,3,4,2,3,2,2,3,3,1,1,1,1,4,1,3,3,3,4,3,3,2,1,1,2,1,2,2,1,2,2,2,1,2,2,2,1,3,3,3,1,3,2,3,3,3,2,2,1,3,2,1,2,2,2,2,3,3,1,1,1,2,2,4,1,1,2,2,1,2,1,3,3,1,2,2,3,2,3,1,1,2,2,3,1,1,1,4,4,1,3,3,3,3,2,2,1,2,1,1,2,3,1,1,2,1,2,1,2,2,1,2,2,1,2,4,4,2,1,2,2,3,3,5,2,1,3,4,1,3,3,1,2,2,2,1,1,1,1,1,1,3,2,2,2,1,2,4,5,2,1,2,1,2,2,2,1,2,2,1,3,3,3,4,2,1,3,2,2,3,3,2,3,4,5,1,1,2,1,2,2,1,1,2,2,2,2,2,2,2,1,2,3,1,1,2,2,1,1,3,3,2,2,1,1,1,1,1,3,2,1,1,2,3,1,4,4,2,3,3,3,3,2,1,1,1,1,2,2,2,1,2,1,3,3,2,2,3,3,2,2,2,3,4,4,1,1,2,2,1,2,1,1,2,2,2,2,1,1,2,2,2,2,1,2,3,3,1,1,3,3,3,3,2,3,1,2,1,1,2,1,2,2,3,2,2,2,1,1,2,2,2,2,4,1,3,3,2,2,2,2,1,2,3,2,1,1,1,2,3,3,2,2,3,3,3,3,2,2,1,1,2,2,2,2,3,3,1,1,3,4,2,2,1,1,1,1,2,2,3,2,3,2,2,3,1,1,1,3,3,1,3,2,2,1
CluIDFG21G_1550,2,1,1,1,1,4,2,3,2,1,1,1,3,1,4,2,3,2,1,1,1,3,1,2,2,2,2,4,1,4,2,2,1,2,2,2,3,1,3,1,3,3,1,3,3,1,3,1,2,2,2,4,1,2,1,1,2,2,1,1,2,2,1,5,2,2,2,3,2,3,2,3,2,3,4,3,3,3,1,3,3,3,2,1,2,1,5,4,3,1,2,2,2,1,1,1,2,3,2,2,1,1,1,1,3,1,1,2,4,4,3,1,2,2,2,1,3,3,4,3,2,3,3,3,2,2,1,1,1,1,3,3,3,2,2,1,4,4,2,3,1,2,1,1,2,2,3,1,1,2,2,1,2,3,1,2,1,1,2,1,2,3,3,2,2,2,1,1,1,3,1,2,2,2,2,2,2,2,2,1,3,2,1,2,2,2,1,2,2,1,1,1,4,7,2,2,1,1,2,1,2,1,2,1,1,2,2,2,1,1,4,1,1,1,2,1,2,2,3,2,2,2,4,4,3,1,1,1,1,2,2,3,2,1,1,1,1,1,1,2,2,3,3,3,1,1,3,3,2,3,3,1,1,1,2,2,1,2,2,2,2,4,3,1,1,1,2,2,1,1,1,2,3,1,1,2,2,2,1,2,3,2,2,3,2,2,3,2,3,2,2,2,1,1,3,3,2,1,2,3,1,2,2,1,3,3,3,3,3,3,2,1,2,3,1,1,1,2,2,1,3,3,1,2,2,2,2,1,3,1,3,3,1,2,2,5,2,2,2,2,1,2,2,2,1,1,2,3,2,2,2,1,4,5,2,1,2,2,2,2,1,1,3,3,1,1,2,3,4,2,2,1,2,2,3,1,1,3,4,3,1,3,2,1,2,2,1,1,1,1,1,3,2,2,1,2,3,2,3,3,2,1,2,1,1,3,3,2,2,2,2,1,3,2,3,2,3,2,1,1,4,2,3,2,3,3,2,3,2,3,1,1,2,2,1,1,2,2,3,3,2,3,3,3,2,1,3,3,2,2,2,5,1,3,1,2,1,2,2,1,2,1,3,2,3,3,1,1,2,1,3,2,1,5,4,2,4,2,3,3,2,2,2,1,5,2,2,1,2,5,3,2,2,1,2,2,2,2,2,4,1,4,2,4,2,3,2,2,3,2,1,1,2,1,2,3,1,1,1,3,3,3,3,2,1,1,2,2,2,3,1,3,3,2,4,3,1,2,3,1,1,2,1,4,2,3,2,2,3,3,1,1,3,1,2,2,3,2,2,2
CluIDFG21G_1552,1,2,3,3,4,4,3,3,2,2,3,3,1,1,2,3,2,3,1,2,2,3,1,2,1,2,2,2,1,1,2,2,2,1,2,2,1,1,2,2,1,1,3,3,3,3,2,2,2,2,2,4,2,2,2,2,2,2,2,2,3,2,5,2,3,3,2,1,1,3,2,2,2,3,3,4,3,3,1,3,3,3,2,2,3,1,2,2,3,1,2,2,1,1,1,3,2,3,1,1,2,3,2,1,3,3,2,2,4,4,1,1,1,3,2,1,3,2,3,3,1,3,2,3,2,2,2,3,2,2,1,1,3,1,2,2,4,4,2,1,1,1,2,2,2,3,1,5,1,2,1,2,1,2,1,2,3,1,2,1,3,3,1,2,2,2,1,1,3,3,1,1,3,3,3,3,2,2,2,2,2,3,1,1,1,1,2,1,2,1,1,1,4,4,2,2,1,1,1,2,2,2,1,3,1,3,1,4,1,1,4,2,2,2,1,1,1,2,2,1,3,3,2,4,4,2,2,2,2,1,3,2,1,2,2,2,2,2,1,2,3,2,3,2,3,1,1,3,2,1,3,3,2,1,2,3,1,1,2,2,4,2,1,2,3,2,2,2,2,4,2,1,3,2,1,1,2,3,1,2,2,2,2,3,1,2,3,1,3,3,2,2,4,4,3,1,2,2,1,2,1,1,1,1,1,1,1,1,2,2,1,3,2,2,1,2,2,2,1,1,4,3,2,1,2,2,1,3,3,3,3,3,1,1,2,2,1,1,2,2,2,2,1,2,1,2,3,3,1,1,3,1,5,1,1,2,2,2,2,2,3,1,2,2,3,1,3,3,2,3,3,3,2,2,3,5,1,2,4,3,3,3,1,1,1,1,2,2,2,2,3,3,3,2,2,2,3,1,3,3,1,1,2,1,3,2,2,3,2,2,2,2,1,2,2,2,3,3,3,3,1,1,1,1,1,3,4,4,2,1,2,2,2,2,1,1,3,3,3,3,3,2,1,2,2,1,3,3,1,2,5,4,1,1,2,2,1,1,2,2,2,2,2,1,2,1,1,2,2,1,3,2,2,2,2,2,4,3,3,3,3,2,1,2,1,1,1,2,5,2,3,3,2,2,2,2,2,2,4,4,4,4,3,1,3,2,1,1,2,2,1,1,2,2,2,3,1,1,1,3,3,2,3,3,1,3,1,1,2,2,3,1,1,1,4,3,2,3,3,2,4,1,4,1,2,1,3,1,3,2,1,1,1,1,2,1,2,1,1,1
CluIDFG21G_1553,1,1,2,2,1,1,3,3,1,1,3,3,3,3,4,3,1,2,3,1,3,1,1,1,2,1,2,4,1,1,3,3,1,2,1,2,3,4,1,1,1,3,2,3,1,3,2,2,2,1,2,3,2,1,2,1,2,2,1,1,2,2,4,4,3,2,2,1,3,2,1,2,3,3,4,3,2,3,3,3,3,3,2,2,2,2,4,4,1,3,2,2,2,3,1,1,2,4,2,1,2,2,2,2,1,3,2,1,2,1,3,3,2,1,1,1,2,2,3,3,1,1,2,2,1,2,1,3,4,4,2,2,3,3,1,2,4,4,2,3,2,1,2,2,3,2,1,3,1,3,1,1,2,1,2,2,1,1,2,1,3,3,2,2,2,2,2,2,3,1,1,2,2,3,3,2,1,2,2,1,2,2,2,2,1,3,1,2,1,2,1,1,6,4,2,3,1,1,1,1,2,2,1,4,1,2,2,2,1,1,4,1,3,1,2,1,2,2,3,3,2,3,3,4,3,1,2,1,1,1,3,2,2,1,2,1,1,1,2,1,2,2,1,1,1,2,3,2,1,4,2,3,2,1,2,2,1,1,2,2,3,3,2,3,3,1,2,2,1,4,2,1,1,3,1,2,3,2,2,2,1,2,3,3,1,2,2,2,2,2,1,2,1,1,1,3,2,3,3,2,1,1,1,2,3,1,1,1,2,2,1,2,3,2,1,1,3,1,2,1,3,3,2,2,2,2,2,3,2,2,3,2,3,1,3,1,2,2,2,2,1,2,2,1,2,2,3,3,2,2,1,3,1,2,1,1,2,1,2,2,1,3,2,2,1,1,3,3,2,3,2,2,2,2,1,1,3,3,4,4,1,1,2,2,1,2,2,1,1,1,3,3,3,3,1,2,3,1,1,1,1,2,2,3,3,2,1,3,2,2,1,2,1,1,3,2,3,2,3,3,4,3,3,2,3,3,2,3,1,1,2,2,4,4,2,1,3,3,3,3,2,3,2,2,2,1,3,2,2,4,2,2,2,3,3,2,1,1,2,2,1,2,1,1,1,1,1,2,1,2,3,3,1,4,4,3,1,2,3,3,1,1,2,1,2,1,1,1,5,3,2,2,2,1,2,2,2,2,1,4,1,2,2,2,3,2,2,2,2,2,1,1,2,1,1,1,2,3,4,1,3,2,3,3,1,1,2,3,1,2,3,3,1,2,3,3,2,1,3,3,3,1,2,1,2,2,3,1,3,3,3,1,1,2,3,3,1,3,2,2
CluIDFG21G_1554,2,2,3,1,1,1,3,2,1,2,2,2,3,3,3,3,1,1,3,3,3,1,1,2,2,2,2,4,1,2,1,2,2,2,2,2,3,3,4,3,4,1,3,1,3,1,3,2,1,2,4,2,1,1,2,3,2,1,2,1,2,2,4,4,3,2,4,2,2,2,1,1,3,3,3,3,1,2,1,1,3,2,1,2,2,2,3,2,1,1,1,1,3,1,1,1,3,3,1,2,1,3,2,1,2,3,1,2,3,1,3,3,2,3,2,2,1,3,4,4,1,3,2,2,3,2,3,3,1,2,3,2,3,1,2,2,2,1,2,2,2,2,2,1,3,1,3,5,1,1,2,1,3,2,1,4,1,1,2,2,2,3,2,1,2,2,1,3,3,1,1,1,2,3,3,2,2,1,1,1,1,2,2,1,3,1,2,1,2,2,2,2,7,2,3,3,1,1,1,2,2,3,4,2,1,3,4,2,2,3,4,3,3,2,1,1,1,1,2,3,1,3,4,3,1,1,1,1,2,1,1,2,1,2,2,1,1,1,2,2,2,1,1,3,1,2,2,2,3,4,2,3,2,1,2,3,2,1,2,2,2,2,1,1,3,1,2,3,4,4,1,1,1,2,2,1,2,2,1,1,2,1,3,3,1,1,3,3,3,3,2,2,5,5,1,1,2,2,1,1,2,2,2,2,2,2,1,3,2,2,2,1,1,2,2,2,2,2,1,1,3,3,1,1,2,2,2,3,5,1,3,2,1,4,1,1,1,2,2,1,2,2,2,1,2,2,2,2,1,1,1,3,2,2,1,1,2,1,2,2,1,2,3,3,1,1,1,2,4,4,1,2,1,1,2,3,3,3,1,4,1,3,2,1,1,1,2,2,1,1,1,1,1,1,1,1,2,3,1,1,2,1,1,2,3,3,2,3,2,2,1,1,2,3,3,1,1,1,3,2,4,1,3,2,1,3,3,3,3,3,2,2,3,3,3,2,3,1,3,3,3,3,3,3,2,2,3,2,2,2,5,5,1,1,3,3,1,2,1,1,1,2,1,2,3,2,1,2,2,2,2,3,5,2,4,4,3,1,2,2,3,1,1,2,1,1,2,2,4,5,2,3,1,2,1,2,2,2,4,3,4,3,1,2,3,1,1,2,1,2,3,3,2,1,1,1,1,3,3,2,2,2,1,3,3,1,2,2,3,3,3,1,1,3,2,4,2,1,3,3,1,2,4,4,1,1,2,3,3,3,1,3,2,1,2,2,2,2,1,1
CluIDFG21G_1558,1,1,1,1,4,4,1,1,2,2,1,1,1,1,4,4,1,2,3,2,3,2,2,1,1,1,4,4,1,4,2,2,2,2,1,1,2,1,2,4,1,4,3,3,3,1,2,2,2,1,3,3,2,2,3,3,1,1,1,1,3,2,2,1,3,3,1,1,1,3,1,2,3,3,3,2,1,2,3,1,2,3,2,1,2,3,3,5,3,2,2,2,3,3,3,1,4,3,1,2,1,1,2,1,1,3,2,1,4,2,1,2,2,2,1,2,2,2,1,1,2,2,1,1,1,1,2,2,2,2,1,2,3,3,2,2,3,3,3,2,1,1,2,2,2,2,3,5,2,2,2,1,3,1,1,4,1,1,2,1,2,3,2,2,2,3,2,1,3,3,1,1,3,3,3,3,1,2,2,2,1,2,3,3,1,1,2,1,2,1,1,1,4,7,3,2,1,1,2,2,2,2,2,2,1,1,2,2,1,1,1,4,1,1,1,2,2,2,2,1,2,3,4,2,3,3,1,2,2,2,1,1,1,1,2,3,1,2,1,1,2,2,1,1,2,1,2,3,1,1,2,3,1,1,2,2,1,2,1,2,1,2,1,1,3,3,3,1,4,4,1,1,1,1,2,1,2,2,2,2,2,2,3,3,1,1,3,3,3,4,1,2,1,3,3,1,2,3,2,1,1,2,1,1,2,3,3,3,3,2,1,3,2,2,1,2,2,2,2,1,3,3,2,1,1,2,1,3,3,2,3,3,1,3,4,2,2,2,1,1,1,1,1,1,2,3,2,2,1,1,2,1,4,5,1,2,2,2,1,1,3,2,3,2,2,1,2,3,4,3,3,2,2,1,5,2,1,2,5,4,3,3,2,1,1,2,1,2,1,1,1,1,3,3,2,2,3,3,1,1,1,1,1,3,2,2,3,1,2,2,2,2,1,1,3,3,2,3,3,1,3,4,2,2,3,3,3,1,1,2,2,2,3,2,3,1,3,1,3,3,3,2,3,2,2,2,3,3,2,3,5,2,1,1,1,1,3,1,2,1,2,1,2,2,1,1,2,2,1,1,2,2,2,4,2,5,1,3,3,1,1,1,2,1,5,1,1,2,5,5,3,1,2,1,2,1,2,2,4,3,2,2,4,1,2,3,1,1,3,1,3,1,2,2,3,3,2,3,4,4,3,3,3,3,3,1,1,2,2,2,1,3,1,1,2,4,1,3,1,2,4,2,2,4,3,3,3,1,1,2,1,3,1,2,3,3,3,1,2,2
CluIDFG21G_1559,1,1,3,2,4,4,3,2,1,1,3,3,3,4,4,4,1,1,3,3,3,3,1,1,1,1,2,2,1,1,1,2,2,2,1,1,3,2,3,2,3,3,1,1,1,3,3,1,2,2,3,4,2,1,1,3,1,2,2,1,2,2,5,4,2,4,1,1,2,2,2,1,3,3,4,4,3,3,1,3,3,2,2,2,2,1,4,4,2,2,1,1,1,1,1,1,3,3,2,2,3,3,2,2,3,1,2,1,4,4,1,1,3,3,2,1,3,2,4,1,3,3,2,3,2,3,3,2,2,2,1,2,3,3,2,2,3,3,3,2,1,1,2,2,2,2,5,5,2,3,1,1,2,1,2,1,3,2,1,2,2,3,1,2,1,2,3,3,3,1,1,1,3,3,2,3,2,2,2,4,2,1,1,2,1,2,2,1,2,2,2,2,7,4,3,3,1,1,2,2,3,4,4,4,1,2,4,4,3,3,1,2,1,3,2,1,2,1,3,4,1,3,1,2,4,3,2,1,2,2,3,2,1,1,3,1,2,1,1,1,2,1,3,2,2,1,3,2,4,2,3,2,1,1,3,2,2,2,2,1,2,2,3,3,1,3,2,1,2,4,3,1,2,1,1,2,3,2,1,2,2,3,2,2,2,2,3,3,3,2,1,2,4,4,1,3,3,2,1,3,2,1,2,2,2,3,1,3,2,2,1,3,1,2,2,2,2,3,1,2,3,3,2,1,2,2,2,2,5,4,1,1,5,4,2,1,2,3,2,2,1,2,1,1,2,2,2,1,1,1,3,1,4,5,2,1,2,1,1,2,3,3,2,2,1,2,3,2,4,4,2,2,2,2,3,3,1,1,5,4,3,1,2,1,1,1,1,1,2,2,3,3,3,3,2,2,3,3,2,2,2,1,1,2,3,3,2,2,2,2,1,1,1,2,2,2,2,1,3,3,3,4,2,3,3,1,1,3,2,2,2,1,1,2,3,1,1,2,3,3,3,3,2,2,1,2,5,3,4,4,3,2,3,3,3,3,2,2,1,1,2,2,1,1,1,1,2,1,1,2,3,2,1,2,4,2,3,4,3,3,1,1,1,1,1,1,1,2,5,3,2,2,1,2,2,1,2,2,1,4,3,4,2,2,2,2,1,1,2,1,4,3,2,2,1,2,2,2,3,3,2,2,1,1,3,3,2,2,2,3,3,3,1,1,4,4,3,2,3,3,3,3,1,2,2,1,1,3,2,2,4,4,1,3,2,2,2,2,1,1
CluIDFG21G_1570,1,2,2,2,4,4,2,1,1,2,1,1,1,3,3,2,1,2,2,2,3,1,1,2,1,2,2,4,1,4,3,2,3,2,1,3,1,2,3,1,4,3,3,1,1,3,3,2,1,1,1,3,2,2,2,3,2,2,1,2,1,1,3,4,2,2,1,1,3,3,3,3,2,3,2,4,1,2,1,1,3,1,1,2,3,3,5,2,1,2,2,2,1,3,3,3,4,3,1,2,2,1,1,1,1,1,2,1,3,4,1,1,2,1,2,1,2,1,3,4,1,1,2,3,1,2,1,1,2,2,2,1,2,1,1,2,2,4,1,1,1,1,2,2,2,1,3,5,1,2,1,1,1,3,2,2,1,1,1,2,2,3,2,2,2,1,1,3,3,3,1,3,3,2,3,3,2,2,2,1,1,3,1,2,2,1,2,1,2,2,2,1,4,4,2,2,1,1,1,1,2,2,4,3,1,3,2,1,1,1,1,1,1,1,1,2,2,2,3,3,3,1,4,4,3,4,2,2,2,1,3,2,2,2,2,1,2,3,1,1,2,2,1,1,1,2,3,3,1,2,3,3,1,1,2,3,1,2,2,1,3,2,2,2,3,3,3,2,1,2,2,2,1,1,1,1,2,1,1,2,2,3,3,3,1,2,3,1,2,3,1,1,1,3,1,1,1,2,1,1,1,1,2,2,2,3,3,1,2,2,2,1,1,2,1,1,1,1,2,2,3,3,2,1,1,1,3,3,3,1,2,3,4,1,2,5,2,2,2,2,1,1,1,2,2,3,2,3,2,1,3,3,5,2,1,1,2,2,1,2,1,3,3,2,3,1,3,2,1,3,3,2,1,1,2,1,1,1,5,5,3,3,1,2,1,2,2,1,1,1,1,3,1,2,2,2,3,3,1,1,1,1,1,1,2,2,3,3,2,2,2,2,2,1,3,3,3,3,3,3,3,1,3,1,3,3,4,1,2,1,1,2,2,4,3,1,3,1,3,3,2,2,3,3,1,3,5,1,4,1,1,2,1,2,1,1,2,1,2,1,2,2,1,2,1,2,1,2,2,2,2,3,4,2,5,3,2,1,2,3,1,3,1,1,1,1,1,2,3,5,2,2,1,1,2,2,2,1,2,2,2,4,2,4,2,2,1,2,2,2,1,1,2,2,2,3,1,1,3,2,2,3,3,1,2,1,4,3,2,3,1,3,1,1,3,4,2,2,2,3,4,3,2,2,2,2,2,2,2,3,3,1,1,3,3,1,2,2,2,1
CluIDFG21G_1573,2,1,2,1,4,4,2,2,2,1,1,1,1,3,2,3,2,2,1,2,3,1,1,1,1,1,2,3,1,2,2,3,2,2,2,3,4,2,2,3,3,3,1,1,1,1,3,3,2,2,3,3,2,2,1,2,2,1,2,1,2,1,4,5,3,3,1,3,2,3,2,2,2,3,4,3,2,3,1,3,3,1,2,1,2,2,3,3,1,1,1,2,3,3,1,3,2,3,2,1,2,2,2,3,1,2,1,2,1,2,3,3,2,2,1,1,2,3,1,4,1,3,3,2,2,2,2,1,4,3,2,2,3,2,1,1,4,4,2,2,1,1,1,2,2,2,1,1,2,2,3,2,3,3,2,1,1,3,1,1,2,2,2,2,2,1,2,2,3,1,2,1,1,2,1,1,2,1,1,1,2,2,1,2,3,1,2,1,1,1,1,1,7,4,1,2,1,1,1,1,4,4,1,2,2,1,4,2,2,1,4,2,2,1,1,2,2,1,1,4,3,2,3,4,4,2,2,2,1,1,2,3,1,1,1,2,3,3,1,1,2,2,1,3,1,1,1,2,2,3,2,3,1,2,2,2,1,1,1,1,3,4,3,2,1,2,2,3,2,4,1,1,1,3,2,1,2,2,1,1,2,3,2,3,1,1,2,3,4,3,1,1,3,4,3,1,2,3,3,2,2,1,1,1,1,3,1,3,2,3,1,1,1,3,1,1,1,1,2,2,4,3,1,2,1,1,3,1,1,3,1,3,1,2,3,1,2,2,3,1,1,2,1,3,3,1,3,2,1,2,3,3,2,1,1,1,1,2,1,1,2,2,2,3,3,1,3,1,3,4,1,3,2,2,5,5,2,2,3,3,3,2,1,2,2,2,2,2,1,2,3,1,2,2,2,2,3,2,1,3,2,2,1,3,2,2,3,2,2,2,1,1,2,1,2,3,2,2,1,1,4,2,2,3,3,3,4,4,1,1,1,2,2,2,1,1,3,3,3,3,3,2,2,2,2,2,2,2,4,2,4,2,1,3,3,3,2,1,1,1,2,1,1,2,1,3,1,1,2,1,3,2,1,2,3,4,1,4,2,3,1,3,1,1,1,2,2,1,5,3,2,2,1,2,1,2,2,2,2,3,4,3,4,1,2,3,1,2,2,2,1,1,2,2,2,1,2,2,1,3,1,2,3,3,1,2,2,2,2,3,3,1,1,2,4,4,1,2,1,1,1,1,2,2,3,2,2,2,2,2,4,3,3,3,3,3,3,2,1,2
CluIDFG21G_1579,2,1,1,1,4,2,1,1,2,1,1,1,3,3,4,3,1,1,3,2,1,2,3,2,2,2,1,1,2,1,3,3,2,2,1,2,2,1,1,1,3,2,3,1,1,3,3,3,2,1,3,2,2,2,2,2,2,2,1,1,2,2,5,5,2,3,3,3,2,3,3,3,1,2,3,3,3,3,3,1,1,3,2,2,2,2,5,3,3,1,1,2,3,3,1,3,4,2,3,2,2,2,1,1,1,1,2,1,3,4,3,1,2,1,2,1,3,3,3,4,3,1,2,3,3,2,3,2,4,3,2,2,3,3,2,2,3,1,2,2,2,2,1,1,3,3,1,3,1,1,1,1,3,3,2,2,1,2,2,1,3,2,1,2,1,3,3,3,3,1,1,1,2,3,2,3,2,2,2,2,1,2,2,2,3,1,2,1,2,2,2,1,4,4,2,3,1,1,1,1,3,1,1,2,2,3,2,1,1,2,2,2,2,3,1,1,2,2,1,1,1,1,4,1,3,3,1,1,1,1,2,3,2,1,2,2,1,1,2,1,2,2,3,1,1,3,2,2,4,3,3,1,2,1,3,3,1,1,2,2,1,2,1,1,3,3,2,2,4,4,1,1,1,2,2,2,3,1,2,2,2,3,3,2,2,1,2,2,3,4,1,1,2,4,1,3,1,3,2,2,2,1,2,2,2,1,1,1,2,2,2,2,1,2,1,2,2,2,2,2,3,4,1,2,2,1,1,3,1,3,1,2,1,4,3,2,3,2,2,1,1,1,1,1,2,2,2,3,1,2,2,1,5,5,1,1,1,2,2,2,2,1,3,2,1,1,2,3,1,4,1,2,2,2,3,3,3,1,1,2,1,1,2,2,1,2,1,1,2,1,3,1,3,2,2,2,1,3,1,1,1,2,1,1,2,2,3,1,2,2,2,1,1,1,3,3,2,1,3,3,3,4,2,2,3,3,3,4,3,2,1,2,3,4,2,1,3,2,3,3,2,2,3,3,3,1,3,3,2,4,5,4,3,1,2,2,1,2,1,1,2,2,1,1,1,1,1,2,2,1,3,3,2,5,2,2,4,3,3,1,1,1,2,2,2,1,1,1,4,5,2,2,1,1,2,2,2,2,1,2,2,4,2,2,1,2,1,2,1,3,4,4,2,2,2,1,2,2,4,3,3,3,2,2,2,1,2,2,3,2,3,2,1,2,1,3,1,2,3,2,2,1,1,4,2,2,2,3,3,3,2,1,1,3,1,3,2,2,1,1
CluIDFG21G_1580,1,1,1,3,3,4,2,1,2,1,1,1,3,3,4,3,2,1,1,2,3,3,1,1,1,2,2,4,1,4,2,3,2,1,3,1,1,1,2,3,2,3,3,3,1,1,2,3,1,2,4,2,1,1,2,2,2,2,2,1,3,2,4,5,3,4,3,1,2,1,2,2,1,3,3,4,1,3,3,1,3,1,1,2,3,2,5,3,2,3,2,2,3,3,3,2,3,1,3,1,2,3,2,2,2,2,2,1,2,4,1,3,1,2,2,1,1,2,4,1,1,2,2,2,3,2,1,2,3,4,3,3,1,1,2,1,1,1,2,1,1,2,1,1,2,2,3,1,2,2,1,1,1,3,2,3,1,1,2,1,1,2,1,1,1,2,3,1,3,3,1,1,2,3,3,2,2,1,2,2,1,2,1,1,2,1,1,2,1,1,2,1,4,4,1,2,2,1,2,2,3,2,1,3,1,1,3,4,3,2,2,2,3,3,1,1,1,2,2,4,2,3,3,4,1,1,2,1,1,1,2,3,2,2,2,1,1,2,2,2,3,3,1,3,2,1,3,2,1,3,3,3,1,1,2,3,1,1,2,2,2,2,1,3,1,1,3,3,5,1,2,1,1,3,2,2,2,2,1,1,2,3,2,2,1,1,3,3,2,1,1,1,1,4,3,1,2,3,2,2,1,1,2,1,1,2,3,1,1,2,1,2,2,2,2,2,1,1,1,1,2,4,2,1,2,2,3,2,1,1,3,1,2,5,1,3,2,2,1,2,2,1,1,1,2,2,1,2,1,1,2,1,4,4,1,1,1,1,2,2,1,2,2,3,1,1,3,3,3,2,2,2,2,2,3,3,2,2,5,5,3,3,1,1,1,1,2,2,2,2,1,2,1,3,1,1,3,3,1,1,1,1,1,2,3,3,2,3,2,2,1,1,1,3,3,2,2,2,1,2,3,1,3,2,3,3,3,3,3,3,1,2,3,2,1,1,2,3,3,3,2,2,3,3,3,2,1,1,4,4,2,2,1,2,1,1,1,1,1,2,2,2,2,1,3,3,2,1,2,2,4,3,5,4,4,4,2,2,3,2,1,1,2,1,1,1,1,2,3,5,1,3,3,4,1,2,2,2,4,4,4,4,2,4,2,1,2,1,2,3,1,1,1,1,3,3,2,1,2,3,1,3,3,3,2,3,2,1,2,2,1,1,3,2,5,4,1,1,1,3,4,2,2,1,3,1,1,2,3,3,1,3,3,1,2,2,3,1,1,1
CluIDFG21G_1587,2,2,2,1,1,1,3,3,2,1,3,1,3,3,4,4,3,1,1,2,1,3,1,1,1,1,2,4,1,4,3,3,2,3,3,1,3,1,1,1,3,3,1,3,3,1,3,2,2,2,3,3,2,2,3,3,1,1,1,1,1,3,3,4,1,2,1,1,2,2,3,3,1,3,3,3,2,2,3,1,3,3,2,2,2,2,3,4,1,1,2,2,3,1,1,3,4,3,2,1,1,2,2,1,3,1,2,2,2,3,3,3,1,1,2,1,2,2,3,1,1,1,2,3,2,1,3,1,4,1,3,3,3,1,2,1,2,2,2,2,1,2,2,2,2,3,3,3,2,2,2,1,1,3,2,2,1,1,2,2,3,1,2,1,2,3,1,3,3,1,1,1,2,3,3,2,2,2,2,2,3,2,2,3,2,2,2,1,2,1,1,2,7,2,3,1,2,1,2,1,1,4,2,1,1,2,4,2,1,2,2,2,1,2,1,1,1,2,3,3,3,1,4,3,3,3,1,2,1,1,2,2,1,1,1,1,3,2,1,1,2,1,3,3,1,1,3,2,2,3,2,3,1,2,3,3,1,1,2,2,2,2,3,2,3,1,3,2,1,2,1,1,1,3,2,2,2,2,1,1,3,3,2,3,2,2,3,2,3,3,1,1,1,3,3,2,3,2,2,3,1,1,2,2,2,3,1,3,2,2,2,2,1,1,1,2,2,2,2,2,3,3,1,2,1,2,3,3,5,5,1,2,4,4,3,2,2,2,1,2,1,1,1,1,1,2,3,3,1,1,1,1,4,5,1,1,2,1,2,2,2,3,2,3,1,1,3,3,2,4,2,1,2,2,3,5,3,1,1,4,3,1,2,1,2,1,2,1,1,1,1,1,3,3,2,2,1,3,3,2,1,2,2,1,2,3,3,3,2,2,2,1,1,2,2,2,2,2,3,1,4,3,1,2,2,3,3,4,3,1,2,1,2,3,2,3,1,1,3,3,3,2,1,3,1,2,2,2,4,2,4,1,2,1,1,1,1,2,2,2,1,2,1,1,1,1,2,2,2,2,2,3,2,2,3,5,3,3,1,3,1,1,2,1,1,1,1,1,3,4,3,3,3,3,2,2,2,2,4,4,3,2,2,2,2,2,2,2,2,3,3,1,2,2,3,3,2,2,3,3,3,3,2,2,1,2,2,2,2,2,3,3,2,3,3,3,2,1,3,2,2,4,2,3,2,1,2,2,3,3,4,4,1,1,2,3,2,1,1,2
CluIDFG21G_1590,2,2,1,2,1,1,3,3,1,2,1,3,3,3,4,3,1,1,2,2,3,1,2,1,2,3,4,4,4,1,3,3,2,2,2,1,3,3,3,2,1,3,1,3,3,1,2,1,2,2,3,3,2,1,3,2,1,2,1,1,2,2,1,1,1,3,1,1,3,2,2,2,1,3,3,3,3,1,1,1,3,3,1,2,2,2,4,2,1,2,2,2,2,1,3,1,2,4,1,1,2,1,2,2,1,2,2,1,2,4,1,3,2,1,1,1,2,2,1,1,1,2,1,3,2,1,1,2,1,2,2,3,3,3,2,1,2,3,2,2,2,1,2,1,2,3,3,1,2,1,1,2,3,1,2,4,1,2,1,2,2,2,2,2,2,1,1,2,2,1,1,1,2,2,2,2,1,2,2,2,2,2,3,1,2,1,1,1,2,1,1,1,4,4,3,2,1,1,2,1,3,2,2,1,1,1,4,4,2,3,2,2,2,3,1,2,1,1,1,1,2,1,4,4,1,3,1,1,2,1,2,1,1,1,1,1,1,3,1,1,2,1,3,1,2,2,2,2,4,3,1,3,2,1,2,3,1,2,1,2,4,3,3,3,1,1,3,2,5,4,2,1,3,3,1,2,2,2,2,2,3,2,3,3,1,2,3,3,3,3,2,1,3,1,3,3,2,2,1,3,2,2,2,2,3,1,3,3,3,2,1,2,2,1,1,2,2,2,1,2,4,4,1,1,2,1,2,1,3,1,3,1,4,2,2,5,2,3,2,2,2,1,2,1,2,1,2,2,1,2,3,2,4,5,1,1,1,2,1,1,2,1,3,3,3,3,1,3,2,2,2,3,1,2,1,2,3,1,3,4,1,1,2,2,1,1,1,1,2,2,2,3,3,2,2,1,3,2,2,1,1,1,2,2,3,3,3,3,2,2,2,1,3,1,2,3,2,2,1,1,4,3,2,3,3,3,4,3,3,1,1,1,3,2,2,2,1,3,3,3,2,2,3,3,2,1,1,2,3,2,2,4,1,2,2,1,1,2,1,2,1,2,2,1,2,1,1,2,2,2,3,3,5,2,5,3,3,4,1,2,1,2,2,1,3,5,1,2,3,2,2,2,1,3,2,2,2,2,3,4,4,4,2,2,1,2,2,2,3,1,1,4,2,2,3,2,2,1,1,3,2,3,1,1,2,3,2,4,1,2,3,1,1,2,3,1,2,2,2,1,3,2,2,1,3,1,3,2,3,2,1,4,3,3,1,3,2,1,2,1
CluIDFG21G_1592,1,2,1,3,1,4,3,3,2,2,2,1,3,3,3,2,2,1,1,2,1,3,1,2,3,2,4,4,1,1,2,2,2,2,2,1,3,1,3,2,3,2,3,3,3,1,2,3,1,2,2,3,1,1,1,1,2,2,1,1,3,2,4,5,2,2,4,2,2,1,1,1,3,2,2,1,3,3,3,2,1,3,1,1,3,2,3,5,2,2,2,2,3,1,1,2,4,1,3,3,1,2,2,2,3,3,2,2,1,4,3,3,1,1,1,2,2,2,4,2,1,1,2,2,3,3,3,3,2,2,1,3,3,1,2,2,3,3,3,2,1,1,2,2,2,2,1,5,1,1,2,1,3,1,2,2,1,1,1,2,2,3,2,1,3,2,2,3,3,1,3,2,2,2,2,2,2,1,4,1,2,3,3,1,3,3,1,1,2,2,1,2,4,7,2,3,1,2,1,2,3,4,4,4,2,1,4,4,3,1,2,2,3,2,2,1,1,2,1,3,1,3,2,3,4,3,1,2,2,2,1,2,2,2,2,2,2,1,2,2,2,2,3,1,2,2,2,3,4,3,2,2,2,2,2,3,1,2,2,2,2,3,2,2,3,1,3,2,2,4,1,2,1,2,1,2,2,3,2,1,1,3,1,1,1,2,3,2,3,3,2,2,3,4,3,2,3,3,2,1,2,1,1,2,2,2,1,3,1,2,3,2,2,1,2,1,1,2,1,2,3,4,1,2,2,1,2,3,5,1,3,1,2,2,3,3,2,2,1,3,1,2,1,2,1,2,2,2,1,1,1,2,5,5,2,2,2,2,1,1,1,1,3,3,3,3,2,2,4,4,2,3,1,1,1,1,1,2,5,3,3,3,1,2,2,2,2,2,2,1,3,1,3,1,1,1,2,3,1,3,2,2,2,1,2,3,2,3,1,2,2,2,2,1,2,3,2,3,2,1,1,3,2,1,1,1,3,3,3,3,2,2,3,3,1,3,3,1,3,2,2,2,3,3,1,3,5,2,1,4,1,2,1,1,2,1,1,1,2,1,2,2,1,1,2,1,2,2,1,1,4,2,5,2,4,1,4,1,1,3,3,2,1,1,5,5,1,1,5,5,1,1,2,1,2,2,2,2,3,3,3,3,2,2,2,2,1,1,2,3,3,3,2,1,3,3,2,2,3,3,3,3,3,3,3,1,2,2,2,2,3,1,3,1,4,4,1,2,1,1,3,1,2,2,2,1,3,2,1,3,4,2,2,2,3,3,2,3,1,2
CluIDFG21G_1593,2,2,1,2,4,1,3,1,1,2,1,3,3,1,4,3,1,2,2,1,1,3,2,1,2,1,2,2,1,4,2,3,3,1,1,3,4,2,3,2,3,3,1,3,1,1,1,3,1,1,2,4,2,2,1,2,1,2,1,2,3,2,5,5,3,3,1,1,3,1,2,2,3,3,3,3,1,3,1,3,3,3,1,2,2,2,4,4,1,1,2,2,3,2,3,1,4,2,2,1,1,1,2,1,3,1,2,2,2,2,3,3,2,2,1,1,2,1,3,4,1,1,2,2,2,1,1,1,4,2,2,2,2,3,1,1,3,1,2,2,2,2,1,1,3,1,1,1,1,2,2,2,3,1,2,4,1,1,2,2,2,2,2,2,2,3,1,3,3,1,2,1,3,2,3,3,2,2,1,4,2,1,1,3,1,3,1,1,1,2,1,1,6,4,3,2,1,1,1,1,4,2,4,3,3,2,1,4,1,1,4,1,1,1,1,2,2,2,3,2,1,3,1,4,1,3,2,2,1,1,1,3,1,1,1,1,1,1,1,1,2,2,3,3,3,3,2,3,3,1,2,2,1,2,2,2,1,1,1,2,1,1,2,1,3,1,3,3,2,4,1,2,1,2,1,1,3,2,2,2,3,1,3,3,1,2,3,2,2,4,1,1,1,1,2,2,2,3,2,1,2,2,1,1,2,1,3,3,1,2,3,1,1,1,1,1,1,1,2,2,3,3,2,2,2,1,3,3,2,3,3,2,1,4,2,1,2,2,1,2,1,1,1,1,3,1,3,3,1,1,1,3,4,1,1,1,2,2,2,2,3,1,1,2,1,1,3,1,2,2,3,2,1,2,1,3,3,2,5,5,3,3,1,1,1,1,2,1,1,1,1,1,1,1,1,1,3,3,1,3,1,1,2,1,2,2,3,3,2,2,2,2,2,1,3,2,2,3,3,3,4,4,2,1,3,3,1,3,3,1,2,2,4,4,1,1,3,2,3,3,2,2,3,3,3,1,3,3,4,2,1,5,1,1,3,3,2,1,1,1,2,1,2,2,3,1,2,2,2,2,3,2,2,5,4,4,3,2,3,1,2,1,1,1,3,1,1,1,5,3,2,1,1,1,2,2,2,2,3,2,1,4,1,2,2,3,1,2,2,2,3,1,2,1,1,3,3,2,4,3,3,3,3,2,1,1,2,4,2,2,3,1,2,2,1,3,2,1,2,1,4,3,2,1,3,1,3,3,2,2,3,1,1,3,2,3,2,2,1,2
CluIDFG21G_1595,2,1,1,3,4,1,2,1,2,1,1,1,3,3,4,3,1,1,3,2,1,2,2,2,2,2,4,1,4,2,1,2,2,2,3,2,1,4,1,3,1,3,3,3,1,1,2,3,2,2,3,2,2,2,3,2,1,1,1,1,2,2,2,5,1,2,2,3,3,2,3,3,2,2,4,3,3,1,1,3,3,1,1,1,2,3,5,3,3,2,2,1,3,1,1,2,2,3,1,2,2,1,2,3,1,1,1,1,4,4,3,1,2,2,1,2,3,2,3,4,1,1,3,2,1,2,3,3,2,2,2,4,2,1,1,1,1,4,1,2,1,1,2,2,2,2,5,5,1,1,2,2,3,2,1,4,1,1,2,2,2,2,2,2,2,2,2,2,3,3,3,1,2,2,3,2,2,2,1,1,2,2,1,1,1,3,2,1,2,1,1,1,4,6,2,3,1,1,1,1,2,1,1,1,2,1,4,2,2,1,4,2,1,1,2,1,1,1,1,2,2,3,2,2,4,4,1,2,2,2,3,2,1,1,3,1,1,2,2,2,2,2,2,2,1,2,3,3,2,1,3,3,2,1,2,3,1,2,2,1,4,3,3,2,1,3,2,2,1,4,1,1,1,1,1,2,2,2,1,1,3,3,3,2,1,2,3,2,3,4,1,2,3,1,3,3,3,2,1,1,2,1,2,2,2,3,1,1,2,2,2,1,2,1,2,1,2,2,2,1,4,3,2,2,2,1,3,3,3,2,3,3,1,5,5,5,2,2,2,1,1,1,2,2,1,3,3,3,2,1,3,3,2,2,1,1,1,2,2,2,1,1,2,2,1,3,3,2,3,2,3,3,2,1,3,1,2,1,5,5,2,2,2,2,2,2,2,2,1,1,1,2,1,2,2,2,2,3,1,1,2,1,3,1,2,2,3,3,2,2,2,2,1,2,3,4,2,3,3,2,4,1,1,2,3,3,4,3,2,3,1,2,3,4,2,1,2,1,1,3,2,2,3,3,3,2,3,5,2,2,2,1,1,3,2,1,1,1,2,2,1,2,1,2,3,3,2,1,1,2,3,3,4,5,4,4,2,2,3,3,1,1,2,2,3,2,1,1,2,3,2,2,1,2,2,2,1,2,2,3,4,4,2,1,3,1,2,1,2,2,1,1,1,2,2,3,1,1,3,3,2,3,3,1,1,1,3,2,2,2,3,3,3,1,5,2,2,1,2,1,3,1,2,2,2,3,2,2,2,3,3,4,1,3,3,2,3,1,1,2
CluIDFG21G_1603,1,2,1,2,4,4,2,2,1,2,1,1,3,3,3,3,2,1,2,2,1,1,1,2,2,1,4,2,4,1,2,3,1,2,2,2,2,3,2,2,3,2,3,1,3,1,3,3,2,1,2,3,1,2,1,1,2,1,2,1,2,3,2,5,2,2,1,3,3,3,2,2,3,2,3,4,1,3,1,1,1,3,2,1,2,2,3,2,1,3,2,1,2,3,3,2,3,4,2,1,2,1,3,2,1,3,2,1,3,4,1,1,2,1,2,1,3,2,4,3,1,3,3,3,2,1,3,2,2,4,2,1,3,1,1,1,4,4,2,1,1,2,2,1,2,3,3,3,2,2,2,1,3,3,2,2,3,2,1,1,3,3,1,1,1,2,1,2,3,1,1,2,2,3,2,3,2,1,1,2,2,1,1,3,2,3,2,2,2,1,1,1,7,7,1,3,1,1,1,2,1,1,2,1,1,2,2,4,2,1,1,2,1,1,1,1,2,1,3,1,1,3,1,3,3,3,2,1,1,1,2,3,1,1,1,1,1,1,1,1,2,2,3,3,1,1,1,3,2,4,2,3,2,2,1,2,1,1,2,2,2,3,1,1,1,3,2,2,1,2,1,2,1,1,1,2,2,3,1,2,2,3,3,3,1,1,2,2,4,4,1,1,4,4,1,3,1,3,1,2,2,1,2,2,3,3,3,1,2,3,2,2,3,2,2,1,2,1,2,2,3,3,2,2,2,1,3,3,3,3,2,2,4,2,5,2,2,3,2,2,1,1,1,2,3,2,3,3,1,2,2,3,4,2,2,1,2,2,1,2,3,1,2,2,1,2,2,2,1,3,2,3,2,1,2,1,3,3,3,1,3,1,2,1,2,1,1,1,2,1,3,2,1,1,2,2,1,2,3,1,2,1,1,1,2,2,2,1,2,2,2,1,2,1,2,2,1,2,3,1,4,3,1,2,1,3,2,4,1,1,2,1,4,3,3,1,1,3,3,3,2,3,2,3,1,2,3,2,2,2,4,4,3,3,1,3,2,1,2,1,1,1,2,1,1,1,1,2,2,2,3,2,1,4,3,5,4,3,3,3,1,3,2,1,5,2,1,2,4,5,2,2,2,1,1,2,2,2,2,2,3,4,1,4,1,3,2,1,2,1,1,4,2,2,1,3,1,2,3,3,3,2,3,2,2,2,3,4,3,2,1,1,2,2,1,1,2,2,2,2,1,1,2,4,1,2,2,2,2,3,1,3,2,2,3,3,2,3,2,1
CluIDFG21G_1604,2,1,1,2,4,4,1,1,2,2,1,1,3,1,2,3,1,2,2,2,3,3,1,1,1,1,2,4,4,1,2,1,3,2,1,3,2,1,1,1,4,2,1,2,1,3,2,2,1,1,1,3,2,2,3,3,2,2,1,1,2,2,1,1,2,1,3,1,2,3,2,2,2,1,3,4,1,2,1,3,1,3,2,1,1,3,2,5,1,3,2,2,1,2,3,3,3,3,2,1,2,1,2,1,1,1,2,2,4,3,3,1,1,2,2,1,3,1,3,3,1,3,2,3,2,2,3,2,4,2,2,2,2,3,1,2,1,3,2,1,2,2,1,1,3,1,1,1,1,1,2,2,1,3,1,4,1,1,2,2,2,2,2,2,2,2,3,1,3,1,2,1,3,2,2,2,2,1,1,4,1,1,3,2,1,1,1,1,1,2,2,1,7,4,3,2,1,1,1,1,1,1,1,1,2,2,2,2,1,1,4,4,3,3,1,1,2,1,2,3,3,3,2,4,4,2,2,2,2,2,1,2,1,1,1,1,1,1,2,2,3,2,2,2,1,3,2,2,2,4,1,2,2,1,3,3,2,1,1,1,2,1,2,1,3,3,3,2,4,1,2,3,1,3,1,1,2,3,1,1,3,3,3,3,1,1,3,2,4,4,1,2,1,3,3,3,2,2,2,1,1,1,2,2,3,2,1,3,2,2,2,1,1,1,1,1,2,1,2,2,4,3,1,1,1,2,3,2,1,5,1,3,2,3,5,3,3,2,2,2,2,1,3,2,3,3,3,2,1,1,3,1,5,5,2,1,2,2,1,2,3,1,2,2,2,3,2,2,2,4,2,2,1,2,1,1,1,3,4,5,3,3,1,1,1,1,1,1,2,1,3,1,3,2,2,2,3,1,1,1,1,1,1,1,2,3,2,3,2,2,2,2,3,2,3,2,3,2,3,3,1,4,2,1,3,3,4,1,1,1,1,2,2,2,1,1,3,3,3,3,2,2,3,3,3,1,3,3,2,4,4,2,3,1,1,1,3,1,1,2,1,1,1,2,1,1,1,1,2,1,3,3,5,2,4,4,2,1,3,3,3,1,1,1,3,2,1,1,4,5,2,2,3,1,2,2,2,2,4,4,4,1,1,4,2,3,1,1,2,2,1,3,1,2,3,3,1,3,2,2,3,1,3,1,2,1,3,2,1,3,3,3,3,1,5,1,3,2,1,2,1,3,4,2,2,2,3,3,3,1,2,1,2,2,3,3,1,2,2,1
CluIDFG21G_1606,2,2,1,2,4,1,1,3,1,2,3,3,3,3,4,4,1,1,2,2,3,3,1,1,1,1,4,4,4,4,2,3,2,2,3,2,3,4,1,3,2,4,3,1,1,3,3,2,1,2,2,4,2,2,3,1,1,2,1,1,2,2,1,5,2,1,3,3,2,3,3,2,1,2,3,3,2,3,1,3,3,3,2,2,2,2,3,4,3,1,2,1,3,3,2,2,2,3,2,1,1,2,2,3,1,3,2,1,4,1,3,3,2,2,1,1,2,3,4,3,3,3,2,3,2,2,2,3,2,2,1,2,1,2,2,1,4,1,1,1,2,1,2,1,1,2,5,5,4,1,2,2,3,1,2,1,1,3,1,2,3,3,1,2,2,1,3,2,3,1,3,1,3,2,3,3,2,1,1,1,2,2,1,3,3,3,1,2,2,2,2,1,6,4,3,2,1,1,2,1,2,2,4,1,1,1,4,2,2,1,1,4,1,2,1,1,1,2,4,3,3,3,2,2,3,3,1,1,2,2,3,3,1,1,2,2,2,1,1,2,2,2,2,3,2,2,2,2,3,4,1,3,1,1,2,3,2,1,2,2,3,2,3,1,1,1,2,2,2,2,2,1,1,1,1,1,2,2,2,2,3,3,3,3,2,2,3,2,2,2,1,1,4,3,1,1,2,3,1,2,1,2,2,2,2,3,3,1,2,2,2,2,1,1,1,1,1,2,2,2,3,2,1,1,2,2,3,1,3,3,3,3,1,1,2,5,2,2,2,2,2,2,2,2,2,2,2,2,1,1,1,3,2,2,1,1,2,1,1,1,3,3,2,2,1,2,2,3,3,2,3,1,2,2,3,1,2,2,3,5,1,3,1,2,1,2,2,1,1,1,1,1,1,2,1,2,3,1,1,1,1,2,1,3,2,3,2,2,2,2,1,2,3,1,2,2,2,2,1,3,4,4,2,2,1,3,3,3,1,2,2,2,3,4,2,1,3,2,3,3,2,2,3,3,3,1,3,3,2,2,2,1,1,1,3,1,1,1,1,2,2,1,3,3,1,1,2,2,2,2,2,2,5,2,4,5,1,3,3,3,1,2,2,1,5,1,1,2,4,2,2,2,1,2,1,2,1,2,2,2,4,1,2,4,2,2,1,2,2,2,1,1,1,2,1,3,1,1,2,3,3,3,1,1,2,1,1,3,2,3,3,3,1,2,1,3,3,2,2,1,3,1,2,1,3,2,3,2,3,3,3,1,1,2,3,3,1,2,2,2
CluIDFG21G_1607,2,1,2,2,4,1,2,1,1,2,1,3,1,4,4,3,2,1,1,1,3,2,1,2,1,1,4,4,2,1,2,2,3,2,1,3,1,1,2,1,3,3,1,1,3,1,1,3,2,2,3,2,2,2,3,1,2,1,1,1,2,2,4,4,2,2,3,2,2,2,2,1,3,3,3,2,3,1,3,1,1,3,2,2,1,2,2,3,2,1,2,1,3,3,3,1,4,4,1,1,3,2,1,1,3,3,2,2,4,4,1,1,2,2,2,1,2,1,4,1,3,3,2,2,2,3,3,3,4,2,1,3,1,3,2,1,2,3,2,2,1,1,2,1,2,1,1,5,2,2,1,1,1,2,1,2,1,3,2,2,1,2,1,3,1,3,1,2,3,1,1,1,2,3,2,3,2,2,2,1,2,3,2,2,3,1,2,2,2,2,2,2,2,7,1,3,1,2,2,1,3,4,4,4,2,1,4,4,3,1,2,2,2,2,2,2,1,1,1,1,3,3,2,2,4,4,2,1,1,2,2,2,1,1,1,3,1,1,2,2,1,2,1,1,2,3,3,2,3,1,3,2,1,1,2,3,2,1,2,2,2,2,1,3,3,1,3,2,4,4,1,2,1,1,1,2,2,2,1,1,2,2,2,3,1,2,1,3,1,3,1,1,1,2,3,3,2,2,1,3,2,2,2,2,2,2,3,3,2,2,1,2,3,2,2,1,1,2,1,1,2,3,2,1,2,1,3,3,2,4,3,3,2,5,1,2,3,2,2,2,1,2,1,2,2,2,2,2,2,1,3,1,4,5,1,2,2,1,2,1,1,1,3,3,3,3,3,3,3,3,3,1,1,2,4,2,2,1,4,5,1,1,2,2,1,2,1,2,2,1,1,2,1,3,1,1,3,3,1,1,1,1,1,3,3,2,1,2,2,2,2,2,2,1,2,3,2,1,3,3,4,1,3,3,3,3,3,4,2,2,2,1,2,2,1,2,3,3,1,2,2,2,3,3,2,1,5,3,4,1,2,4,1,1,1,1,1,1,2,2,2,2,1,2,2,3,2,1,2,2,2,3,2,5,4,5,1,3,3,1,3,2,1,2,5,1,2,2,2,5,2,3,2,4,2,1,1,2,4,4,4,3,1,2,2,3,1,1,2,1,3,3,1,2,3,1,3,1,2,2,1,1,2,2,1,1,4,4,2,3,3,3,3,1,2,4,2,3,2,3,4,1,4,1,3,3,3,2,2,3,3,4,1,1,3,3,2,1,2,2
CluIDFG21G_1608,2,2,2,2,1,4,1,1,2,1,1,1,3,3,2,3,2,3,5,1,3,3,1,1,1,2,4,2,1,3,2,2,2,2,2,2,1,3,1,1,2,3,2,1,3,3,2,2,2,2,4,3,2,2,1,1,2,2,2,2,2,1,4,5,4,2,1,1,2,1,2,2,3,3,3,3,3,3,1,2,3,1,2,2,2,1,3,1,2,1,2,1,3,1,2,1,3,4,1,1,2,1,3,3,1,1,1,2,4,1,3,3,1,2,2,1,2,2,1,1,2,2,3,3,3,3,1,2,4,2,2,2,3,1,1,2,3,4,2,2,2,2,2,1,2,3,3,3,1,3,1,1,2,1,2,4,2,3,2,1,3,3,2,2,2,3,3,2,1,1,1,1,3,3,1,3,1,1,4,1,3,2,1,2,1,2,1,1,2,2,1,1,7,3,2,1,2,1,1,1,2,2,3,3,3,3,1,1,1,1,4,1,1,1,2,1,1,2,3,1,2,2,2,3,3,2,1,1,1,1,3,2,2,2,3,2,1,1,1,2,3,2,3,2,1,1,3,3,1,1,3,3,1,1,3,2,1,1,2,2,1,4,1,2,2,3,2,3,2,4,2,1,3,1,2,1,3,3,1,2,3,2,3,3,2,2,3,3,3,3,2,2,4,4,1,3,2,2,2,2,1,2,1,1,2,2,3,1,1,3,1,2,3,2,1,2,1,2,1,2,3,4,2,1,2,2,3,3,3,1,3,2,2,2,5,5,2,2,2,1,2,1,1,1,2,2,1,1,1,1,1,1,4,5,2,1,2,1,1,2,3,2,2,2,3,2,2,3,3,4,2,1,2,1,2,3,3,1,2,3,3,3,1,1,2,1,2,2,2,1,2,3,1,1,2,2,1,3,1,1,2,1,2,1,3,3,1,2,2,2,2,2,1,2,2,2,3,1,3,3,4,1,1,1,1,3,3,4,1,3,2,1,2,4,2,1,3,3,3,3,2,2,3,1,2,2,2,3,2,4,1,1,1,2,3,1,2,1,1,1,2,1,1,2,1,1,1,2,1,2,3,2,2,4,5,5,3,2,3,1,2,3,1,2,1,2,1,1,2,2,3,1,1,1,2,2,1,1,4,4,4,4,2,2,2,2,2,2,3,2,1,1,2,2,3,2,2,2,1,1,2,3,3,2,2,1,2,2,2,3,3,3,2,2,3,3,2,1,3,3,1,4,4,4,1,1,3,1,1,3,1,1,1,2,2,3,3,2,1,1
CluIDFG21G_1609,1,2,3,2,4,1,3,1,1,1,1,1,1,4,4,2,2,2,2,1,3,3,1,1,2,1,2,2,1,3,3,2,2,1,3,2,1,2,3,2,2,3,1,1,1,1,1,1,2,2,1,3,2,2,1,1,2,2,2,1,2,2,4,5,3,4,1,3,2,2,1,1,3,3,3,3,2,3,3,1,1,2,2,1,2,1,3,3,3,3,2,2,3,3,1,1,4,2,2,1,2,2,2,1,3,1,1,1,4,4,1,2,1,1,2,1,3,2,3,4,3,1,3,1,2,1,2,2,2,4,3,2,3,1,2,2,1,3,2,2,1,2,2,2,3,2,1,1,1,1,1,1,1,1,2,2,1,3,2,2,2,3,1,1,1,3,1,2,3,1,1,2,3,3,3,3,2,1,4,4,3,2,1,2,3,3,1,2,2,2,1,1,4,7,2,2,1,1,1,2,3,4,4,4,1,2,4,4,3,3,2,2,1,3,2,1,1,2,2,3,3,3,4,1,2,3,1,2,2,1,2,3,1,2,2,2,1,1,2,2,3,2,2,2,3,2,3,2,4,3,2,3,2,1,3,2,2,1,2,1,2,2,1,2,3,2,2,2,4,5,3,1,1,1,2,1,2,3,2,1,3,2,3,3,2,2,3,2,3,2,2,1,3,1,1,3,2,1,2,1,2,1,2,2,2,3,1,1,2,2,2,2,2,2,2,2,1,1,1,2,3,1,2,2,2,2,3,2,5,5,1,3,4,1,2,2,1,3,1,2,2,2,1,1,2,2,1,2,1,1,1,3,5,2,2,1,2,1,2,1,2,2,1,2,1,3,2,3,4,4,3,1,2,2,3,3,1,3,1,4,1,3,1,2,2,1,1,1,2,2,2,3,1,1,2,1,3,3,1,1,1,1,1,1,3,3,3,2,2,2,2,1,1,2,2,3,2,2,2,1,1,3,1,2,3,3,1,4,3,3,1,2,2,2,1,1,3,3,3,2,3,2,2,3,3,3,3,1,3,2,2,2,1,1,1,3,2,1,2,2,2,2,2,3,1,1,2,2,1,1,4,2,2,2,4,4,3,2,2,3,1,1,1,2,5,1,2,1,3,5,1,2,1,2,2,2,2,2,4,4,3,2,2,2,1,1,1,2,2,2,4,1,2,1,2,3,1,2,3,3,3,3,1,3,1,1,2,1,3,3,3,3,1,3,4,4,2,2,3,3,4,3,4,1,1,1,1,2,2,3,4,1,1,3,2,3,2,2,1,1
CluIDFG21G_1614,1,1,1,2,1,1,3,3,2,2,1,3,3,3,3,4,1,2,1,2,2,3,1,2,1,1,4,4,2,4,2,2,2,2,1,1,3,1,1,1,3,2,3,1,1,3,3,3,2,2,2,2,1,2,1,2,1,2,1,2,2,1,4,5,3,3,1,4,3,2,1,2,3,2,4,3,1,3,1,2,3,3,1,2,3,2,4,4,1,3,2,2,1,1,1,1,4,3,1,1,3,2,2,2,3,3,2,2,4,1,3,2,2,2,1,1,3,2,3,1,1,2,2,3,2,2,1,1,1,1,3,3,1,2,2,2,3,4,2,2,1,1,2,2,2,1,5,3,1,3,2,2,1,1,3,4,1,1,1,2,1,2,2,2,2,2,3,2,3,3,1,1,3,2,2,2,1,1,4,2,1,2,1,2,1,1,1,1,1,2,2,1,4,6,2,1,1,1,1,1,2,2,2,2,1,2,2,4,1,3,4,2,3,2,1,1,1,2,3,3,3,1,4,4,3,2,2,2,1,2,2,3,1,1,2,1,1,1,1,1,3,3,3,3,3,1,3,3,1,3,1,3,2,1,2,2,1,1,2,2,2,2,1,3,1,3,3,2,5,4,2,2,1,3,1,2,2,3,1,1,3,2,2,3,2,2,2,2,3,3,1,2,1,1,3,1,3,2,3,1,1,1,1,1,2,2,3,3,2,1,2,2,1,2,1,2,1,2,2,1,1,3,2,2,1,2,3,3,3,5,1,1,2,4,1,1,2,2,2,1,1,2,1,1,1,2,2,3,2,2,3,3,4,2,1,1,2,2,2,2,2,1,1,2,3,1,3,3,4,4,3,3,2,1,1,1,1,3,5,5,1,1,2,2,2,1,1,1,1,2,2,3,3,1,1,2,3,2,1,1,1,2,3,2,2,2,3,2,1,1,1,2,2,1,2,4,2,3,3,1,3,4,3,2,3,1,4,2,3,3,2,2,3,3,3,1,3,1,3,3,2,2,2,3,2,2,3,3,4,1,2,5,1,2,1,3,1,2,1,1,2,2,2,2,3,1,1,2,1,1,2,3,2,5,4,1,2,2,2,3,1,1,2,1,1,5,2,1,2,2,3,2,4,1,2,2,1,1,4,4,1,4,3,2,2,3,1,2,2,3,1,1,1,2,1,3,3,2,3,1,3,2,1,2,1,3,4,2,2,3,3,3,2,2,1,4,1,1,2,2,1,1,4,4,1,3,1,3,3,3,1,1,2,1,3,2,2,2,1,2
CluIDFG21G_1620,1,1,2,2,4,4,1,1,1,2,1,1,3,3,4,4,1,2,2,2,3,3,1,2,2,2,1,1,3,2,2,3,2,2,2,2,3,3,3,1,3,1,2,3,1,3,2,2,1,1,3,3,1,2,1,3,2,2,1,2,1,2,1,4,3,3,1,3,2,2,3,3,3,2,4,3,1,1,1,1,2,3,2,2,2,1,1,3,1,1,2,1,3,1,2,2,3,3,2,1,3,3,1,2,3,1,2,2,3,2,2,3,2,2,2,1,3,3,3,3,1,1,2,2,3,2,3,1,2,4,3,1,2,3,1,1,2,4,2,2,1,2,2,2,2,2,3,3,3,2,2,1,3,3,1,1,2,2,1,1,1,2,1,1,3,1,3,1,4,1,2,2,3,3,3,3,1,2,2,1,2,2,1,1,1,1,1,2,2,2,1,1,4,3,2,1,1,1,1,2,4,3,2,2,3,1,1,4,2,1,2,2,1,2,2,1,1,1,1,1,1,2,3,4,1,1,1,2,1,1,2,2,1,2,3,2,1,2,2,1,3,3,2,3,1,1,2,3,4,4,2,1,1,1,2,2,1,1,2,1,3,1,1,2,3,3,3,2,2,2,1,1,3,1,2,2,3,3,2,2,1,2,1,2,2,1,3,2,3,2,2,2,1,1,2,3,2,3,1,2,2,1,2,1,2,2,1,3,3,1,1,1,1,3,2,2,2,3,2,1,3,3,1,1,2,2,3,3,2,1,2,3,1,4,2,4,2,2,1,1,1,1,1,2,2,1,1,3,1,1,1,3,1,2,2,2,1,2,1,2,3,2,2,2,1,3,3,3,4,4,3,1,2,2,3,2,3,3,2,3,3,3,1,1,2,1,1,2,1,1,1,1,3,3,2,2,3,2,3,1,2,2,1,1,1,2,2,3,2,2,1,1,2,1,2,2,3,3,3,3,4,3,2,3,1,3,4,3,1,3,2,1,2,2,1,2,3,1,3,1,2,2,2,3,2,2,2,2,2,4,2,4,2,3,1,1,1,1,1,2,2,2,2,2,2,2,1,1,2,1,3,3,4,4,2,2,3,4,2,3,1,1,1,2,1,2,1,1,5,3,2,2,2,2,1,2,2,2,1,4,3,4,1,3,1,2,1,1,2,3,3,3,1,1,3,3,3,2,2,1,2,2,3,3,3,1,2,2,3,1,3,1,2,2,4,3,2,1,2,3,1,4,4,4,2,2,3,3,1,2,1,1,1,3,3,3,1,1,2,1
CluIDFG21G_1621,2,2,1,1,1,4,1,2,1,2,1,1,4,3,3,4,2,1,2,3,1,1,1,2,2,3,4,4,1,4,2,3,1,2,3,2,3,3,3,1,4,3,3,3,3,1,2,2,2,1,4,3,2,2,2,2,2,1,1,1,1,1,3,5,1,1,3,2,2,2,2,3,1,2,3,3,3,3,1,3,3,3,1,2,2,2,3,5,2,3,2,1,1,3,2,1,3,3,1,2,1,2,2,3,3,1,1,2,1,4,3,3,2,1,2,1,2,2,4,1,1,1,3,3,2,1,3,3,2,4,1,1,1,1,2,2,4,4,3,1,1,2,1,2,3,2,5,1,1,1,2,2,1,2,4,2,2,1,1,2,2,2,1,2,2,2,2,1,2,1,1,2,3,2,2,2,2,2,2,1,3,3,3,3,2,1,2,2,1,2,2,1,7,4,3,3,1,2,2,1,4,3,4,2,2,3,2,4,1,2,2,2,1,1,2,2,1,2,2,3,3,2,2,2,4,3,1,1,2,1,3,3,1,2,3,2,1,2,2,2,2,2,2,3,2,2,2,3,1,2,3,3,1,2,3,3,2,1,2,2,2,3,1,2,1,3,2,3,2,4,1,2,1,1,2,1,2,1,1,2,2,3,2,2,1,1,3,3,3,1,2,1,2,4,3,3,2,2,1,3,1,1,2,1,2,2,1,3,2,2,1,2,1,1,1,1,2,1,2,2,4,2,1,1,2,2,1,3,2,2,3,3,3,2,2,5,2,2,2,1,1,1,2,1,3,1,3,3,2,2,1,3,5,4,1,2,1,2,1,2,1,3,2,2,1,2,3,2,4,4,3,3,1,2,3,2,1,2,4,5,1,2,2,2,2,2,2,2,1,1,1,2,3,1,1,2,2,3,1,1,2,2,2,2,3,3,3,3,2,2,1,1,3,1,3,2,2,3,3,3,4,4,2,2,3,3,3,3,2,1,2,2,3,4,1,2,3,3,3,3,2,2,3,3,2,3,5,2,1,2,2,2,3,1,3,2,1,1,2,1,2,1,1,3,3,3,1,2,1,2,3,3,4,2,3,4,2,2,3,2,2,1,2,1,5,1,1,2,5,3,2,2,1,2,1,2,1,2,2,1,4,4,1,2,2,3,1,2,2,1,1,3,1,1,2,3,3,3,2,2,3,3,3,3,1,1,4,4,2,2,3,3,2,1,1,1,2,2,1,1,1,1,2,2,3,2,3,3,3,1,4,4,2,3,3,3,1,2,2,1
CluIDFG21G_1626,1,2,2,1,1,4,3,1,2,1,2,1,1,2,2,4,2,2,2,1,3,2,2,2,2,2,2,4,1,1,3,2,3,2,3,2,2,1,2,1,2,3,3,3,1,3,2,2,2,1,3,3,2,2,3,1,2,2,1,2,2,3,4,1,3,3,1,1,3,3,3,2,2,3,3,4,2,3,1,1,3,1,2,2,2,2,4,2,1,2,2,2,3,1,2,1,2,3,1,1,3,3,2,2,3,3,1,2,2,4,3,3,2,3,2,2,2,3,4,3,1,1,2,2,2,2,3,2,2,2,1,1,3,1,2,1,1,3,2,2,1,2,2,1,2,3,3,3,1,1,2,2,3,2,1,2,2,1,1,2,3,2,1,1,1,3,3,3,3,3,2,1,3,3,3,2,2,2,2,1,2,3,3,1,3,3,2,1,2,1,1,2,4,6,3,2,1,1,2,2,2,2,3,2,1,3,1,2,1,1,3,4,3,1,2,2,1,1,2,3,3,3,4,3,1,1,2,2,1,1,2,2,2,1,1,1,1,1,1,2,3,2,3,2,1,1,3,2,3,2,3,3,1,2,2,2,1,1,2,2,4,4,2,2,1,2,3,1,4,4,1,1,1,3,2,2,3,3,2,2,2,3,1,2,1,2,2,2,3,3,2,1,3,3,3,1,1,3,3,3,1,1,1,2,2,2,1,1,2,2,1,1,1,1,2,2,1,2,2,1,4,4,2,1,1,2,3,3,1,3,3,3,1,1,2,2,2,2,1,1,1,1,3,3,1,1,2,2,1,1,3,1,4,5,1,2,2,2,1,2,3,3,2,2,3,3,3,3,4,4,2,3,1,1,1,1,1,2,5,3,3,1,1,2,1,1,2,2,2,1,1,2,1,3,1,1,3,3,1,3,1,1,1,3,2,1,3,3,2,2,2,1,2,3,1,2,2,2,1,2,1,1,3,3,1,1,1,3,1,3,2,1,2,2,2,1,3,1,2,1,2,3,2,2,1,3,3,3,1,3,2,4,1,1,1,3,1,1,2,2,2,2,2,2,1,1,1,2,1,1,2,3,2,2,4,2,2,4,3,3,1,1,2,1,1,1,1,1,5,2,2,3,2,1,2,2,2,1,4,4,4,4,2,2,2,2,1,1,2,2,1,1,2,2,3,3,3,1,2,2,3,3,3,3,2,1,2,2,2,3,3,3,2,1,4,2,1,2,3,3,4,4,2,2,2,2,2,2,3,2,1,3,2,3,2,1,2,1,1,1
CluIDFG21G_1632,2,2,3,1,1,4,2,3,2,2,2,2,3,1,4,3,2,3,1,2,3,3,1,1,2,2,2,2,1,1,3,2,2,2,2,2,1,1,1,3,1,2,3,3,1,1,2,1,2,1,3,3,2,2,2,3,1,1,1,1,3,2,1,4,2,2,2,2,2,2,2,2,3,2,3,4,3,1,1,3,3,2,2,1,2,2,4,5,2,2,2,1,3,1,1,3,1,3,1,3,1,2,1,3,1,1,2,2,4,4,1,2,2,1,1,1,2,2,2,1,2,1,3,2,3,3,3,2,4,1,3,3,3,3,1,2,2,4,2,3,1,1,2,2,2,2,1,3,2,2,1,2,3,3,2,2,1,3,2,2,3,2,2,2,3,3,1,3,3,1,2,1,3,3,3,3,2,1,1,1,2,2,2,1,2,2,2,1,1,2,1,1,7,1,2,2,1,1,2,2,2,2,1,3,2,1,4,2,2,1,4,4,2,2,2,1,1,1,2,1,3,3,3,4,2,3,2,2,1,2,2,1,1,2,2,2,2,2,2,1,2,2,3,3,2,2,3,2,3,4,1,1,1,2,3,2,2,2,2,1,1,1,1,1,3,3,2,2,4,4,1,1,3,2,2,2,2,1,2,2,3,3,2,3,2,1,2,3,3,3,2,2,4,1,3,3,2,3,2,2,2,1,1,1,2,2,3,3,1,3,2,3,3,1,1,2,3,2,1,2,3,2,2,1,1,1,1,1,3,3,3,3,1,2,3,2,1,2,2,2,2,2,2,1,2,2,2,3,2,1,1,3,5,1,1,1,2,1,2,1,1,1,3,3,3,3,3,3,2,2,3,2,1,2,3,3,1,2,4,3,3,3,1,1,2,1,1,1,2,2,2,2,2,3,1,1,2,3,1,1,2,1,3,2,2,3,3,2,2,2,2,1,1,2,1,2,2,1,3,3,4,3,3,2,1,1,3,4,3,3,2,2,2,3,1,1,1,3,2,3,3,3,3,3,3,3,3,4,4,4,1,2,1,1,2,2,1,1,1,1,2,2,2,1,2,2,1,2,2,2,2,3,2,5,1,3,3,3,3,1,1,2,1,1,5,1,2,2,5,4,1,2,1,3,2,2,2,1,2,4,2,2,4,4,2,1,2,2,1,2,1,1,2,2,3,3,3,3,2,2,1,3,2,3,1,1,1,4,3,2,1,3,1,1,4,3,2,2,1,1,1,2,4,1,1,1,1,3,2,2,3,4,3,1,3,1,2,2,1,1
CluIDFG21G_1638,1,2,3,2,4,1,2,1,2,2,1,3,2,1,3,4,3,2,3,1,3,2,2,2,2,1,4,4,2,1,2,3,2,2,2,1,2,1,1,3,1,2,3,1,1,1,1,2,1,2,1,4,2,2,1,1,1,1,1,2,1,3,4,1,3,3,1,1,2,3,2,2,3,2,4,4,2,3,1,3,1,2,2,2,3,1,1,2,1,3,2,2,3,1,3,2,4,3,2,1,1,1,2,2,3,3,2,2,4,4,2,3,2,2,1,2,2,1,3,1,1,1,2,2,2,1,1,1,1,2,3,2,3,2,2,2,1,3,1,2,2,1,2,2,3,2,3,5,2,2,1,2,1,3,1,2,1,1,2,1,3,1,2,2,1,2,3,2,3,1,3,2,3,3,3,3,1,2,4,1,3,2,1,2,3,1,1,2,1,2,1,1,4,7,2,2,1,2,1,1,3,2,4,1,1,1,4,4,3,3,2,2,2,2,1,2,2,1,2,2,3,3,2,1,3,3,2,1,2,1,2,3,1,2,2,1,2,1,1,1,3,2,2,2,2,1,3,3,3,4,1,2,1,1,3,3,2,1,2,2,3,2,2,3,1,2,1,2,4,1,1,2,3,1,1,2,2,2,1,2,2,3,3,2,1,1,3,3,2,4,2,1,5,4,1,3,2,2,1,2,1,1,2,1,2,2,3,3,1,2,1,2,3,1,1,1,1,2,1,2,3,3,1,2,2,2,1,2,2,3,3,3,1,1,1,2,2,2,2,1,2,2,1,2,1,2,3,3,2,2,3,3,1,2,1,1,2,2,2,2,1,1,3,3,1,3,1,2,2,3,3,3,1,2,5,3,3,2,4,4,3,3,2,1,2,1,2,2,1,2,3,3,1,1,2,2,3,3,3,1,2,2,2,2,3,1,3,3,1,2,2,1,1,1,2,2,3,2,3,2,1,3,3,3,1,1,1,3,1,2,2,2,4,2,1,1,3,3,2,2,3,2,3,1,1,2,2,3,4,4,1,2,1,2,1,1,1,1,1,2,2,2,2,2,2,2,1,1,1,1,3,3,2,5,2,4,4,2,2,2,1,3,1,2,1,1,1,1,5,4,2,3,2,1,1,2,1,2,3,4,4,4,2,2,2,2,2,1,2,2,1,1,2,2,2,2,1,1,2,3,1,3,2,3,1,1,2,4,2,3,3,1,2,1,4,3,1,2,2,2,1,4,2,2,2,3,3,3,1,1,1,1,3,2,2,2,2,2,1,2
CluIDFG21G_1639,1,1,1,3,4,1,3,3,2,1,1,2,3,4,4,3,1,1,1,1,3,3,1,1,2,2,2,1,1,1,3,3,2,2,1,2,4,3,3,3,3,3,3,3,1,1,3,2,2,1,2,3,2,2,2,1,2,2,2,1,1,1,4,3,2,3,1,1,3,3,2,3,2,3,3,3,1,2,3,3,3,3,2,2,2,2,2,3,1,3,2,2,2,2,3,1,3,2,1,2,2,2,2,2,3,2,1,1,2,1,3,3,2,1,2,1,3,2,4,3,1,3,3,3,1,2,2,3,4,2,1,1,1,1,2,2,2,4,2,1,1,2,2,2,2,3,1,1,2,1,1,2,3,1,2,2,1,2,1,1,1,2,2,2,2,2,1,2,3,1,1,2,3,3,3,3,1,2,1,1,3,1,3,2,3,1,2,1,2,2,1,1,6,3,3,2,1,1,1,2,2,2,1,2,3,2,2,1,1,1,1,2,1,3,2,2,2,1,3,2,3,3,2,3,3,3,2,2,1,1,3,2,1,2,1,2,3,1,2,1,2,2,1,3,3,2,3,3,1,1,3,3,2,2,3,3,2,2,2,1,3,1,1,2,1,3,3,2,5,1,3,2,1,3,1,2,3,3,2,2,3,3,3,3,1,2,2,2,4,3,1,2,3,1,1,2,1,2,1,2,2,1,2,1,1,2,1,1,2,2,1,2,1,2,1,2,3,2,2,2,4,4,1,1,2,1,3,3,2,2,2,2,3,3,5,5,1,3,2,2,2,2,2,2,1,2,3,3,2,2,3,1,2,1,2,1,1,1,1,1,3,1,2,2,2,2,2,2,3,2,3,3,1,2,2,3,1,1,3,4,1,3,1,2,1,2,1,2,1,2,1,2,1,3,1,1,1,2,1,1,1,1,1,2,3,1,1,3,2,2,2,2,2,1,3,2,2,2,2,1,4,1,2,3,3,3,3,3,3,1,2,2,3,4,2,1,3,3,3,3,2,2,3,3,3,2,2,3,2,2,1,5,3,2,1,3,1,1,1,1,2,2,2,3,1,1,1,1,1,1,3,3,5,2,2,4,3,2,3,1,2,1,2,1,1,1,1,1,4,5,2,1,1,4,2,2,2,2,1,2,4,4,1,2,2,3,2,1,2,2,1,1,2,2,2,3,1,2,1,3,2,3,3,3,3,1,2,2,1,2,1,3,2,2,3,1,1,2,1,1,2,2,2,1,1,1,2,1,1,2,2,2,2,2,1,2,2,3,1,1
CluIDFG21G_1643,1,2,2,3,4,4,2,1,2,2,2,3,1,1,4,4,2,2,3,1,2,2,2,2,1,1,4,4,2,1,3,3,2,2,2,2,1,1,1,2,1,1,3,3,1,3,2,2,2,1,4,1,2,2,1,1,2,1,1,2,2,3,5,5,3,3,1,1,3,1,2,1,3,3,4,3,2,3,3,3,2,3,2,2,2,2,5,2,2,2,2,2,3,3,2,3,3,4,1,1,1,2,3,2,1,2,2,1,1,2,3,3,1,2,1,1,3,2,4,1,1,3,3,3,2,2,2,3,2,2,2,2,3,3,2,2,2,3,2,2,1,2,1,2,3,2,3,5,2,2,1,1,3,1,2,2,1,2,2,1,2,3,1,3,1,2,3,2,3,3,3,1,2,3,3,3,2,2,2,2,2,3,2,1,1,1,2,2,1,2,1,2,4,4,2,3,1,1,2,1,2,2,4,3,3,1,1,2,1,1,1,1,1,1,1,2,1,2,2,3,3,3,4,2,1,3,2,1,2,2,2,3,2,1,2,1,1,2,2,1,2,3,3,3,1,2,3,3,2,2,3,3,1,1,3,2,2,1,2,2,2,2,3,1,1,3,2,2,4,4,2,2,1,1,1,2,2,3,2,1,2,3,3,3,2,2,2,3,2,3,1,2,4,4,3,1,3,2,3,1,1,1,1,2,2,3,3,3,2,2,1,1,1,2,1,1,2,2,2,1,4,2,2,2,2,2,3,3,2,3,2,3,4,4,4,3,1,2,1,1,2,2,2,1,2,1,2,3,1,1,1,3,2,1,1,1,2,1,2,1,3,1,2,2,3,1,3,2,2,3,3,3,2,2,5,2,3,1,4,4,3,3,1,1,1,1,1,2,1,1,1,1,3,2,1,1,3,3,1,1,2,1,2,3,3,3,3,3,1,2,1,1,1,3,2,2,2,2,2,3,1,4,2,2,3,3,4,3,3,1,2,2,3,4,1,1,3,3,3,3,2,3,2,3,2,3,4,2,1,3,1,2,1,1,1,2,1,1,2,2,2,2,1,2,2,3,2,1,2,2,3,3,4,2,4,2,1,3,1,3,1,1,2,1,1,1,2,1,3,4,2,3,1,1,2,2,2,2,4,2,3,4,1,4,3,2,1,1,3,2,3,1,2,1,3,2,1,1,3,4,1,3,2,3,1,3,4,2,2,2,2,1,1,3,3,2,2,2,2,1,3,1,2,2,2,1,3,3,2,3,3,1,3,1,2,2,1,1,2,2
CluIDFG21G_1646,1,1,1,3,4,4,2,2,1,2,2,1,3,3,4,4,1,2,2,1,3,3,1,1,2,1,2,4,1,4,2,3,2,2,1,1,4,1,2,3,1,2,2,3,1,3,2,2,2,2,3,3,2,2,3,3,1,2,2,1,3,2,5,4,3,2,2,1,3,2,1,2,3,3,2,3,1,2,3,1,3,3,2,2,2,2,3,5,1,1,2,1,3,3,1,1,4,3,1,2,1,2,1,2,3,3,2,2,2,4,1,2,1,2,2,1,1,2,3,4,3,3,3,1,2,1,2,1,2,1,3,2,2,3,2,1,1,4,3,1,2,2,1,1,2,1,3,5,2,3,2,1,1,1,1,4,1,1,2,1,3,2,2,1,2,1,1,3,1,3,2,1,3,3,3,3,2,1,1,1,2,3,1,2,2,1,2,1,1,1,2,1,4,4,3,2,1,1,1,1,2,4,3,4,1,1,3,2,1,2,2,4,1,2,1,1,1,2,1,1,3,3,2,3,3,4,2,2,2,2,3,2,1,1,2,2,2,1,1,1,2,2,3,1,2,2,2,3,4,1,1,3,1,1,3,2,2,1,2,1,1,1,1,1,3,3,3,3,4,4,3,3,1,1,1,2,2,2,2,2,2,2,3,3,1,1,3,3,4,4,1,1,1,3,3,3,3,2,1,2,1,2,2,2,2,3,3,3,2,2,2,1,1,1,2,2,2,2,1,1,2,2,1,2,1,2,3,3,3,1,3,3,1,1,2,2,1,3,2,2,2,1,1,2,2,2,2,3,1,1,1,1,5,5,1,2,1,2,2,1,1,3,2,1,1,1,3,1,1,2,1,1,2,2,5,3,1,2,3,3,3,3,1,1,2,2,2,2,2,1,2,2,1,1,1,2,3,3,1,1,2,1,2,2,3,2,3,3,2,1,2,1,1,2,2,2,2,2,3,3,4,3,3,2,1,3,4,4,3,2,2,2,2,3,3,1,3,1,2,3,2,2,3,3,1,3,3,1,3,2,2,5,1,1,1,2,1,1,1,2,1,1,1,2,1,1,2,1,1,2,2,3,4,2,2,5,3,3,1,3,1,2,1,2,1,1,1,2,5,2,2,3,4,2,1,2,1,1,4,4,3,1,4,1,2,2,1,1,2,2,1,1,2,2,2,2,3,2,1,4,3,2,3,3,3,1,1,2,2,2,3,3,2,1,3,2,1,2,1,1,3,1,2,4,2,2,2,2,3,1,3,1,2,1,3,2,3,2,2,1
CluIDFG21G_1649,1,1,1,1,4,4,1,1,2,1,2,1,3,1,4,4,2,2,3,2,2,2,2,3,1,2,4,2,1,4,2,2,1,2,1,2,4,2,2,1,3,1,1,1,1,1,3,1,1,2,2,3,2,2,1,3,1,1,1,2,3,2,1,1,3,3,1,1,2,3,3,3,2,3,3,3,2,3,1,1,2,1,1,1,2,3,5,5,3,3,2,2,2,3,3,1,4,3,3,1,2,2,2,1,2,1,1,2,4,2,3,3,1,2,1,1,2,2,1,1,2,1,2,3,2,2,3,1,4,1,2,3,2,3,1,1,4,1,2,2,1,1,1,1,3,2,2,1,2,1,1,1,2,3,2,4,3,2,2,2,1,1,2,2,2,2,3,1,1,1,2,1,2,3,2,1,2,1,2,1,2,3,2,3,1,2,1,1,1,2,2,1,4,4,3,2,1,1,1,1,1,4,2,1,2,1,2,2,1,1,4,4,3,1,2,1,2,2,3,2,2,3,4,3,1,1,1,1,1,1,1,2,1,2,1,1,2,1,2,1,3,2,1,1,3,1,3,3,4,1,3,2,1,1,3,3,1,2,2,2,3,1,3,2,1,1,2,2,4,4,2,2,1,3,1,2,2,1,2,1,3,3,2,2,2,2,3,1,3,3,2,1,3,3,3,3,2,1,3,2,1,2,2,2,3,2,3,1,2,3,1,3,1,2,2,2,2,2,2,1,3,3,1,1,1,2,2,3,5,1,1,3,3,2,3,5,3,3,2,2,1,2,3,2,3,3,3,2,2,1,1,1,5,5,2,2,1,2,1,1,3,3,2,3,1,2,3,2,2,4,2,1,1,2,5,2,3,2,5,1,1,1,2,2,2,2,2,1,1,1,3,2,2,2,2,2,1,3,1,3,1,2,1,1,2,1,2,1,2,2,2,1,3,2,2,2,2,2,3,1,4,4,3,2,3,1,4,1,1,1,2,2,2,4,3,3,1,1,3,3,3,3,1,1,1,3,3,3,2,4,2,2,2,1,2,1,1,2,1,1,2,2,1,2,2,1,1,2,2,2,2,2,2,2,3,4,3,3,3,1,2,2,1,2,2,5,1,1,4,5,2,2,3,1,2,2,2,2,4,2,4,2,2,1,2,3,2,1,2,2,1,1,2,2,3,1,3,2,2,3,1,1,3,3,1,2,2,2,2,1,1,1,2,1,3,1,2,1,1,1,3,3,1,1,2,3,3,2,3,2,4,2,3,1,3,2,2,1,2,2
CluIDFG21G_1655,1,1,1,1,4,2,1,2,2,2,1,1,3,3,4,4,2,2,3,1,3,2,1,2,1,1,4,4,4,1,2,2,2,2,2,1,3,3,3,3,4,2,1,3,3,3,1,2,2,1,1,3,1,1,3,3,2,2,2,1,2,1,3,5,2,3,1,3,2,3,2,3,3,3,3,4,1,1,3,3,3,2,2,2,2,1,3,2,1,1,1,2,1,3,1,3,2,3,2,1,2,1,2,1,1,3,2,2,5,2,3,3,1,3,1,1,1,1,4,3,2,2,3,3,2,3,3,1,4,1,3,3,1,1,1,2,2,1,2,2,2,2,2,1,2,3,3,3,2,2,3,1,1,1,2,4,1,1,2,2,3,3,2,1,3,2,2,2,3,3,1,1,3,3,2,2,1,2,1,1,2,2,1,3,3,2,2,2,1,1,1,1,7,7,2,3,1,2,2,1,2,3,2,1,1,3,1,2,1,1,4,1,1,1,2,2,1,1,3,3,1,3,3,2,4,1,1,2,1,2,2,3,1,1,3,1,2,1,2,2,3,2,3,3,3,2,2,2,3,4,1,2,2,2,2,3,1,1,2,1,3,1,2,3,1,1,3,2,2,2,2,1,2,2,2,2,3,2,2,2,2,3,2,3,2,2,3,2,3,2,2,1,4,1,3,3,3,3,3,2,1,2,2,2,1,1,1,1,2,3,3,2,1,1,2,1,2,3,2,1,3,4,1,1,1,1,3,2,2,2,1,3,2,3,5,4,2,3,2,2,1,1,2,1,3,3,2,3,1,1,1,2,5,5,2,1,2,1,1,2,3,1,3,2,1,1,3,1,4,4,2,3,2,2,3,5,2,2,3,4,1,1,2,2,1,1,1,2,2,2,2,1,2,1,2,2,3,3,1,3,1,2,2,1,3,1,3,2,1,2,1,1,2,1,3,2,1,2,3,3,3,4,3,2,1,3,2,2,3,2,2,1,2,2,1,2,3,3,2,3,2,3,2,2,2,1,2,1,2,4,2,2,3,3,2,2,1,2,2,2,2,1,2,1,1,1,1,1,1,1,3,3,2,5,4,2,2,4,3,3,1,1,2,1,1,1,2,1,5,5,2,3,1,1,2,2,2,2,3,4,2,3,2,2,2,2,2,1,2,2,3,1,2,2,3,2,2,1,2,3,3,3,2,2,1,1,2,2,2,2,3,1,3,1,4,4,1,2,2,3,3,1,2,2,2,3,2,3,2,2,3,3,3,3,2,3,3,3,2,2
CluIDFG21G_1656,2,2,3,2,4,4,1,1,2,1,2,3,3,3,3,4,2,1,3,2,3,3,1,1,1,2,2,4,1,1,2,3,2,2,1,2,3,4,1,3,3,3,3,3,3,1,2,2,2,1,2,3,2,2,2,1,1,2,2,1,3,3,5,4,2,3,2,2,2,2,2,2,3,3,3,3,1,2,3,1,3,3,1,2,1,3,4,2,3,2,2,2,1,2,2,1,3,4,1,1,2,1,1,2,1,3,1,1,4,4,2,1,1,1,2,2,1,1,4,4,3,3,3,2,3,2,3,2,4,2,3,2,1,3,2,1,1,1,2,2,1,2,1,1,2,2,5,1,1,2,2,1,2,3,1,1,1,1,2,2,2,2,1,2,1,2,1,2,1,1,2,1,3,3,1,3,2,2,4,1,1,2,1,2,3,3,2,2,1,2,1,1,7,2,2,2,1,1,1,1,1,2,1,2,3,2,2,2,1,1,4,2,2,3,1,2,2,1,2,3,3,3,2,3,1,3,2,2,1,1,2,1,2,2,3,3,1,1,1,2,3,2,2,1,3,1,3,3,2,4,2,3,2,1,2,3,1,2,2,1,1,2,1,1,3,3,2,2,1,4,1,2,1,2,2,2,3,3,2,2,3,2,1,2,1,2,2,3,3,3,1,2,1,1,3,2,3,2,3,3,2,1,1,1,3,2,1,1,2,2,1,1,2,3,2,1,2,3,1,2,1,3,2,2,1,2,3,3,1,4,3,3,2,5,3,2,2,2,2,1,2,1,1,1,3,3,3,1,1,2,1,1,5,5,2,2,1,1,2,2,3,1,2,2,1,1,3,2,4,4,3,2,2,2,1,3,3,2,3,5,3,1,2,1,2,1,2,2,2,2,3,2,1,2,2,2,3,3,1,3,2,1,1,1,3,1,2,3,1,2,2,1,1,1,2,2,1,3,3,3,3,3,2,2,1,3,4,3,1,2,2,1,4,2,3,2,1,3,3,3,2,2,3,3,2,2,2,5,3,3,2,1,1,1,2,1,1,2,1,2,1,2,1,1,1,1,2,2,1,2,2,2,2,2,5,4,4,1,2,2,1,1,1,2,1,3,2,1,5,4,2,2,1,2,2,2,1,2,4,3,3,4,2,2,1,3,1,1,2,2,1,3,1,1,3,2,3,2,2,2,3,3,2,3,1,1,2,4,3,2,3,3,1,3,2,4,2,1,3,3,4,2,4,4,2,2,3,2,2,2,1,4,3,3,2,3,2,2,3,1
CluIDFG21G_1657,1,1,2,2,1,1,1,1,1,2,1,1,1,3,3,3,2,1,1,1,3,3,1,1,1,1,4,4,4,1,2,2,2,1,1,2,4,1,2,3,3,1,3,3,1,3,2,3,2,1,3,4,2,2,2,2,2,2,2,1,3,2,1,4,2,3,1,2,2,2,2,1,3,2,2,3,3,3,3,3,3,3,2,2,2,2,4,3,1,1,1,2,3,1,1,2,3,4,2,1,2,2,2,1,2,3,2,1,4,4,3,1,2,2,1,1,2,1,1,3,1,2,2,3,2,3,1,2,2,2,2,1,1,2,1,1,2,2,1,2,1,1,1,2,1,1,1,5,2,4,1,1,1,1,2,1,1,1,2,1,3,1,1,2,1,3,1,3,3,3,1,1,3,3,3,3,2,1,2,1,2,2,2,1,1,3,1,2,1,2,2,1,7,7,2,3,1,2,2,2,2,3,4,1,1,2,4,2,1,2,1,4,1,1,1,2,1,1,1,2,3,3,3,4,3,1,2,1,1,2,1,2,1,1,2,3,1,2,1,2,3,1,1,2,1,3,2,3,2,3,2,2,1,1,2,2,1,1,2,1,1,1,1,1,3,3,3,3,4,4,1,1,1,1,1,2,2,3,2,2,2,2,3,3,2,1,2,3,4,3,1,2,5,1,3,3,2,1,3,1,1,2,1,2,2,2,1,3,2,2,1,2,3,3,1,1,1,2,1,2,3,4,1,2,1,1,2,2,2,5,3,3,5,1,1,1,2,2,1,2,1,1,1,1,2,3,2,3,1,1,1,1,5,1,1,1,2,1,1,2,2,3,3,2,2,3,2,2,3,2,3,1,2,2,3,2,1,1,4,3,3,1,2,1,1,1,2,1,2,1,1,1,1,2,1,1,3,3,1,1,1,1,1,2,2,3,1,3,2,2,1,2,3,1,2,3,2,2,3,3,3,4,3,3,3,3,3,3,2,1,1,2,2,2,1,2,3,3,3,3,2,2,3,3,1,2,3,3,1,1,4,5,1,1,1,3,2,1,1,1,2,2,2,2,1,2,2,1,1,2,2,2,2,2,5,4,3,1,3,3,3,2,2,1,1,1,2,1,3,2,2,3,1,2,2,2,2,2,2,4,4,3,4,1,2,3,1,2,1,2,1,3,2,2,3,3,1,1,2,3,1,2,2,3,1,1,2,4,2,2,3,3,1,2,3,2,1,3,3,2,1,4,1,1,2,3,3,2,3,3,3,3,1,1,3,3,2,1,2,2
CluIDFG21G_1659,2,2,2,2,4,4,2,2,1,1,3,3,1,1,4,4,2,2,3,1,2,3,2,1,1,1,4,4,1,2,2,2,2,2,2,2,3,1,1,3,2,3,1,1,1,3,1,3,2,2,3,3,2,2,2,2,2,2,1,1,2,2,4,4,2,2,2,4,2,2,1,2,2,3,3,3,2,1,1,1,2,2,1,2,3,2,2,2,3,2,2,1,3,1,1,3,4,4,1,1,2,3,2,2,3,3,2,2,4,4,1,2,3,2,2,2,2,1,4,3,1,3,1,3,2,3,3,1,2,2,1,1,3,3,2,2,3,3,2,2,1,1,1,2,2,3,3,5,3,1,1,2,1,3,2,2,1,3,2,2,1,3,1,2,2,1,1,3,1,1,1,1,3,3,3,3,1,1,1,1,1,2,2,2,2,1,1,2,2,2,2,2,2,4,3,3,2,1,2,2,3,3,4,4,1,1,1,4,1,1,2,2,3,2,2,1,1,1,2,3,3,3,3,4,1,1,1,2,2,1,2,3,2,2,3,1,1,1,2,2,2,3,1,2,2,1,3,2,4,4,2,1,2,2,2,3,1,1,1,2,1,3,2,1,3,1,3,2,4,4,1,1,1,1,2,1,1,2,1,2,3,2,2,2,2,1,3,3,3,3,1,2,4,1,1,2,3,2,1,1,2,1,2,2,2,2,3,3,2,2,2,2,1,1,1,1,2,2,1,2,1,3,1,2,1,2,3,3,1,1,1,1,5,4,5,3,1,2,2,2,2,2,2,1,2,2,1,2,1,1,3,1,2,2,1,1,2,1,1,2,1,1,3,3,3,1,2,3,4,3,1,3,1,2,5,3,3,2,4,4,3,3,1,1,1,1,1,1,1,2,3,1,3,3,1,2,1,1,1,1,2,2,2,2,2,2,2,2,1,1,2,2,1,3,2,2,2,1,3,1,1,3,3,3,3,3,3,3,2,3,2,2,1,3,1,1,3,3,2,2,3,3,3,3,2,2,3,2,4,2,5,2,1,2,3,1,2,1,2,1,2,1,1,1,3,3,1,1,2,1,2,3,2,4,2,2,2,2,3,2,1,1,1,2,3,1,1,1,2,2,2,2,2,3,1,2,2,1,1,4,3,4,2,2,2,2,1,1,3,2,3,3,2,1,3,3,2,1,2,3,2,1,1,2,3,1,2,4,2,2,3,1,3,3,3,3,1,1,1,1,4,2,4,4,1,1,2,1,3,3,1,2,2,2,3,3,2,2,1,1
CluIDFG21G_1660,2,2,2,3,1,1,3,3,2,2,2,1,1,3,3,4,1,2,2,2,3,3,1,1,3,2,2,2,1,2,3,2,2,3,1,1,1,3,1,3,4,2,3,3,3,3,2,2,1,1,3,2,1,2,1,1,1,2,1,1,2,2,4,4,3,2,2,1,2,2,2,2,1,1,4,3,3,3,1,3,1,3,2,1,1,3,2,2,3,2,2,2,1,1,2,1,3,4,1,1,3,2,1,2,3,3,1,2,4,1,3,2,3,2,2,2,3,2,4,4,1,1,3,2,2,1,3,1,4,2,2,1,3,1,2,2,3,2,2,2,2,1,2,1,2,1,1,5,1,1,1,2,1,3,2,2,1,1,2,2,3,2,1,3,2,2,1,3,3,3,1,1,3,2,2,3,2,2,2,1,3,1,1,1,1,1,2,1,2,1,2,2,4,4,3,2,1,2,2,2,4,3,4,1,1,1,4,4,3,2,1,2,2,3,2,2,2,2,3,3,3,2,4,2,1,4,1,1,1,2,2,2,1,1,2,3,1,1,2,2,3,1,1,2,1,2,3,3,4,4,2,1,1,2,3,3,1,1,2,2,3,2,2,1,3,3,2,3,4,4,1,1,2,1,2,1,1,2,2,2,3,2,2,3,1,1,3,2,2,2,2,2,1,5,3,3,3,2,1,2,2,2,2,2,1,2,1,4,2,2,2,1,2,1,2,2,2,3,1,1,4,3,2,2,1,1,3,3,2,5,3,2,3,4,2,5,3,2,1,2,2,1,1,2,2,2,3,2,1,1,3,1,5,4,1,1,2,1,1,1,1,1,3,3,3,3,2,3,3,4,3,3,2,2,1,2,3,1,4,4,3,3,2,1,2,1,2,2,2,2,3,2,1,1,1,1,3,3,3,1,1,1,2,3,3,2,2,3,1,2,1,2,3,1,2,2,3,3,3,3,3,4,2,3,1,1,3,3,3,3,2,2,2,1,1,3,1,3,3,2,3,3,3,2,1,2,2,3,2,4,2,5,1,3,3,2,1,2,1,1,2,2,1,1,2,3,2,1,1,1,2,2,2,5,4,2,4,3,2,3,3,2,1,2,1,1,1,1,2,3,2,2,1,1,1,1,2,1,4,4,4,3,2,2,2,2,1,1,3,2,3,1,2,2,3,3,3,1,2,3,2,2,3,3,1,1,2,1,2,3,3,1,3,3,4,4,2,2,3,3,3,2,2,4,1,1,3,3,3,2,1,4,3,1,2,2,2,3,1,1
CluIDFG21G_1661,2,2,2,1,4,1,3,1,2,1,1,1,3,1,3,3,1,3,2,5,3,2,1,3,2,2,2,4,1,4,2,2,2,2,2,2,3,3,1,3,3,3,1,3,3,3,2,2,1,2,3,1,1,1,3,2,2,2,1,2,3,2,1,5,1,3,1,1,3,3,2,2,3,2,4,4,3,3,1,1,3,3,2,2,2,2,4,3,1,1,2,2,3,1,1,1,3,4,1,1,2,2,1,2,1,2,2,2,2,2,3,3,2,1,2,1,1,3,3,3,2,1,2,3,2,1,1,2,2,4,2,3,2,3,2,1,2,1,2,2,1,2,2,1,3,3,3,2,2,1,2,1,2,1,1,4,1,1,2,2,3,2,1,2,3,1,3,3,3,3,1,1,3,3,2,3,2,2,1,1,2,2,2,3,3,3,1,2,1,1,1,2,4,4,3,3,1,1,1,1,1,2,3,2,1,1,3,2,2,3,2,4,3,3,1,1,2,1,3,4,3,2,4,3,1,1,2,2,1,1,2,2,1,1,1,2,2,1,2,1,2,2,3,1,1,1,3,3,3,1,3,1,1,2,2,2,1,1,2,2,3,2,2,3,1,1,3,3,4,1,1,2,1,1,1,2,2,2,1,2,2,3,3,3,1,1,2,3,4,1,1,1,1,1,3,3,1,3,3,1,1,2,2,1,2,1,3,1,2,2,2,1,3,3,2,2,2,2,2,2,3,3,1,1,1,2,2,1,3,2,1,3,4,1,2,2,1,2,1,2,1,2,1,1,3,2,2,1,2,1,1,2,4,5,1,1,1,1,2,2,1,2,3,2,3,1,3,2,3,2,3,2,2,2,3,5,1,2,3,4,1,3,1,2,2,2,1,2,2,2,3,2,1,2,2,2,2,3,3,1,1,1,2,1,3,2,3,3,1,1,1,2,3,3,2,2,2,3,3,3,3,3,2,3,1,3,2,2,2,1,2,2,2,2,1,3,2,1,3,3,2,3,3,2,2,1,3,3,4,3,1,5,1,1,3,1,1,2,1,2,2,1,2,2,1,1,2,2,2,1,2,3,2,2,4,5,3,2,3,2,1,1,2,2,1,2,1,1,3,5,2,3,2,1,1,2,1,2,2,4,2,4,2,2,2,2,1,1,3,3,3,1,2,1,2,3,1,2,1,3,3,3,2,3,1,3,1,2,3,3,1,1,1,2,4,4,1,1,1,1,2,3,1,3,2,1,3,3,3,3,3,4,1,1,3,3,1,1,1,1
CluIDFG21G_1662,1,2,1,1,1,4,3,2,2,2,1,1,3,1,3,3,1,2,2,1,3,2,3,1,1,2,2,4,4,1,3,2,2,2,3,3,1,1,1,3,3,1,3,1,1,3,3,2,1,2,2,4,2,2,2,3,2,1,1,2,2,3,1,5,3,3,1,1,1,3,1,2,3,3,3,4,2,3,3,1,1,3,2,2,1,2,5,1,1,2,2,2,3,3,3,1,4,3,1,1,2,2,3,1,1,1,2,2,5,2,3,3,1,1,1,1,1,1,4,3,2,1,2,1,3,2,3,1,4,1,3,3,3,2,2,1,4,4,2,1,1,1,2,1,2,2,3,3,2,2,1,2,2,3,1,2,3,1,1,2,3,3,1,2,2,3,3,1,1,3,1,1,3,1,3,2,1,1,2,2,3,3,2,2,1,2,2,2,1,1,1,2,7,4,3,3,1,2,2,1,2,2,1,3,1,1,4,2,1,2,4,4,2,1,1,1,1,1,2,1,3,1,4,4,3,1,2,1,2,1,1,1,1,2,2,1,2,2,1,1,2,2,1,1,1,2,3,1,2,4,1,2,2,1,3,2,2,1,2,2,2,2,3,3,3,3,1,1,4,2,2,2,3,2,1,2,2,2,2,1,2,3,2,2,1,1,3,1,3,2,2,1,4,1,3,3,2,2,3,2,1,2,1,1,3,1,3,1,3,2,1,3,3,2,1,2,2,2,2,1,3,3,1,2,2,1,3,1,5,3,3,3,1,3,2,3,2,1,2,2,1,2,2,1,2,3,2,2,1,2,1,1,4,5,1,2,2,2,2,2,3,1,3,2,1,3,2,3,3,1,3,1,2,2,3,5,1,2,3,4,3,3,1,1,1,2,2,1,2,2,3,3,2,2,2,2,3,3,1,3,1,1,2,1,2,1,3,2,2,2,1,2,1,2,2,2,3,2,3,3,3,3,3,3,3,2,4,4,2,1,2,2,2,2,2,3,3,1,3,3,2,3,3,2,1,3,2,2,1,2,2,2,1,2,2,2,1,1,1,2,1,1,2,1,1,1,2,2,2,1,2,2,2,2,5,3,3,1,3,3,1,1,2,1,1,1,2,1,3,2,2,2,1,2,1,2,1,2,4,1,4,4,3,4,2,2,1,1,3,3,1,1,2,2,3,3,3,3,2,2,1,3,2,3,1,1,2,4,2,2,3,2,1,2,3,3,1,2,3,3,4,1,1,2,1,1,1,1,3,3,1,3,3,1,3,2,3,3,1,2
CluIDFG21G_1664,2,2,2,2,4,4,1,2,1,1,1,3,1,3,4,3,2,1,3,1,3,2,1,2,1,1,4,4,2,1,2,2,2,2,2,2,1,3,1,3,3,3,3,1,3,3,3,3,1,2,2,1,2,2,1,2,2,2,2,1,2,2,5,4,2,4,1,1,2,2,2,2,3,3,4,2,3,2,1,1,1,2,1,1,3,2,3,3,3,2,2,2,3,1,3,1,4,3,2,2,2,1,2,2,1,3,1,2,4,1,1,2,3,2,2,2,2,3,4,4,1,1,2,2,1,1,2,1,1,1,2,1,3,3,2,2,4,3,2,2,1,1,2,2,2,3,3,3,1,1,1,1,3,1,2,2,1,3,2,2,3,2,1,2,3,2,2,2,3,1,1,1,3,3,3,3,1,2,2,1,1,2,2,1,1,3,1,2,2,2,2,2,2,7,3,3,1,2,2,1,3,2,3,1,1,3,3,1,1,2,2,2,1,2,2,2,1,1,2,2,3,3,3,2,4,3,1,2,2,1,2,2,2,1,3,1,1,1,1,1,2,3,2,3,2,1,2,3,3,4,3,3,1,1,3,2,1,1,1,1,2,2,1,2,3,1,1,2,1,4,2,1,1,1,2,2,3,2,2,2,1,2,3,2,1,1,3,2,2,2,2,1,1,3,1,3,2,3,2,1,2,2,1,1,2,3,3,3,2,3,1,3,3,3,1,1,1,1,2,1,2,3,1,1,2,2,3,3,1,1,1,3,5,4,3,1,2,1,2,2,2,2,2,2,2,2,1,2,1,1,1,3,2,1,1,1,1,1,1,2,2,1,2,2,3,1,1,2,1,4,3,3,1,1,1,1,1,1,5,5,1,3,2,2,1,1,2,1,2,2,3,2,1,3,2,2,3,2,1,1,2,2,2,2,3,2,2,3,2,2,1,1,1,1,1,2,3,2,3,1,4,1,2,2,3,3,3,3,2,2,2,1,3,3,3,1,1,3,3,2,2,2,3,3,2,2,3,3,3,2,1,2,2,1,3,1,2,2,2,1,1,2,1,3,3,3,1,2,2,2,2,3,5,2,2,4,4,3,3,3,3,1,1,1,1,1,2,1,3,2,1,2,3,2,1,2,1,1,4,1,4,3,2,2,2,1,1,2,3,1,3,3,1,2,1,3,3,3,2,2,1,1,2,2,1,2,2,1,3,3,3,3,1,1,2,3,3,1,1,3,4,4,2,4,1,2,2,3,2,2,4,4,3,3,2,2,2,2,1,1
CluIDFG21G_1665,1,1,2,3,1,4,3,2,1,2,2,3,3,3,3,4,1,2,2,1,2,3,2,1,1,2,2,2,2,1,3,3,3,3,2,1,3,1,1,4,2,4,3,1,3,3,2,2,2,1,4,4,2,2,1,2,2,1,1,2,1,2,4,5,2,3,1,2,2,3,3,2,3,2,3,3,2,1,3,3,3,3,2,2,2,2,4,3,1,3,2,2,1,3,1,2,4,3,1,1,3,2,2,1,3,3,2,2,4,2,2,2,2,1,1,2,1,2,4,3,1,1,3,2,2,2,2,3,4,2,2,2,3,3,2,2,3,4,2,2,1,1,2,2,2,2,3,1,2,1,1,2,3,3,2,1,1,2,2,1,2,3,1,2,2,2,1,1,1,3,2,2,3,3,3,3,2,2,2,1,3,2,2,1,1,2,2,2,2,1,1,2,7,7,2,1,1,1,1,2,3,2,3,4,1,3,4,1,3,1,2,2,1,1,1,1,2,1,3,2,3,1,4,3,3,3,2,2,1,1,2,1,2,2,2,1,2,1,1,2,3,2,1,3,1,2,3,3,4,1,3,1,2,2,3,2,2,1,1,1,3,1,3,1,3,3,3,1,4,4,1,2,3,2,2,2,2,2,2,2,2,2,3,3,1,1,3,3,2,3,2,2,5,3,1,1,2,2,2,3,2,1,2,2,2,2,3,3,3,2,2,3,2,3,1,1,2,2,1,2,1,4,2,2,1,2,2,3,2,2,3,3,1,4,3,4,2,1,2,2,2,2,2,1,2,1,2,2,1,1,1,3,2,4,1,1,1,2,2,2,2,1,2,3,3,1,1,2,2,3,2,3,1,1,2,5,1,1,4,3,1,3,1,2,1,1,2,2,1,2,1,2,3,1,2,1,3,3,1,1,1,1,2,2,3,2,3,3,2,2,2,2,1,3,3,2,3,2,1,3,1,3,1,3,3,1,3,4,3,1,2,2,1,3,3,1,1,3,3,3,2,3,3,3,3,2,3,3,3,4,1,2,1,1,2,3,2,1,2,1,2,2,3,1,2,1,2,2,1,2,2,2,2,2,4,1,2,1,2,1,1,3,1,2,1,1,2,1,3,3,2,2,1,4,2,2,2,2,1,1,4,4,1,2,2,3,1,1,2,1,1,3,1,2,3,1,1,3,2,3,3,2,3,1,2,1,3,2,2,2,3,3,1,1,4,1,2,2,3,2,1,4,2,1,2,1,3,1,3,1,1,3,3,1,3,2,1,2,1,2
CluIDFG21G_1666,2,2,1,2,1,4,2,3,2,1,1,2,3,3,3,4,1,3,1,5,1,3,2,1,2,2,4,2,1,4,2,2,2,1,1,2,3,3,3,1,4,3,3,3,3,1,2,2,1,2,3,3,1,1,2,1,1,2,1,1,3,3,1,5,3,2,4,1,1,3,1,3,3,2,4,2,2,3,3,1,3,1,2,1,2,1,2,5,2,2,2,1,3,1,2,1,4,2,1,1,2,3,2,2,3,3,2,1,4,1,3,3,3,2,2,1,2,1,4,4,1,1,3,2,1,3,3,2,2,4,3,1,3,1,2,2,3,2,2,3,2,1,1,2,2,1,5,5,1,1,1,1,2,1,2,1,1,1,1,2,2,2,2,1,1,3,1,1,3,3,1,1,3,3,2,3,2,2,1,1,1,3,3,2,3,2,2,1,2,2,2,1,7,4,3,3,2,1,2,1,2,4,4,2,3,2,3,4,1,1,1,2,2,3,2,2,2,2,3,3,3,3,2,3,4,3,1,1,2,2,1,2,2,2,3,3,2,2,2,2,2,1,1,3,2,2,2,3,4,4,3,2,2,1,3,2,1,1,2,2,2,2,2,1,1,3,2,3,4,4,2,1,2,2,2,1,1,3,2,2,1,1,1,1,1,2,2,2,3,3,2,1,4,1,2,2,3,3,1,2,2,1,2,1,2,1,3,3,1,3,1,3,3,2,1,2,3,2,2,1,3,4,1,2,1,2,3,2,2,1,2,3,4,3,2,2,2,2,3,1,2,1,1,2,2,1,2,2,2,1,1,3,5,4,1,2,2,2,1,2,1,2,3,3,1,3,2,2,4,4,2,2,1,1,3,2,1,2,3,4,1,3,1,2,2,2,2,2,2,2,2,1,2,1,1,1,2,3,1,3,2,1,3,2,3,3,3,2,2,2,1,2,1,2,2,2,2,2,3,1,4,3,1,2,1,3,3,3,3,2,2,2,2,3,1,3,3,1,2,3,2,3,2,2,3,1,2,1,4,4,5,2,1,3,3,3,2,2,1,1,2,2,1,1,3,1,1,2,2,2,4,3,2,5,3,4,4,2,3,3,3,3,1,1,1,1,2,1,5,4,2,2,1,1,2,2,2,2,3,3,3,2,4,2,1,2,1,1,2,1,3,3,1,1,3,3,2,2,2,3,3,3,3,3,1,1,1,2,2,2,1,1,1,1,4,4,1,1,1,3,4,1,2,2,1,1,2,3,3,2,4,4,1,2,3,3,2,2,1,1
CluIDFG21G_1678,1,2,2,1,4,1,2,1,2,1,1,1,3,3,4,3,3,1,2,1,3,1,1,2,1,2,1,2,1,1,2,2,2,1,2,3,2,1,1,2,1,3,3,3,1,1,2,2,2,2,1,3,2,2,2,3,2,2,2,1,3,3,4,5,3,2,2,1,2,3,1,2,3,3,3,3,3,2,1,1,1,3,2,2,2,1,2,4,2,1,1,2,1,3,3,1,4,4,1,1,3,1,2,1,3,3,1,2,1,4,3,3,3,1,2,1,3,3,4,3,1,3,2,2,1,2,1,1,1,4,3,3,3,3,2,1,1,1,3,2,2,1,1,1,3,2,2,1,2,2,1,2,2,2,1,2,3,3,2,2,2,3,2,1,2,2,1,1,4,1,1,1,3,3,1,2,2,1,2,2,2,3,1,1,3,1,2,1,1,2,1,1,6,4,2,2,1,1,1,2,1,3,2,4,1,1,4,2,3,3,4,2,2,1,1,2,2,2,3,3,3,2,2,4,3,2,2,1,2,1,1,2,2,2,2,3,2,2,1,2,3,1,3,2,2,1,3,3,1,4,3,2,2,1,2,1,1,1,2,2,3,2,3,1,1,2,2,1,4,2,2,2,2,3,2,1,1,2,1,1,3,2,3,3,2,1,3,2,3,3,2,2,4,3,1,3,3,2,3,2,1,2,2,2,2,2,3,1,2,2,2,3,1,1,1,2,1,3,2,2,3,3,2,2,2,1,3,2,5,3,1,1,2,2,4,2,2,2,1,1,2,2,2,3,2,2,2,2,2,2,3,1,2,1,2,1,1,2,2,1,1,2,3,2,1,1,3,2,3,1,3,1,2,1,3,3,1,1,3,3,3,1,1,1,2,1,2,2,2,2,3,3,3,3,2,2,3,3,1,1,1,1,2,1,3,2,3,3,2,2,2,2,1,2,1,2,3,2,3,1,4,3,2,3,1,3,3,4,2,2,2,2,2,1,2,1,3,3,3,3,3,2,3,3,2,2,5,3,3,1,4,5,1,1,1,1,2,2,2,1,1,1,2,1,1,1,2,1,1,2,4,2,2,2,1,5,1,3,3,1,1,1,1,1,1,5,2,1,3,2,1,2,3,4,2,2,2,1,2,4,2,1,2,4,2,1,2,2,3,2,3,1,2,2,2,3,1,2,4,4,3,3,3,3,1,1,2,2,2,3,1,3,2,3,3,4,1,1,1,1,3,4,1,4,1,1,3,3,3,2,1,4,1,1,3,2,2,2,2,1
CluIDFG21G_1684,1,1,3,1,4,4,2,3,2,1,1,3,1,1,4,3,2,2,2,1,1,3,1,2,2,2,4,2,1,4,2,2,2,2,1,1,2,3,2,3,3,3,1,2,1,1,1,2,2,2,4,1,2,2,2,1,2,2,1,1,2,1,3,4,2,3,1,1,3,2,1,3,2,2,3,4,2,3,1,1,3,1,1,1,2,2,4,5,3,2,1,2,3,3,1,1,2,3,2,1,2,2,2,2,2,1,1,2,4,2,1,3,2,1,1,1,2,3,1,4,2,2,1,2,3,2,3,3,1,1,2,1,1,2,1,1,1,2,2,2,1,2,2,1,3,2,2,1,2,2,2,1,2,3,1,2,1,1,2,2,1,2,1,2,2,2,1,2,3,3,1,1,2,1,3,2,1,1,2,1,2,1,1,3,3,2,2,1,2,2,1,1,7,2,2,3,1,1,1,1,2,2,2,2,1,1,2,3,1,2,2,2,2,2,1,1,1,1,3,3,3,3,4,3,2,3,2,2,1,2,2,3,1,1,3,1,3,1,1,1,2,3,3,2,2,2,3,2,1,3,3,2,2,2,3,2,1,2,2,2,1,1,2,3,1,2,2,1,1,2,2,2,1,1,2,2,2,3,2,2,2,2,3,3,2,2,3,3,1,2,1,1,2,1,3,1,2,2,2,3,1,1,1,1,2,2,3,3,3,2,3,3,3,2,1,2,2,3,1,2,4,4,2,1,2,2,2,2,1,1,1,1,2,2,5,3,2,2,1,2,1,1,1,1,2,1,3,2,1,2,2,1,4,5,2,1,1,1,2,2,1,1,3,2,1,1,3,3,4,3,2,3,2,1,3,3,3,1,4,4,1,1,2,1,2,1,2,1,1,2,3,2,1,1,1,2,1,3,1,3,1,1,1,1,1,3,3,2,2,2,2,1,2,3,2,3,3,2,1,1,3,3,2,2,3,3,1,4,1,1,1,1,3,2,2,1,3,2,3,3,2,2,2,1,1,1,1,2,4,4,4,2,1,2,1,2,1,2,1,2,1,1,2,2,3,3,1,2,2,2,2,4,5,4,1,2,2,1,1,3,2,1,2,2,1,1,1,1,2,2,2,3,2,1,1,2,2,2,4,2,2,4,1,4,2,2,1,1,2,2,1,1,2,1,1,1,2,1,3,3,2,3,3,1,1,3,1,2,1,2,3,1,2,1,4,2,1,2,2,1,2,4,2,2,2,2,3,2,1,2,1,1,3,1,3,3,3,2,2,1
CluIDFG21G_1686,2,2,2,1,4,4,2,2,1,2,1,1,1,3,2,3,2,1,2,2,2,3,3,1,2,3,4,4,4,1,2,2,2,2,2,1,1,4,3,1,3,3,1,3,1,3,3,3,2,2,1,3,2,2,2,1,2,2,1,2,3,3,1,1,3,3,1,1,2,2,2,1,3,1,4,3,3,3,1,3,2,3,1,1,2,2,3,5,3,1,2,2,3,3,3,3,4,4,1,1,2,3,2,3,3,2,1,2,4,2,3,1,3,1,1,1,2,2,3,4,1,1,2,2,2,1,1,1,1,3,2,3,3,3,2,2,4,2,2,2,2,1,2,2,3,3,3,1,1,1,2,1,1,1,4,4,1,2,1,2,2,2,2,2,3,3,3,1,3,1,1,2,3,3,3,1,1,2,1,2,2,2,2,2,3,1,2,1,1,2,1,1,2,4,2,3,1,1,1,2,2,4,2,1,1,3,3,2,1,1,2,1,1,1,2,2,1,2,1,1,1,1,4,1,2,3,1,2,1,2,1,1,2,1,2,1,3,1,1,2,2,2,3,1,3,2,3,2,4,4,2,2,1,1,3,2,2,1,2,2,3,2,3,2,3,3,3,3,4,4,1,1,3,2,1,1,3,3,2,1,2,3,3,3,2,2,2,2,3,3,2,2,4,4,3,1,2,3,3,1,2,1,1,2,1,1,1,3,3,2,1,1,1,1,1,2,2,3,2,1,4,3,2,2,1,2,3,3,1,5,1,3,4,1,2,2,1,3,2,1,2,2,2,2,1,1,3,3,1,2,1,1,5,1,1,2,2,2,2,1,3,3,1,1,3,3,3,3,4,4,3,2,1,2,3,1,2,1,4,3,3,3,1,1,2,1,1,1,2,2,3,2,3,1,2,2,3,2,3,3,1,2,1,2,3,1,2,2,1,1,1,1,2,1,2,3,3,3,3,1,2,3,2,2,3,3,3,3,1,1,2,1,2,3,2,1,3,3,3,3,2,2,2,3,1,1,3,3,4,1,4,2,3,1,2,2,1,1,1,1,2,2,2,1,1,3,1,2,1,1,3,4,2,2,2,4,1,3,3,2,1,1,1,1,2,1,1,1,5,2,3,2,1,1,2,2,2,2,3,3,4,4,2,4,2,2,1,2,2,2,1,3,2,2,3,3,1,3,3,2,2,3,3,3,1,1,2,2,2,2,1,3,3,3,4,3,2,2,1,3,1,1,1,4,2,1,3,2,2,2,1,3,1,2,2,3,1,2,1,2
CluIDFG21G_1688,2,1,2,3,4,4,2,2,1,2,3,3,1,1,4,3,2,1,1,3,3,1,2,1,2,2,4,4,2,1,2,3,2,2,2,2,2,3,3,2,2,3,1,1,3,1,2,2,1,1,1,4,1,2,2,3,1,2,1,2,2,3,5,4,2,4,1,2,2,1,2,2,3,3,3,3,2,1,1,1,1,3,1,1,2,3,5,3,3,3,1,2,2,3,3,1,3,3,1,1,2,2,2,3,3,1,1,2,4,2,3,3,2,2,2,2,1,2,4,1,1,1,2,2,1,3,1,1,4,2,1,3,3,3,2,1,3,3,3,2,1,2,2,1,2,3,1,3,2,1,2,1,1,3,4,2,1,1,2,2,2,2,2,2,2,2,3,2,3,3,2,2,3,3,2,2,1,2,2,1,2,1,1,2,2,1,2,2,2,1,2,2,4,4,2,3,2,1,2,1,2,3,2,2,3,1,1,4,1,3,2,2,2,2,1,1,2,2,3,3,1,3,4,4,1,3,2,2,1,1,2,2,1,1,2,3,1,1,2,1,3,1,1,1,1,2,3,3,1,1,2,3,1,1,2,3,1,1,1,2,2,2,3,1,3,3,1,2,1,2,2,2,1,1,2,2,3,2,2,2,2,2,2,3,1,1,2,3,4,2,1,1,2,1,3,3,3,3,1,2,1,2,2,1,2,2,3,3,2,2,2,1,1,3,1,2,2,2,1,1,3,4,1,1,2,1,3,3,3,2,1,3,5,4,1,4,2,2,1,1,1,2,1,2,1,2,1,3,1,1,2,3,4,2,1,1,1,2,2,1,3,2,1,3,1,3,2,3,3,3,3,2,2,1,1,3,1,2,5,4,3,3,1,1,1,1,1,2,2,2,3,3,1,1,1,1,3,3,3,1,2,1,3,3,2,3,3,2,1,2,1,1,1,3,2,2,3,3,3,3,1,4,3,1,1,3,1,3,3,3,2,2,3,3,1,2,3,1,2,3,2,2,2,3,1,2,1,3,4,4,4,1,1,2,3,1,1,1,1,2,2,2,1,2,2,1,2,2,1,1,2,2,2,2,4,4,1,2,3,2,1,1,2,2,1,3,1,1,3,2,3,2,1,1,2,1,2,2,4,1,4,3,2,1,2,2,2,1,2,1,1,3,1,2,3,3,1,3,2,1,3,3,2,2,2,1,4,2,2,3,1,3,2,2,4,2,2,1,2,1,2,2,2,1,1,1,2,1,3,3,1,1,3,3,2,2,3,3,1,1
CluIDFG21G_1690,1,2,1,2,4,4,3,1,1,1,1,1,3,3,4,3,1,2,2,2,2,3,1,3,2,2,1,4,2,4,2,2,1,2,2,2,4,1,3,1,1,2,1,3,1,1,2,3,1,1,1,2,2,2,2,2,2,1,1,2,3,3,5,4,3,2,2,1,2,3,2,2,3,2,4,4,3,3,3,1,3,3,2,2,2,3,5,4,3,1,2,2,2,1,3,3,3,1,1,3,3,1,2,2,2,1,2,2,4,2,1,3,2,2,1,2,2,1,4,1,1,1,2,2,2,1,3,1,2,2,2,1,3,2,2,1,3,1,1,3,1,2,2,1,1,2,5,5,2,3,2,1,2,2,2,1,3,1,2,2,2,3,1,2,2,2,1,1,3,1,1,1,3,2,2,2,2,2,1,1,3,2,1,2,1,2,1,1,2,2,1,2,6,7,3,2,1,1,2,1,3,4,1,2,1,3,4,3,3,1,2,2,2,2,1,2,1,1,1,1,3,3,3,2,3,1,2,1,1,1,2,2,1,1,2,2,1,2,2,1,2,3,3,1,2,2,3,3,2,1,3,3,2,1,2,3,1,2,2,1,4,3,1,3,1,3,3,2,1,2,2,3,2,1,2,2,3,2,1,2,3,3,2,2,2,2,3,2,3,3,2,2,1,3,3,3,3,3,1,2,2,1,2,2,3,2,1,3,2,2,2,2,2,1,2,1,2,1,2,1,3,4,2,1,2,2,1,3,1,3,3,3,3,1,5,2,3,1,2,2,2,1,2,2,3,1,3,3,2,2,3,3,1,2,2,1,2,2,2,2,1,1,2,2,1,3,3,3,4,3,2,2,1,2,3,3,2,1,4,5,1,3,2,1,2,2,1,2,1,2,2,1,3,2,2,2,3,3,3,1,2,1,1,2,2,3,3,1,2,1,2,1,3,1,2,2,1,2,3,1,3,4,3,3,1,3,3,4,3,1,2,2,1,4,2,2,3,3,3,3,3,2,3,1,1,3,3,4,4,2,2,4,1,1,1,1,2,2,1,1,2,2,1,2,3,3,2,1,2,1,3,3,2,2,4,3,4,3,3,3,1,1,2,1,1,2,2,1,4,2,3,2,3,2,1,2,2,2,2,4,4,2,1,2,3,3,1,1,3,2,3,3,1,2,2,3,1,1,3,1,2,3,2,3,1,1,2,2,3,2,1,3,2,1,3,1,2,1,1,2,1,4,4,1,2,1,2,2,2,2,2,4,2,1,3,3,2,1,2,1
CluIDFG21G_1701,1,2,2,3,4,1,3,3,2,2,1,1,4,3,3,4,3,1,3,1,1,2,1,2,1,1,2,4,1,2,2,2,2,3,1,1,3,1,1,1,3,3,3,1,3,3,3,3,2,1,3,1,1,2,3,1,2,2,2,1,2,2,5,4,3,2,2,1,2,3,3,2,3,2,4,4,1,3,2,3,3,1,2,2,2,1,3,1,1,1,2,1,3,3,3,1,3,3,2,1,3,2,2,2,2,3,2,1,4,4,1,1,2,1,2,1,3,2,3,3,1,1,3,2,2,2,3,1,1,4,2,2,2,3,1,1,2,4,2,2,2,2,2,2,3,2,1,3,2,2,1,1,3,3,2,1,3,2,2,1,3,3,3,2,2,2,1,1,3,1,1,2,3,2,1,3,2,2,2,1,2,2,2,3,2,1,2,1,1,1,2,1,4,4,1,2,1,1,1,1,2,2,2,2,1,1,2,2,1,1,2,1,2,1,2,1,1,1,1,2,3,3,3,2,1,4,2,1,1,1,3,2,1,1,1,1,1,1,2,1,2,3,2,3,2,1,3,3,4,3,2,2,1,2,3,2,2,2,1,2,2,2,1,2,3,3,2,2,2,1,1,2,1,2,1,1,3,3,1,2,2,2,3,3,1,1,1,2,3,1,1,2,4,4,3,1,3,1,1,3,1,2,2,1,2,2,1,3,2,2,1,1,1,1,1,1,2,2,2,2,3,4,2,1,2,2,2,2,1,1,3,2,4,2,2,2,2,2,2,1,1,1,1,1,3,2,2,3,1,1,1,1,4,2,1,1,1,1,2,1,2,3,2,2,3,3,2,3,3,4,2,2,1,2,1,3,3,2,2,4,3,1,2,1,2,1,1,1,2,2,1,1,1,3,1,2,3,1,1,1,1,1,3,1,1,2,2,3,2,2,2,2,2,3,3,2,2,3,2,1,3,1,2,1,3,3,3,2,1,1,1,1,2,1,2,2,1,1,3,3,2,2,3,3,3,2,1,4,3,4,2,4,2,2,3,2,1,1,2,1,1,2,2,3,3,3,2,1,1,2,3,3,5,5,1,2,4,1,2,3,3,1,1,2,1,2,1,1,5,2,3,2,1,2,2,2,1,2,4,4,3,4,2,2,2,3,1,2,3,2,1,1,2,1,3,1,2,2,3,3,2,3,3,2,1,1,3,2,2,2,3,3,1,2,3,1,2,2,2,1,4,2,4,4,2,2,2,2,3,3,1,4,2,3,3,3,2,1,1,2
CluIDFG21G_1702,1,1,2,1,4,1,2,3,2,1,3,1,3,4,4,3,2,2,3,1,3,2,1,2,1,2,2,1,1,2,2,3,3,2,2,2,1,3,2,1,3,2,1,3,3,3,2,2,1,2,3,4,2,2,1,2,1,2,2,1,2,1,4,4,3,2,2,1,3,2,2,3,2,3,3,3,2,3,3,3,3,3,2,2,2,2,4,4,3,1,2,2,2,3,1,1,4,2,2,1,2,1,1,2,3,3,1,1,4,4,3,1,1,3,1,2,3,1,3,4,3,1,3,3,1,2,2,3,2,4,4,2,1,3,2,1,1,4,2,2,1,1,1,2,2,3,1,5,2,1,2,2,3,3,2,2,2,2,1,1,2,2,2,3,2,2,1,1,1,1,2,2,2,2,3,2,2,2,1,1,1,2,3,1,1,1,2,1,2,2,1,1,6,4,3,2,1,1,1,1,2,2,1,3,2,3,1,2,2,1,2,2,2,1,2,1,2,1,2,2,3,3,3,3,3,3,2,2,1,1,2,3,2,2,1,3,2,1,2,2,2,2,3,2,2,3,2,3,3,2,2,2,1,1,3,2,2,1,1,1,3,1,1,2,3,1,2,3,2,4,2,1,3,1,2,2,2,3,2,2,2,2,3,2,1,1,2,3,2,3,2,1,3,3,3,1,2,3,1,1,2,1,2,2,2,1,1,1,2,2,2,1,2,2,1,1,2,2,1,1,4,4,2,2,1,2,3,3,1,3,2,3,2,1,5,1,3,1,2,2,2,2,2,2,1,1,2,3,1,2,1,1,5,4,1,2,1,1,1,2,3,2,2,3,3,1,3,2,3,3,2,3,2,2,3,3,1,1,4,1,3,2,2,1,2,1,2,1,1,1,3,3,3,3,1,2,1,3,3,1,2,2,3,1,3,2,3,3,2,2,2,2,1,3,2,2,2,3,3,2,4,1,2,2,3,3,4,4,1,3,2,1,1,3,1,2,3,3,3,3,3,3,1,1,2,2,3,5,2,4,5,2,2,3,1,3,1,1,2,1,2,2,2,2,2,1,2,2,2,2,2,3,2,2,4,4,3,2,1,2,2,1,2,2,2,1,1,1,5,2,2,2,2,2,2,2,2,1,2,1,4,4,1,2,3,2,2,2,2,2,1,1,2,2,1,3,3,3,2,2,3,3,1,3,1,1,2,2,1,2,2,3,2,1,3,1,1,2,3,3,4,4,1,4,1,3,2,1,3,2,2,3,2,2,3,3,3,1,1,1
CluIDFG21G_1709,2,2,3,3,4,4,3,3,2,1,3,3,1,3,4,4,2,2,1,3,1,1,2,2,1,2,4,4,2,2,3,3,1,2,2,2,1,1,1,2,4,1,3,3,1,3,2,2,1,2,3,3,2,2,3,1,1,1,1,2,2,2,4,5,2,2,3,1,3,2,1,1,2,2,3,3,3,3,2,2,3,3,1,1,3,3,4,2,2,3,2,1,1,1,1,2,4,3,1,1,3,3,2,2,3,3,1,2,4,4,2,2,3,3,2,2,1,3,1,4,1,1,2,3,1,1,3,1,4,2,2,2,3,3,2,2,3,3,2,2,1,1,2,2,2,2,5,1,1,2,1,1,3,1,4,2,1,2,1,2,2,2,2,3,3,2,1,2,3,3,1,2,3,3,3,3,2,2,2,1,2,2,1,1,1,3,1,2,2,2,1,2,7,4,3,2,2,2,1,2,4,4,4,4,2,1,4,4,1,1,2,3,3,1,2,1,1,1,2,3,3,1,3,4,1,1,1,1,1,1,2,2,1,1,3,3,2,1,2,2,2,3,2,1,2,2,3,2,1,4,1,1,2,1,2,3,1,2,2,2,3,4,2,2,3,3,3,1,1,4,1,1,2,1,2,1,2,3,2,2,2,1,3,3,1,1,2,2,2,2,2,2,5,5,1,1,2,3,1,3,2,2,2,2,2,2,3,3,2,2,1,3,3,3,1,1,1,2,2,1,4,2,2,1,2,1,2,1,2,4,2,1,4,3,2,2,2,2,1,1,1,1,2,1,1,2,2,2,1,2,3,3,1,2,1,1,1,2,2,1,2,1,3,3,3,3,3,2,4,3,3,2,1,1,1,1,1,2,5,4,3,3,1,1,2,2,2,1,1,1,1,1,1,1,2,1,2,3,1,1,2,1,1,2,2,3,2,3,1,2,2,1,1,2,2,2,2,2,1,2,1,4,3,2,1,1,3,3,3,2,2,1,1,3,1,3,3,1,3,2,2,2,2,3,2,2,3,3,4,4,5,3,2,2,3,3,2,1,2,1,2,2,1,2,3,2,2,1,1,2,3,3,4,2,1,4,4,3,2,2,1,1,2,1,1,1,2,2,3,5,2,3,1,1,2,1,2,1,4,2,3,4,2,2,2,2,1,1,3,3,1,1,2,2,1,1,3,1,2,1,1,1,3,2,1,1,2,4,3,3,3,1,2,3,4,4,2,1,1,1,4,4,4,4,1,1,3,3,1,3,1,1,3,2,3,3,2,2,2,1
CluIDFG21G_1710,2,2,3,2,4,1,3,3,2,2,3,1,1,3,3,4,1,3,3,2,3,1,2,2,2,2,4,4,4,2,2,2,2,2,2,2,3,2,3,2,3,2,3,3,3,1,2,2,2,1,2,1,2,2,3,3,1,2,2,2,2,3,4,2,1,3,1,3,2,2,1,2,2,3,3,4,1,3,1,1,3,1,2,2,2,3,5,2,1,1,1,2,3,3,1,2,2,3,2,1,1,3,2,1,1,3,1,2,4,1,1,3,2,2,1,2,2,2,2,4,3,3,2,2,2,1,1,3,2,1,3,2,3,1,1,1,1,1,2,2,2,2,1,1,2,1,3,3,2,1,1,1,3,2,1,1,1,3,1,2,2,3,2,2,2,3,1,1,3,3,1,2,1,3,1,2,1,1,1,2,3,1,2,2,1,2,1,2,2,1,2,2,7,7,3,1,1,1,2,2,4,3,2,1,1,1,1,1,1,2,1,2,1,2,1,1,1,1,2,3,2,3,4,4,2,4,1,1,1,1,2,1,2,2,1,1,2,1,2,2,2,3,3,2,2,2,3,2,3,1,2,2,1,1,1,3,1,1,2,2,2,1,1,1,3,3,3,3,4,4,2,1,2,2,2,2,3,3,1,2,1,3,3,1,2,1,2,2,3,3,1,2,4,2,3,3,1,2,3,2,2,2,1,2,3,2,3,3,3,2,3,3,2,1,2,2,3,3,1,2,4,3,2,2,1,2,3,2,1,1,2,2,2,4,4,2,2,1,2,1,1,2,1,1,3,2,2,2,1,2,3,1,5,4,1,1,1,2,1,1,1,2,3,3,3,1,3,3,4,2,3,1,1,1,1,5,1,1,5,4,3,1,2,1,1,1,2,2,2,2,2,2,1,1,2,2,1,2,3,1,2,2,2,2,3,2,1,2,2,2,2,1,2,1,3,3,2,2,3,1,3,3,3,1,1,3,3,4,2,3,2,2,2,1,2,1,3,3,3,3,2,2,3,3,3,1,3,5,1,1,3,4,1,3,1,1,2,2,1,1,1,2,1,1,2,1,2,1,1,2,1,3,5,2,4,2,3,1,1,2,1,3,1,1,5,1,2,2,2,2,2,2,1,1,2,2,1,1,4,4,3,3,4,2,1,3,1,2,1,3,3,1,1,2,3,2,2,2,3,1,3,2,3,3,1,1,2,2,2,3,3,1,2,3,3,4,2,1,2,1,2,2,2,4,2,1,3,1,2,2,3,2,1,1,3,2,2,2,1,1
CluIDFG21G_1715,2,2,1,2,4,4,2,1,2,2,1,3,3,3,3,3,1,1,1,2,3,2,1,2,2,1,1,4,2,1,1,2,2,1,1,1,2,3,1,2,3,2,1,1,1,3,2,1,1,1,3,2,2,2,2,3,2,2,1,2,2,2,4,4,2,4,3,1,2,2,2,2,3,3,4,3,3,3,1,1,3,2,1,2,2,1,5,2,2,3,2,2,3,3,2,2,2,4,3,1,1,3,2,2,3,2,1,2,4,1,1,3,2,2,2,1,2,2,1,2,1,1,2,2,2,3,1,3,1,1,3,3,3,3,2,2,4,4,2,2,1,1,2,2,3,2,1,3,2,1,2,1,2,1,4,1,1,2,1,2,2,2,1,2,2,2,1,3,3,3,1,1,1,3,1,3,1,1,4,4,2,2,3,3,3,3,2,1,2,2,2,2,3,6,3,3,1,1,1,2,2,2,2,3,3,3,1,1,1,1,4,1,1,1,1,1,1,1,3,2,3,3,4,3,2,3,2,1,2,2,2,1,2,2,2,2,2,1,2,2,2,3,3,1,2,2,1,2,2,4,1,3,1,2,3,3,2,1,2,2,3,2,1,2,1,3,3,3,4,4,1,2,3,2,2,1,2,3,1,2,3,3,3,2,2,1,2,3,2,3,2,2,3,3,1,3,2,3,1,1,1,1,2,1,3,1,1,1,2,2,1,2,3,3,1,2,3,3,2,2,2,2,2,2,2,2,3,3,4,5,3,1,4,5,1,2,2,2,2,1,2,2,1,1,2,2,2,2,1,1,3,1,1,5,1,2,2,2,1,2,1,3,2,3,1,3,3,3,4,4,2,3,2,2,3,1,2,2,5,3,2,3,1,2,2,2,1,1,2,2,2,3,1,3,2,2,3,3,1,1,1,2,2,1,2,3,2,2,2,2,2,2,2,1,2,3,1,1,3,2,3,3,2,3,3,3,1,4,2,3,2,2,3,2,1,1,3,3,2,3,3,3,3,1,1,3,3,4,4,4,2,1,1,1,1,3,1,1,1,2,2,2,2,2,1,1,2,2,1,1,4,4,2,2,3,3,4,4,1,2,2,1,1,1,5,1,2,2,5,5,2,2,1,1,2,2,1,2,2,4,2,2,4,4,1,1,1,2,3,3,1,4,1,2,2,3,3,3,3,2,1,2,3,2,3,1,4,1,2,2,3,3,1,1,3,4,2,2,3,1,1,3,4,1,1,1,3,3,2,1,3,2,3,2,3,2,2,2,1,1
CluIDFG21G_1716,1,1,3,2,4,4,3,1,1,1,1,3,1,3,4,3,2,1,2,2,2,3,2,1,1,2,2,2,1,1,3,2,3,2,2,2,3,1,1,1,1,1,3,3,1,1,2,2,2,1,3,1,2,2,2,2,1,2,1,1,3,3,5,4,2,2,4,2,1,2,2,1,3,3,3,3,2,2,3,1,1,3,1,2,3,2,5,2,3,3,1,2,2,3,1,3,3,4,1,1,1,1,3,2,1,3,2,1,4,1,1,3,2,1,2,1,2,3,4,4,2,3,1,2,2,3,3,3,4,2,2,3,2,3,2,1,3,2,2,3,1,1,2,1,1,2,5,1,1,2,2,1,2,3,1,4,1,1,2,1,3,2,2,2,2,2,1,1,3,1,2,1,3,3,3,3,2,2,4,1,1,1,3,2,1,1,2,2,1,2,1,2,7,4,2,3,1,1,2,1,3,2,3,4,1,3,2,2,1,1,2,2,3,3,2,2,2,2,3,3,3,3,4,4,2,1,2,2,1,2,2,1,1,2,2,2,1,1,1,2,2,2,2,1,2,1,3,3,1,1,3,2,2,1,3,2,1,2,1,2,3,2,1,2,3,1,2,2,1,4,3,1,2,1,2,1,3,3,1,1,3,2,3,3,2,2,2,2,3,3,2,2,3,4,1,3,1,3,2,3,1,1,1,2,2,1,1,1,2,2,3,2,1,1,2,1,2,3,1,2,4,4,1,2,1,1,3,3,1,3,3,2,4,3,1,5,2,2,2,1,1,2,1,1,2,2,2,3,2,1,2,3,4,4,1,1,1,2,2,1,3,1,2,2,2,3,2,2,3,3,3,3,1,2,3,1,3,1,4,4,3,3,1,1,1,1,1,2,2,1,3,1,2,1,1,1,3,3,1,1,1,1,3,3,2,3,3,3,1,2,1,2,2,1,3,2,3,3,3,1,3,3,3,1,3,1,4,4,2,1,2,2,2,4,1,2,3,3,3,2,3,3,1,3,2,3,3,3,4,2,2,5,1,1,1,2,2,2,2,2,1,2,1,2,2,3,1,1,2,1,3,3,4,4,1,2,3,3,1,3,1,1,1,2,1,1,1,1,5,3,1,1,1,4,2,2,2,2,4,2,2,2,2,1,3,2,1,2,2,3,3,1,1,2,3,3,1,1,3,4,3,3,3,3,3,3,2,1,1,2,2,1,1,1,4,4,2,1,1,2,4,1,2,2,1,1,3,1,3,3,1,1,1,2,2,3,3,2,2,2
CluIDFG21G_1717,1,1,3,3,4,4,2,1,2,2,1,1,3,3,4,3,1,2,3,2,3,3,1,1,1,1,4,4,2,4,3,3,2,2,1,1,2,1,2,1,2,2,3,1,3,3,3,3,1,2,3,2,2,2,2,2,2,2,1,1,3,2,1,4,2,3,1,3,2,2,2,3,1,1,4,3,1,3,1,1,1,1,2,2,1,1,2,2,2,2,1,1,2,1,3,1,1,4,3,1,3,3,2,3,2,1,2,2,4,2,3,3,1,1,2,1,1,1,1,4,1,2,2,2,2,1,3,1,4,2,3,1,3,3,1,2,3,3,3,3,2,1,2,1,2,3,3,5,2,3,2,2,1,3,2,3,1,1,2,1,2,1,1,1,2,2,1,1,3,3,1,2,3,2,3,3,1,1,2,2,2,2,1,1,3,3,2,2,2,2,1,2,4,4,2,2,1,1,2,2,3,3,4,4,1,1,1,4,1,3,4,2,2,1,1,2,1,2,2,1,2,1,4,1,3,3,2,2,2,1,2,2,2,1,2,3,1,1,2,2,1,3,3,3,2,1,2,3,1,4,1,3,2,1,2,2,1,1,2,2,2,2,1,1,3,3,2,2,4,1,2,2,1,1,2,2,2,2,2,1,2,2,2,3,1,1,3,3,2,4,1,1,4,1,3,1,3,3,3,1,1,1,2,1,2,2,3,3,1,3,1,2,3,2,2,2,1,1,1,1,4,2,2,1,1,1,2,2,1,1,2,3,2,4,1,1,2,2,1,2,2,2,2,1,3,2,1,2,1,1,1,2,4,4,1,1,1,1,1,1,3,3,1,1,3,3,2,2,3,3,2,1,2,2,3,3,3,2,5,3,1,1,2,2,1,1,2,2,1,2,3,1,3,1,1,1,2,3,1,1,1,2,2,1,3,2,3,2,1,1,1,1,1,1,1,3,3,3,3,3,1,1,3,3,1,1,1,3,2,2,2,2,2,2,1,1,3,3,3,2,3,2,3,2,1,2,1,3,4,2,4,2,1,2,3,1,1,2,1,2,2,1,2,2,2,3,1,1,2,2,4,3,4,5,4,4,2,2,3,1,1,1,2,2,1,1,2,1,3,5,2,3,4,2,1,2,2,2,4,1,2,2,4,4,1,2,1,1,2,2,1,1,1,1,3,2,1,1,2,2,3,3,3,1,3,3,2,1,3,2,1,2,2,2,4,3,2,1,2,1,2,2,1,1,1,1,1,1,3,3,4,1,3,3,2,2,3,1,1,1
CluIDFG21G_1719,2,1,2,2,4,4,1,2,1,1,3,1,3,1,4,4,2,1,3,3,1,2,1,2,1,1,1,4,1,3,2,2,2,1,2,2,1,1,3,3,2,3,3,3,1,3,3,2,1,2,3,4,2,2,1,3,2,1,1,1,2,3,1,5,2,3,2,1,3,2,1,3,2,3,3,3,3,3,1,3,2,3,2,2,2,2,3,4,1,3,2,2,3,3,3,3,4,1,1,1,2,2,2,1,3,1,2,2,4,2,1,3,1,2,2,1,3,2,4,3,3,2,3,2,2,2,2,1,4,1,2,1,3,2,1,2,4,1,2,3,1,1,2,1,3,3,5,3,2,1,1,2,1,2,1,2,3,1,2,2,1,2,2,1,2,2,1,1,3,3,2,1,2,3,2,2,2,1,1,1,1,3,2,2,2,1,1,1,1,2,2,1,4,4,3,2,1,1,2,2,2,4,1,1,1,2,1,2,1,1,4,1,2,3,2,1,1,2,3,1,3,3,3,2,3,3,1,2,1,1,3,2,1,2,2,3,1,2,1,1,3,2,1,3,1,1,3,3,4,2,3,3,1,1,3,2,1,1,1,2,1,3,1,3,2,1,2,1,4,4,2,3,1,1,1,1,2,2,1,1,3,3,3,3,1,1,3,2,3,4,2,1,1,1,3,3,2,1,1,2,2,1,1,2,2,3,3,3,3,2,3,2,3,1,1,2,2,1,2,2,3,3,2,2,2,2,3,1,2,1,3,3,4,1,2,5,2,2,1,1,2,2,2,1,2,2,2,1,1,2,1,3,1,2,1,1,1,1,2,1,1,2,2,3,1,1,1,3,4,2,3,3,1,1,3,3,1,1,3,4,1,3,1,1,2,2,2,2,2,1,1,3,3,3,2,2,3,3,1,1,1,1,1,2,2,3,1,3,1,2,2,2,1,1,3,2,1,2,3,1,4,4,1,2,1,3,3,3,3,3,2,2,2,1,2,1,3,3,3,3,2,1,3,3,2,3,3,3,4,2,5,5,2,2,3,1,1,1,1,2,2,1,2,2,1,1,1,2,2,2,3,2,2,2,5,1,3,3,3,1,1,2,1,2,1,3,1,2,3,4,2,2,2,4,2,1,2,2,2,4,3,2,2,2,2,2,1,1,2,3,1,1,2,2,3,2,1,3,1,2,3,1,2,2,1,2,2,2,2,3,3,3,3,2,4,3,2,1,1,1,2,3,2,4,1,1,3,3,3,1,2,3,1,2,3,3,3,1,1,1
CluIDFG21G_1720,2,2,2,1,1,1,3,3,2,2,2,3,3,3,4,2,1,2,2,2,3,3,1,1,1,3,4,4,1,1,2,2,2,1,3,2,1,3,1,3,3,1,3,1,1,3,3,2,1,1,3,3,2,1,2,3,2,2,2,1,2,2,5,2,4,2,4,1,2,2,2,3,1,2,3,3,2,3,3,3,3,3,1,2,2,3,4,4,3,2,1,1,3,1,1,1,3,3,1,2,2,2,2,2,2,3,1,2,1,4,3,1,2,2,1,1,2,3,4,4,1,3,2,2,2,2,2,1,4,3,2,2,3,3,1,2,3,1,2,3,2,1,1,2,3,3,3,3,1,2,2,2,1,3,4,1,2,1,1,2,2,3,2,1,3,3,3,1,3,3,1,1,3,3,3,3,2,2,4,1,2,2,1,1,3,1,2,1,2,1,1,1,7,7,2,2,1,1,2,2,2,2,3,2,1,3,2,1,1,1,1,2,2,1,2,1,2,1,1,3,3,3,3,4,4,3,1,2,1,2,1,2,1,1,2,2,2,2,1,2,1,3,1,1,2,3,3,3,4,2,1,2,2,1,2,3,1,1,2,2,4,2,2,1,3,1,2,3,4,4,1,2,2,1,2,2,3,3,1,2,3,3,3,2,1,1,3,2,2,4,2,2,4,5,3,3,3,1,1,2,2,1,1,2,2,3,1,1,2,2,2,3,2,1,1,1,2,2,2,2,4,3,1,1,1,1,2,1,3,1,3,3,4,1,1,2,2,2,1,2,2,1,1,2,3,2,2,2,1,2,1,3,2,2,1,1,1,1,2,2,1,3,2,2,1,2,3,2,3,2,2,2,1,2,3,3,2,3,5,4,1,3,2,1,1,1,1,1,2,2,3,2,1,3,2,1,3,2,1,3,2,1,2,1,3,3,2,2,1,1,2,2,1,1,3,2,2,1,3,2,4,1,3,1,1,3,3,4,3,1,2,2,2,2,2,1,1,3,1,2,3,2,3,2,2,3,4,2,2,4,2,5,2,1,3,3,1,1,1,1,2,2,3,2,1,1,2,2,1,2,2,3,4,2,2,5,4,2,1,3,2,2,1,2,1,2,1,1,5,3,2,3,1,1,2,2,1,2,2,4,4,3,1,2,2,2,2,2,1,2,4,1,2,2,3,3,2,2,3,1,3,3,3,3,1,1,2,2,2,2,3,3,3,1,4,4,2,1,2,3,1,3,4,1,2,1,1,2,2,3,4,3,1,1,3,3,3,3,2,2
CluIDFG21G_1725,1,1,1,1,1,4,3,1,2,2,1,2,1,1,4,2,2,1,2,3,2,2,2,2,1,1,2,2,1,1,2,2,1,2,2,1,3,1,2,2,1,1,3,3,3,3,2,2,2,2,3,3,1,2,2,2,2,1,1,2,1,2,2,3,1,2,3,1,2,3,3,2,3,2,2,3,3,2,1,2,1,3,1,2,2,3,5,3,1,1,2,2,1,3,3,1,3,3,2,2,1,1,2,2,3,3,2,2,2,4,3,3,2,2,1,2,1,1,3,4,2,3,3,2,1,2,3,2,2,4,1,2,3,3,2,2,4,3,2,3,2,1,1,2,3,3,1,1,2,2,2,1,3,3,2,1,1,1,1,1,3,3,2,1,3,2,3,1,1,3,1,2,3,3,3,3,1,1,2,1,2,1,1,1,2,2,2,2,1,2,1,2,2,4,2,2,1,1,1,1,1,2,2,1,1,2,2,2,1,1,4,4,3,1,2,2,2,2,1,1,2,3,3,4,3,1,2,1,1,1,3,1,1,1,1,2,1,1,1,1,2,2,2,2,2,2,3,3,4,1,2,3,2,1,3,3,1,1,2,2,1,2,3,1,3,3,3,2,2,4,2,2,3,1,2,2,2,3,1,2,3,3,2,3,2,2,3,2,4,3,2,1,1,3,1,1,3,2,3,1,1,1,1,1,1,2,3,1,2,2,1,1,3,3,1,1,1,1,2,2,3,4,1,1,1,1,3,3,3,3,1,3,2,1,2,2,2,2,1,2,2,2,1,1,2,1,3,2,1,2,3,1,5,2,2,1,2,1,2,2,3,1,3,3,3,1,3,2,4,1,3,2,2,2,5,3,2,1,3,4,3,3,1,2,1,1,1,1,2,2,2,2,2,1,1,2,2,3,3,1,2,2,1,1,2,2,3,2,1,2,1,1,1,1,3,2,2,3,2,1,1,3,2,3,3,3,4,2,1,2,2,1,2,2,2,1,3,3,3,3,2,2,2,3,3,3,3,2,1,1,2,5,1,3,1,3,2,2,1,1,2,1,1,1,3,2,1,2,2,1,2,4,5,5,2,5,1,1,3,2,1,3,1,1,1,1,2,2,3,3,1,2,1,1,2,1,2,1,4,4,4,2,2,3,2,3,1,1,3,1,1,3,2,1,3,3,1,1,4,3,2,3,3,3,1,1,2,2,1,2,3,2,2,1,2,4,1,2,2,1,1,1,4,1,2,2,3,3,2,2,4,3,1,1,1,2,3,1,1,1
CluIDFG21G_1728,2,2,1,1,1,2,3,1,2,2,1,1,4,3,3,4,1,2,1,3,2,2,2,2,1,1,4,2,1,1,2,3,2,2,2,1,3,2,2,3,3,2,1,1,1,1,1,1,2,1,3,3,1,2,2,3,2,1,1,2,3,3,1,4,3,3,1,1,1,3,1,2,3,3,3,3,1,1,3,3,3,2,2,2,2,2,2,4,2,1,2,2,3,1,3,3,4,4,1,1,3,1,2,3,1,1,1,2,1,2,3,3,2,3,1,1,2,1,3,3,1,1,3,2,2,2,3,2,2,2,2,2,3,2,1,2,2,3,1,2,2,1,1,1,1,3,1,3,2,1,1,2,1,1,2,1,1,1,2,1,3,2,1,2,2,3,1,1,3,1,2,1,2,3,1,3,2,2,2,4,3,1,3,2,3,1,1,1,1,2,1,1,4,7,3,3,1,1,2,1,4,2,2,3,1,3,1,2,1,1,4,2,1,2,1,2,1,2,2,1,2,3,3,4,1,2,1,2,2,2,2,3,2,2,1,2,1,1,1,2,3,3,2,2,1,1,3,3,4,1,2,3,1,1,3,3,1,1,2,2,4,1,1,2,1,2,3,2,2,5,1,2,3,3,2,1,3,2,1,1,3,2,3,2,2,2,3,3,3,2,1,2,4,4,1,3,2,2,1,2,1,1,1,2,1,2,3,3,2,3,2,1,2,1,1,1,2,1,2,1,3,3,2,1,1,1,3,3,2,3,3,1,1,2,3,2,2,1,2,1,2,1,1,1,1,2,3,2,1,2,2,3,4,1,1,1,2,1,1,1,1,2,1,3,3,1,3,1,2,3,3,3,2,1,2,3,1,1,4,4,1,3,2,1,1,1,1,1,2,2,3,2,3,1,1,2,3,3,3,3,1,2,1,1,1,2,2,3,2,1,1,2,2,1,2,2,2,3,3,2,1,1,1,2,1,1,3,1,2,2,2,1,1,2,2,2,3,3,3,3,2,2,2,3,3,3,5,3,4,2,5,5,1,2,2,3,1,1,2,2,2,1,1,1,2,1,1,1,1,2,3,3,2,2,2,4,2,3,3,3,1,3,2,2,1,1,2,1,4,2,2,3,1,2,2,2,1,1,4,4,4,4,2,1,3,2,1,1,2,3,1,1,1,2,2,2,1,3,3,4,3,2,3,3,1,3,1,2,2,2,3,3,1,3,3,4,2,3,3,3,4,3,1,2,1,2,1,2,3,3,1,3,1,1,3,1,2,3,1,2
CluIDFG21G_1730,2,2,2,3,1,4,3,1,1,1,3,2,3,3,3,2,1,2,2,1,2,3,1,2,1,3,4,2,1,1,3,3,2,1,1,2,1,4,1,3,2,3,2,1,1,3,2,2,2,2,3,4,2,2,3,1,2,2,2,2,2,3,5,2,2,2,4,1,2,1,3,1,3,3,3,2,1,3,3,1,3,3,2,1,2,1,2,5,2,3,2,2,3,3,2,2,4,2,3,3,2,2,1,2,1,2,1,1,4,1,3,1,1,2,1,2,2,3,4,4,1,3,2,2,3,2,2,3,3,2,1,1,1,1,2,2,2,2,2,2,2,2,1,1,1,1,5,5,1,1,2,2,1,3,4,2,1,3,2,2,3,2,2,1,2,3,3,2,3,3,1,1,3,3,3,3,1,1,1,4,3,2,2,2,1,3,1,1,2,2,1,1,6,6,3,3,1,1,2,1,4,1,1,1,1,1,3,4,3,2,4,1,1,3,2,2,2,1,2,3,3,2,3,4,4,1,2,1,1,1,3,1,2,2,3,1,1,1,2,1,3,2,1,1,1,2,3,2,1,2,3,2,1,1,3,2,2,2,2,2,1,4,1,2,3,1,3,2,4,1,2,1,2,2,1,2,3,1,2,2,2,3,3,1,1,1,2,2,3,3,1,1,4,1,3,2,3,3,2,3,2,2,1,1,2,1,1,1,2,2,3,1,1,3,1,2,1,1,1,1,4,4,1,1,1,1,3,3,4,1,3,1,2,1,3,4,2,1,2,1,2,1,1,2,2,1,1,3,2,1,1,3,5,5,2,1,2,2,2,1,1,1,3,3,1,3,2,1,3,4,3,2,2,1,2,1,3,2,3,3,3,3,1,1,1,1,1,2,1,2,2,1,1,1,1,1,3,2,1,1,1,2,2,2,3,2,3,2,2,2,2,2,2,3,2,3,2,2,1,1,3,3,3,2,3,1,3,4,3,2,2,2,3,2,1,1,1,3,2,3,3,2,3,3,2,2,4,2,2,4,1,5,3,1,3,2,2,2,1,1,2,2,1,2,1,1,2,2,1,1,2,4,2,2,1,3,4,1,2,3,1,1,2,1,1,3,2,1,2,2,3,2,1,1,1,2,1,1,3,4,2,4,2,4,1,2,2,1,3,2,1,3,2,1,3,3,3,3,2,2,3,1,2,1,1,3,2,1,2,2,3,3,1,3,4,3,2,2,1,1,2,4,2,2,2,2,2,2,3,1,4,3,2,3,3,3,2,3,2,2
CluIDFG21G_1732,2,1,2,2,1,1,3,3,2,1,3,1,3,1,2,4,2,2,1,3,3,3,2,1,2,1,4,2,1,1,3,2,2,1,2,1,1,2,2,1,3,1,3,3,3,1,2,2,2,2,4,3,2,2,2,2,1,2,2,1,2,1,3,5,3,3,3,1,2,3,3,3,2,3,3,2,3,1,1,2,3,3,1,2,2,3,4,4,1,2,1,2,1,1,1,3,2,3,2,1,3,1,2,3,1,1,1,1,4,4,1,1,3,2,2,2,3,3,4,1,3,1,3,2,2,2,1,2,4,1,2,2,3,3,1,2,3,3,3,2,2,2,1,1,3,3,3,3,1,2,2,1,2,1,2,4,1,2,2,1,2,3,2,2,2,2,1,3,3,3,1,1,2,3,3,3,2,1,2,2,1,2,1,1,1,1,1,1,2,1,1,2,4,7,2,2,1,2,2,1,1,3,4,2,1,1,4,4,2,1,4,1,3,1,1,1,2,1,2,3,3,3,4,2,3,1,1,2,2,1,2,2,2,1,2,2,1,2,2,1,1,2,3,1,3,3,3,3,4,1,3,2,1,1,2,3,2,1,2,2,2,1,1,1,3,3,2,2,2,1,1,1,2,1,2,2,2,1,1,2,3,2,3,3,2,2,2,2,3,3,2,2,3,1,1,1,3,3,3,3,2,1,1,2,2,1,2,3,2,2,1,1,1,2,2,1,3,2,2,1,2,3,1,1,2,1,3,3,2,2,3,2,3,3,5,1,2,2,2,1,2,2,2,1,2,2,2,2,1,2,1,3,4,5,1,2,2,1,2,2,1,2,3,3,1,1,1,3,2,4,2,2,2,1,1,1,3,2,3,3,3,3,1,1,2,1,2,1,1,1,3,2,3,1,2,2,3,3,1,3,2,1,3,2,2,3,3,3,1,2,1,1,1,1,2,3,1,1,2,3,3,3,2,3,3,1,4,3,3,3,2,2,3,2,1,2,3,3,2,3,3,2,3,1,1,1,3,3,4,2,5,4,3,2,2,1,1,1,1,2,2,2,1,1,3,3,1,1,2,1,3,4,2,5,5,4,3,2,3,2,3,2,1,1,1,1,2,1,2,2,3,2,3,2,1,2,1,2,1,2,4,4,2,1,2,3,1,2,2,3,3,3,2,1,3,3,3,1,3,2,2,3,1,3,1,2,2,1,2,3,3,3,2,2,3,1,2,1,2,3,3,4,1,3,2,1,1,1,2,1,2,1,2,1,2,3,2,3,2,2
CluIDFG21G_1736,1,1,2,1,4,4,1,2,1,1,1,1,2,3,3,3,3,1,2,5,3,3,1,1,2,1,2,2,1,1,3,2,3,2,1,1,3,3,1,1,3,2,1,1,3,1,2,1,1,1,4,4,1,2,2,2,1,1,2,1,2,2,5,4,1,3,1,3,2,3,2,2,3,3,2,3,3,3,1,3,2,3,2,2,2,2,4,4,3,2,2,2,1,3,2,2,4,4,1,1,2,2,3,3,1,1,2,2,4,4,3,3,2,2,2,2,1,3,1,3,1,2,3,3,2,3,2,1,2,1,1,1,1,1,1,2,1,4,2,2,1,2,1,1,2,2,1,3,4,2,2,1,3,3,2,2,3,1,2,2,2,3,2,1,2,2,1,2,3,4,2,2,3,3,3,3,2,2,1,4,2,2,2,1,2,3,1,2,1,1,2,1,7,4,3,2,1,1,1,1,3,4,1,1,3,1,4,4,1,2,2,4,1,2,2,2,1,2,3,1,3,2,4,3,1,1,2,1,1,1,2,2,1,1,2,1,1,1,1,2,2,3,3,2,2,3,3,3,3,1,3,1,1,1,2,2,1,1,1,2,4,2,2,2,2,1,2,1,2,4,1,1,3,3,2,2,2,2,2,2,2,1,2,1,2,1,2,2,3,3,1,1,1,3,2,3,2,2,2,2,1,1,1,1,2,2,3,1,3,3,1,2,3,1,2,1,1,1,2,2,3,4,1,1,2,1,2,3,1,1,1,3,2,1,2,2,2,2,1,1,1,1,1,1,1,1,3,3,1,2,1,3,1,1,1,1,1,2,2,2,2,2,3,3,1,1,2,2,4,4,3,1,1,2,1,5,1,3,3,3,3,1,2,1,2,1,2,2,2,2,1,2,3,3,2,2,3,3,3,1,2,2,2,1,2,1,3,3,1,2,1,1,2,3,2,2,1,3,2,3,3,3,3,2,3,1,3,4,1,3,2,2,2,3,2,1,1,3,1,3,3,3,2,2,1,1,3,3,4,2,2,1,1,1,3,1,2,1,2,2,2,2,1,2,1,1,2,2,2,1,2,2,2,5,4,2,2,2,2,2,1,1,1,1,2,1,2,1,2,2,2,2,2,2,1,1,2,2,4,4,4,4,3,2,2,2,1,2,3,2,1,1,2,2,2,2,1,1,2,2,3,3,3,1,1,3,1,2,2,2,2,3,2,1,3,2,2,1,3,2,3,4,1,1,3,2,1,3,2,2,1,1,3,3,2,3,2,2,1,1
CluIDFG21G_1738,2,1,1,1,4,4,3,2,1,2,1,1,1,1,3,2,1,1,2,2,2,2,3,3,2,2,4,4,4,4,2,2,2,2,1,2,1,2,3,2,2,3,3,3,1,1,3,2,2,1,2,3,2,2,1,1,1,2,1,2,1,3,4,2,2,3,2,1,2,2,2,2,3,3,3,3,2,3,2,1,3,1,1,1,2,2,5,4,1,1,2,2,3,1,1,2,3,2,2,2,1,3,3,1,3,3,1,2,4,4,3,3,3,3,2,2,3,2,4,3,1,1,2,3,2,1,3,1,4,4,2,2,3,2,1,1,1,2,3,2,1,2,1,1,2,3,1,3,3,2,1,1,3,1,2,2,2,3,1,2,2,2,2,1,1,2,3,2,3,1,2,1,3,2,3,2,1,1,2,1,1,3,2,3,1,2,1,1,2,2,1,2,2,4,3,3,1,1,1,1,2,2,1,3,3,3,1,2,1,2,2,2,1,1,1,2,2,1,4,2,1,1,4,4,1,3,1,1,1,1,2,2,2,2,1,1,1,1,2,1,3,2,2,3,2,2,2,3,3,2,3,2,1,2,3,2,1,1,1,2,3,4,3,3,1,1,2,3,1,1,1,1,3,3,2,1,3,2,2,2,1,3,1,3,2,2,2,3,3,2,2,1,4,3,3,3,2,2,3,2,1,2,2,2,2,2,3,1,2,3,2,2,2,2,1,1,2,2,1,1,4,3,1,2,2,1,3,3,5,5,1,3,4,1,2,1,1,2,2,2,2,2,1,1,2,2,3,2,1,2,3,1,5,4,1,1,2,1,2,2,1,1,2,2,1,2,2,3,3,3,1,3,2,2,3,3,1,1,3,5,2,3,1,2,1,1,2,2,1,2,2,1,1,2,2,2,3,3,1,1,2,1,2,1,1,3,2,3,2,2,2,1,2,3,3,2,2,2,1,2,4,3,2,2,3,3,3,1,1,1,1,2,2,2,1,2,2,3,3,3,2,2,3,1,3,1,3,3,3,2,2,1,3,1,1,3,1,1,1,1,1,2,2,1,2,3,1,2,2,2,3,2,2,4,5,4,4,2,2,3,1,1,1,2,1,3,1,2,2,4,2,2,2,1,1,2,1,2,4,2,2,4,4,2,3,2,2,2,3,3,3,1,2,1,3,2,3,1,1,2,3,3,2,1,1,1,2,2,3,3,3,1,2,2,1,1,1,2,2,2,4,3,2,2,3,3,2,3,2,3,1,3,3,1,3,3,1,1,2,2
CluIDFG21G_1739,1,2,2,3,4,4,3,2,2,2,2,2,3,3,4,3,3,3,1,5,2,3,1,2,1,2,4,2,2,4,2,3,2,3,2,1,1,1,2,2,4,1,3,3,3,3,2,2,1,1,3,4,2,2,3,2,1,1,1,1,2,2,4,4,1,2,2,1,2,2,2,2,2,3,2,4,3,1,1,2,3,3,2,1,1,1,2,1,2,1,1,1,3,1,1,1,4,3,3,2,2,3,1,2,3,3,2,2,4,4,2,3,3,2,2,2,1,2,1,1,2,1,2,2,2,2,1,3,1,3,2,2,3,3,2,2,1,2,2,2,1,2,2,2,2,3,5,3,1,2,1,2,2,3,4,1,1,1,2,2,2,3,1,1,2,2,3,3,1,1,1,1,1,3,2,2,2,1,4,2,2,1,2,1,2,1,1,1,1,2,1,2,4,4,2,3,1,1,2,2,2,2,2,1,3,1,4,4,1,2,3,1,3,1,2,1,1,2,4,2,1,1,2,3,4,1,1,2,2,2,2,3,1,1,3,3,1,1,2,2,1,2,1,3,1,3,3,3,1,1,3,3,1,1,3,3,2,2,2,1,2,4,1,3,3,1,1,2,4,4,1,2,3,2,2,2,2,2,1,2,3,3,2,3,2,1,2,3,3,3,2,1,5,4,3,3,2,2,1,2,1,1,2,2,2,2,3,3,2,2,2,1,2,3,2,2,2,2,1,1,1,3,2,1,2,2,2,2,1,1,3,3,5,4,1,1,3,1,2,2,2,1,2,2,2,2,2,2,1,2,3,1,5,1,2,1,2,1,1,2,1,2,3,3,1,1,3,2,4,4,3,3,2,2,3,5,2,3,4,2,3,3,2,1,1,2,1,1,2,2,2,2,2,1,2,2,3,2,3,1,2,2,1,2,2,3,2,2,1,2,2,1,1,2,2,3,2,2,3,1,4,3,1,3,3,3,4,4,2,3,2,2,1,2,3,2,1,3,3,3,3,2,3,3,3,2,5,5,2,4,2,3,2,1,1,1,1,1,2,1,1,2,2,1,1,1,1,2,1,1,2,3,2,2,1,2,3,1,3,2,2,1,1,1,1,1,1,2,5,2,2,2,2,1,1,2,2,1,2,1,4,3,4,1,2,3,1,1,2,3,3,1,2,1,3,1,1,1,3,1,3,1,1,3,1,1,3,2,2,2,3,3,1,1,3,4,1,2,3,1,4,2,4,4,1,3,3,2,3,3,1,3,1,1,2,2,2,2,1,2
CluIDFG21G_1745,2,2,1,1,1,4,3,2,2,2,1,1,3,1,4,4,2,2,1,3,3,3,1,2,3,2,4,4,1,1,3,2,2,3,2,1,1,2,2,1,2,2,3,1,3,3,2,2,2,1,4,3,2,2,3,3,1,1,1,2,2,2,1,4,3,2,1,1,3,2,3,2,2,3,3,3,1,2,1,1,3,3,2,2,3,2,4,2,3,3,2,1,1,2,3,1,3,2,1,1,2,2,3,1,1,1,2,1,4,4,1,3,2,1,2,2,3,3,4,3,1,3,2,3,2,2,1,2,2,1,3,1,3,3,1,2,1,3,2,1,1,2,2,1,1,2,3,3,1,1,1,1,1,1,2,2,2,1,1,2,3,3,2,2,2,2,1,1,3,3,1,1,2,3,3,3,2,1,2,2,2,1,3,1,2,1,1,2,1,2,2,1,6,4,2,2,1,1,1,1,1,3,1,2,1,1,4,2,3,1,2,4,1,2,2,1,2,2,3,2,1,2,1,4,3,1,1,1,1,1,2,3,1,1,1,3,1,1,1,2,3,3,3,1,1,3,3,3,4,1,3,2,1,1,3,3,1,1,2,2,1,2,2,1,3,1,2,2,4,4,1,2,1,3,1,2,2,2,1,1,3,2,2,2,1,2,2,3,1,3,1,2,1,3,2,3,2,2,3,2,2,1,1,1,2,2,1,3,2,2,1,3,2,1,2,1,2,2,2,2,3,4,1,1,2,2,3,3,5,5,3,1,5,4,1,4,3,2,1,2,2,2,1,3,3,2,1,2,1,1,1,1,5,2,2,2,1,2,2,2,1,1,2,3,1,2,2,3,2,4,2,1,1,2,5,2,3,2,1,1,1,2,2,2,2,1,1,1,1,1,1,3,3,2,1,2,3,3,2,3,2,1,3,1,1,2,3,2,1,1,1,1,2,1,2,2,2,1,3,1,2,1,3,3,3,3,3,1,1,1,2,2,4,3,1,1,2,2,3,3,2,2,1,3,2,3,3,3,4,1,4,2,1,2,1,1,1,2,2,2,2,2,1,2,3,1,2,2,2,2,3,2,5,2,4,4,3,4,2,2,1,2,2,2,1,5,2,1,2,2,1,2,3,1,2,1,2,2,1,1,4,4,2,2,2,2,2,1,2,2,1,1,1,2,3,1,3,1,3,2,1,2,3,2,1,1,4,2,3,1,3,3,2,2,3,1,3,2,1,1,3,4,2,1,2,1,2,3,2,1,4,1,3,2,2,3,2,1,1,2
CluIDFG21G_1747,1,2,2,1,1,1,3,1,1,2,1,1,3,2,3,3,1,3,3,5,2,3,2,1,2,2,4,1,2,1,2,2,2,2,1,1,1,1,1,1,2,2,3,1,3,3,2,2,2,1,4,4,2,2,3,1,1,1,1,1,1,2,5,4,3,2,1,2,2,3,2,2,3,3,4,4,2,1,1,1,2,3,2,2,2,2,4,2,1,1,2,2,1,1,2,2,4,3,2,1,1,2,2,3,1,3,2,2,2,4,2,3,3,3,2,2,2,1,4,1,1,3,2,2,2,2,3,3,4,2,2,3,3,1,1,2,1,3,2,1,1,2,2,1,2,2,3,5,1,2,1,2,3,1,2,2,1,3,2,2,2,1,2,1,1,3,1,3,3,1,1,3,3,3,3,3,1,1,4,1,1,2,1,3,2,3,1,2,2,2,2,2,7,4,3,2,1,2,1,2,4,3,1,1,1,1,3,4,2,3,2,2,2,2,2,2,2,1,2,2,3,3,2,4,4,3,1,2,2,1,2,2,2,2,2,2,1,1,1,2,3,3,2,3,2,1,3,2,4,1,2,2,1,1,2,2,1,2,2,2,2,2,2,3,1,1,2,2,4,1,1,2,3,3,2,2,2,2,2,1,2,1,3,1,1,1,3,3,1,3,2,1,3,1,2,3,2,2,1,1,1,1,1,1,2,1,1,3,3,1,1,2,2,2,2,1,3,2,1,1,4,3,2,2,1,2,1,2,2,3,3,2,4,1,2,2,1,2,2,2,2,1,2,1,2,1,3,3,1,2,2,1,4,2,1,1,2,2,2,2,1,1,3,3,3,1,1,3,2,4,3,2,1,2,3,1,2,3,4,5,3,1,1,2,2,2,2,2,2,2,2,3,2,1,2,1,3,3,3,1,2,1,1,2,2,3,2,3,2,1,1,1,1,2,2,2,3,1,3,2,3,1,2,3,1,3,3,3,3,2,1,2,3,3,1,3,1,1,1,3,2,2,3,3,2,3,2,3,3,4,1,3,2,1,1,1,2,1,1,2,1,2,2,1,1,2,1,2,1,1,4,3,2,4,4,1,2,1,2,1,2,1,1,1,1,1,2,1,4,5,3,2,1,2,1,2,1,1,4,3,4,4,2,2,3,2,1,1,3,2,1,1,2,2,1,2,1,2,2,3,1,3,2,2,1,1,4,4,2,2,1,2,1,1,2,2,2,2,2,2,3,1,2,1,3,2,2,3,1,1,1,1,3,1,1,2,2,2,2,1
CluIDFG21G_1758,2,2,2,3,4,4,2,3,2,2,3,1,3,1,3,3,3,1,2,2,3,3,1,2,2,2,2,4,2,1,3,2,2,2,2,2,3,3,3,3,4,2,3,1,3,1,2,1,1,1,3,1,2,1,3,2,2,2,1,2,3,1,3,5,2,2,2,1,2,3,2,3,3,3,3,2,3,2,3,1,3,1,2,2,3,3,5,5,2,1,1,2,3,3,2,2,3,2,1,2,3,2,2,2,1,2,2,2,4,3,3,3,1,2,1,1,1,1,3,4,2,1,2,2,2,1,1,1,1,2,3,2,3,2,2,1,4,2,1,2,1,1,2,1,1,3,1,5,1,2,1,1,3,1,1,2,1,1,1,2,2,3,2,2,1,3,1,3,3,1,1,2,3,3,3,3,2,2,1,1,2,2,1,3,3,3,1,2,2,1,1,2,7,4,3,2,1,1,2,1,2,1,2,1,2,1,2,3,3,1,4,1,1,3,1,1,1,1,3,1,3,3,2,3,4,3,2,2,1,1,1,3,2,1,1,2,1,2,2,2,1,2,2,3,1,2,3,3,2,3,2,3,1,1,2,3,2,1,2,1,1,2,1,1,3,2,3,1,4,2,1,1,1,2,1,1,3,2,2,2,3,1,3,3,2,1,2,3,3,2,1,2,2,1,3,3,2,3,3,1,2,2,1,2,2,2,3,3,2,2,1,3,1,2,2,2,3,2,2,2,3,3,2,1,1,1,2,2,1,1,1,2,4,2,2,5,3,3,2,2,2,1,1,1,2,2,3,3,1,2,3,3,2,1,1,1,2,2,2,2,3,1,3,3,3,1,3,3,4,2,2,2,1,1,1,3,1,2,5,4,3,3,1,1,2,1,2,1,2,2,2,3,1,2,2,2,1,2,3,1,2,1,2,3,2,2,2,3,2,2,2,2,2,1,3,4,1,2,3,2,3,1,2,3,3,3,2,4,2,2,2,2,1,4,1,1,3,2,2,3,3,2,3,3,3,2,3,5,1,2,4,4,1,3,3,2,2,1,1,1,1,2,2,2,2,2,1,1,1,2,1,3,5,5,2,1,1,3,3,2,1,3,1,1,1,1,1,2,4,2,2,2,1,2,2,2,1,2,2,4,3,4,4,1,3,1,1,2,3,3,1,3,1,2,3,3,2,3,3,2,3,3,1,3,1,2,2,3,1,3,3,1,1,1,3,3,2,2,1,2,1,2,1,2,1,2,3,2,1,2,1,3,2,1,2,3,2,2,1,1
CluIDFG21G_1761,2,2,1,3,4,4,3,1,1,1,3,1,4,1,3,2,2,3,5,3,3,3,1,2,2,2,4,3,1,1,2,3,3,1,3,3,3,2,1,2,1,2,1,3,3,1,2,2,1,2,3,2,2,1,3,1,2,2,1,1,2,2,1,4,2,3,2,1,2,3,2,2,3,3,3,3,3,3,1,1,3,1,1,1,2,1,2,5,1,3,2,2,2,3,3,1,3,4,1,1,2,2,2,2,3,1,2,1,4,2,2,1,2,2,1,1,1,2,4,1,3,1,1,2,1,3,3,2,2,4,2,2,3,3,2,2,3,1,2,2,1,2,1,2,1,2,1,5,3,1,1,1,3,3,1,2,3,1,1,1,2,2,2,2,2,2,3,1,3,3,1,1,3,3,1,3,1,1,4,4,2,2,2,2,3,2,1,2,2,2,2,1,7,3,2,2,1,2,2,2,2,3,3,4,3,1,4,1,3,1,2,2,2,2,2,2,1,1,2,3,2,1,3,2,2,3,1,1,1,2,2,1,2,2,3,2,1,1,2,1,2,3,2,3,1,3,3,3,4,4,2,1,1,1,2,3,2,2,2,1,2,4,2,1,3,3,2,2,4,4,1,2,1,1,2,1,3,3,1,2,2,3,3,2,1,2,2,3,2,3,1,2,3,2,3,3,3,3,3,3,2,2,2,2,2,1,4,3,2,2,3,1,3,2,1,1,2,3,1,1,4,2,2,1,2,2,3,3,3,1,3,3,1,2,2,2,2,2,2,2,1,2,2,1,1,2,3,2,2,1,3,3,1,4,1,1,1,1,1,1,1,2,2,3,3,1,2,2,4,3,2,3,1,2,1,2,1,3,4,3,3,3,1,2,1,1,2,2,2,1,2,2,1,1,1,2,3,2,1,1,1,2,1,2,3,3,2,3,2,2,2,2,2,1,2,2,2,3,2,1,2,4,2,2,1,3,1,3,3,2,2,2,1,2,1,1,1,3,1,3,3,2,1,3,2,1,3,3,3,2,3,2,1,1,3,1,2,1,2,1,1,2,3,1,3,3,1,1,1,1,3,3,5,5,2,4,2,4,2,2,1,3,2,1,2,2,1,1,2,1,2,1,1,3,2,1,1,2,3,2,3,4,2,2,2,2,1,2,2,3,1,3,2,2,3,2,1,3,2,2,2,2,2,3,3,2,2,2,2,3,3,2,2,2,4,3,1,2,3,2,1,2,4,4,2,1,1,3,3,3,3,1,3,3,2,2,2,2,1,1
CluIDFG21G_1770,2,2,2,2,4,4,2,2,1,1,1,2,4,3,4,4,1,2,3,3,1,3,1,1,3,2,2,4,4,1,2,2,1,1,1,3,3,4,3,3,1,2,3,3,1,1,2,2,2,2,3,4,2,1,1,2,2,2,2,2,2,2,2,4,2,1,1,4,2,2,2,3,2,3,3,3,2,2,1,1,2,1,2,2,1,2,2,2,1,2,2,1,1,1,1,1,2,4,3,1,1,3,2,2,3,3,2,2,4,4,2,1,3,2,1,2,1,2,1,1,3,1,1,2,3,1,3,3,4,2,3,2,3,1,2,1,1,3,2,2,1,1,2,2,2,2,3,3,1,2,1,1,2,3,1,4,1,1,1,2,2,3,1,3,2,2,1,3,3,1,2,1,2,3,3,3,1,1,1,1,1,1,2,2,2,2,2,2,2,2,2,2,4,1,3,3,1,1,2,1,4,3,4,1,1,1,4,4,1,3,2,2,1,3,2,1,1,2,2,3,3,1,3,4,4,2,2,1,2,1,1,1,2,2,3,1,1,1,2,2,3,2,1,2,2,2,2,2,1,4,2,3,1,1,2,3,1,2,2,2,3,3,2,1,2,3,2,2,4,1,1,1,2,2,1,2,2,3,1,2,3,2,2,2,2,1,2,2,3,4,1,1,3,3,1,1,1,3,1,3,2,2,2,2,2,2,3,3,3,2,3,1,2,1,2,2,2,2,1,1,2,4,1,2,1,2,3,3,1,5,3,2,5,5,1,2,2,1,2,3,1,2,1,2,2,2,2,3,1,1,3,1,5,2,1,2,2,1,1,2,1,3,3,3,1,3,1,2,3,4,3,3,2,1,1,3,1,3,4,5,3,1,2,1,1,2,1,2,1,2,2,1,1,1,2,2,3,1,1,1,1,1,2,2,2,3,3,3,2,1,1,2,3,1,3,2,1,3,3,3,3,4,2,2,3,2,4,3,3,2,2,2,2,1,3,1,3,1,3,3,1,1,2,3,2,1,3,3,4,2,2,5,2,1,3,3,2,2,1,1,2,2,2,2,2,3,2,2,2,1,2,3,5,2,2,2,3,4,2,2,2,2,1,2,1,1,2,1,5,2,2,3,1,1,1,2,2,2,1,4,3,3,2,4,2,1,2,1,2,2,3,3,1,1,3,3,3,3,4,2,2,3,3,3,3,1,2,2,2,3,3,1,1,1,3,2,2,2,1,3,1,3,2,1,1,1,3,2,2,2,4,4,3,1,3,3,2,1,1,1
CluIDFG21G_1771,2,1,1,2,4,4,1,2,1,2,1,1,1,3,4,2,2,2,2,2,3,3,1,1,1,3,2,4,1,4,2,2,3,1,3,1,1,3,3,3,2,3,2,3,3,1,2,2,2,2,3,1,2,2,2,1,1,2,1,2,3,2,4,5,4,2,4,1,2,1,2,2,3,3,3,3,1,3,1,1,3,2,2,2,1,2,2,2,3,2,2,2,3,3,1,2,4,2,2,3,1,1,2,2,3,3,2,2,4,4,1,1,1,2,1,1,2,2,1,1,3,3,2,2,3,3,3,3,2,2,1,1,3,3,2,2,4,3,2,3,1,1,2,2,2,3,1,1,1,1,1,1,1,2,1,1,1,3,2,2,2,3,2,2,3,1,2,2,3,3,1,1,2,3,2,3,1,2,1,2,2,2,3,3,3,3,1,1,2,1,2,2,4,4,3,3,2,1,2,2,2,3,1,4,3,1,4,3,1,3,2,1,2,1,2,1,2,1,4,1,3,3,4,4,4,1,2,2,1,1,1,2,2,2,2,2,1,2,1,2,1,1,1,1,2,2,2,2,4,4,2,2,1,1,2,2,1,2,1,2,2,3,1,2,3,1,2,2,2,1,1,2,1,1,1,2,3,1,2,1,2,2,1,3,1,1,2,2,1,3,1,2,1,4,3,3,1,3,1,3,2,2,2,2,1,1,3,1,3,2,1,1,2,1,1,2,3,2,1,1,1,4,1,1,1,1,1,3,3,4,1,1,2,4,4,1,2,2,1,2,2,1,3,1,2,3,2,2,1,1,3,1,5,1,2,1,2,2,2,1,3,2,3,2,3,3,3,2,4,4,1,1,2,2,1,3,3,2,4,4,3,1,2,1,2,2,1,1,2,2,1,2,1,1,2,1,2,2,2,1,2,2,2,1,3,1,3,3,2,2,2,1,2,3,3,3,1,1,2,2,3,1,2,3,1,1,3,4,3,3,2,2,2,2,3,3,1,1,3,3,2,2,3,2,2,1,2,3,2,1,2,2,2,3,3,2,2,2,1,1,2,2,1,2,1,1,1,2,2,1,3,4,2,5,4,1,2,1,2,3,1,1,1,2,1,1,1,1,5,5,3,3,1,1,1,2,2,1,1,4,3,4,4,4,2,2,2,1,3,2,3,3,2,2,3,1,3,2,2,4,1,3,2,3,1,1,4,2,2,3,3,3,1,2,4,3,2,1,3,2,1,4,4,2,1,1,3,2,3,2,3,4,1,2,3,2,2,2,1,1
CluIDFG21G_1775,2,1,3,1,3,4,1,1,1,2,1,1,1,4,4,4,2,2,3,2,1,2,2,1,2,2,1,1,1,1,3,3,2,1,2,2,3,2,3,3,2,3,2,3,3,1,2,2,1,2,4,1,2,1,2,3,1,2,2,1,2,2,4,4,4,1,1,1,2,3,1,2,3,3,3,4,1,2,1,1,3,3,2,2,3,2,4,4,1,1,2,2,1,3,3,1,4,3,1,1,3,2,2,1,3,1,2,2,3,4,3,1,1,1,2,2,3,3,4,3,2,3,3,2,2,2,3,2,1,4,2,3,3,1,1,1,1,3,2,3,2,1,2,1,1,2,3,1,1,3,1,2,3,1,1,3,3,1,1,1,2,1,2,2,1,2,1,1,3,3,2,1,3,3,3,2,2,2,2,1,2,2,3,1,2,1,2,2,2,1,1,1,2,4,1,3,1,2,1,2,1,3,1,1,2,1,4,2,1,3,1,2,3,1,1,1,2,2,3,4,3,3,4,2,4,3,2,2,1,1,2,2,1,1,1,2,1,2,1,1,1,3,3,3,1,1,3,2,1,2,3,2,1,2,3,2,1,2,2,1,2,3,3,1,3,1,2,2,2,2,2,1,1,1,2,1,2,2,2,1,2,2,2,3,2,1,3,2,2,3,1,2,3,1,3,3,2,2,2,1,1,1,1,1,1,2,3,1,3,1,2,3,1,2,2,1,2,3,2,2,2,3,1,1,2,2,3,2,2,5,1,1,4,4,4,2,1,2,2,2,1,1,1,1,3,1,3,3,1,2,1,1,5,2,1,1,1,2,1,2,1,1,3,3,3,1,1,3,3,4,2,2,1,1,2,4,2,3,1,4,1,1,2,2,2,1,1,2,1,2,1,3,3,3,2,2,1,3,2,1,2,2,1,2,2,3,3,2,2,2,1,2,1,2,2,2,2,3,3,1,3,3,3,1,3,3,1,3,3,1,2,1,2,3,1,1,2,1,1,3,2,3,1,2,1,1,3,3,2,4,5,2,1,2,1,3,2,1,2,1,2,2,2,1,1,1,1,2,2,2,3,3,1,1,3,5,2,4,2,3,1,3,1,1,1,1,1,1,2,2,3,3,1,3,2,1,2,2,4,1,3,2,2,4,2,2,1,1,2,3,3,1,2,2,3,1,3,2,3,3,3,3,2,2,1,1,2,2,2,2,3,3,1,1,4,3,1,1,1,1,4,3,1,1,2,1,2,3,3,2,3,1,1,3,2,3,3,3,1,2
CluIDFG21G_1778,2,2,2,2,4,4,1,2,1,1,1,3,3,4,3,3,1,1,3,3,3,3,1,1,1,1,4,4,1,1,2,2,2,2,2,2,3,1,4,4,4,1,3,3,1,3,2,3,1,1,1,4,1,2,3,1,2,2,1,1,2,2,4,4,2,2,2,3,2,2,3,2,3,3,2,3,3,3,3,2,3,2,1,1,2,2,3,3,1,3,2,1,3,1,2,1,3,4,1,2,3,1,2,1,1,3,1,2,2,1,3,3,3,3,2,1,3,2,1,4,1,3,2,3,2,2,3,1,2,1,4,1,1,3,2,1,1,3,2,2,1,1,1,1,3,3,3,5,1,2,1,1,3,1,2,2,1,3,2,2,3,3,1,2,3,1,3,2,1,3,1,1,2,3,3,3,2,1,2,1,1,2,1,2,2,3,2,2,2,2,2,1,4,4,2,3,1,1,1,2,2,2,3,1,2,2,2,2,1,2,1,3,1,3,2,1,1,1,3,3,1,3,4,4,3,1,1,2,2,2,2,3,1,1,1,2,1,1,1,2,2,1,1,2,1,1,3,2,3,4,3,3,1,1,2,3,1,2,2,1,2,4,1,2,3,2,2,2,5,4,2,3,2,1,1,1,3,2,2,2,2,2,2,3,1,1,2,3,1,2,1,1,1,1,3,3,3,2,1,1,2,2,1,2,2,2,3,3,3,2,1,3,1,1,2,2,2,2,2,1,3,3,2,1,1,2,3,3,3,1,3,3,1,4,1,1,2,1,2,2,2,2,2,1,2,2,3,1,1,1,1,3,2,2,1,1,1,1,2,2,1,2,3,3,1,1,1,2,4,4,3,3,2,2,1,5,3,3,5,1,1,3,2,1,2,1,2,2,1,1,1,1,3,1,1,2,3,3,1,1,1,1,3,3,3,3,2,3,2,2,1,2,1,2,2,2,3,1,2,2,3,1,3,1,3,1,3,2,2,2,2,2,1,2,2,3,3,1,3,3,2,3,3,2,1,2,5,3,2,2,2,2,2,1,1,1,1,2,1,1,2,2,1,1,1,1,1,2,2,1,3,2,1,2,4,1,3,2,2,3,3,1,1,1,3,1,1,1,2,2,3,2,2,3,1,2,2,1,1,1,4,4,2,2,2,2,1,1,3,1,3,1,2,1,1,3,3,1,2,3,1,3,2,2,1,1,4,2,2,3,2,3,3,1,2,4,2,2,1,3,4,4,1,4,1,1,2,3,2,3,1,4,3,3,2,2,2,2,1,1
CluIDFG21G_1779,2,2,3,1,1,4,2,1,1,2,1,1,3,4,4,4,2,1,3,3,1,2,1,2,2,3,1,4,1,2,1,2,1,2,3,2,3,1,3,3,4,3,3,3,1,3,3,2,1,1,3,3,2,2,1,1,2,2,1,1,2,3,4,1,2,2,2,2,2,2,1,2,3,3,3,3,2,2,3,3,3,3,2,2,2,2,4,4,1,1,2,2,1,3,3,1,3,4,1,1,2,1,3,1,1,1,2,1,3,1,1,3,2,2,1,2,3,2,4,3,1,3,3,2,2,2,3,2,1,2,1,1,1,3,2,2,4,4,1,2,1,1,2,2,2,3,5,3,1,1,1,2,3,2,1,1,1,1,2,1,1,2,1,1,2,2,1,1,1,3,2,2,3,2,2,2,2,1,1,1,2,1,2,2,1,1,1,1,2,2,1,2,4,4,3,3,1,1,2,1,3,4,2,1,3,2,2,2,1,2,2,4,1,3,1,2,2,1,3,3,3,1,2,2,3,4,1,2,1,2,3,2,2,2,1,2,1,3,2,1,2,2,1,3,2,2,3,2,4,4,3,3,1,1,3,3,2,2,1,1,3,4,2,3,3,1,2,2,2,1,2,2,1,1,1,2,2,1,1,2,3,3,3,2,1,1,3,2,3,3,2,2,1,1,3,3,3,2,1,2,1,1,2,1,2,1,1,1,2,2,3,2,1,1,1,2,2,1,2,2,3,3,1,2,2,2,3,3,2,2,2,3,3,1,5,5,3,3,2,2,2,1,2,1,1,2,3,1,2,1,1,1,5,5,1,2,1,1,1,2,1,1,2,2,1,1,3,3,2,2,3,3,2,1,3,3,2,1,5,4,2,1,2,2,1,2,2,2,1,2,2,2,1,1,1,2,3,2,1,1,2,1,1,2,2,3,3,1,2,2,1,1,1,2,3,3,2,1,1,3,1,4,2,1,3,2,3,3,1,3,2,2,4,2,3,2,1,3,3,3,1,2,3,3,2,2,3,5,4,1,5,2,1,2,1,1,1,1,2,2,2,2,1,2,3,1,2,2,1,2,3,2,4,2,1,3,3,2,3,2,2,1,2,2,1,3,2,2,3,2,2,1,2,2,2,1,1,2,1,1,4,1,2,1,2,3,2,2,3,2,3,1,2,1,3,1,1,3,2,3,3,3,3,1,1,2,4,3,2,1,3,1,1,2,4,2,1,1,2,1,2,1,2,4,2,2,3,3,1,3,2,4,3,2,3,2,2,2,1,1
CluIDFG21G_1786,1,2,3,1,1,4,1,3,2,2,1,1,3,4,4,3,1,2,2,1,3,2,1,2,2,2,1,2,1,4,2,3,1,2,2,2,4,3,3,1,2,1,1,2,1,1,3,2,2,1,1,3,1,2,1,3,1,1,1,2,3,2,2,1,3,2,1,1,3,2,2,2,3,1,2,4,3,3,3,2,3,3,1,2,2,3,3,4,3,3,2,2,1,3,3,1,3,3,1,2,1,2,2,2,3,3,2,2,2,4,1,2,2,1,2,2,2,1,1,4,2,2,3,1,1,3,2,2,1,2,2,2,2,2,1,1,1,4,1,3,1,2,2,1,2,1,1,5,1,2,1,2,3,2,1,1,1,1,2,2,1,3,2,2,3,2,3,3,3,1,2,1,2,3,1,2,1,2,2,1,2,1,1,2,1,1,1,1,2,1,2,1,6,7,2,1,2,1,2,1,2,2,1,1,2,1,3,2,2,2,2,2,1,3,2,2,2,1,3,1,1,1,1,3,3,4,1,1,2,1,2,2,1,1,1,2,1,2,2,2,2,2,1,2,1,2,2,2,3,4,1,2,1,1,2,3,1,2,2,2,1,1,1,1,3,3,2,3,4,2,1,2,2,3,2,1,2,2,1,2,3,3,3,2,2,1,3,2,3,2,2,1,1,3,1,3,3,2,2,2,2,1,1,1,2,2,3,1,3,1,3,1,1,1,1,1,2,2,2,2,4,3,1,2,2,1,3,3,1,2,2,2,3,2,5,2,2,2,1,2,1,1,2,1,2,1,1,2,1,1,1,1,5,5,2,2,2,1,1,2,2,1,2,3,1,3,3,2,4,4,1,3,1,2,3,1,3,1,5,2,1,1,2,2,2,1,2,1,2,1,1,2,2,1,2,1,3,3,3,3,1,1,3,3,3,2,3,2,2,2,1,1,1,1,2,2,3,1,1,3,4,1,1,3,3,3,4,2,1,1,1,1,2,3,2,1,2,3,3,3,2,2,2,3,1,2,2,2,2,2,4,4,1,3,3,2,2,2,2,2,2,1,2,1,1,3,2,1,1,2,3,3,5,2,2,3,3,3,3,3,3,2,2,1,5,1,2,2,3,5,2,2,1,1,1,2,1,2,1,4,4,2,2,1,2,3,1,2,3,3,3,3,2,2,1,3,1,2,3,3,2,2,3,3,2,1,3,2,2,3,3,1,3,1,3,3,3,2,1,3,4,4,1,2,3,3,2,2,1,3,3,1,1,3,3,2,3,3,1,1
CluIDFG21G_1787,1,2,1,1,4,2,1,1,1,1,1,1,3,3,4,4,2,2,3,3,3,2,2,2,1,2,2,4,1,1,2,3,1,3,2,2,2,2,2,1,2,3,1,1,3,1,2,1,2,1,3,4,2,2,3,2,2,2,2,2,2,3,4,2,3,2,1,1,3,2,2,2,1,2,4,3,2,3,1,1,3,3,2,2,2,2,3,5,1,1,1,1,3,1,2,1,2,4,1,1,2,2,2,2,3,3,2,2,4,4,1,1,1,2,1,2,3,3,3,4,3,3,3,2,2,2,3,2,2,4,1,2,3,3,2,1,3,1,3,2,2,2,1,1,3,1,3,3,2,1,1,1,3,1,2,2,2,1,2,1,3,3,2,1,3,2,1,1,3,3,1,1,2,3,3,2,1,1,1,1,1,1,3,1,3,1,2,2,2,2,1,2,2,6,2,3,1,1,2,1,3,3,1,2,1,1,4,4,3,3,2,2,2,1,1,2,2,2,3,3,2,1,4,4,1,3,2,1,1,2,3,2,2,1,3,1,2,1,1,1,3,3,1,2,3,2,3,2,3,3,2,3,2,1,3,3,1,1,2,2,1,2,1,2,3,1,2,3,4,4,2,1,1,3,1,2,2,2,1,2,3,3,2,3,1,1,3,3,3,3,2,2,4,3,1,1,2,2,2,2,2,1,1,1,2,1,3,3,2,3,3,3,1,2,2,2,2,3,2,2,3,4,1,1,2,1,3,3,4,1,1,1,4,4,2,2,2,2,2,2,1,1,1,1,3,1,1,3,1,1,1,3,2,5,1,2,2,2,1,1,3,3,2,2,2,2,2,2,2,3,2,2,2,1,2,3,3,1,1,1,3,1,2,1,2,1,1,2,1,1,1,3,1,1,2,2,3,2,3,1,1,2,1,3,2,2,3,3,1,1,2,1,2,1,2,2,2,2,1,3,4,2,2,2,3,3,4,1,3,2,2,2,3,2,1,1,2,2,3,3,3,2,2,3,2,2,4,3,4,2,4,1,1,2,3,1,1,1,1,2,2,2,2,2,3,3,1,1,1,1,3,3,5,4,4,3,4,2,3,3,3,2,2,2,5,1,2,2,5,3,2,2,1,2,2,1,1,2,1,3,4,3,4,2,2,3,1,1,2,2,3,3,2,1,2,3,2,3,2,3,2,1,3,1,1,3,1,2,2,2,1,3,2,2,3,4,1,2,2,1,4,3,2,1,3,2,2,2,3,1,1,3,1,2,3,2,2,2,2,2
CluIDFG21G_1788,1,1,1,2,4,4,1,1,1,2,1,1,1,1,2,2,2,2,2,2,1,3,2,1,2,2,4,2,1,4,2,2,2,2,1,3,2,1,3,1,1,3,3,3,1,1,2,3,2,2,4,4,2,2,2,1,2,2,1,1,3,2,5,5,3,3,1,1,1,3,2,1,3,3,3,3,3,2,1,3,3,2,2,2,3,3,2,5,2,3,2,2,1,3,3,2,4,4,1,1,1,1,2,1,1,1,1,1,4,1,1,1,2,3,2,1,2,1,3,1,2,1,3,3,1,2,1,3,4,2,2,2,3,2,2,1,2,3,1,2,1,2,1,1,3,1,5,5,2,3,2,2,1,3,1,2,1,1,1,2,1,3,2,1,3,2,1,1,3,1,1,1,3,3,3,3,2,1,2,2,2,3,1,2,2,3,2,1,2,2,1,1,4,6,2,1,2,1,1,2,3,3,4,1,3,1,4,1,1,3,2,1,3,1,1,2,1,2,3,3,1,3,4,4,3,1,2,2,2,1,3,1,1,2,2,1,3,1,2,1,2,2,3,3,1,1,2,3,3,2,3,2,1,1,2,2,1,1,1,2,3,1,2,2,1,3,3,3,2,2,2,1,3,1,1,1,2,2,2,2,3,1,3,3,1,2,3,2,2,3,2,2,3,2,1,1,2,2,3,2,1,2,2,2,1,2,3,2,2,2,2,3,3,2,2,1,1,1,2,2,3,3,2,2,3,1,3,3,3,4,1,1,4,2,2,1,2,2,2,1,1,1,1,2,3,2,3,3,1,1,3,1,2,5,1,1,2,2,2,2,1,3,2,2,1,3,3,3,2,3,2,2,1,2,2,1,1,3,4,5,3,3,1,2,2,2,1,1,2,1,3,3,2,2,2,2,3,3,1,1,1,1,1,1,2,3,3,3,2,2,2,1,2,1,2,2,2,2,3,2,4,1,1,3,3,1,3,1,2,3,2,2,2,3,1,1,3,3,3,3,2,3,3,3,3,3,2,5,2,4,3,4,2,1,3,1,1,2,1,2,1,1,1,2,3,3,1,1,1,1,3,3,2,2,2,2,3,4,1,3,1,1,2,1,1,1,1,1,2,3,2,3,3,1,2,2,2,2,4,2,4,4,2,1,2,2,2,2,3,3,1,1,1,2,2,2,1,3,4,2,1,3,2,2,1,1,4,4,2,2,1,3,1,1,2,3,2,2,3,2,4,1,2,1,2,2,2,2,2,2,1,3,3,3,2,2,2,1,2,2
CluIDFG21G_1791,1,1,1,1,4,4,1,2,2,2,1,1,1,3,4,2,2,3,3,1,2,1,2,2,1,1,2,4,4,1,2,2,2,1,1,2,3,4,3,3,3,3,3,3,1,3,3,2,2,2,4,3,1,2,3,1,1,1,2,2,2,2,1,4,1,2,1,2,2,3,3,2,3,1,3,3,3,2,1,1,3,3,1,2,3,2,5,3,2,1,2,2,3,3,2,1,3,2,1,2,2,2,2,2,1,2,1,2,2,4,1,3,2,1,2,1,2,1,4,1,2,2,2,2,2,2,3,3,1,1,2,3,3,1,2,2,1,4,2,2,1,2,1,1,2,3,3,1,2,1,2,1,3,3,2,2,1,1,2,2,3,1,1,1,2,3,1,3,1,3,1,3,3,3,1,1,2,2,1,2,2,2,1,2,2,2,1,1,2,2,1,1,7,1,1,3,1,1,2,2,2,2,1,2,1,1,3,4,2,2,4,2,1,2,1,2,2,2,2,3,3,2,3,3,1,3,1,2,2,1,2,2,1,2,3,2,3,2,1,2,3,2,1,3,3,3,2,3,3,3,2,3,1,1,2,3,2,1,1,1,2,1,2,2,3,1,2,3,2,4,1,2,2,3,2,2,2,2,1,2,3,3,3,3,1,2,3,3,2,4,1,1,1,4,1,3,2,3,2,3,2,1,2,2,3,1,1,1,2,2,2,2,2,2,2,1,2,2,2,1,3,3,1,1,2,1,2,2,5,2,1,3,4,1,2,3,1,1,2,2,1,2,1,2,2,3,3,2,2,1,1,1,5,2,2,2,2,2,2,2,3,2,2,3,1,1,3,3,2,3,2,1,2,2,1,5,3,2,3,4,1,1,2,2,2,1,1,1,2,1,3,2,2,1,1,1,3,2,1,2,1,2,2,1,3,3,2,3,2,2,1,1,3,1,2,2,2,3,3,1,3,4,2,2,3,1,3,2,1,3,2,1,1,2,2,3,1,1,3,3,2,2,3,3,3,3,3,3,4,2,2,2,1,2,1,1,1,2,2,2,1,2,1,1,1,1,2,2,2,1,3,2,2,2,3,4,4,4,3,1,1,2,2,2,5,1,2,2,2,4,2,2,2,1,1,2,2,2,1,4,4,1,2,4,1,2,2,1,2,2,1,1,1,2,2,1,3,3,3,2,3,3,2,1,2,1,2,3,2,3,3,3,1,1,4,3,1,2,1,1,4,1,2,4,2,1,3,2,3,2,2,4,1,1,3,3,1,3,2,2
CluIDFG21G_1792,1,2,3,1,3,2,1,1,2,1,1,1,4,3,4,4,3,2,3,3,3,1,2,1,1,2,1,4,1,4,3,2,2,2,1,2,1,3,1,3,2,3,1,3,3,3,2,3,2,2,2,3,1,1,2,3,2,1,2,1,2,1,4,2,2,2,1,2,3,2,2,1,2,3,3,3,2,3,1,2,3,1,2,1,2,2,4,3,1,3,2,2,3,1,3,3,4,3,2,1,3,3,2,2,3,3,2,2,5,2,3,3,2,3,1,1,1,2,1,1,1,1,2,3,1,1,3,1,2,4,3,1,1,1,1,2,1,1,2,1,2,2,1,1,2,3,5,3,1,3,2,1,3,3,2,2,1,3,2,1,3,3,2,2,2,2,1,3,3,3,1,1,3,3,3,2,1,1,1,2,2,2,1,1,3,1,1,1,2,2,1,1,7,6,2,2,1,2,2,1,2,1,1,2,1,2,2,2,1,1,2,4,1,1,1,1,2,2,4,2,3,3,3,3,3,1,1,2,2,1,2,2,1,1,1,2,1,1,2,2,3,2,1,3,3,2,2,3,4,3,3,2,2,1,3,2,1,1,2,2,1,2,2,1,1,3,3,2,4,1,1,1,1,2,2,1,2,1,1,1,3,3,3,3,1,2,3,2,3,4,1,1,1,1,2,2,3,3,2,3,2,1,2,2,2,3,1,3,3,1,3,2,3,2,2,2,3,1,2,1,4,2,2,2,1,1,3,3,5,5,1,1,2,4,3,4,2,2,1,2,1,1,1,1,2,2,3,2,2,1,1,2,5,4,2,1,1,1,2,2,1,2,2,2,1,3,3,3,4,3,3,2,2,2,1,3,1,3,1,4,3,3,1,1,1,1,2,1,1,2,3,3,2,2,1,2,1,3,1,3,1,2,2,1,1,3,3,3,2,2,1,2,3,1,2,2,2,2,3,2,4,1,2,2,3,3,3,3,2,1,1,1,3,2,2,2,3,1,3,1,2,2,1,2,1,2,1,4,4,4,1,1,2,1,1,2,2,1,2,2,1,2,1,1,1,1,1,1,1,1,3,3,2,2,2,4,4,3,2,3,1,2,2,1,1,3,1,2,5,3,2,2,3,1,2,2,2,2,1,2,4,4,1,2,2,3,2,2,3,3,1,1,1,2,2,2,3,3,4,2,3,3,1,3,2,1,3,2,2,2,3,3,2,2,3,1,1,1,2,1,4,1,4,2,1,2,3,3,1,2,4,3,3,1,3,3,2,2,2,1
CluIDFG21G_1797,1,2,1,1,4,1,2,3,2,2,3,1,1,4,4,4,2,1,1,3,3,1,1,1,3,2,2,4,1,1,2,2,2,3,1,2,2,3,3,1,4,2,1,3,3,1,2,3,1,1,1,2,2,1,3,3,2,1,2,1,2,3,2,4,2,2,2,1,3,3,1,3,2,2,3,4,3,2,2,1,3,1,2,1,2,2,5,2,1,1,2,2,3,3,1,1,4,3,1,1,2,3,2,1,1,1,2,1,4,4,1,1,2,3,2,2,1,3,3,1,2,1,2,3,3,2,1,2,4,4,3,2,3,3,2,1,3,2,3,3,2,1,1,2,2,3,3,3,1,2,1,2,1,3,1,2,2,1,1,1,3,2,2,2,2,2,3,2,3,2,2,1,1,3,1,3,1,1,4,4,3,1,1,1,1,2,2,2,2,2,1,2,2,4,2,2,1,1,2,2,2,2,1,3,3,1,4,4,3,1,4,2,2,2,1,1,2,1,4,3,3,1,4,4,1,1,1,1,2,1,1,1,1,1,1,1,1,1,2,2,3,3,3,1,2,1,2,3,2,3,3,3,2,2,3,1,1,1,2,1,2,2,2,1,3,3,3,2,4,4,1,2,2,1,2,1,2,3,2,1,3,3,2,2,1,2,3,3,3,2,1,1,4,4,3,1,3,2,2,3,2,2,2,1,2,3,3,1,2,3,3,1,3,1,1,2,1,1,2,2,3,3,2,2,1,1,1,3,2,3,3,3,2,1,2,5,2,2,2,1,1,2,2,1,2,2,2,3,2,1,1,3,4,5,1,2,2,2,2,2,2,3,3,2,1,3,2,3,1,4,2,3,2,2,1,1,3,3,4,4,3,1,1,2,2,2,1,2,1,1,3,1,2,1,2,2,3,1,1,1,2,1,3,2,3,2,3,3,2,2,2,1,2,1,2,2,2,2,3,3,3,1,2,1,3,3,4,2,2,1,1,2,4,1,2,2,3,3,3,3,2,3,2,3,1,1,1,2,4,4,2,1,2,1,1,3,1,1,2,2,2,1,2,1,2,2,2,1,2,2,3,2,4,2,4,5,2,4,3,3,1,3,1,1,1,1,1,1,4,2,1,3,1,3,2,2,2,2,1,4,4,3,2,4,2,2,1,1,3,2,1,1,1,2,3,2,1,1,3,4,3,3,2,3,2,3,4,2,2,2,2,1,1,2,3,4,2,1,3,1,4,4,2,2,2,1,1,1,1,3,3,2,2,1,2,2,3,2,1,2
CluIDFG21G_1798,1,1,1,3,1,1,3,3,2,2,1,1,3,4,2,3,1,2,2,1,2,3,1,3,2,2,4,2,1,4,2,3,2,1,2,3,1,1,1,1,2,2,1,1,1,1,3,3,1,1,1,3,1,1,3,2,2,1,1,1,3,2,4,2,3,1,1,1,3,2,2,3,1,2,4,3,1,3,3,2,1,3,2,2,2,2,4,3,1,3,2,2,1,1,3,3,3,4,2,1,2,3,2,2,2,3,2,1,4,2,1,3,3,2,1,2,2,2,1,1,2,1,2,3,3,1,1,2,1,2,1,3,1,1,2,1,1,4,2,1,2,1,1,1,2,2,1,3,1,2,1,1,3,3,2,2,1,1,1,2,3,3,2,2,2,3,3,3,1,3,1,1,3,3,1,2,2,1,4,2,3,3,2,2,2,2,2,2,1,1,1,1,4,7,3,3,1,2,1,2,2,2,2,1,2,1,3,2,2,2,2,2,1,3,2,1,2,2,2,4,3,3,3,2,4,3,2,1,2,1,2,1,1,1,1,1,1,1,2,2,3,2,3,3,3,2,2,3,3,4,2,3,1,1,3,2,2,1,1,2,1,3,2,3,3,1,2,3,4,2,2,2,1,1,1,2,2,3,2,1,3,2,3,3,2,1,2,2,3,1,1,1,4,1,1,2,3,3,3,3,1,1,2,2,1,2,1,1,3,3,3,3,2,1,2,2,2,2,2,2,4,4,2,2,1,1,3,3,5,5,3,1,1,4,3,3,2,2,1,2,1,1,2,1,2,2,2,2,1,1,1,3,5,4,1,1,2,1,2,1,2,1,3,2,1,1,3,3,4,2,2,2,1,1,2,2,1,3,2,4,2,1,2,2,2,1,1,2,2,1,1,3,2,2,1,1,3,1,3,1,1,2,1,1,1,3,3,2,2,2,1,2,1,3,2,2,2,2,3,3,4,4,2,2,3,1,3,3,3,3,2,2,1,2,1,2,1,3,3,2,3,2,3,3,2,2,4,3,2,4,1,4,1,1,1,3,1,1,1,1,2,2,1,1,2,1,1,2,1,1,3,3,2,4,4,3,4,2,3,3,2,2,2,2,5,2,2,1,4,5,2,2,1,1,2,1,1,2,4,3,4,4,2,2,2,2,1,1,3,1,1,4,2,1,2,3,1,1,2,2,3,3,2,2,1,1,2,2,2,2,1,1,1,3,4,4,2,1,2,3,3,1,2,2,2,3,2,2,2,2,2,3,1,1,3,3,3,2,1,1
CluIDFG21G_1801,1,1,2,3,4,3,1,2,1,1,3,1,3,3,3,3,1,1,1,2,3,3,1,1,1,1,4,4,1,4,2,3,2,2,1,1,3,4,3,1,2,2,3,2,1,1,2,3,2,2,2,4,2,2,2,1,2,2,1,1,2,3,1,4,3,2,2,3,2,2,1,1,3,3,2,3,3,3,3,3,1,2,1,2,3,1,2,2,1,3,2,2,3,3,1,2,2,3,3,1,1,3,2,2,1,3,2,2,4,4,1,3,2,3,1,2,2,1,1,3,1,3,2,2,3,1,1,1,2,1,2,2,3,1,2,2,3,1,2,2,2,1,1,2,2,3,5,3,2,2,1,1,1,1,4,4,1,2,2,1,2,2,2,1,3,2,1,3,1,3,2,1,2,1,2,3,1,2,2,2,2,2,1,1,1,2,2,2,2,2,1,2,4,2,3,2,1,1,1,1,4,3,2,4,1,1,2,4,1,3,2,4,2,3,2,1,2,2,3,2,3,3,4,4,1,1,2,1,1,1,2,2,2,1,2,2,2,2,2,2,2,2,1,1,1,3,3,2,3,3,1,3,1,2,2,2,2,1,2,2,1,2,2,2,3,3,2,2,1,1,2,1,1,1,1,2,2,1,2,1,3,3,3,3,1,2,2,2,3,2,1,1,1,2,3,1,3,3,2,3,1,2,2,2,2,1,2,1,2,2,3,2,1,2,1,2,2,3,1,2,4,1,2,2,1,2,1,3,1,3,2,3,1,4,2,1,2,2,2,1,2,2,2,1,3,2,2,3,1,1,1,3,2,1,1,1,1,2,2,1,2,2,2,3,1,1,3,1,4,3,3,3,2,1,1,1,1,3,5,5,1,1,2,2,1,1,1,1,2,1,3,2,3,2,2,1,3,1,1,3,1,1,3,1,3,2,2,1,2,2,1,2,1,2,2,2,1,2,3,2,3,3,3,3,3,1,4,3,3,1,2,2,3,4,1,1,3,3,3,3,2,3,3,3,2,3,3,3,3,2,2,1,2,1,3,3,1,1,1,2,2,2,2,2,2,1,2,2,2,1,3,3,2,1,4,4,3,3,3,3,3,3,1,1,1,1,1,1,3,5,3,1,1,2,2,1,2,1,4,4,1,1,2,2,2,2,2,2,3,3,3,5,2,2,3,2,1,3,4,1,3,3,3,3,1,3,4,2,3,3,2,3,1,2,4,1,2,2,1,3,1,3,2,4,1,3,3,3,2,1,1,1,3,2,3,3,2,2,1,2
CluIDFG21G_1812,2,1,2,2,4,4,1,2,1,1,3,1,3,1,4,2,3,2,3,3,3,1,1,2,2,1,1,2,1,1,2,2,2,2,3,2,3,4,3,3,3,3,3,3,3,1,2,2,1,2,2,1,1,2,1,3,2,2,2,1,1,2,4,5,2,3,4,1,3,3,2,2,2,2,3,4,3,2,3,1,3,3,2,2,2,2,4,3,3,1,1,2,1,3,1,3,3,4,1,3,1,2,2,3,1,1,2,1,4,4,3,1,3,2,1,1,2,1,3,4,3,1,2,2,1,2,3,3,2,4,2,2,3,3,1,2,1,2,2,3,2,2,1,1,3,1,5,5,1,3,1,2,1,3,4,2,1,3,2,2,2,3,1,2,2,1,2,2,3,3,2,1,2,3,3,3,2,1,2,1,2,1,1,1,1,3,2,2,2,2,2,1,6,2,2,3,1,1,1,2,3,2,1,4,1,2,2,4,3,2,2,2,3,2,2,2,2,2,2,3,1,1,1,4,3,3,2,1,1,2,3,1,2,1,2,2,2,3,2,1,2,2,1,2,1,1,3,3,1,1,3,3,2,2,2,2,2,2,1,2,4,3,3,2,3,3,2,2,1,2,1,1,1,1,2,2,3,2,2,1,3,3,3,2,2,1,2,2,3,3,2,2,3,3,1,1,3,3,1,2,1,1,2,2,2,3,2,1,2,2,1,2,2,1,1,1,3,1,2,2,3,3,2,2,3,1,3,3,5,3,3,3,2,1,2,1,2,3,2,1,2,1,1,1,2,2,3,2,1,2,3,1,4,5,2,1,1,2,1,1,3,3,2,2,2,1,3,2,4,2,2,3,1,2,1,1,2,3,3,4,3,1,2,1,1,2,2,1,2,2,2,3,2,3,1,2,2,3,3,3,2,2,3,2,3,1,3,2,1,1,2,1,3,1,2,2,2,3,1,3,4,3,1,2,3,3,3,3,2,1,1,1,2,2,2,1,3,3,3,3,2,3,2,3,2,2,4,3,1,2,2,2,1,1,3,1,1,2,1,2,2,1,1,2,1,1,2,1,2,1,4,3,4,2,4,5,1,2,3,3,1,1,2,1,5,1,1,2,3,3,1,2,2,1,1,2,2,2,4,4,4,4,1,2,2,3,1,1,3,2,3,4,2,2,2,3,3,3,2,3,3,1,2,1,1,1,1,4,2,3,3,1,1,2,1,4,2,2,3,1,3,1,2,4,1,1,3,3,2,3,1,3,2,2,1,3,1,3,2,1
CluIDFG21G_1813,2,2,1,1,4,4,1,1,1,2,1,1,3,3,4,3,1,2,2,2,1,3,1,1,3,1,4,4,1,4,2,2,1,2,3,2,2,3,1,2,1,3,3,1,1,1,2,1,1,1,3,2,2,1,1,2,1,1,1,2,2,2,5,4,1,2,2,3,2,2,1,3,2,2,3,3,1,3,3,3,3,3,2,1,3,2,4,5,2,1,1,2,1,3,3,1,3,4,2,1,3,2,1,3,1,3,1,1,4,4,1,3,2,3,2,2,2,2,4,3,3,1,2,3,2,1,3,3,2,2,1,2,1,2,1,1,2,1,1,1,1,1,1,1,3,1,5,5,2,2,2,2,3,2,4,1,1,1,2,2,2,1,2,2,1,2,3,1,3,1,2,1,3,2,2,2,2,2,1,2,3,3,2,1,2,1,2,2,1,2,1,2,4,7,3,3,1,2,2,1,1,2,1,3,3,2,2,1,1,1,2,2,1,1,2,2,2,1,2,3,2,1,1,2,4,3,2,1,2,2,1,3,1,1,3,1,2,1,2,2,2,3,2,3,1,1,3,3,3,1,3,2,2,2,2,3,1,1,2,1,1,3,1,2,3,3,3,3,4,4,1,1,3,1,1,2,1,3,1,2,3,2,3,2,2,1,3,3,3,3,2,2,2,4,1,3,2,2,3,2,1,2,2,2,2,2,3,3,2,2,2,3,1,2,1,1,1,1,2,2,3,3,1,2,2,2,1,3,2,3,2,3,3,4,2,5,2,3,2,1,1,1,1,1,2,1,3,3,1,2,3,3,5,5,2,2,2,1,2,2,2,1,3,3,1,1,3,2,3,4,2,2,1,1,2,2,2,1,5,3,3,3,2,2,2,2,1,2,1,1,2,3,1,1,2,2,3,2,1,1,2,1,3,1,2,2,3,3,2,2,1,2,2,1,3,3,2,3,1,3,3,4,2,2,3,3,1,2,1,3,2,2,3,4,1,2,3,1,3,1,2,2,3,3,2,1,5,3,4,2,2,5,2,3,2,1,1,1,1,2,2,1,2,2,2,3,1,2,1,1,3,4,5,5,2,2,3,3,3,2,1,1,2,1,5,1,2,1,3,5,2,1,1,1,2,2,1,2,1,4,3,1,2,2,2,2,2,2,1,3,1,3,1,1,2,1,3,1,4,3,3,3,2,3,1,1,4,4,2,2,3,1,1,1,2,3,2,2,1,2,1,4,2,2,2,3,3,3,3,3,3,4,3,1,3,3,3,1,2,1
CluIDFG21G_1814,2,2,2,3,4,1,2,2,1,1,2,3,3,1,3,4,3,2,1,5,2,3,1,2,2,1,2,4,1,2,1,2,2,2,2,2,1,3,1,1,4,2,3,3,3,3,2,2,1,1,2,3,1,2,3,1,2,1,1,1,3,2,1,4,2,2,2,2,2,2,1,1,3,3,4,3,3,3,2,1,3,3,1,1,3,2,4,3,2,1,1,1,3,3,1,1,3,4,2,1,1,2,1,2,1,3,2,2,4,4,2,1,2,3,2,2,1,1,3,1,3,1,2,1,3,2,3,3,1,1,1,2,3,3,2,2,1,3,2,2,2,1,1,2,3,3,3,5,1,1,1,1,3,1,2,1,1,1,2,1,3,1,1,1,2,2,1,1,1,1,1,1,3,3,3,2,2,1,2,1,1,2,2,2,2,1,1,2,2,2,2,2,2,7,3,3,1,2,2,2,2,2,4,2,1,1,4,4,3,3,2,4,2,3,2,2,1,1,2,2,3,1,2,4,1,4,1,2,2,1,3,2,1,1,2,1,1,1,2,2,3,1,1,1,1,1,3,3,1,4,2,3,1,1,2,3,2,1,2,2,4,3,2,2,3,3,3,3,4,4,1,1,1,2,1,1,2,2,2,1,2,3,2,3,1,1,2,3,3,3,2,2,1,5,1,3,2,3,3,1,1,2,2,2,2,2,3,3,2,2,2,2,1,3,2,1,2,2,1,1,3,1,2,1,2,2,3,3,1,1,2,3,5,3,3,5,1,2,1,2,2,2,2,1,2,2,1,2,1,1,3,1,1,4,1,1,1,1,1,1,1,1,1,2,1,1,2,2,1,4,3,1,1,1,4,1,2,1,4,5,1,1,2,2,1,1,2,2,2,1,2,1,1,1,2,2,1,2,1,1,2,2,2,2,2,2,2,2,2,1,2,2,1,2,2,2,1,3,3,3,1,4,3,1,3,3,3,3,2,2,2,2,3,3,2,2,3,3,3,3,3,2,3,3,2,2,2,3,2,4,5,1,2,1,1,3,1,2,1,2,1,2,1,2,3,2,2,1,1,1,4,3,5,5,2,2,2,2,1,3,2,1,1,1,2,1,2,2,2,2,2,2,1,3,2,2,2,1,4,1,3,3,2,2,2,2,1,1,2,3,3,3,1,1,3,3,3,2,2,2,1,1,2,2,2,1,4,2,2,3,3,3,1,3,3,4,2,2,3,1,3,3,2,2,1,1,3,3,2,1,1,1,2,3,2,3,3,2,1,1
CluIDFG21G_1817,2,2,2,3,1,3,3,1,1,1,3,1,3,3,4,2,1,2,1,2,1,3,2,1,1,2,4,4,4,4,3,3,2,1,2,1,3,3,3,3,2,3,1,3,1,1,2,1,2,1,2,2,1,1,1,2,2,1,1,2,1,1,4,5,2,3,1,1,3,3,2,2,2,3,3,4,3,3,1,1,3,2,2,2,1,1,2,2,1,1,2,1,3,3,1,2,3,3,2,2,2,2,1,1,1,1,1,2,4,4,1,1,1,1,1,2,2,1,3,4,2,1,2,2,2,2,3,3,4,4,2,2,3,3,2,2,1,3,3,2,2,2,1,1,3,3,5,1,1,1,2,2,1,1,2,2,3,1,2,2,2,2,1,1,2,3,1,1,3,1,3,2,3,3,3,3,1,1,1,2,2,1,3,1,2,1,2,2,2,2,1,1,2,2,2,3,1,1,2,2,2,4,1,4,1,1,2,3,2,1,2,2,3,2,1,1,2,2,2,3,3,1,4,1,1,3,2,1,1,1,3,2,1,1,3,2,2,2,2,2,2,2,1,1,3,1,2,3,2,3,3,3,2,1,3,3,1,2,2,2,2,2,2,3,1,2,2,2,2,5,1,2,1,2,2,1,2,2,1,2,2,3,3,3,2,2,3,3,3,2,2,1,4,5,3,3,2,3,2,1,1,1,2,2,3,2,3,1,2,3,2,2,2,3,1,1,1,3,1,1,4,1,1,1,2,2,1,3,1,3,2,3,1,4,2,1,2,3,2,2,2,1,1,1,3,2,1,2,1,1,1,3,1,1,1,1,2,1,2,2,1,1,2,2,3,1,3,3,3,3,2,2,2,1,3,1,2,3,3,1,1,3,2,1,1,1,2,1,2,2,3,2,3,1,1,2,2,2,1,1,1,2,2,3,3,3,3,2,1,1,2,1,1,1,3,4,2,2,1,2,4,1,2,3,3,3,2,2,1,1,1,1,2,2,2,2,3,3,3,3,2,3,3,3,1,1,3,2,4,4,5,1,2,1,1,1,1,2,1,2,1,1,2,1,1,1,2,2,2,2,3,3,2,1,3,4,2,2,2,1,1,1,1,2,5,1,2,1,3,3,1,2,2,2,1,1,1,2,4,4,2,3,2,1,3,3,2,1,2,2,5,3,1,2,2,2,2,2,3,3,3,3,3,2,1,1,4,2,3,2,3,3,2,2,1,1,2,2,2,2,1,1,1,1,3,3,3,3,3,3,3,3,3,1,3,3,1,3,2,2
CluIDFG21G_1820,1,1,2,1,1,4,1,3,1,1,1,1,3,3,4,3,1,1,2,2,3,2,3,1,2,1,4,4,4,4,2,3,2,2,2,1,3,4,2,3,3,1,3,3,1,1,2,2,2,2,1,3,1,2,1,2,1,2,1,2,3,2,1,1,1,3,1,1,3,3,2,2,2,3,3,3,3,3,3,1,3,3,2,2,2,2,4,3,1,1,1,2,1,3,3,2,3,4,1,2,1,3,2,2,1,1,2,2,2,4,3,3,2,2,1,2,3,1,3,4,3,1,2,2,2,2,3,3,4,2,2,1,1,2,1,1,1,1,2,1,2,1,1,1,3,1,5,1,1,1,2,2,3,3,2,2,2,2,1,1,2,2,2,2,2,2,1,3,1,1,1,1,2,2,2,3,2,1,1,2,2,2,3,3,3,2,1,2,2,2,1,2,4,7,3,3,1,1,1,1,3,2,1,4,1,1,4,2,3,1,2,2,2,3,1,2,1,2,1,2,3,3,4,3,1,3,2,2,1,1,2,3,2,1,2,1,1,1,1,1,3,2,2,3,2,1,2,1,2,4,3,1,1,2,3,3,2,1,2,2,2,4,3,1,1,1,2,3,5,2,1,2,1,3,2,1,2,2,2,1,2,3,3,3,1,1,3,3,4,3,2,1,3,3,3,3,2,2,1,3,2,1,2,2,1,3,3,3,3,3,1,2,2,3,1,1,1,2,2,1,4,3,1,1,1,2,3,1,3,2,3,3,2,3,4,5,2,2,1,2,1,2,2,1,1,2,2,2,2,1,3,1,2,5,1,1,2,2,2,1,2,1,2,3,3,3,2,1,3,2,2,3,2,2,3,2,1,1,3,4,2,1,2,2,1,1,1,1,2,2,2,1,1,2,2,2,2,2,1,2,1,1,2,1,3,2,2,2,2,2,2,2,2,1,2,2,2,2,1,3,4,3,2,2,3,3,3,3,1,1,2,1,2,3,2,2,3,1,3,3,2,2,3,2,3,2,3,2,3,1,4,4,1,2,3,1,1,2,1,2,1,1,1,2,1,1,1,2,2,2,3,2,2,2,4,4,4,2,3,3,3,1,1,2,1,2,1,1,4,3,2,2,2,1,2,2,2,2,2,3,4,3,4,2,2,2,1,2,2,2,1,1,2,2,1,3,3,1,3,3,2,2,3,1,3,1,2,2,3,3,2,3,1,2,3,4,2,1,2,1,2,1,2,2,3,2,3,2,1,3,3,4,1,2,1,3,1,2,1,2
CluIDFG21G_1821,2,1,1,1,4,2,2,1,2,1,3,1,3,1,3,2,2,1,2,2,2,3,3,1,2,3,4,4,4,1,3,2,2,2,2,3,1,3,3,3,3,1,3,3,1,1,2,2,2,1,4,2,2,1,3,3,1,1,2,2,2,2,5,2,2,3,1,4,2,1,2,1,3,3,4,3,2,3,3,1,2,2,2,2,2,1,2,5,1,1,2,2,3,1,1,1,2,1,1,3,1,1,2,2,3,3,2,2,4,2,2,3,3,2,1,2,1,3,3,3,2,2,3,1,3,3,3,3,2,4,1,2,3,3,2,1,3,2,3,2,2,2,1,2,2,3,1,5,2,1,2,1,1,3,1,2,1,1,2,1,3,3,2,2,3,3,1,3,1,3,1,1,3,1,3,3,1,1,2,1,1,3,2,2,3,2,2,1,2,1,1,1,4,1,3,1,1,1,2,1,2,2,2,1,3,1,3,4,2,1,1,4,1,1,1,1,2,1,2,1,1,3,4,4,3,4,1,2,1,1,2,2,1,1,2,2,1,1,2,2,2,2,3,3,1,3,2,3,3,3,2,1,1,2,3,2,1,1,2,2,2,2,3,3,1,3,3,1,1,4,1,2,1,3,2,2,2,3,2,2,3,2,1,3,2,1,2,3,2,3,2,1,3,4,3,1,2,2,2,3,1,1,2,1,1,3,1,1,2,2,3,1,3,3,2,2,2,2,1,2,3,3,2,2,2,2,1,3,3,3,3,3,4,2,2,3,2,2,2,1,2,2,1,2,2,2,2,3,2,1,1,1,4,5,2,1,1,1,2,2,1,3,2,2,3,1,3,1,2,4,3,3,2,2,1,5,2,3,5,4,3,3,1,1,1,2,2,2,2,2,3,2,1,2,2,2,3,3,1,1,1,1,2,2,3,3,2,3,2,2,1,2,1,1,2,2,3,3,1,3,3,1,1,2,2,3,4,3,2,3,2,2,2,2,3,1,1,1,3,3,2,2,3,2,2,1,5,2,1,1,2,1,3,1,3,1,2,1,2,1,2,2,1,1,1,1,1,1,1,2,3,3,2,2,3,5,3,2,3,3,1,1,1,2,1,1,1,2,3,2,3,2,3,3,1,2,2,2,1,4,2,3,4,2,2,2,1,2,3,1,1,3,1,2,3,3,1,3,2,3,3,3,3,2,1,1,2,2,2,3,1,2,3,3,4,3,2,2,2,3,4,3,2,2,1,3,1,3,3,2,3,3,3,1,2,3,2,3,1,2
CluIDFG21G_1823,2,1,1,3,4,1,3,1,1,2,2,3,3,3,2,3,1,2,3,2,1,3,2,1,1,2,4,3,1,1,3,2,2,2,1,2,3,1,4,3,3,4,3,1,3,1,2,3,2,2,2,4,1,2,2,2,1,1,1,2,2,3,4,4,3,3,1,4,2,3,3,1,3,1,3,3,2,1,1,1,1,3,1,2,2,2,5,3,2,1,1,1,3,3,1,1,3,4,2,3,1,3,2,3,3,3,2,2,4,4,1,1,3,2,2,2,1,3,4,1,3,3,2,2,2,2,3,1,2,2,1,1,1,3,1,2,3,1,2,2,1,1,2,1,3,2,3,3,1,1,2,1,2,3,4,1,1,2,1,2,2,3,3,2,2,3,1,3,3,3,1,1,2,2,3,2,2,1,1,2,2,2,1,2,1,3,1,2,2,1,1,2,7,4,3,3,2,1,2,1,4,3,4,4,1,1,4,4,1,3,2,3,2,3,2,1,1,2,3,3,1,3,3,2,3,1,1,1,2,1,2,2,2,1,1,1,1,1,2,2,3,2,3,3,1,1,2,3,1,4,2,3,1,1,2,3,2,1,2,2,2,4,1,1,3,1,2,2,5,4,2,3,2,1,1,2,2,2,2,1,1,2,3,2,1,1,3,2,3,2,2,2,5,4,3,1,2,2,1,1,2,2,2,2,2,2,3,3,2,3,1,1,1,1,2,1,2,2,1,1,3,1,1,2,2,1,3,3,3,4,2,1,1,5,3,1,1,2,2,1,2,2,1,2,2,2,2,3,1,1,1,3,2,1,1,1,1,2,2,2,2,1,2,3,1,1,3,1,4,2,2,3,2,2,3,5,1,2,5,4,1,3,2,1,1,1,2,1,2,2,1,2,1,1,2,2,3,3,3,1,1,1,1,2,2,3,3,2,1,2,2,1,1,3,2,2,3,2,1,3,4,3,2,3,3,3,3,3,2,3,1,2,3,3,1,3,1,1,3,3,3,2,2,3,2,2,3,5,3,2,5,2,1,1,3,1,2,2,1,1,2,2,2,1,1,2,1,1,2,2,4,2,2,5,4,2,3,5,2,2,1,3,1,1,3,5,1,1,2,5,3,3,3,3,1,2,2,2,3,1,3,3,2,2,2,2,2,1,2,3,3,1,2,2,1,2,3,3,2,2,3,1,3,3,1,1,2,2,2,2,2,3,1,1,2,4,1,2,2,3,1,4,1,2,1,1,2,2,2,2,3,1,3,1,3,2,2,2,1,1
CluIDFG21G_1829,2,2,2,3,4,1,2,2,1,1,2,3,3,1,3,3,3,1,5,3,3,1,2,1,2,2,2,4,2,1,3,2,2,2,2,2,1,3,1,3,3,1,1,3,1,3,3,2,2,2,4,4,2,1,2,2,1,2,1,1,2,2,4,5,2,2,1,2,2,3,1,1,3,3,3,4,1,1,2,2,3,3,1,1,3,1,2,4,2,2,1,1,1,3,1,1,4,3,2,1,3,1,2,1,3,2,2,2,4,3,2,3,3,3,2,2,3,1,1,4,3,3,2,1,3,2,3,3,1,1,2,2,3,3,2,2,1,1,2,2,2,2,2,2,3,3,5,5,2,2,1,1,1,3,2,4,1,1,2,2,3,3,2,2,2,2,2,3,3,1,1,1,3,3,3,3,2,1,2,2,2,1,2,1,3,1,1,2,2,2,2,2,7,2,3,3,1,1,2,1,2,3,4,4,1,1,4,4,1,3,4,2,2,1,1,1,1,1,2,2,3,3,1,4,3,1,1,1,1,2,2,3,1,2,3,2,1,1,2,1,1,1,1,1,1,1,3,2,1,3,3,3,1,1,3,3,1,2,1,2,4,3,2,2,3,2,1,3,4,4,3,1,1,2,2,1,2,2,1,1,2,1,3,2,1,1,3,2,1,3,1,2,4,1,1,3,2,2,3,2,1,1,2,2,2,2,1,3,2,2,1,1,2,2,2,2,2,2,1,1,1,3,1,2,3,2,3,3,5,1,3,3,4,5,3,1,2,2,2,1,2,2,1,1,2,2,1,1,1,1,3,3,1,4,1,1,1,1,2,2,1,2,3,3,3,1,2,1,4,2,3,1,2,2,5,5,3,2,4,4,3,3,1,1,1,2,1,2,1,2,3,1,3,1,1,1,3,1,1,1,2,1,3,1,3,3,2,3,2,2,2,2,1,2,2,2,3,2,3,1,3,4,3,2,3,1,3,3,2,2,1,2,1,3,1,2,1,3,2,2,2,1,3,2,2,2,3,3,4,2,4,5,1,2,3,1,1,1,1,1,2,2,1,2,3,2,1,2,2,2,3,2,5,2,2,4,2,3,3,2,1,1,1,1,5,1,1,2,4,2,2,3,1,1,1,2,2,2,4,4,4,4,1,2,1,2,1,1,3,1,3,3,2,2,3,3,1,1,3,2,3,1,3,2,1,1,4,2,3,2,1,3,1,3,4,3,2,2,3,3,2,1,4,4,1,3,3,2,3,2,1,4,3,3,1,3,2,2,1,1
CluIDFG22G_0005_initial_C106008,2,1,3,2,4,4,3,3,1,1,3,3,1,4,4,3,2,3,2,1,3,2,2,1,2,1,2,4,1,1,2,3,2,2,1,2,3,1,2,1,1,2,1,3,3,1,2,2,1,2,1,4,2,2,3,3,1,2,2,1,2,2,1,1,1,2,1,2,2,2,2,1,3,3,3,3,3,2,1,1,3,3,1,1,2,2,2,3,1,3,2,1,1,3,1,2,4,3,1,1,2,3,1,2,1,3,1,1,4,4,3,1,1,1,2,2,3,1,1,2,1,1,2,3,1,1,2,2,2,2,1,2,3,1,2,2,1,3,2,2,2,1,2,1,3,3,3,5,2,2,1,2,1,3,2,4,2,2,1,1,2,2,1,1,3,3,3,1,3,3,2,1,3,3,3,3,2,2,1,4,3,2,1,1,2,3,2,2,2,2,2,2,7,7,2,3,1,1,1,1,2,2,2,1,1,1,4,4,2,1,2,4,2,2,2,2,2,1,4,3,3,3,4,3,3,1,2,2,1,2,2,3,1,1,3,3,1,1,1,2,2,3,3,2,1,1,2,3,4,4,1,1,1,2,2,3,2,1,1,1,3,2,3,1,3,3,1,2,4,1,3,3,2,1,2,1,2,3,1,2,2,3,2,3,1,1,2,2,2,3,2,1,2,1,3,2,3,3,1,1,2,2,2,2,2,3,2,3,2,2,1,1,2,1,1,2,2,1,1,1,1,3,2,2,1,1,2,3,5,2,3,3,5,5,1,3,2,1,1,1,1,2,1,1,2,2,2,1,1,1,1,2,4,4,1,1,1,2,1,2,2,1,2,2,3,1,3,3,2,2,2,3,1,2,2,2,3,3,1,5,3,3,2,1,1,1,2,2,1,1,1,2,1,3,2,1,3,2,1,1,1,2,1,2,3,3,3,3,2,2,1,2,2,3,2,2,2,1,3,1,1,1,2,1,3,3,3,3,2,2,2,2,1,3,1,3,1,3,2,3,2,2,2,3,2,2,4,3,2,4,5,1,1,2,3,3,2,1,1,1,2,2,1,1,3,2,1,2,2,2,2,3,2,5,4,1,2,3,2,3,2,1,1,1,1,1,2,2,5,2,2,2,1,1,2,2,2,2,4,1,1,1,2,2,2,2,1,2,2,2,3,1,1,2,3,3,3,3,1,1,1,3,3,3,3,3,2,1,2,2,3,3,2,2,4,2,3,2,1,3,4,3,2,4,1,1,3,3,3,3,3,1,1,3,2,3,2,2,1,1
CluIDFG22G_0012_initial_C120822,2,2,3,2,4,4,3,2,1,1,1,1,4,3,3,3,1,3,5,3,3,3,1,1,1,1,4,4,1,1,3,3,2,3,2,2,3,1,3,2,1,1,3,3,1,1,2,2,2,1,4,3,2,1,3,1,2,2,1,1,2,2,1,4,2,2,2,2,2,2,2,2,3,3,3,3,1,3,1,2,3,1,1,1,2,2,3,3,1,2,1,1,3,3,1,1,3,3,1,2,1,1,1,2,2,3,2,2,3,4,3,2,3,3,2,2,1,1,4,4,1,3,2,2,2,3,3,3,2,2,1,1,3,3,2,2,3,3,2,2,1,1,1,2,2,3,3,5,2,2,1,2,3,3,1,2,1,1,1,1,2,2,2,1,2,2,1,1,3,1,1,1,3,3,1,3,1,1,2,2,3,2,1,1,3,3,2,2,2,1,2,2,4,7,3,3,1,1,2,1,3,2,1,2,3,2,2,2,2,2,2,2,2,2,2,2,2,1,3,2,1,1,1,4,3,3,2,1,2,2,2,3,1,2,1,2,1,1,1,1,1,3,2,3,1,1,2,3,4,4,2,3,1,1,2,2,2,2,1,2,3,4,2,1,2,2,1,1,2,4,3,1,2,2,1,1,3,3,1,2,3,2,3,2,1,2,2,2,2,3,2,2,1,1,1,1,2,3,1,1,1,2,1,2,2,2,3,3,2,3,1,1,3,1,1,2,2,2,1,1,3,3,2,1,3,1,3,3,1,1,3,3,4,2,1,1,3,1,2,1,1,2,1,2,2,1,2,2,1,1,1,3,4,4,1,1,2,1,1,2,3,2,2,3,1,1,1,1,4,4,3,2,2,2,5,5,3,3,1,4,1,1,2,1,2,1,2,2,1,2,1,1,1,3,2,1,3,2,1,1,2,1,3,2,3,3,3,2,2,2,2,1,1,2,1,2,1,1,3,2,1,3,3,3,3,1,3,4,3,3,1,1,3,3,1,3,1,3,3,3,2,2,3,2,2,2,3,3,2,4,2,5,1,1,3,3,1,2,1,2,2,2,1,2,1,2,2,2,1,1,4,2,2,5,2,5,2,3,3,3,1,1,1,1,1,1,2,1,2,2,2,2,1,1,2,2,2,2,4,4,3,4,2,2,1,2,1,2,3,2,3,1,2,2,3,3,3,3,2,2,3,2,3,3,3,1,2,2,2,2,1,2,1,1,3,4,1,2,2,3,2,4,4,4,3,1,2,3,3,2,1,4,3,1,3,3,2,2,1,1
CluIDFG22G_0041,2,1,2,3,4,4,1,2,1,2,1,1,4,3,4,4,3,1,3,5,1,3,1,2,1,2,2,4,2,4,2,3,1,2,2,2,3,1,2,3,3,2,3,3,1,1,3,2,2,1,4,3,2,2,2,3,2,1,1,2,2,2,4,4,2,3,1,1,3,2,1,2,1,3,3,3,3,1,1,2,3,3,1,1,2,3,3,4,2,1,2,1,3,1,1,1,3,3,1,1,2,2,2,2,1,1,2,2,4,4,1,3,2,2,1,2,3,1,4,1,3,3,1,3,3,1,2,3,2,1,1,2,3,3,2,1,2,3,2,3,2,1,1,1,3,2,3,5,3,1,2,1,3,3,4,2,3,2,1,2,2,2,2,3,2,2,2,3,4,3,1,2,3,3,3,2,2,1,2,2,2,2,2,1,1,3,1,1,1,2,1,1,4,4,3,2,1,2,2,2,3,3,2,4,1,1,4,2,3,2,2,2,2,2,1,2,2,1,3,2,1,3,3,4,2,3,2,2,1,2,2,2,1,2,3,3,1,2,2,2,2,2,1,1,2,1,3,2,1,4,3,3,1,1,3,3,1,1,2,2,3,1,2,2,3,3,3,3,1,4,1,1,1,1,1,1,1,1,1,2,2,1,2,3,1,1,1,1,2,1,2,2,4,5,3,3,1,1,1,2,2,2,2,2,1,1,4,4,2,2,1,2,3,1,1,2,2,2,1,1,1,3,2,1,2,2,3,3,3,2,3,1,4,4,1,2,2,2,2,1,2,2,1,1,2,2,3,2,1,1,3,1,2,2,1,1,2,2,1,2,3,2,1,2,1,3,3,3,4,3,3,3,2,2,1,1,3,3,5,1,3,3,1,2,1,1,2,2,2,2,1,1,1,1,2,2,1,3,3,3,1,1,3,1,3,3,3,3,2,2,2,1,2,3,2,3,2,3,3,2,4,4,2,2,1,3,4,3,2,2,2,2,3,2,1,1,3,3,1,3,1,3,3,2,2,2,1,3,4,4,5,5,1,1,1,1,2,1,2,1,2,2,1,1,1,3,1,2,1,1,3,3,5,2,4,4,2,2,1,3,1,2,1,1,1,1,2,2,5,3,3,2,1,1,2,2,1,1,4,4,3,4,2,2,3,2,2,1,3,3,3,3,1,2,2,3,1,3,3,2,2,2,3,3,3,2,2,4,2,2,1,3,1,1,4,4,2,1,3,3,1,3,4,2,2,1,3,3,2,3,3,1,3,1,3,3,2,2,1,1
CluIDFG22G_0049,2,1,3,2,1,4,2,2,1,2,1,1,4,3,3,4,2,2,1,2,3,2,1,2,1,2,2,4,1,1,3,3,2,1,3,2,3,1,2,2,2,2,3,3,3,3,2,3,2,1,3,4,2,1,1,3,1,1,2,1,2,2,1,1,2,1,1,1,3,2,2,1,2,3,1,3,3,3,1,1,3,1,1,2,2,2,5,2,1,1,2,2,3,1,1,3,4,4,1,1,1,1,3,2,1,1,2,1,3,2,1,2,2,3,2,2,1,1,3,1,3,1,1,2,1,2,3,3,1,4,2,2,3,3,1,1,3,4,2,2,2,2,1,1,1,3,3,3,2,2,1,2,3,3,2,2,3,1,1,1,3,2,1,1,3,2,1,2,3,1,1,2,3,3,2,2,1,2,1,1,2,2,2,3,1,3,2,2,1,2,1,1,4,7,2,3,1,1,2,2,1,2,3,2,3,2,2,1,1,1,2,2,1,2,2,1,1,1,3,2,3,1,1,2,3,4,1,1,1,1,3,2,1,1,1,3,2,1,1,2,1,2,2,3,2,1,3,3,1,4,1,1,1,1,2,2,1,2,2,1,3,1,1,2,1,3,2,3,4,4,1,1,1,1,1,2,3,2,1,2,2,2,2,3,1,1,2,2,3,4,1,1,5,4,3,3,3,3,2,3,2,1,1,2,2,1,4,3,2,2,2,1,1,2,1,2,1,2,1,1,2,4,1,2,2,2,3,3,4,3,1,2,4,2,5,1,2,1,2,1,1,2,2,1,2,1,1,2,1,1,2,3,4,2,2,1,2,1,1,1,1,2,3,2,3,3,3,2,3,4,2,1,1,2,1,2,3,3,1,1,3,3,1,1,1,2,1,2,1,1,3,2,1,2,2,1,1,3,1,3,1,1,1,3,2,2,2,1,1,2,1,1,2,2,2,2,3,1,3,3,1,4,1,2,2,1,4,2,1,3,2,1,3,1,3,3,1,1,3,3,2,3,3,3,2,2,2,1,2,4,2,4,1,1,3,3,2,2,2,1,1,2,3,1,2,1,1,1,2,2,2,3,2,1,2,5,4,4,3,3,3,3,1,1,5,2,2,1,2,3,1,2,2,2,1,1,2,2,1,2,4,3,4,2,1,2,1,1,3,2,1,3,1,1,3,1,2,3,3,2,1,2,3,2,1,2,4,2,3,3,1,1,2,2,1,3,3,2,2,3,4,1,4,4,1,1,2,2,2,2,1,3,1,3,3,3,2,2,2,1
CluIDFG22G_0057,1,1,1,2,1,4,1,3,2,1,2,1,1,2,4,2,2,2,1,2,2,3,2,2,1,2,2,2,1,1,2,3,1,2,2,2,1,3,1,2,2,3,3,2,1,3,2,2,1,2,3,4,2,2,2,3,2,1,1,2,3,3,1,4,3,1,3,1,2,3,3,2,3,3,3,4,2,1,1,1,2,3,2,2,2,2,3,2,1,1,2,2,1,2,2,3,3,3,2,1,2,3,2,3,1,3,2,1,4,2,1,2,2,1,2,1,2,1,3,4,2,1,2,1,2,1,2,3,4,2,2,1,3,3,2,1,1,1,2,2,2,2,1,1,1,1,3,5,2,2,2,2,3,1,1,2,3,3,2,1,2,2,2,2,2,2,1,3,1,1,1,2,3,2,3,1,1,1,2,1,2,2,1,2,2,3,2,2,2,2,1,1,4,3,2,3,1,1,2,2,3,2,2,1,2,1,3,3,1,2,2,2,2,3,1,1,1,1,1,4,3,2,3,3,2,3,1,2,1,2,2,1,2,1,3,2,2,1,2,2,3,1,3,3,3,1,2,3,4,4,2,2,1,1,2,2,1,1,2,2,1,4,2,2,2,3,2,2,2,1,2,1,3,3,2,2,3,3,2,2,1,3,1,2,2,2,2,3,3,3,1,1,1,3,3,2,2,1,2,2,1,1,1,1,2,2,3,1,2,2,2,1,2,3,1,2,2,1,1,2,1,4,1,2,2,1,3,3,3,1,2,3,2,4,4,5,2,2,1,1,1,1,3,1,1,1,2,3,1,1,2,1,1,1,2,1,2,1,1,2,3,2,2,2,3,2,4,2,4,4,1,2,2,2,3,3,2,3,2,3,3,1,1,2,2,1,2,2,2,2,2,2,3,1,2,2,3,3,3,1,1,2,1,1,3,1,3,3,2,2,2,1,1,2,1,2,2,2,1,1,1,4,2,3,3,1,4,3,3,1,2,1,2,2,1,1,1,3,2,1,2,2,3,2,2,3,3,4,1,4,1,2,2,1,1,1,1,2,2,2,2,2,1,2,3,1,2,1,1,1,3,3,4,2,2,5,4,3,3,3,1,1,1,1,2,1,2,1,5,1,1,3,2,2,1,2,2,1,4,2,4,4,2,2,2,2,2,2,2,2,1,3,2,2,3,2,2,1,2,2,3,3,3,1,1,2,2,2,2,2,3,1,3,2,2,3,2,2,2,3,3,1,2,1,2,2,3,2,2,3,3,3,3,3,2,2,3,2,1,1
CluIDFG22G_0071_initial_C144659,1,1,2,1,4,4,1,2,1,1,2,1,3,1,4,2,2,3,2,5,2,1,2,2,2,1,4,4,3,1,2,2,1,2,3,1,3,4,3,1,2,4,1,3,1,3,1,2,2,1,4,3,2,1,2,2,1,2,2,2,2,2,2,4,2,2,1,4,2,2,2,2,2,3,3,3,2,3,3,3,3,3,1,2,2,2,5,3,1,2,1,1,3,3,3,2,4,2,3,1,2,2,1,2,3,3,2,2,2,4,1,3,3,1,2,1,2,2,4,1,1,3,3,2,3,2,1,3,3,4,2,3,3,1,2,2,2,2,3,2,1,1,2,2,2,2,3,3,1,2,2,1,3,2,2,2,1,1,2,2,2,2,2,1,1,3,1,1,2,3,2,1,3,3,2,3,1,1,2,4,1,3,3,2,3,3,2,2,2,1,2,1,4,4,1,3,1,1,2,2,2,2,2,2,1,3,3,4,3,1,2,1,3,2,2,1,1,2,1,2,3,3,3,4,1,4,2,1,1,1,1,3,1,2,1,2,1,1,2,2,3,3,2,1,2,1,3,2,4,4,2,2,2,1,3,3,1,1,2,1,2,2,3,1,3,3,1,2,4,4,2,1,1,1,2,2,2,3,2,2,2,1,3,2,1,1,2,3,1,2,1,1,4,1,3,2,2,3,2,3,1,2,1,2,2,3,3,3,1,3,1,3,3,3,1,2,3,1,1,2,4,3,2,1,1,1,2,3,3,1,3,2,4,1,2,2,3,2,2,2,2,1,3,1,2,2,3,3,2,1,2,1,4,1,1,1,2,2,2,1,3,1,2,3,1,3,2,2,1,4,3,3,1,2,1,1,3,3,4,4,3,3,1,1,1,2,1,1,1,1,1,3,2,2,2,1,3,1,3,3,1,2,1,3,2,2,2,3,2,1,2,2,2,1,2,2,1,1,3,2,3,3,2,2,1,3,4,2,1,2,2,1,3,2,3,1,1,3,3,3,3,3,2,3,1,3,4,3,4,4,4,2,1,1,2,1,1,2,1,1,1,2,1,1,1,1,2,2,2,1,3,2,2,2,3,2,3,3,3,2,1,1,2,2,1,5,2,2,3,5,1,1,1,2,2,2,1,1,4,4,4,2,2,4,2,3,2,2,2,2,1,3,2,2,3,1,3,1,2,3,3,1,2,2,1,2,4,4,3,3,1,3,1,2,4,3,2,1,3,2,2,1,2,4,1,1,2,1,3,2,3,1,1,1,3,3,3,2,1,1
CluIDFG22G_0080_initial_C147696,1,1,3,1,4,4,2,2,2,1,2,1,1,3,3,4,2,2,1,1,2,3,1,2,1,1,4,4,1,1,2,3,1,2,3,2,1,3,3,3,3,3,3,3,3,3,3,2,1,1,4,3,2,1,2,2,2,2,1,1,1,3,3,1,2,3,1,1,3,3,2,2,3,2,3,3,3,3,3,3,3,2,2,2,2,2,2,3,2,1,2,2,2,1,2,1,2,3,2,1,1,2,2,2,1,1,1,2,4,1,3,1,2,3,2,1,3,1,4,3,1,1,2,1,1,2,2,3,4,2,3,2,3,1,2,2,2,4,2,2,1,1,2,1,2,1,3,5,2,1,2,2,2,2,2,2,1,2,1,1,3,2,1,2,2,2,1,1,3,3,1,1,3,3,3,3,2,1,1,2,3,2,1,1,1,1,1,2,2,1,2,1,4,4,2,2,1,1,2,1,4,2,1,1,2,1,3,2,3,1,2,2,3,2,2,2,1,2,3,3,1,3,4,3,3,3,2,2,2,1,2,1,1,2,2,2,1,3,1,1,2,3,3,1,1,1,3,3,1,2,3,3,1,1,2,3,1,1,2,1,2,2,1,1,1,1,2,2,2,4,1,3,3,1,2,2,2,2,1,1,2,3,3,3,2,2,1,3,3,3,2,2,4,4,1,3,2,2,3,2,2,1,2,2,2,1,1,2,2,2,3,2,2,2,1,1,2,2,1,2,4,4,1,2,1,1,3,3,1,2,2,1,4,3,5,1,3,1,2,2,2,2,1,2,1,2,3,2,1,2,3,3,1,1,1,1,2,1,1,1,3,1,2,2,1,1,3,3,1,2,3,1,2,2,3,3,1,1,3,4,1,3,2,1,2,1,2,1,2,2,3,2,1,1,2,2,2,2,1,3,2,2,3,2,2,3,2,2,2,2,1,1,2,1,3,4,3,2,1,3,1,4,1,3,3,3,3,3,1,3,2,2,3,1,1,1,3,3,3,3,3,2,3,2,2,3,3,5,4,1,3,1,1,1,1,2,1,2,1,2,1,2,1,1,3,3,1,1,1,1,3,3,2,2,5,2,1,3,3,3,1,2,1,2,1,1,1,1,2,4,3,3,1,1,2,2,2,2,4,2,3,4,4,1,2,2,2,1,2,2,1,1,2,2,3,1,1,1,3,4,3,3,3,1,1,1,2,3,2,2,3,2,1,2,4,3,2,1,2,3,4,1,4,1,3,1,3,2,1,3,1,1,2,2,2,3,2,1,2,1
CluIDFG22G_0143,2,1,1,1,4,1,2,3,2,1,1,1,3,1,3,3,1,2,1,1,3,3,1,1,1,1,4,2,1,1,2,2,2,1,1,2,3,1,3,1,3,1,3,1,1,1,3,2,2,2,3,3,2,2,2,2,2,1,2,1,2,2,5,4,2,3,1,3,3,3,3,1,3,2,4,3,3,3,3,1,2,3,1,2,3,2,5,2,3,3,2,2,3,2,1,3,4,3,2,1,1,2,1,2,3,3,2,2,4,4,1,1,2,2,1,2,1,2,4,3,1,1,3,2,2,1,3,1,1,2,3,3,2,1,2,1,4,4,2,2,1,1,1,2,2,2,3,5,1,2,1,2,2,1,2,2,3,1,2,2,3,3,2,1,2,2,1,1,1,3,1,1,3,2,3,2,2,1,2,4,3,2,2,3,1,2,1,2,2,2,1,1,3,7,3,3,1,1,2,1,2,2,1,2,1,1,4,2,1,1,4,4,2,1,1,2,2,1,2,3,3,1,3,4,3,3,1,2,1,2,1,1,2,1,1,2,1,2,2,1,2,2,1,2,1,2,3,2,1,4,3,1,1,1,2,2,1,1,2,2,2,3,3,2,3,3,1,3,2,2,2,1,1,1,1,2,3,2,2,1,3,2,3,3,1,2,3,2,2,2,1,2,3,1,3,3,1,3,3,2,1,1,1,2,2,1,1,1,2,3,2,1,2,2,1,1,1,2,2,1,1,4,2,2,2,1,1,2,1,3,3,3,3,1,2,5,2,1,1,2,2,2,3,2,1,2,3,3,1,2,3,1,2,4,1,1,2,2,2,2,1,3,3,3,3,1,2,3,4,1,3,3,1,2,3,1,1,1,3,4,1,1,2,2,1,2,2,1,2,2,3,3,3,2,2,2,1,3,1,1,2,1,3,2,3,3,2,3,2,2,1,2,3,3,3,3,2,1,3,1,4,3,3,2,3,3,4,4,1,2,2,2,2,1,2,2,1,3,3,1,2,3,2,3,1,1,3,1,3,4,2,2,1,1,2,3,1,2,2,2,1,2,1,1,2,3,2,1,1,1,3,3,1,2,5,4,2,3,1,3,1,2,1,2,1,1,2,1,3,3,3,2,2,1,2,2,2,2,2,2,4,2,1,4,1,3,2,2,2,3,1,3,2,1,3,3,2,3,3,2,3,1,2,3,1,1,4,2,2,3,3,1,1,2,3,2,2,2,2,3,4,2,1,1,1,2,3,2,3,3,2,1,2,3,3,3,1,3,1,1
CluIDFG22G_0146_initial_C169813,1,1,1,3,4,4,1,2,1,2,1,1,3,4,4,3,1,1,1,3,3,3,1,1,1,2,2,2,4,1,3,3,2,2,1,1,1,1,2,1,2,1,3,3,3,3,2,2,1,2,3,3,2,2,3,2,1,2,1,1,3,2,4,1,2,2,1,1,3,3,2,2,3,2,4,3,1,2,1,1,3,3,2,2,2,3,1,5,1,3,2,2,3,1,2,1,3,2,1,1,2,1,2,2,3,3,1,2,4,4,1,1,1,2,2,2,3,1,1,3,3,1,2,3,2,1,2,1,1,2,2,3,3,3,1,1,1,4,2,2,2,2,1,1,1,1,3,5,2,2,1,2,1,1,2,1,1,1,2,1,3,2,2,2,2,2,2,1,1,1,2,1,3,3,3,3,1,2,1,1,3,2,2,3,1,1,2,1,1,1,1,2,4,4,3,2,1,1,1,2,2,2,2,1,1,1,4,2,1,2,4,1,1,1,1,2,1,1,1,1,3,3,4,2,3,2,2,2,1,2,3,2,1,1,2,2,2,1,1,1,2,2,2,1,1,2,3,2,1,4,2,2,1,1,3,2,1,1,2,2,3,3,3,2,2,1,2,2,2,4,2,1,1,1,2,2,2,2,2,1,2,3,3,3,1,1,2,2,3,1,2,2,1,3,3,3,3,3,3,3,2,2,2,2,2,3,3,3,3,2,1,1,3,2,2,2,3,2,1,2,4,3,1,1,1,2,1,3,3,5,1,3,3,2,2,5,3,2,2,1,2,2,1,3,2,3,2,2,2,1,1,3,5,1,2,1,1,2,2,2,1,1,2,2,1,3,3,2,4,4,2,3,1,2,1,1,1,3,4,4,3,1,1,2,1,1,1,2,1,2,3,2,1,1,1,2,3,3,1,2,2,1,1,3,2,2,3,2,2,2,2,1,1,3,2,2,1,2,3,3,4,3,3,1,1,3,3,4,1,1,2,2,2,3,2,1,3,3,3,2,3,3,2,2,1,1,3,3,4,1,5,2,1,3,2,1,1,2,2,2,1,2,1,1,3,3,1,1,1,1,3,3,2,5,4,2,3,1,3,2,3,1,1,2,1,2,1,2,5,2,2,2,3,2,2,1,2,2,4,1,4,4,1,3,2,3,2,1,2,3,3,1,2,2,1,3,3,1,4,2,3,3,3,3,3,1,2,1,3,2,2,3,2,1,3,4,2,3,2,3,1,2,2,4,1,2,2,1,3,1,1,4,2,2,3,3,2,1,1,1
CluIDFG22G_0150_initial_C169878,1,2,2,2,1,4,2,3,1,1,2,1,3,3,4,3,3,3,5,5,1,1,2,2,2,2,4,4,1,4,3,1,2,2,2,1,3,3,1,1,3,2,3,3,3,3,2,3,1,2,3,3,1,2,2,2,2,1,1,1,2,2,3,4,2,2,2,1,2,3,1,2,2,3,3,3,2,3,1,3,3,3,2,1,2,3,2,3,2,1,2,1,2,3,3,1,3,3,1,1,2,3,2,2,3,1,2,2,4,4,1,1,3,2,2,2,2,2,4,1,3,3,2,2,2,2,3,3,4,1,2,1,1,3,2,2,2,1,2,2,2,2,2,2,3,3,1,5,2,2,1,1,3,3,2,1,1,2,1,1,1,2,2,1,2,2,1,1,3,3,1,2,2,2,2,2,2,1,2,2,1,2,2,1,2,2,2,2,2,2,1,2,7,4,2,3,1,2,1,2,2,2,4,1,1,1,3,4,1,3,2,1,1,2,2,2,2,2,3,3,3,3,4,3,1,3,1,2,2,1,2,1,1,1,1,1,1,1,2,2,1,3,2,1,1,1,3,2,1,4,3,3,1,1,2,3,1,1,2,2,2,2,1,2,1,1,2,2,4,2,1,2,1,3,2,1,1,2,1,1,2,3,3,3,1,2,3,2,3,4,2,1,5,1,3,3,3,2,3,2,1,1,2,2,2,2,3,3,2,2,1,2,1,2,2,2,3,2,1,1,1,1,2,2,2,3,3,3,1,5,3,3,1,5,5,1,2,2,2,1,2,2,1,2,2,1,1,2,1,1,3,3,1,4,1,2,1,1,2,2,3,2,3,2,3,1,2,2,4,3,2,1,2,1,1,1,3,1,5,5,3,3,2,2,1,1,2,2,2,2,2,3,1,3,2,2,1,3,1,1,1,2,1,2,1,2,3,3,1,2,1,1,3,2,2,2,1,3,2,3,4,3,1,3,3,1,4,3,3,2,2,2,2,4,3,2,1,3,3,3,2,2,2,1,1,2,1,3,4,4,2,2,3,3,3,2,1,1,2,1,2,1,2,1,3,3,1,1,2,1,3,3,4,5,5,4,3,2,3,2,3,2,1,1,1,2,1,1,2,3,2,2,1,2,1,2,2,2,2,2,3,4,1,2,2,2,2,2,3,2,1,1,2,2,3,3,3,1,2,3,3,3,3,3,1,1,2,2,2,3,2,3,3,2,3,3,2,2,3,1,1,3,2,4,3,1,2,2,1,2,1,4,2,2,3,2,1,2,1,2
CluIDFG22G_0151,1,1,1,1,4,1,1,1,2,2,1,1,1,1,4,4,2,2,3,2,2,2,2,2,1,1,4,4,4,1,2,2,2,2,2,1,1,2,4,1,1,2,3,3,1,3,2,3,1,2,3,4,2,2,2,1,2,1,1,1,2,2,2,5,2,3,1,1,3,1,2,3,3,2,3,3,3,1,1,3,2,1,1,2,2,2,3,4,3,3,2,2,2,3,1,1,4,2,1,1,1,1,3,2,1,3,1,2,4,1,3,1,2,2,2,1,3,2,3,4,1,3,3,3,1,2,3,2,4,2,2,2,3,3,1,2,1,4,2,2,1,2,1,2,3,2,5,5,1,2,2,1,3,1,1,2,3,1,1,2,3,3,2,1,1,2,2,1,3,3,1,3,3,2,3,3,2,1,2,2,1,2,2,3,3,1,2,1,1,1,1,1,4,4,2,1,1,1,2,1,2,4,4,2,1,2,2,2,1,1,1,2,1,1,1,2,1,2,3,2,3,3,3,2,3,1,1,1,2,1,3,2,1,1,3,1,1,2,1,2,2,2,3,3,1,1,3,3,1,2,3,3,2,1,2,2,2,1,2,2,2,4,3,3,1,3,2,2,4,2,1,2,1,1,1,1,2,2,2,2,3,2,3,3,1,1,3,2,3,2,1,2,4,1,3,1,3,2,2,2,2,1,1,2,2,3,3,3,2,3,3,2,1,2,1,2,2,2,1,1,4,3,1,2,2,1,1,1,3,3,3,3,1,1,2,4,2,2,2,1,2,1,1,2,1,2,3,2,1,1,1,1,4,5,1,2,2,1,2,1,3,3,2,2,3,2,3,2,4,3,3,3,2,2,1,5,2,3,5,4,1,3,1,2,2,1,1,1,1,1,1,1,3,2,2,1,3,3,1,1,1,1,1,2,2,3,2,3,2,1,2,2,1,1,3,3,3,2,3,3,4,3,3,2,3,1,4,3,2,1,2,2,4,3,1,2,3,3,3,3,2,2,3,3,3,3,2,3,2,4,5,4,2,1,2,1,1,1,2,1,2,2,2,3,1,1,2,2,1,2,2,2,2,2,5,2,1,2,3,3,1,1,2,1,1,5,2,1,4,4,2,1,1,1,2,2,1,1,1,4,1,4,1,2,3,3,1,2,2,2,1,1,2,2,2,2,1,2,4,3,3,3,3,1,1,1,1,2,2,2,3,1,1,3,5,4,1,3,2,2,1,2,1,1,3,2,3,2,2,3,3,3,3,3,3,3,3,1,2,2
CluIDFG22G_0172_initial_C171551,1,2,3,1,1,1,3,3,2,2,1,2,3,3,3,4,1,1,2,2,3,3,1,1,2,2,2,1,1,3,2,2,2,2,2,2,4,3,1,3,1,2,2,3,1,1,2,2,1,1,3,1,2,2,1,1,1,2,2,1,2,2,1,5,3,3,1,1,3,2,2,2,3,3,3,3,3,1,3,2,1,2,1,1,1,2,4,2,3,1,2,2,3,3,2,1,3,3,2,1,2,2,2,1,2,1,1,1,4,4,1,3,1,1,1,2,2,3,3,1,3,3,2,3,2,3,1,2,2,1,3,2,2,3,1,1,4,2,1,3,1,1,2,2,2,2,5,1,1,2,2,2,3,3,3,2,3,1,2,1,2,3,3,2,2,2,3,3,1,3,1,1,3,1,3,3,1,1,1,1,2,2,1,2,2,2,2,2,1,2,1,2,4,4,3,3,1,2,2,2,3,4,2,1,1,1,4,4,2,2,2,2,2,1,2,2,1,1,1,2,1,3,3,4,4,3,1,1,2,1,2,2,1,1,1,2,1,1,1,1,2,2,3,3,1,1,2,3,3,4,1,3,1,1,3,2,2,1,2,2,1,1,1,1,3,3,2,2,1,2,1,1,2,1,2,1,3,3,2,1,3,3,2,2,2,1,2,2,3,3,2,2,3,1,3,1,3,3,2,2,2,1,1,1,1,1,1,1,2,2,1,1,1,1,2,2,1,3,2,1,3,4,2,2,1,2,3,3,1,2,3,2,5,3,4,1,2,2,1,2,2,1,1,2,2,1,2,3,1,2,3,1,2,4,1,1,2,2,1,2,1,2,3,3,1,3,2,3,4,4,2,2,2,2,3,1,3,1,4,3,1,1,2,2,1,1,1,2,2,2,2,1,2,2,2,2,3,2,1,3,1,2,1,1,1,3,2,3,2,2,1,2,1,1,2,2,2,2,3,1,4,3,2,2,3,2,4,4,1,3,2,2,2,2,2,2,3,3,3,3,3,2,3,3,1,2,2,3,4,4,4,4,1,2,1,2,1,1,2,1,2,1,2,1,3,3,1,1,2,1,3,3,5,5,4,2,2,2,3,2,3,3,1,2,1,1,2,2,2,3,2,3,2,3,2,2,1,2,1,1,4,4,2,1,3,2,1,1,2,3,1,3,1,2,1,3,1,2,3,3,3,3,1,2,1,1,1,4,3,1,3,3,2,3,1,3,2,2,1,3,4,4,2,4,2,1,3,3,1,1,1,1,2,3,3,3,1,1,1,2
CluIDFG22G_0175_initial_C171562,2,2,1,2,1,4,1,3,1,1,3,1,3,3,4,4,1,2,3,2,2,3,2,1,1,1,4,2,1,1,3,3,3,2,1,1,3,3,3,3,2,3,1,3,3,1,2,2,2,2,3,2,1,1,2,1,1,1,2,1,3,2,5,4,3,3,1,1,3,2,3,2,2,3,3,3,3,3,3,1,3,3,1,2,2,2,4,4,2,1,1,2,1,3,1,3,4,2,3,1,3,3,2,2,3,2,2,2,2,2,3,3,2,2,1,1,2,2,4,3,1,1,3,2,2,2,2,1,1,3,1,2,1,3,2,2,3,4,2,2,2,1,1,1,2,3,1,5,1,2,1,2,3,1,2,4,1,1,2,2,2,2,2,2,2,2,1,2,1,1,2,1,2,3,2,1,2,1,2,2,2,2,1,3,2,2,2,2,1,2,1,2,4,4,2,3,1,1,1,1,2,2,2,1,3,1,4,4,1,2,4,2,3,2,1,1,2,1,3,1,2,1,3,3,4,4,1,2,1,1,2,2,1,1,1,1,1,2,1,2,3,2,3,3,1,2,2,2,4,4,1,1,1,1,3,3,2,1,2,2,2,1,1,2,3,3,3,2,1,1,2,1,2,1,2,1,2,2,2,1,2,3,3,3,2,2,3,3,2,3,1,1,3,1,2,3,2,3,1,2,2,1,1,1,2,1,1,3,1,2,1,3,1,2,1,1,1,1,2,2,3,3,1,2,2,1,2,3,1,2,1,1,4,2,2,5,2,2,1,2,1,2,2,1,2,3,1,3,1,1,1,1,5,5,2,2,1,1,1,2,2,2,1,3,1,1,3,2,4,2,3,2,1,1,2,2,1,1,4,4,1,1,2,2,1,2,1,1,1,2,3,1,3,3,2,2,3,1,1,1,1,1,2,1,3,3,3,3,1,2,2,2,3,1,2,2,1,2,3,1,4,3,1,2,3,3,2,3,2,3,2,1,2,2,1,3,2,2,3,3,2,2,1,3,1,3,2,3,2,4,1,1,2,3,2,1,3,1,1,2,2,2,2,3,1,2,2,1,2,2,2,3,2,1,5,4,4,2,3,3,1,1,2,2,3,3,1,1,3,3,2,2,3,1,2,2,2,2,4,4,2,3,2,4,2,3,2,1,3,3,1,3,2,2,3,3,3,1,1,2,3,3,2,1,2,2,3,4,1,2,3,1,2,1,1,1,2,1,3,1,4,4,4,2,2,3,2,2,3,3,3,4,2,1,2,3,3,1,2,2
CluIDFG22G_0195_initial_C171706,1,1,2,1,1,4,3,1,2,2,1,2,3,3,4,3,1,3,2,3,1,2,2,3,2,2,1,4,2,1,2,3,1,3,1,2,3,4,3,3,2,3,3,3,3,3,2,3,1,2,4,3,2,1,1,3,1,1,2,2,2,2,4,1,2,1,2,1,2,3,3,2,3,2,3,3,2,2,3,1,3,3,2,1,2,3,4,4,1,3,2,2,1,3,3,2,1,3,3,2,3,1,2,2,1,3,2,2,2,2,3,3,2,3,2,1,1,2,3,4,2,1,3,2,1,2,3,3,1,4,3,2,3,2,1,2,4,1,2,2,2,1,1,1,2,3,3,1,1,2,2,1,1,3,2,2,1,1,2,2,3,1,2,2,2,2,3,3,3,3,1,1,3,3,2,2,1,1,1,4,2,2,1,2,2,3,1,2,2,1,1,1,7,7,2,3,2,1,1,2,2,2,2,2,1,1,3,2,2,1,2,2,2,3,1,1,2,2,2,3,3,3,3,3,1,3,1,1,1,1,3,2,1,1,2,3,1,3,2,1,2,3,3,3,3,3,3,2,4,3,3,1,1,1,3,2,1,1,2,2,4,3,3,3,3,3,2,3,2,4,1,2,2,1,2,1,2,3,2,1,3,3,3,2,2,1,3,2,3,4,1,1,1,1,2,3,3,3,2,3,1,1,1,1,2,3,1,3,2,1,1,3,1,3,2,2,2,3,1,2,3,3,1,2,2,2,3,2,1,5,1,1,2,2,4,3,2,1,2,1,1,2,1,1,2,2,2,2,1,1,1,2,5,5,1,1,1,1,2,2,3,1,2,2,1,3,3,3,3,4,2,2,1,2,1,2,3,1,4,4,3,2,1,2,1,1,1,2,2,1,3,1,1,3,1,1,3,2,2,1,2,2,2,2,2,3,2,3,2,2,1,1,1,1,2,2,2,2,1,1,4,4,3,2,3,3,3,3,2,1,1,1,3,2,2,2,3,1,1,1,2,3,3,1,1,3,4,3,2,2,2,1,1,1,1,3,2,1,2,1,1,1,1,2,1,3,1,1,2,1,4,3,2,5,3,1,4,4,3,1,1,1,2,2,3,5,2,1,2,3,2,2,3,1,2,2,2,2,4,1,3,4,2,1,3,2,1,1,2,2,3,1,1,2,2,2,3,3,2,2,3,3,1,1,2,2,3,2,2,3,3,3,1,2,3,1,2,1,3,1,4,4,2,2,2,1,2,2,2,3,2,2,1,1,3,3,3,3,1,2
CluIDFG22G_0203_initial_C172052,2,2,1,3,1,1,2,3,2,1,2,2,3,3,2,3,2,1,2,3,3,1,1,2,2,2,2,4,2,1,1,2,1,2,2,2,3,3,1,1,3,2,1,3,3,3,2,2,1,2,2,2,1,2,2,3,2,1,1,2,2,2,4,5,2,1,1,1,3,2,3,3,1,1,3,3,1,1,1,1,3,1,2,2,2,2,3,5,1,2,2,1,3,3,1,1,4,4,1,1,3,1,1,3,3,3,2,2,4,4,1,2,3,2,2,2,1,1,4,4,2,3,1,1,1,1,2,2,2,2,3,4,1,1,2,2,2,1,2,2,2,2,2,1,3,1,3,3,1,1,1,2,1,3,2,2,3,3,2,2,3,3,3,2,2,3,3,2,1,3,1,1,3,2,2,2,2,1,1,2,2,2,2,2,1,2,1,1,1,1,2,2,4,4,3,3,1,2,2,1,3,3,4,4,1,2,4,4,1,3,2,4,1,1,2,1,1,1,2,3,3,3,1,4,1,3,1,1,2,2,2,2,1,1,2,2,1,2,2,2,1,3,1,1,1,2,2,2,4,4,2,2,2,2,2,2,2,2,2,2,1,2,1,1,1,1,2,2,4,4,1,3,1,2,1,2,2,2,2,1,2,1,2,3,1,1,2,3,3,2,2,2,4,3,3,3,2,2,1,1,2,2,2,1,2,3,3,3,2,3,3,1,2,1,2,2,2,2,1,1,3,3,2,2,2,2,2,3,2,4,3,1,5,4,3,1,1,1,2,2,2,2,1,2,2,2,1,2,1,1,1,1,2,2,1,1,1,2,2,2,1,1,3,2,1,1,3,2,4,4,3,2,1,2,2,5,3,2,5,4,1,1,1,2,1,1,2,2,2,2,1,1,1,1,1,1,2,3,3,1,2,2,1,2,3,3,3,2,2,1,2,1,1,3,3,3,3,1,3,3,1,4,2,2,1,1,3,3,2,2,2,2,3,3,3,2,1,1,3,2,3,3,3,3,2,1,3,5,1,2,5,3,1,3,3,1,2,1,1,2,2,2,2,3,3,3,1,2,2,2,4,3,5,5,1,4,1,1,2,2,1,1,1,1,1,3,1,1,5,5,2,3,1,2,2,1,2,2,4,2,3,2,4,2,2,3,1,2,1,3,3,3,1,2,2,1,3,1,2,2,2,1,2,1,3,1,4,2,2,3,1,1,1,3,4,4,3,1,2,2,3,1,4,2,2,2,2,2,2,3,4,1,1,2,2,3,2,2,1,1
CluIDFG22G_0206_initial_2134XCY6T,2,1,3,2,4,4,2,3,1,1,1,3,1,4,3,4,2,1,3,1,2,3,1,2,1,1,4,4,1,2,2,3,1,2,1,2,1,3,1,3,2,3,3,1,1,3,2,2,1,1,3,2,2,2,3,1,2,2,1,2,3,2,4,5,2,3,4,1,2,3,3,2,2,2,4,3,3,3,1,1,2,3,2,2,2,1,2,1,2,2,2,1,3,1,1,2,4,3,2,1,2,2,1,2,3,3,1,2,4,4,1,1,2,1,2,2,2,3,3,4,1,1,1,2,3,1,2,3,4,1,2,3,3,1,2,2,3,1,2,2,2,1,1,2,3,3,5,3,2,1,2,2,3,3,2,4,2,1,2,1,3,1,1,3,2,3,1,2,1,3,1,1,3,3,3,2,2,2,1,1,2,1,2,1,2,2,2,2,2,1,2,2,7,4,3,3,2,2,2,2,2,3,3,1,3,3,1,3,2,1,2,2,1,2,1,2,1,1,2,3,3,3,1,4,1,3,1,1,1,2,2,2,1,2,1,1,1,1,1,1,3,2,1,3,1,2,2,2,3,4,3,1,1,1,2,3,1,1,2,1,1,2,1,1,1,3,3,2,4,1,3,1,1,2,1,1,2,2,2,1,2,3,2,3,1,1,2,3,1,3,1,2,1,4,1,3,3,2,1,1,2,2,2,2,3,1,4,3,3,2,1,1,1,3,2,2,1,2,1,1,3,4,2,1,2,2,3,3,1,5,1,1,4,5,2,1,2,1,2,2,2,2,1,1,2,2,1,1,1,1,1,1,4,2,1,1,1,1,1,1,1,1,2,1,1,1,2,2,1,4,2,3,2,1,5,1,3,2,4,4,3,1,1,2,1,1,1,1,1,1,1,1,3,1,2,2,1,2,3,1,2,2,2,1,2,3,3,3,2,1,1,2,2,1,2,1,2,2,1,3,4,3,3,3,1,3,3,3,2,2,2,2,3,1,2,2,3,1,2,3,2,2,2,3,1,2,1,5,3,4,1,3,3,1,3,1,2,2,2,2,2,2,3,3,3,2,2,2,2,1,4,2,5,2,4,2,3,2,3,3,3,1,1,1,1,2,1,2,2,5,2,2,1,2,1,1,2,2,4,4,3,3,2,4,1,1,1,1,3,1,3,1,1,2,3,1,1,3,2,2,1,1,3,2,1,1,4,2,2,2,1,3,1,3,4,4,2,3,1,3,3,3,2,2,1,2,2,2,1,3,1,4,2,2,3,1,2,2,1,1
CluIDFG22G_0218_initial_2168AMYMC,2,2,3,3,1,4,3,2,1,2,3,2,3,1,3,4,1,2,2,1,3,2,2,1,1,2,4,2,1,1,2,3,1,2,3,1,1,1,1,2,2,2,3,3,3,3,2,2,1,2,3,4,2,2,3,3,1,1,1,1,2,2,5,4,3,3,1,4,2,3,1,2,3,3,3,3,2,3,1,2,1,3,1,2,3,3,4,2,3,3,2,2,1,1,2,2,4,4,1,1,2,2,2,1,3,2,2,2,2,4,3,3,3,2,1,2,3,2,4,4,1,1,3,2,2,1,2,2,2,1,2,3,1,3,2,2,3,3,2,2,1,1,2,2,2,2,1,1,3,1,1,1,3,3,4,2,1,1,2,1,2,2,2,1,2,2,2,1,1,3,1,1,3,3,3,1,1,2,2,4,2,2,1,2,2,3,2,2,2,2,1,2,4,7,2,3,1,2,2,2,2,3,1,2,1,1,3,4,2,1,2,4,1,1,2,1,2,1,3,3,3,3,4,3,1,3,1,1,2,1,2,2,2,2,3,3,1,1,1,2,3,3,3,3,2,1,2,3,1,1,1,3,1,2,2,3,2,1,1,2,4,1,2,2,3,1,1,2,1,4,1,3,2,1,2,1,3,2,2,1,3,2,3,2,2,1,2,2,2,4,1,1,4,1,3,2,3,2,1,1,2,2,2,2,2,2,4,1,2,3,1,1,3,2,1,1,1,2,2,2,4,3,2,2,2,1,3,3,1,4,1,1,4,4,2,3,2,2,2,1,2,2,1,1,2,2,2,2,2,1,1,3,2,4,1,1,2,1,2,2,1,1,3,2,1,1,1,3,4,4,2,3,1,1,1,2,3,3,4,1,1,3,1,2,1,2,1,2,2,2,2,2,1,1,2,2,3,3,1,1,1,1,2,1,2,3,2,2,2,1,2,1,2,1,3,2,3,2,3,1,4,3,3,2,3,1,4,4,2,2,2,1,1,2,1,3,1,3,2,3,2,2,3,2,2,2,2,3,4,4,2,4,2,2,3,1,1,1,1,1,2,2,3,1,1,3,1,2,1,2,3,3,5,5,5,2,3,4,3,3,3,1,2,2,1,1,2,1,2,3,2,1,1,1,2,2,2,2,1,4,1,1,2,2,2,2,1,1,3,3,1,1,2,2,3,1,2,2,3,3,1,1,2,2,1,1,4,2,2,3,2,3,3,3,4,3,2,3,2,1,1,4,4,4,2,3,3,2,1,2,1,3,2,2,3,3,2,2,2,1
CluIDFG22G_0220_f1_216UTADUF,1,2,2,3,4,4,2,3,2,2,3,1,1,3,2,4,1,2,1,2,2,2,2,3,2,1,4,2,4,1,2,3,1,2,3,2,1,1,3,2,3,3,1,1,3,1,3,2,2,1,2,3,2,2,3,2,2,1,1,1,2,2,4,4,2,2,1,2,3,2,3,1,1,2,3,3,1,2,3,1,2,2,2,2,2,2,4,2,3,1,2,2,3,2,3,1,4,4,1,1,2,1,3,1,3,1,2,1,4,4,2,1,2,1,1,2,2,1,1,1,1,3,2,2,3,2,3,3,3,2,2,3,2,1,2,1,3,4,1,2,1,1,2,2,2,2,1,5,1,1,1,1,1,1,2,1,1,3,1,2,2,3,1,1,2,2,1,3,3,1,2,1,3,2,3,3,1,1,4,1,3,2,2,1,2,2,1,2,2,1,2,1,1,4,2,1,1,1,2,1,2,3,2,1,3,1,3,4,2,1,1,1,1,1,1,1,1,1,2,3,3,1,1,4,3,3,1,1,1,2,2,2,1,1,1,2,2,1,2,2,2,2,2,2,1,3,3,1,2,2,3,2,2,1,3,2,1,1,2,2,2,4,3,2,3,2,2,1,4,1,1,2,1,1,1,2,1,3,2,1,3,3,3,1,2,2,1,2,3,3,2,2,1,4,3,1,1,3,3,1,2,2,2,2,3,3,3,3,3,3,1,1,2,2,1,2,2,2,1,1,3,3,2,2,1,2,3,1,3,2,3,3,2,3,2,4,2,3,1,2,2,1,1,2,2,1,3,2,1,2,1,1,5,1,1,2,2,2,2,1,2,3,2,3,1,3,3,3,3,3,2,3,2,1,5,1,2,1,3,3,3,3,1,2,1,1,2,2,2,2,3,2,1,2,2,2,3,3,2,1,1,1,2,3,3,2,3,3,2,2,1,2,3,1,2,1,2,3,1,1,3,3,2,3,3,3,4,3,3,1,2,2,3,2,1,1,3,1,3,3,2,3,1,3,3,1,1,3,2,1,5,2,1,1,1,3,1,2,1,1,2,2,1,1,1,1,2,2,1,2,3,2,2,2,2,4,3,3,2,3,1,1,1,1,1,1,2,1,5,2,2,1,3,3,2,2,2,2,1,1,2,4,4,3,2,2,1,1,1,2,3,1,2,2,3,3,1,3,2,3,2,1,3,2,1,1,4,2,2,2,3,2,1,2,4,2,2,1,2,2,1,2,1,1,2,2,2,2,2,3,1,1,1,2,2,3,2,1,2,2
CluIDFG22G_0237,2,1,2,2,4,4,1,2,1,1,3,1,4,1,4,1,1,3,5,3,1,2,2,1,1,3,4,4,1,1,2,2,2,2,2,2,3,3,3,3,1,3,1,3,1,1,2,3,2,2,3,4,1,1,3,2,2,2,1,2,2,1,5,4,3,3,3,1,2,1,1,1,1,3,3,3,1,3,3,3,3,3,2,2,1,2,4,3,1,2,2,1,1,1,1,1,3,4,1,2,2,1,1,2,3,3,2,2,4,4,3,2,1,2,2,1,3,3,4,4,3,3,1,3,2,1,2,2,2,1,2,1,3,3,2,2,3,2,2,2,1,2,2,2,3,2,3,3,1,2,1,2,3,2,1,2,3,1,1,2,1,3,1,1,2,2,1,1,1,3,1,2,2,3,3,3,2,2,4,1,2,2,1,1,3,3,2,2,2,1,1,1,7,4,2,2,1,1,1,2,3,2,4,3,1,3,1,3,1,2,2,1,1,3,1,1,2,1,1,4,3,1,3,3,1,3,2,2,1,1,2,1,1,1,1,2,1,1,1,2,2,2,3,1,2,1,3,2,2,3,2,1,2,1,2,2,1,2,2,2,4,1,1,2,1,3,3,2,1,4,2,1,1,3,2,1,3,2,2,1,2,3,3,3,1,2,2,2,2,2,1,2,1,3,1,1,2,2,3,3,1,1,2,1,2,2,3,3,3,2,1,2,2,1,1,1,2,1,1,2,3,2,2,2,2,2,2,3,2,2,3,3,1,5,1,4,1,3,2,2,1,1,1,3,3,2,2,3,1,1,3,3,5,2,1,1,2,2,1,1,2,3,2,3,2,2,2,2,4,4,2,3,1,1,3,1,2,3,4,4,3,1,1,2,2,2,2,2,2,1,1,1,1,2,2,2,3,1,1,1,1,2,3,2,2,3,3,1,1,2,1,1,1,1,2,4,1,2,2,2,1,3,3,2,1,3,2,3,2,1,1,2,3,3,2,2,1,1,2,3,2,3,1,3,1,1,3,3,2,2,2,2,1,1,3,3,2,1,2,1,2,2,2,2,3,2,1,2,1,2,4,4,1,2,4,3,3,2,3,2,1,3,1,2,1,1,1,1,2,5,2,2,1,2,1,2,2,2,2,4,3,2,2,4,2,2,1,2,1,2,3,1,2,2,1,2,1,2,3,3,3,3,3,2,1,1,2,2,2,2,3,2,3,1,4,3,2,2,3,3,4,4,2,1,1,3,1,3,1,1,4,3,3,3,3,3,2,2,1,1
CluIDFG22G_0248_initial_21EJX7XJP,2,2,2,1,4,4,2,3,2,1,3,2,4,1,2,4,2,3,2,5,3,2,2,1,3,1,4,4,1,1,2,2,1,1,3,3,3,3,3,3,1,3,3,3,1,1,2,3,1,2,4,2,1,1,2,3,2,2,1,1,2,2,4,5,2,1,4,1,2,2,2,3,2,3,3,3,2,1,1,3,3,3,2,1,3,2,3,2,3,2,2,2,3,3,3,3,3,4,2,2,1,1,3,2,2,1,1,1,1,4,3,3,3,3,1,1,3,3,1,4,1,3,3,1,3,2,3,2,1,2,2,4,1,3,1,2,1,3,2,2,1,1,2,1,3,2,3,1,2,1,1,1,1,1,2,2,3,1,2,2,3,3,1,1,2,3,1,3,3,3,1,1,3,3,3,3,2,1,1,1,2,2,1,1,3,2,2,2,2,1,1,1,4,4,3,2,1,1,1,2,2,2,1,3,2,1,2,3,2,2,2,2,2,3,2,1,2,2,2,1,1,3,4,3,2,1,2,2,2,1,1,1,1,2,2,1,1,1,2,2,1,3,3,1,2,2,3,3,3,4,3,1,1,1,3,2,2,1,2,2,2,2,2,3,3,1,3,3,4,4,1,1,1,2,2,2,1,2,2,2,3,1,2,3,1,1,2,1,2,3,2,1,1,3,1,2,3,2,3,3,2,2,2,2,2,2,3,3,2,2,2,3,2,1,2,1,2,2,1,1,2,4,2,2,2,1,3,3,2,2,2,1,2,3,2,2,1,2,2,1,2,1,2,3,3,2,2,2,1,1,3,3,5,1,2,1,2,2,1,1,2,3,3,3,2,3,2,2,4,4,2,3,2,2,3,3,3,2,4,5,3,3,2,1,2,2,2,2,1,2,2,2,3,1,2,2,3,2,1,3,1,2,2,1,2,2,2,2,2,2,2,2,2,2,2,3,1,2,2,3,3,1,3,2,3,3,3,3,3,3,2,2,1,2,1,1,1,3,3,3,3,1,3,3,2,2,5,3,4,4,2,2,2,3,1,3,3,2,1,1,2,2,2,1,1,3,1,2,2,2,3,3,5,4,2,2,4,3,3,3,2,2,2,1,1,1,2,1,3,5,2,3,1,4,2,2,2,1,4,4,3,3,2,4,2,2,2,2,2,1,3,3,2,1,3,1,2,3,3,2,2,3,3,2,1,3,2,2,2,2,1,3,1,3,3,3,1,2,1,3,1,1,4,2,2,2,3,3,2,1,1,4,1,3,3,3,2,2,1,1
CluIDFG22G_0256_initial_21FRT8KAN,2,1,3,3,1,4,3,3,1,1,1,1,3,1,3,4,1,2,1,3,2,3,2,1,1,1,4,4,1,2,3,2,1,2,2,1,3,1,1,1,2,3,3,3,1,3,2,2,1,2,1,4,2,1,2,2,2,2,2,2,2,3,5,4,4,2,4,1,2,1,1,2,3,2,4,3,3,3,1,2,2,3,1,2,2,1,2,2,3,2,1,2,3,1,1,1,3,4,1,2,1,2,2,1,1,1,2,2,4,4,1,2,3,1,2,2,3,1,4,1,3,2,2,2,2,2,3,3,4,1,3,2,3,1,2,1,3,2,2,3,1,1,2,2,2,2,1,1,1,2,2,2,3,3,2,2,2,1,2,1,1,1,2,2,2,2,2,2,3,3,1,1,3,3,3,3,2,2,2,1,1,2,2,1,2,2,2,2,2,2,2,2,7,7,3,3,1,2,1,2,3,2,4,1,1,3,3,1,1,2,2,4,1,1,1,2,1,2,3,3,3,3,4,3,3,1,1,1,1,2,2,2,1,2,1,2,1,1,2,1,3,2,3,2,2,2,3,2,3,3,3,3,1,2,2,3,1,2,2,1,1,2,1,3,2,3,3,2,5,4,1,3,1,2,1,2,2,3,2,2,2,3,2,3,1,2,3,2,1,2,2,1,3,4,1,1,3,3,1,1,2,2,1,2,3,3,3,3,3,3,3,1,1,2,2,2,2,2,1,1,3,3,2,2,2,1,3,3,1,1,1,1,4,5,2,3,2,2,2,1,2,2,3,1,2,3,2,1,2,1,1,3,4,1,1,1,2,1,1,2,1,1,3,2,1,1,2,2,1,4,3,3,1,1,1,1,1,1,4,4,3,1,2,1,1,2,2,1,2,1,1,2,3,3,1,2,3,3,1,3,2,2,1,2,2,3,3,2,2,2,1,1,2,2,2,2,2,3,1,3,3,4,2,3,3,3,3,3,2,2,2,2,1,3,2,2,3,3,3,3,2,2,3,3,1,1,1,1,4,3,2,2,1,1,3,3,1,1,2,1,2,2,3,1,3,3,1,1,2,2,2,2,2,2,4,4,3,3,3,1,2,3,1,1,1,1,1,1,5,5,2,1,2,3,2,1,2,1,1,2,4,3,1,2,1,1,1,1,3,3,1,3,2,2,1,3,3,1,2,3,2,3,3,2,1,1,2,2,3,3,3,3,1,1,4,4,3,2,3,1,3,3,2,2,1,1,2,3,2,2,4,4,3,3,3,3,3,2,1,1
CluIDFG22G_0260_f1_21GJLNVPG,1,2,3,2,4,4,2,3,1,1,3,3,4,3,3,4,1,1,3,3,3,2,1,1,1,1,4,2,1,1,2,3,2,2,1,2,1,1,3,3,3,1,3,3,1,3,3,2,2,1,3,4,2,2,2,2,2,2,2,1,2,2,4,4,4,2,1,2,2,2,2,1,3,3,3,4,3,3,1,1,3,3,1,2,2,1,2,3,1,1,2,1,1,1,1,3,4,4,1,2,2,3,1,1,3,1,2,1,4,4,2,1,3,1,1,2,2,1,4,1,1,3,1,2,2,1,3,3,1,1,3,3,3,2,2,2,3,4,2,3,1,1,1,2,3,2,5,3,2,1,2,1,1,3,1,2,1,2,1,2,2,3,2,1,2,3,3,2,3,1,1,1,2,3,3,2,2,1,1,1,2,1,2,1,1,1,1,2,2,2,2,2,2,7,3,3,1,2,2,2,3,3,4,4,1,1,1,1,1,1,4,4,1,1,2,2,1,1,2,2,3,1,4,4,1,1,1,2,1,2,3,2,1,1,2,3,1,1,1,2,2,3,1,2,2,1,3,2,4,3,3,2,1,1,3,2,2,2,2,2,2,4,2,2,3,3,3,1,4,4,1,1,1,1,2,1,2,2,1,2,1,1,3,3,1,1,3,3,3,3,2,2,5,5,1,1,2,2,1,1,2,2,2,2,2,2,3,3,2,2,1,2,3,2,1,2,2,2,1,1,1,3,1,2,3,2,2,3,5,2,1,3,5,5,3,1,1,2,2,1,1,2,3,1,2,1,2,2,2,1,3,1,1,2,1,1,2,1,2,2,2,2,3,3,1,1,2,1,4,4,1,1,1,1,4,4,2,2,4,4,3,3,2,1,1,1,1,2,1,1,1,1,3,3,1,2,3,1,1,3,1,2,2,2,2,2,2,3,1,1,1,2,3,1,2,3,3,2,3,1,1,1,1,2,3,1,3,3,2,3,2,2,3,3,1,1,3,3,3,3,2,3,3,3,2,2,3,2,4,3,5,2,1,1,1,3,2,1,2,1,2,1,2,3,3,1,1,2,1,1,3,3,5,5,4,4,1,2,2,3,1,1,2,1,1,5,1,2,3,2,2,3,1,3,2,1,1,2,1,4,3,3,2,2,2,2,1,1,3,3,1,3,2,2,1,3,1,1,3,2,3,2,3,3,1,2,2,2,2,3,1,1,1,1,2,4,1,1,3,1,3,1,4,1,1,3,1,2,2,2,4,4,1,3,2,2,2,2,1,1
CluIDFG22G_0262_initial_21GY7LHTA,2,1,3,1,4,4,1,1,2,2,1,1,3,3,3,4,1,1,3,2,2,3,1,2,2,1,4,2,2,4,3,3,1,1,3,1,1,1,3,1,2,1,1,2,1,1,2,3,2,1,3,3,2,2,3,3,1,1,1,2,3,3,1,4,3,1,1,1,2,2,3,2,1,1,3,3,1,2,1,2,3,1,2,2,2,2,4,4,2,1,2,1,1,1,3,3,3,4,2,3,2,3,2,1,3,1,2,2,2,4,3,3,2,1,1,2,2,2,4,3,1,2,3,2,2,2,1,2,4,1,2,3,3,2,1,1,1,4,2,2,2,2,2,1,3,1,3,3,2,2,1,1,3,3,1,2,3,1,2,2,1,3,2,2,2,2,2,1,1,1,1,1,2,2,3,2,2,1,2,2,2,2,1,3,3,2,2,1,2,2,2,1,6,2,3,1,1,1,1,1,4,2,1,2,3,2,2,4,1,1,4,1,2,2,2,1,1,2,3,4,3,3,3,3,1,3,2,1,1,1,2,3,2,1,1,1,1,1,2,1,2,2,1,1,2,3,3,2,4,4,1,1,1,1,1,3,1,1,2,2,2,3,2,1,3,1,2,2,2,1,1,2,1,1,2,2,2,2,1,1,3,3,2,3,2,2,2,2,3,3,1,1,3,1,3,2,3,3,2,2,2,1,2,2,1,3,3,1,3,3,2,2,1,3,2,2,2,2,1,2,4,4,1,2,1,2,3,2,1,5,2,3,2,4,5,4,2,2,1,1,1,1,1,1,2,2,1,3,1,1,1,1,5,4,1,1,2,2,2,1,2,2,3,1,1,1,3,1,2,2,3,2,1,1,2,2,1,3,4,1,1,3,2,1,2,1,1,1,1,2,3,3,2,3,1,2,1,3,3,1,1,1,2,1,3,3,2,2,2,2,1,2,1,1,2,2,2,2,3,1,3,4,2,2,1,2,3,3,3,3,2,2,2,2,3,3,1,1,3,3,2,3,3,3,3,3,5,3,4,2,1,1,2,1,1,1,1,1,2,1,2,2,1,1,1,1,1,2,2,2,2,3,2,2,3,4,3,2,3,3,2,3,1,2,5,1,1,2,3,2,2,3,1,1,2,2,2,1,4,4,4,2,1,2,3,2,1,2,3,1,1,4,2,2,3,2,2,1,3,3,3,2,2,3,1,1,2,2,2,2,3,3,2,1,3,1,2,1,2,1,1,1,2,4,1,1,3,2,1,3,2,3,3,2,3,3,3,3,1,1
CluIDFG22G_0263_initial_21H7YJVRD,2,1,3,2,1,3,1,3,1,1,1,3,3,3,4,4,1,3,2,3,1,3,1,2,2,1,4,1,1,4,3,3,2,2,1,2,3,4,1,3,3,1,3,3,3,1,2,2,1,2,3,2,2,2,2,1,2,2,1,1,1,3,4,5,3,3,1,1,3,2,2,2,2,3,3,4,3,3,3,1,3,3,2,2,2,2,5,4,3,3,2,1,1,3,1,1,2,4,2,1,2,2,2,2,2,3,2,1,4,1,2,1,2,1,1,1,2,3,4,1,3,1,2,1,3,1,1,3,1,1,2,3,3,3,2,1,4,2,2,3,1,1,2,2,3,2,5,1,2,1,2,1,2,3,2,2,1,3,2,2,3,2,1,1,2,3,1,2,1,3,1,1,3,3,3,3,1,2,4,4,3,1,2,3,2,1,1,1,2,2,2,2,7,4,2,3,1,1,1,1,3,2,2,3,3,1,4,1,3,1,2,1,1,2,1,2,1,1,3,3,3,3,4,3,3,1,2,1,2,1,3,3,2,1,1,2,2,1,1,1,2,3,1,1,2,3,2,3,2,3,3,3,1,2,2,3,1,2,2,2,4,3,2,3,1,1,2,2,4,1,1,2,3,2,2,2,2,2,2,2,2,2,3,3,1,2,3,3,2,4,2,1,4,4,3,1,3,2,1,3,2,2,2,2,3,2,3,3,3,1,1,1,2,3,1,1,2,1,2,1,3,3,2,2,1,2,3,3,3,5,3,3,1,5,1,5,2,2,2,2,2,2,2,2,2,2,2,3,2,2,3,1,1,5,2,2,2,1,2,2,1,1,2,3,1,1,3,3,3,2,3,3,2,1,5,1,2,1,4,3,2,3,2,1,2,2,2,1,2,1,1,1,2,2,2,2,2,3,1,3,1,2,3,3,2,2,2,2,2,2,1,2,3,1,4,2,1,2,3,1,3,4,2,2,3,3,3,3,2,1,1,2,3,3,1,3,1,3,3,3,2,2,3,3,1,1,1,3,1,3,2,5,1,1,1,1,1,1,2,2,2,1,2,2,1,2,2,1,2,2,2,3,2,2,4,4,3,2,2,1,2,1,1,1,1,2,2,1,5,4,2,2,1,1,2,2,1,1,2,1,4,3,2,1,1,2,1,1,2,2,1,1,2,1,1,3,2,1,3,3,3,3,3,1,1,1,2,1,2,2,1,3,3,1,4,5,2,2,1,1,1,3,1,2,3,2,2,2,2,2,2,1,1,3,2,3,3,2,1,1
CluIDFG22G_0302_initial_21PVNJBYU,2,1,1,1,4,2,1,1,2,2,1,1,3,1,4,4,2,3,3,3,2,3,2,1,1,1,4,4,2,1,3,2,1,2,2,1,1,3,3,3,2,1,1,3,3,1,2,1,2,1,3,3,2,1,2,2,2,1,2,1,2,2,2,4,3,2,2,2,2,2,2,1,2,3,4,3,1,1,3,1,1,3,1,2,2,2,3,2,3,2,2,2,2,3,3,1,4,1,3,1,1,1,3,1,1,1,1,1,1,4,3,1,2,2,1,2,2,1,3,3,1,1,2,3,1,2,3,3,2,1,1,3,2,3,2,1,3,3,3,2,1,2,1,2,3,2,3,3,2,1,2,1,3,1,2,1,1,1,2,2,2,3,1,1,1,3,1,2,1,3,1,1,3,3,3,1,1,2,2,4,2,2,3,1,1,2,2,2,2,2,1,1,2,7,2,2,1,1,2,1,2,2,2,3,3,1,1,2,1,1,4,2,1,1,2,2,1,2,2,3,3,3,2,4,2,3,1,1,2,2,3,1,1,2,3,2,1,2,2,1,2,2,1,2,2,1,3,3,3,1,1,3,1,1,2,2,1,1,2,2,2,1,1,3,3,1,1,2,4,1,2,1,2,3,1,1,3,3,1,2,2,2,3,3,1,2,2,3,3,3,2,1,3,1,3,1,2,3,1,1,1,2,1,1,3,3,3,3,2,3,1,1,2,2,1,1,2,2,1,1,4,3,1,2,1,1,1,2,2,3,3,3,2,1,2,2,1,2,2,1,2,1,2,1,2,1,3,2,1,1,3,1,5,5,2,2,2,1,2,1,3,1,2,2,2,1,3,2,4,2,3,3,2,2,1,3,3,2,5,2,1,3,2,1,1,1,1,1,1,2,1,2,2,1,1,2,2,3,1,1,2,2,2,2,2,3,3,3,2,1,1,2,3,1,2,2,2,2,1,3,4,4,2,2,3,3,4,3,1,1,2,2,2,2,1,2,3,3,3,3,3,2,2,3,1,3,2,3,4,4,4,4,3,2,3,1,1,1,2,1,1,1,2,1,2,2,1,2,1,2,3,2,2,2,5,4,1,2,3,3,2,1,2,1,1,1,1,2,5,2,2,3,3,2,1,2,1,1,4,4,4,2,4,1,3,2,1,1,2,2,1,1,2,2,2,2,3,2,1,4,3,3,3,3,3,1,1,1,2,3,2,3,1,1,3,4,1,2,2,3,4,2,2,1,2,1,1,2,2,2,1,1,3,1,3,3,1,3,1,2
CluIDFG22G_0315,2,2,1,3,1,4,1,2,1,1,2,1,1,3,3,4,2,1,3,3,2,1,2,2,1,2,2,4,1,2,1,3,2,3,1,2,3,3,3,3,1,2,3,3,1,1,2,2,2,2,4,3,1,1,1,3,2,1,1,1,3,2,4,1,3,2,1,1,3,3,3,2,1,1,3,3,1,3,1,2,3,1,1,2,2,1,5,2,2,2,1,1,3,1,1,1,3,3,2,2,3,1,1,3,1,3,2,1,3,1,3,3,2,2,2,2,1,3,2,4,1,3,2,3,1,1,2,3,2,4,1,3,3,1,1,2,1,1,2,2,2,1,1,2,3,3,3,1,3,1,1,2,3,3,1,2,3,1,2,1,3,3,1,2,2,2,1,3,3,1,1,1,2,3,3,3,2,1,2,1,2,2,2,3,3,3,1,2,2,2,2,1,7,6,1,3,1,2,1,1,2,3,4,4,1,2,4,4,1,3,2,4,1,2,1,2,1,1,2,2,1,3,3,3,3,3,1,2,1,2,2,3,1,2,1,1,2,1,2,1,2,2,1,3,1,1,2,3,1,4,2,3,1,2,3,2,2,1,1,2,4,1,2,1,1,3,2,3,5,4,1,3,1,1,1,1,2,2,2,1,3,2,2,2,1,2,2,3,2,3,2,1,4,1,3,3,2,2,1,3,2,2,2,2,2,3,3,3,2,2,1,1,1,1,2,2,3,2,2,1,3,2,2,2,2,2,2,2,1,4,1,1,5,4,3,2,1,3,2,2,1,2,1,2,2,1,3,1,2,1,2,1,4,2,1,1,2,1,2,1,2,1,3,3,1,1,3,2,4,2,2,3,1,2,2,5,2,1,5,4,1,1,2,2,1,2,2,1,1,1,3,1,1,2,2,1,3,1,1,1,2,2,2,3,2,3,3,2,2,2,1,1,3,1,3,2,2,1,1,3,1,2,2,2,1,1,3,3,3,3,2,2,2,3,2,3,1,1,3,3,2,3,3,3,2,2,3,4,4,2,1,5,1,2,1,3,1,1,1,1,2,2,1,1,2,1,2,1,1,2,2,4,5,2,3,4,1,4,3,2,1,3,2,1,2,1,2,1,2,2,2,2,3,1,1,2,2,2,1,2,4,4,2,2,2,2,2,2,2,1,3,1,2,2,1,1,3,1,2,3,3,1,3,3,1,2,2,2,2,3,3,3,1,2,4,2,2,1,3,2,4,2,4,4,3,1,3,2,2,2,4,3,3,1,2,2,2,2,2,1
CluIDFG22G_0323,2,2,1,1,1,4,2,3,2,2,1,1,1,1,2,4,2,2,2,1,2,3,1,2,1,3,2,4,1,1,3,3,3,2,1,1,4,3,2,3,3,3,1,1,1,1,2,1,1,2,3,3,2,1,3,3,1,1,2,2,1,3,4,4,2,2,1,1,3,3,2,2,3,2,3,3,3,1,2,1,3,3,1,2,1,2,2,2,3,1,2,2,1,3,3,2,4,4,1,1,1,1,3,2,1,1,1,2,1,2,3,3,2,2,1,2,2,2,3,1,1,1,3,2,2,2,1,2,2,1,3,2,2,3,1,1,1,4,1,2,1,2,1,1,2,1,1,5,1,2,1,2,3,1,4,4,1,1,2,2,1,3,2,1,2,3,3,1,2,3,1,1,3,2,2,1,2,2,2,2,2,3,2,3,1,2,1,2,2,1,1,2,6,4,1,3,1,1,1,2,2,4,2,1,1,1,2,4,1,2,4,4,2,1,2,2,1,2,2,1,3,3,4,3,4,1,1,1,2,1,2,1,2,1,1,2,2,3,2,1,2,1,1,3,1,2,3,2,4,2,2,2,1,1,3,2,1,2,2,1,1,1,1,2,3,3,3,2,1,4,1,2,1,3,1,2,2,2,2,1,3,2,3,2,1,2,3,3,3,3,1,2,5,3,1,1,2,2,2,2,2,1,1,2,2,1,3,3,2,3,3,2,3,3,2,2,2,1,1,1,3,3,1,2,2,2,3,2,1,5,3,3,3,5,5,3,1,2,2,1,1,1,1,1,3,1,3,2,1,1,1,1,4,4,1,1,1,1,1,1,1,1,3,3,3,3,2,3,2,4,2,1,2,2,1,1,3,3,3,4,1,1,2,2,1,2,1,2,1,2,3,1,3,3,2,2,1,2,2,1,1,2,2,2,3,3,3,3,2,2,2,1,3,3,2,2,2,2,3,1,3,3,2,1,3,3,3,2,2,1,1,2,2,2,2,2,1,3,1,3,2,2,2,3,2,1,2,3,2,4,4,4,3,1,2,2,1,1,1,1,2,2,1,2,3,1,1,1,1,1,3,3,2,5,4,3,3,1,1,1,2,1,1,1,3,3,1,1,2,3,3,2,1,2,2,1,2,2,4,4,2,3,2,2,2,3,2,2,3,1,4,3,2,2,3,2,1,2,3,3,3,2,3,3,2,1,3,2,2,3,3,1,2,2,1,3,1,1,3,2,1,2,1,2,2,3,2,3,1,2,1,1,2,3,2,1,3,2,1,1
CluIDFG22G_0339,1,1,2,1,4,1,1,1,2,2,1,1,1,1,1,2,2,3,2,5,2,1,2,2,1,2,4,4,3,4,2,2,2,1,3,1,1,3,3,3,3,3,1,3,3,3,2,2,2,2,1,3,1,2,1,2,2,2,1,1,3,2,4,4,2,2,1,3,3,2,1,3,2,3,3,3,2,2,1,1,1,3,2,2,2,1,4,3,1,3,2,2,1,3,1,3,3,4,1,2,2,2,2,2,3,3,2,2,2,2,3,3,1,2,1,1,2,2,3,3,1,1,2,1,1,2,2,1,2,1,3,2,1,2,1,2,1,3,2,1,2,1,1,2,1,2,1,1,1,3,1,2,2,1,4,2,1,1,2,1,2,2,2,2,3,2,2,1,3,3,1,1,3,2,3,2,2,2,1,4,3,2,2,2,2,1,2,2,2,2,1,1,4,7,3,2,1,1,1,1,3,1,2,4,1,1,4,2,3,3,2,4,1,1,1,1,1,2,3,3,1,3,4,3,2,1,2,2,2,1,2,2,1,2,2,1,1,1,1,2,3,3,3,2,2,3,2,3,1,4,3,2,2,1,2,2,1,1,1,2,1,2,1,3,3,3,2,2,4,1,2,1,1,1,1,2,2,2,2,2,2,3,3,3,2,2,2,3,3,3,2,2,3,1,1,3,3,2,1,3,2,1,2,1,3,3,3,1,2,3,1,1,3,1,2,1,3,2,2,2,3,4,1,1,2,1,3,1,5,3,3,3,1,1,5,2,3,2,2,2,1,2,1,1,2,2,2,3,1,1,1,1,5,5,1,2,2,1,2,2,1,1,3,2,1,3,2,1,4,3,2,1,1,2,2,3,1,3,5,4,3,1,2,2,2,1,1,1,2,2,2,3,1,2,2,1,3,3,1,3,2,1,1,3,2,3,3,3,2,2,1,1,1,2,2,2,1,2,3,1,3,4,2,2,3,3,4,2,3,3,2,2,2,3,1,1,3,3,3,3,3,3,3,1,1,2,1,3,2,2,2,5,2,1,3,1,1,3,1,1,2,1,2,1,3,1,1,2,1,1,3,4,2,2,4,2,2,3,3,3,1,1,1,1,1,5,1,2,3,5,3,2,1,2,2,1,2,2,3,2,1,2,2,4,1,2,2,2,2,2,1,3,2,1,1,3,2,1,1,3,3,3,3,2,1,1,2,2,3,3,1,1,1,1,1,4,1,1,2,3,4,4,1,4,2,2,3,3,2,2,2,3,1,1,3,3,2,3,1,1
CluIDFG22G_0380_initial_22HTTW6UW,2,1,1,2,1,4,1,3,1,2,1,3,3,3,4,4,2,1,2,2,2,2,3,3,2,2,4,4,4,4,2,3,2,2,2,1,3,3,1,3,3,3,3,3,3,1,2,1,2,2,3,3,1,2,2,3,2,1,2,1,2,2,1,4,1,1,1,4,2,3,2,2,3,1,3,4,3,3,1,1,3,3,1,2,2,2,4,4,1,1,2,2,1,3,3,3,4,2,2,3,2,3,2,1,1,3,1,1,2,4,3,1,1,2,2,2,1,1,4,3,1,2,2,2,2,2,3,3,2,1,2,3,3,2,2,1,3,4,2,2,1,2,1,1,2,3,1,1,1,2,2,2,1,2,2,2,1,2,1,2,3,2,2,2,2,1,1,1,3,1,1,2,3,3,1,2,2,2,2,1,2,2,1,2,2,1,1,1,1,1,1,1,4,4,3,2,1,1,2,1,2,2,4,2,3,1,1,4,1,1,2,4,1,2,1,1,2,2,3,4,2,2,3,4,3,1,1,1,1,1,1,3,1,1,1,2,2,1,2,2,3,2,1,3,3,2,2,3,3,3,2,3,2,1,3,2,2,2,1,2,3,2,1,1,3,1,2,1,2,4,1,2,1,3,1,1,1,3,1,1,3,2,2,3,2,1,3,2,3,3,1,1,3,1,3,3,3,3,2,2,2,1,1,2,1,1,1,1,3,2,3,3,3,2,2,1,2,2,1,1,4,4,1,1,2,1,2,2,1,3,1,3,2,2,5,2,3,1,2,2,1,2,3,1,3,3,2,3,1,1,1,3,4,5,1,1,2,2,1,2,1,2,3,3,3,1,3,3,2,3,2,3,2,1,5,4,2,2,4,5,3,1,2,2,1,1,1,1,1,2,3,2,2,3,1,1,1,3,3,1,2,2,1,1,1,2,3,2,2,2,2,1,3,3,2,2,1,2,3,1,4,4,1,2,3,1,3,3,3,1,2,1,3,2,2,2,1,1,1,3,3,2,3,1,2,1,3,2,4,2,4,5,2,1,3,1,1,3,1,1,2,1,1,1,2,1,1,2,2,2,3,2,2,2,4,4,4,2,3,3,3,1,1,2,5,5,2,2,3,4,2,2,2,3,2,2,2,2,4,1,4,4,2,2,2,2,2,1,1,2,1,4,2,2,1,3,3,3,2,4,3,3,1,3,2,1,2,3,2,2,3,3,3,2,1,4,2,2,2,1,3,4,3,2,2,3,2,2,2,3,3,3,2,3,2,3,2,2,2,2
CluIDFG22G_0382_initial_22JDCEJKD,2,1,2,2,4,4,1,2,1,1,3,3,3,3,4,4,3,3,5,1,3,3,1,1,2,1,2,4,2,1,2,2,2,2,2,3,3,3,3,3,1,1,3,3,1,1,2,2,2,1,2,3,1,1,1,1,1,1,1,1,3,2,4,4,2,3,2,3,2,2,2,1,1,2,3,3,3,2,3,2,2,2,1,2,2,3,2,3,3,2,1,2,3,1,1,1,3,3,2,1,3,2,2,1,3,3,1,1,4,2,3,2,1,3,2,2,3,3,4,1,1,1,1,3,1,1,3,3,4,1,2,2,3,3,2,1,2,3,3,3,1,1,1,2,2,3,1,3,1,3,1,1,2,1,4,1,2,2,1,1,3,3,2,2,2,2,3,3,1,3,2,1,3,3,3,2,1,2,2,1,3,2,3,2,1,1,2,2,2,2,1,1,6,4,3,2,1,1,2,2,3,2,1,4,1,1,4,3,2,3,2,2,2,2,1,2,2,1,2,2,1,3,2,2,3,4,2,1,2,2,2,3,2,2,2,3,2,1,2,1,3,3,1,3,2,1,2,3,4,3,3,3,1,1,3,2,1,1,1,2,2,3,2,3,3,3,3,3,4,4,3,1,2,1,2,1,3,2,2,2,1,2,3,2,1,1,2,3,3,3,1,2,1,1,3,3,3,2,2,1,2,2,2,2,2,2,3,3,2,2,2,1,2,1,2,1,2,1,1,1,3,4,2,2,1,2,3,2,3,5,2,3,2,5,2,1,2,1,1,1,1,2,1,3,3,2,1,1,1,1,1,1,1,4,1,1,1,1,2,2,3,3,2,3,3,3,3,2,3,4,3,3,2,1,1,2,1,1,5,4,3,3,2,1,1,1,2,2,1,1,1,2,1,3,2,2,3,3,1,3,1,1,1,2,2,1,3,3,2,1,2,1,1,2,2,2,2,2,2,2,3,4,3,3,2,3,3,3,1,3,2,2,4,1,3,3,1,1,3,3,2,2,2,3,1,2,5,3,2,4,5,3,1,2,3,1,2,1,1,1,2,1,2,2,2,1,2,2,1,2,4,3,5,5,2,4,3,2,3,3,1,3,2,1,1,3,1,2,2,2,3,2,2,1,2,1,2,1,4,4,3,2,2,4,2,2,2,2,2,2,3,3,2,1,1,1,2,3,2,2,2,1,1,3,1,3,2,4,2,3,1,1,3,1,2,4,2,2,3,3,3,3,2,2,1,3,3,2,3,2,1,1,3,1,1,3,2,2,1,1
CluIDFG22G_0383_initial_22JHC3UXU,2,2,1,3,1,2,1,2,1,1,1,3,3,1,3,3,1,1,2,2,1,2,2,2,2,1,4,4,1,1,1,3,3,2,2,1,3,3,3,4,4,2,3,3,3,1,1,3,1,2,2,3,1,1,2,2,2,2,1,1,2,2,4,5,2,3,1,2,2,1,1,2,2,3,3,4,3,3,3,1,2,3,1,1,2,1,5,2,1,1,2,2,1,3,3,2,4,4,1,1,2,1,2,2,3,3,2,1,1,4,3,1,1,3,2,1,3,2,4,1,1,3,2,2,3,3,3,3,4,2,3,2,1,1,1,2,3,1,1,2,2,1,1,2,2,2,3,1,1,1,1,1,1,2,4,2,1,1,1,2,3,2,2,2,3,3,3,2,3,1,1,2,3,3,3,3,1,2,2,4,3,3,1,2,3,3,2,2,1,2,1,2,3,7,2,2,1,1,1,2,2,2,1,3,3,2,1,2,2,1,2,2,2,2,2,2,1,1,3,3,1,1,4,3,1,3,2,2,2,1,2,2,1,2,1,2,1,2,1,2,2,3,1,1,2,3,2,2,1,4,2,2,1,1,2,3,1,2,2,2,3,1,2,2,3,3,3,3,4,4,1,3,1,1,2,1,2,2,1,2,2,3,2,3,1,2,3,1,2,3,2,1,3,1,3,3,2,2,1,1,1,2,2,2,2,3,3,3,2,2,2,1,2,1,2,2,2,3,1,2,3,3,1,2,1,2,3,2,1,5,3,3,4,3,1,4,1,1,1,2,1,2,1,3,2,3,1,1,1,1,3,3,4,2,1,1,2,1,1,1,2,3,2,3,1,1,3,2,4,4,3,2,2,1,3,5,2,2,4,4,1,1,1,2,1,1,2,1,1,2,2,2,3,2,1,1,2,1,1,1,1,2,2,2,3,3,2,3,2,2,2,1,2,1,3,2,1,2,2,2,3,1,3,3,1,3,2,3,3,1,2,1,2,3,2,2,3,1,3,2,2,3,3,2,1,2,2,3,4,4,5,2,1,1,1,3,2,2,1,1,2,2,1,1,1,1,2,2,1,1,2,2,2,2,2,2,3,4,3,2,2,3,2,1,1,1,1,1,4,4,3,1,1,1,2,2,2,2,2,2,2,3,4,2,2,2,2,2,2,2,1,3,1,2,3,3,2,3,2,3,3,3,2,2,1,1,4,2,2,2,3,2,1,3,3,2,1,2,3,2,4,2,2,4,3,1,2,3,3,2,3,3,3,3,2,2,2,2,1,1
CluIDFG22G_0399_initial_22PVUPUBY,2,2,1,2,1,4,3,1,2,1,1,1,3,4,3,3,1,1,3,2,2,3,1,2,1,3,4,4,1,1,2,3,2,2,2,2,3,2,1,3,2,2,3,3,3,1,2,2,1,1,3,3,1,2,1,2,2,2,2,1,2,2,4,4,4,3,1,1,2,2,2,1,3,3,1,4,3,3,1,1,3,2,2,2,2,2,5,2,2,1,2,1,1,1,1,1,3,2,2,2,3,1,1,2,3,3,2,2,4,4,2,2,3,3,2,2,1,1,4,4,3,3,3,2,2,2,3,1,2,1,1,2,3,3,1,2,2,1,2,3,2,1,2,2,3,2,1,5,2,3,1,1,3,3,2,1,2,1,1,1,1,2,1,2,2,1,3,1,1,3,1,1,3,2,2,3,1,2,4,2,2,1,2,1,2,3,2,2,2,2,2,2,7,7,3,3,1,1,2,1,3,3,3,3,2,3,2,1,1,1,2,1,1,1,2,2,1,1,2,2,3,3,3,4,3,1,1,1,2,2,2,3,1,1,3,3,2,1,1,2,1,3,2,1,1,1,3,3,3,4,3,3,1,1,2,3,1,1,1,1,2,3,2,3,3,2,3,2,5,4,1,2,1,1,2,2,3,1,1,2,3,2,2,2,2,1,2,3,3,2,1,2,3,5,1,1,3,3,1,1,2,2,2,2,2,2,1,3,2,2,2,1,3,2,1,2,2,2,1,1,3,3,2,1,1,2,2,3,1,4,1,1,4,5,1,5,1,2,2,2,2,2,1,2,2,2,2,1,1,1,3,1,2,2,1,1,2,1,2,2,3,1,2,3,1,1,3,2,4,4,3,1,1,2,1,1,2,1,5,4,3,3,1,1,1,2,2,2,2,1,2,1,3,3,1,2,3,2,1,3,1,2,1,2,3,2,3,3,1,2,1,1,2,3,1,3,2,2,3,1,4,3,3,3,3,3,1,3,2,3,2,1,3,1,1,3,3,1,2,3,2,2,2,3,1,2,3,1,3,3,2,2,1,1,1,3,2,2,1,1,2,2,1,3,3,3,1,1,2,2,3,2,4,2,4,4,4,2,3,3,1,1,1,1,1,2,2,1,2,5,2,2,2,2,1,1,2,2,4,4,4,4,2,2,2,2,1,1,1,2,3,3,2,1,3,1,3,2,2,3,1,2,1,2,3,1,1,2,2,3,3,3,1,1,4,4,2,2,3,1,1,4,4,4,1,1,1,3,2,1,4,2,3,1,3,3,2,2,1,1
CluIDFG22G_0400_initial_22PWDVYYJ,1,2,1,3,4,4,1,2,2,2,3,3,1,3,2,4,1,2,1,2,3,2,1,2,1,1,4,2,1,4,2,3,3,2,1,1,3,3,3,3,2,1,3,3,1,1,2,3,2,1,2,4,1,1,2,2,2,1,1,1,3,2,4,1,2,3,2,1,2,3,2,2,3,3,4,4,3,3,3,2,3,2,2,1,1,1,2,2,1,3,2,2,1,1,3,2,4,2,2,2,1,2,2,2,1,3,2,2,4,4,1,3,2,2,1,2,3,3,4,2,1,1,2,3,3,1,3,3,1,2,1,1,1,3,2,1,3,4,2,1,1,2,1,1,3,2,1,1,1,3,1,2,3,1,1,2,3,1,1,2,3,2,2,1,2,2,1,3,1,3,3,2,2,3,3,2,1,1,2,2,2,3,3,1,2,2,1,1,2,2,1,1,6,7,3,3,1,1,1,2,4,2,2,2,1,1,2,2,1,2,2,4,3,1,1,1,2,1,2,2,3,3,3,3,3,1,1,2,1,1,3,2,2,1,3,2,1,2,1,2,3,1,3,1,1,3,3,3,4,1,2,3,1,1,3,3,1,1,2,2,4,2,2,2,3,2,2,2,2,1,2,1,2,1,1,2,2,2,1,1,3,1,3,3,2,1,3,2,2,3,2,1,5,4,3,3,2,2,2,3,1,1,2,2,3,2,3,1,2,2,1,2,3,2,2,1,2,3,1,1,1,3,1,2,1,1,2,3,2,1,1,1,2,4,2,5,2,3,1,2,1,1,1,1,1,3,3,3,2,2,3,1,5,2,1,1,1,2,2,2,1,2,3,2,3,3,3,2,3,4,2,3,1,2,1,1,1,2,4,5,3,1,2,1,2,1,1,1,1,2,2,3,3,2,2,2,1,1,1,1,2,1,3,1,2,3,2,3,2,1,2,2,1,1,2,2,3,2,1,3,3,3,2,1,3,3,2,3,2,1,2,2,1,4,2,3,1,3,3,3,2,2,3,2,2,2,3,2,1,2,2,1,1,1,1,1,1,1,2,1,1,2,1,1,1,1,2,2,1,1,2,4,5,2,4,4,3,2,3,2,1,1,1,1,2,5,1,2,5,2,2,3,2,1,1,1,2,2,1,4,2,4,2,2,2,2,2,2,2,3,3,3,1,1,3,2,1,2,3,3,3,3,3,3,1,1,2,2,2,3,3,3,2,2,5,1,1,1,2,1,2,4,1,4,3,3,2,3,1,3,1,3,2,1,3,2,2,1,2,1
CluIDFG22G_0409,1,1,1,3,4,1,1,2,2,1,1,1,1,1,4,2,2,2,3,1,2,3,2,1,2,1,2,2,2,1,2,2,2,1,3,1,1,3,1,1,2,3,2,3,1,1,2,2,1,2,3,4,2,1,3,2,1,2,2,1,2,3,1,1,3,1,1,1,2,3,3,3,3,3,3,2,1,1,1,1,2,3,1,1,2,2,4,5,3,3,2,2,1,1,1,1,3,3,1,1,2,2,1,2,2,1,1,2,3,4,3,1,1,2,1,2,2,3,1,3,2,2,2,2,2,2,3,1,1,2,4,2,3,2,1,1,4,4,2,2,1,1,1,1,2,2,3,1,2,2,1,2,3,1,2,2,1,3,2,2,3,3,1,2,1,1,1,1,1,3,2,1,2,2,2,2,2,1,2,2,2,2,3,3,1,2,2,2,2,2,1,1,2,1,3,3,1,1,2,2,1,2,1,4,1,1,2,2,1,1,1,4,1,1,1,2,1,2,2,2,3,3,2,2,4,3,2,1,1,1,2,3,1,1,1,1,1,2,2,1,3,1,3,3,2,1,2,2,2,3,3,2,1,2,2,2,1,1,2,1,3,2,1,1,3,3,2,3,2,4,1,1,3,1,2,2,3,2,2,2,3,2,3,3,2,2,3,3,1,1,2,1,3,4,1,3,2,2,2,2,1,1,2,2,1,1,1,1,2,2,3,2,3,1,2,1,2,2,2,2,3,3,1,2,2,1,3,3,5,1,3,1,4,4,2,5,1,1,2,2,1,1,1,1,1,3,3,1,1,1,1,1,5,5,2,2,2,2,2,1,3,1,2,2,2,2,2,2,3,3,2,2,1,2,4,3,2,2,4,5,1,3,2,1,2,2,1,1,1,1,3,3,2,3,2,1,3,2,2,3,1,2,1,2,3,1,3,2,2,2,1,2,2,3,2,2,1,1,1,1,4,4,3,3,3,1,3,2,3,1,1,2,2,4,1,1,2,3,2,3,3,3,3,2,3,3,3,1,2,2,2,1,3,1,3,1,2,1,2,2,2,2,2,1,1,1,2,1,1,1,3,3,2,2,5,4,3,1,3,2,1,2,1,2,4,1,2,2,2,3,1,2,1,2,1,2,2,2,4,1,4,3,2,1,2,2,1,2,2,2,1,1,2,2,1,2,2,1,2,3,3,1,3,3,2,2,2,2,2,2,1,1,1,1,4,3,1,2,1,2,1,3,4,1,2,2,2,3,2,3,2,4,1,3,3,2,3,1,1,2
CluIDFG22G_0412_initial_22VKQC8L7,2,1,1,2,4,2,1,2,2,1,1,1,3,1,4,3,2,2,1,2,1,3,1,2,2,2,4,4,4,1,3,3,2,2,1,2,3,4,3,3,3,1,3,3,3,3,2,2,2,2,2,3,2,2,1,2,2,1,1,1,2,2,5,1,3,3,1,3,2,2,1,2,1,2,3,3,2,3,1,1,3,3,2,1,2,1,3,5,3,1,2,2,3,1,3,1,3,2,1,1,2,1,2,1,1,1,1,2,2,4,1,3,2,1,1,2,1,3,3,4,1,3,2,2,2,2,3,2,2,1,3,2,2,2,1,1,1,1,2,3,2,1,1,1,1,3,5,1,3,1,2,2,3,3,2,2,1,2,1,2,3,2,1,2,3,1,3,3,1,3,1,1,2,3,3,3,2,2,2,2,2,2,1,1,1,2,2,1,1,2,1,1,4,4,2,2,1,1,1,1,3,2,1,4,1,1,4,4,2,3,2,4,1,1,2,1,1,1,2,2,1,2,1,4,3,1,2,1,1,1,3,3,1,1,2,1,1,3,1,2,1,3,1,3,2,3,2,3,3,3,2,3,1,1,3,2,2,1,2,1,4,3,3,1,1,3,3,2,2,4,2,1,3,3,2,2,2,2,1,2,2,3,3,3,1,2,3,3,3,3,2,2,2,3,3,3,2,2,1,1,2,2,2,1,1,3,3,1,2,2,1,2,2,2,1,1,2,2,1,1,3,4,2,1,2,2,1,3,3,1,3,2,4,2,2,2,1,2,2,2,2,2,2,2,2,1,2,2,2,2,3,3,5,4,1,1,2,1,2,1,1,1,3,2,1,1,3,2,4,2,2,2,2,1,1,1,2,3,4,3,1,3,2,1,1,2,2,2,2,2,3,1,3,3,2,2,3,2,1,3,1,2,2,2,3,3,3,2,2,2,1,1,1,1,3,3,2,2,1,3,1,4,3,3,2,3,4,3,3,3,1,2,4,1,1,2,2,3,3,3,2,3,3,1,1,2,3,2,2,2,4,2,1,1,1,1,1,1,2,2,2,2,1,1,3,2,1,2,1,2,2,3,5,5,4,4,2,4,2,3,3,2,1,2,1,1,1,2,2,5,3,2,1,3,2,2,2,2,3,2,2,3,2,4,2,2,1,2,2,2,3,1,1,2,3,1,2,1,3,4,3,2,3,1,3,3,4,1,1,3,2,3,3,1,4,3,2,2,2,2,2,2,2,4,3,3,2,2,3,2,2,2,2,2,3,1,2,2,2,1
CluIDFG22G_0413_initial_22VXL6JL8,2,2,1,2,4,1,2,3,1,2,2,1,4,4,3,3,1,2,1,3,1,3,1,2,2,2,4,4,1,2,2,3,3,2,2,2,3,3,3,1,4,3,3,3,3,1,2,2,2,2,1,2,1,2,2,3,2,2,2,1,2,2,4,1,2,1,2,1,2,2,2,3,3,1,3,3,1,3,2,1,3,1,2,1,2,3,4,5,2,1,2,1,3,1,3,1,3,4,2,1,1,1,2,3,3,3,2,1,4,1,3,1,2,3,2,2,1,3,1,4,3,3,3,1,1,2,2,3,1,2,2,2,3,3,1,2,4,3,2,2,1,2,1,1,3,1,3,3,2,1,2,1,3,3,2,2,1,2,1,1,1,2,3,2,2,3,1,1,3,1,1,1,3,3,2,3,1,2,2,4,2,1,2,2,1,3,1,1,1,1,2,2,7,7,2,3,1,1,2,2,3,2,4,3,3,1,4,1,1,3,2,2,1,2,1,2,2,2,3,3,3,3,2,2,4,3,2,1,1,2,2,2,1,1,3,1,1,1,1,1,1,2,2,1,1,1,2,3,4,4,3,2,2,1,1,2,1,2,1,2,1,1,1,2,3,3,2,1,1,1,1,2,1,1,1,2,2,3,2,2,3,1,3,2,1,1,2,3,3,2,2,2,4,4,1,3,3,3,2,3,2,1,2,2,2,3,3,1,2,2,2,2,1,2,2,2,2,2,1,1,3,2,2,1,2,1,3,3,4,3,3,3,4,4,2,1,2,2,1,1,2,2,1,1,2,2,3,2,1,1,1,3,4,2,1,1,1,1,1,2,1,2,3,1,1,3,2,2,4,4,3,1,2,2,5,3,3,2,1,3,3,3,1,1,1,1,2,1,2,1,1,2,1,3,2,1,3,3,3,1,1,1,3,1,1,2,2,3,2,2,2,2,1,1,2,2,1,1,3,3,4,3,3,2,1,1,3,3,2,2,1,2,3,3,1,2,1,3,2,2,3,3,3,3,2,2,5,5,1,4,5,2,3,2,1,1,2,1,2,2,2,2,1,1,3,1,1,2,2,2,3,4,5,5,1,5,3,1,3,3,2,1,1,1,5,2,1,1,5,2,3,1,3,2,2,1,2,2,1,4,4,3,2,2,2,1,1,1,3,3,3,3,2,1,1,3,1,3,2,3,1,2,3,3,1,1,2,4,2,2,3,3,3,2,4,4,2,3,3,1,2,3,4,2,3,2,3,2,3,3,4,1,2,3,2,1,2,2,1,1
CluIDFG22G_0417,2,1,2,1,4,4,2,1,2,1,1,2,1,3,4,4,2,3,3,5,1,2,1,2,3,1,4,4,1,1,2,2,2,1,1,3,3,1,3,3,1,1,3,3,1,1,2,3,2,2,4,3,2,1,2,3,2,1,1,1,3,3,1,1,3,3,1,1,3,3,2,2,3,3,3,3,3,2,1,1,3,2,2,1,2,2,2,3,1,1,2,2,1,1,1,1,2,3,1,3,1,3,1,2,2,3,1,2,4,4,1,2,3,3,1,1,2,2,1,4,3,3,3,2,3,2,3,2,4,4,3,2,3,1,1,1,4,1,3,2,2,2,1,2,2,3,3,3,2,1,2,1,1,2,2,2,3,1,2,2,3,3,1,1,2,2,1,3,1,3,1,2,2,3,3,3,2,1,4,1,2,2,2,1,3,3,1,2,1,2,1,2,4,4,2,3,1,1,1,1,2,2,3,1,3,2,4,1,1,1,2,2,2,3,2,1,1,1,2,2,1,3,2,3,1,4,2,2,2,1,2,1,1,2,1,2,2,1,1,2,2,2,1,2,2,2,3,3,4,2,3,3,1,1,3,2,2,1,2,2,2,4,3,2,1,1,2,3,4,4,1,2,3,2,1,1,3,2,2,2,2,3,3,2,2,1,2,2,3,3,2,1,1,3,2,1,2,3,2,1,2,2,2,2,2,2,3,3,2,2,1,1,1,2,2,2,2,3,1,1,2,1,2,2,2,1,3,3,3,1,3,2,5,3,4,1,2,1,2,2,2,1,1,2,2,2,2,2,1,2,1,3,2,2,1,1,2,1,2,2,1,1,3,2,1,2,2,1,4,4,2,2,1,1,2,1,2,2,3,4,3,3,2,1,2,2,2,2,1,2,2,1,1,1,2,2,2,3,3,1,2,1,1,3,2,2,2,2,2,2,2,1,2,1,2,4,2,3,2,3,1,4,3,2,1,3,3,3,2,3,2,2,3,3,2,3,1,3,3,3,1,2,3,3,1,2,3,3,4,4,2,2,2,1,3,3,2,2,1,2,2,2,2,2,2,1,2,1,1,2,3,2,1,2,1,3,2,3,3,2,1,2,2,1,3,1,1,1,5,5,2,3,2,1,2,2,2,2,1,2,3,3,4,2,2,1,1,2,1,2,4,3,1,1,3,3,1,3,2,3,3,2,3,3,3,1,2,2,3,2,1,2,3,3,3,3,2,1,2,3,4,3,1,2,1,3,2,2,1,1,4,4,2,3,3,3,1,2,1,1
CluIDFG22G_0423_initial_21LTQMWAM,1,2,1,3,4,4,1,2,2,2,1,1,1,3,3,4,2,2,1,2,3,3,1,1,1,2,2,2,1,1,2,2,3,2,3,3,1,3,1,1,1,1,3,1,1,1,3,2,2,1,3,3,1,2,2,1,2,1,1,2,2,3,5,4,2,1,2,2,2,2,3,2,3,3,3,2,3,2,1,1,3,3,2,1,1,2,2,3,1,3,2,2,2,1,2,3,4,3,1,1,2,1,2,2,3,3,2,2,2,4,3,3,2,1,2,1,3,3,4,3,3,2,3,3,2,2,1,2,4,2,2,2,2,3,2,1,1,1,3,2,1,2,1,1,3,3,1,1,2,1,2,1,3,2,2,2,2,3,2,1,2,3,2,2,2,2,2,2,3,1,1,2,3,2,3,3,2,2,1,2,3,2,1,3,2,3,1,2,2,1,2,1,7,4,3,3,1,1,1,2,4,1,1,2,1,2,2,2,3,1,1,2,1,2,2,1,2,1,1,1,3,3,2,3,3,3,2,2,1,1,2,3,1,2,2,3,2,2,1,1,2,3,3,3,1,2,3,3,2,1,3,3,1,1,1,3,1,2,2,2,3,4,2,3,1,2,2,2,4,4,2,2,1,1,1,1,2,2,2,1,3,3,2,3,1,1,2,3,4,3,1,2,2,1,3,3,2,1,2,3,1,1,2,1,1,2,1,1,2,2,3,3,1,3,1,1,1,1,1,2,4,4,1,2,1,2,3,2,3,3,2,3,4,5,2,2,1,2,2,1,1,2,1,1,2,1,3,2,1,1,1,1,2,2,1,1,2,1,2,1,1,2,2,3,1,1,3,3,2,3,3,3,1,1,5,3,2,2,5,3,1,1,2,2,2,1,2,2,2,2,2,3,2,3,2,2,3,3,1,3,1,2,3,1,2,3,3,2,2,2,2,2,2,3,2,1,2,2,2,3,1,3,3,2,1,3,2,4,2,2,2,2,2,1,2,1,2,3,3,3,3,2,3,3,3,2,5,3,2,1,4,1,1,1,3,2,1,2,2,2,1,2,1,2,1,1,1,2,2,1,2,3,2,5,2,4,1,2,3,3,1,1,1,2,1,5,2,2,3,3,2,3,2,1,2,1,1,2,4,2,2,4,4,2,2,2,1,2,2,3,3,1,2,2,2,3,1,3,2,4,3,3,1,3,2,1,2,2,3,1,3,3,2,1,2,4,2,1,1,3,4,3,2,4,1,2,3,2,3,2,3,1,1,3,2,3,2,1,2,3
CluIDFG23G_0003,1,2,1,1,1,4,2,3,2,1,1,1,1,1,4,2,2,2,3,1,2,3,2,1,2,1,2,2,1,1,2,3,1,2,2,2,3,3,1,1,3,3,1,1,1,1,1,2,1,1,2,3,2,1,1,3,2,1,1,1,2,2,5,1,2,2,2,3,3,2,3,3,3,2,3,3,1,1,3,1,3,3,1,2,2,3,2,4,1,1,2,2,1,3,1,3,3,3,1,1,2,2,2,2,3,3,1,2,4,4,3,3,1,1,1,2,3,2,3,1,3,1,2,2,3,2,1,1,1,3,3,1,2,1,1,1,4,3,2,2,1,1,1,2,2,2,1,1,1,1,2,3,3,3,2,1,3,3,2,1,3,3,2,1,2,2,1,1,3,1,1,2,3,3,3,1,2,2,1,1,1,2,2,3,1,1,2,1,2,2,1,1,2,4,2,3,1,1,1,2,2,2,4,1,2,1,2,4,1,2,1,2,1,2,1,2,1,2,2,4,2,2,4,4,1,1,1,1,1,1,3,2,1,1,1,1,1,2,1,2,2,1,3,3,2,1,3,3,2,3,2,1,2,1,3,2,1,1,1,2,3,2,3,3,1,1,2,2,2,2,2,1,1,3,2,2,2,2,1,2,2,2,3,2,2,1,3,2,3,3,2,1,4,3,3,3,2,2,3,3,2,2,1,2,3,1,3,1,3,3,2,1,2,1,1,2,1,1,2,2,3,3,2,1,1,1,3,2,2,1,2,1,4,1,2,1,2,2,2,2,1,1,1,2,1,1,2,3,1,2,2,1,5,5,1,2,2,2,1,1,3,1,2,3,3,3,3,3,2,3,1,2,2,1,5,2,1,2,4,4,1,1,2,2,2,2,1,2,1,1,3,1,3,3,2,2,2,1,1,1,1,1,2,1,3,3,3,2,2,2,2,2,2,3,2,2,2,1,3,1,3,4,1,1,3,3,2,4,1,3,1,1,2,2,1,1,1,3,1,3,3,3,1,1,1,1,3,2,2,2,1,2,1,1,2,1,1,1,1,2,2,2,2,1,1,1,2,1,1,2,3,3,5,1,2,3,4,4,1,3,1,2,2,1,5,1,1,2,5,4,3,2,2,1,2,2,1,2,1,3,4,3,4,4,2,3,1,1,2,2,1,1,2,2,3,2,1,1,3,2,3,3,3,2,1,2,2,2,2,2,2,1,2,2,3,3,2,1,2,1,1,3,3,1,2,2,2,2,3,3,3,1,1,1,2,3,2,2,1,2
CluIDFG23G_0005,1,1,1,1,4,1,3,2,2,2,1,1,1,3,2,3,2,3,1,3,3,1,1,2,2,2,2,1,1,2,3,2,2,1,3,1,3,1,3,1,3,3,1,3,3,1,2,3,2,1,4,3,2,2,1,2,2,2,1,1,2,2,5,4,2,3,3,2,2,2,2,3,1,3,3,4,3,3,1,3,3,3,2,2,2,2,3,3,1,1,1,2,1,3,1,1,3,2,1,1,3,2,2,2,3,3,1,2,4,2,1,3,3,2,2,1,2,2,1,1,2,1,2,2,1,2,3,1,4,4,1,2,1,1,2,2,2,1,2,2,2,2,1,2,3,3,3,3,2,2,1,1,3,3,1,2,1,2,1,2,1,3,2,1,2,2,3,1,3,1,1,2,2,3,3,2,2,2,2,2,2,2,3,3,2,2,1,2,1,1,2,1,4,7,3,3,1,1,1,1,2,2,4,3,1,1,2,4,1,1,1,4,2,1,1,1,2,2,3,4,3,3,3,3,3,3,1,2,1,1,2,3,1,2,1,1,1,2,1,2,2,2,2,1,1,3,3,3,4,4,1,2,1,1,3,3,2,2,2,2,1,2,2,1,3,3,2,3,4,4,2,2,1,1,2,2,2,3,2,1,3,1,2,2,2,2,2,2,3,3,2,2,3,3,3,3,3,3,2,2,1,1,2,2,2,2,3,1,2,1,2,2,1,2,2,2,1,2,2,1,2,3,2,1,2,2,3,1,2,5,1,3,2,3,4,2,2,2,2,2,1,2,1,2,3,2,2,2,1,1,1,2,4,4,1,1,2,1,2,2,1,2,2,3,1,2,3,2,4,3,2,1,2,1,1,3,3,3,2,1,3,3,1,1,2,2,1,1,1,1,3,3,2,3,2,2,1,1,1,2,1,1,2,1,2,3,2,2,1,1,2,2,1,1,2,2,1,1,1,3,3,4,3,3,3,3,4,3,1,1,1,2,3,3,1,2,2,1,3,1,2,2,3,3,3,3,5,3,2,4,1,2,1,3,1,1,1,1,2,2,2,2,2,1,3,3,2,2,1,2,3,3,2,5,4,3,3,3,3,2,2,1,2,2,1,1,1,2,5,2,2,3,1,2,2,2,2,2,1,4,4,4,1,4,2,3,1,2,2,2,1,3,2,2,2,3,2,3,4,3,3,2,3,3,1,2,2,2,2,2,3,1,1,1,3,3,3,2,3,2,3,3,2,2,2,1,2,2,3,3,2,2,1,1,3,3,1,2,1,2
CluIDFG23G_0006,2,2,1,2,4,4,3,1,1,1,1,3,3,3,4,4,2,2,3,3,3,2,2,2,2,2,4,4,2,1,2,3,3,3,2,2,2,1,1,2,1,3,1,2,3,1,2,2,1,1,3,3,2,2,3,1,1,2,2,1,2,2,4,2,3,2,2,1,2,2,2,3,3,3,3,3,3,1,3,1,3,3,2,1,3,2,4,4,1,1,2,2,1,1,1,3,3,4,1,1,1,2,3,1,3,1,2,2,2,3,3,3,1,1,2,2,1,2,4,1,1,1,3,2,1,2,2,1,2,1,3,1,2,3,1,2,3,4,2,2,1,1,2,1,2,2,3,1,1,2,2,1,1,3,2,1,1,3,2,1,2,1,2,1,1,2,1,1,1,3,2,1,3,3,2,2,1,2,1,1,2,2,1,1,3,1,1,2,2,2,1,1,4,2,2,2,1,1,2,1,2,2,3,1,1,1,4,3,3,2,2,2,2,3,1,1,2,2,4,3,1,1,4,1,3,3,1,2,2,2,2,2,1,2,3,3,1,1,1,1,2,3,1,2,2,1,3,3,4,1,1,3,1,2,3,2,1,2,1,2,3,3,3,1,3,3,1,2,4,2,1,1,1,1,1,2,2,2,2,1,2,2,2,3,1,1,3,2,2,1,2,1,5,1,2,1,3,2,1,3,2,1,2,2,1,2,3,1,3,3,1,2,3,2,1,2,2,2,2,2,4,3,1,2,2,2,1,3,1,2,3,1,4,4,4,2,1,2,2,2,2,1,1,1,1,2,3,3,1,1,3,3,5,4,1,1,2,2,2,2,1,1,2,2,1,3,3,3,4,4,1,3,2,1,5,2,2,1,4,4,3,1,2,2,2,2,2,2,2,2,2,3,2,1,1,1,1,3,1,3,2,2,3,1,3,2,3,2,2,2,2,2,2,3,2,2,3,2,3,1,3,4,2,1,1,3,4,4,2,3,2,2,2,2,3,1,1,3,2,3,2,2,3,3,2,2,5,3,3,4,1,2,2,1,1,2,1,1,2,1,2,2,2,2,3,3,1,2,2,2,3,3,4,5,3,4,4,2,2,3,3,3,1,1,5,1,1,2,2,2,2,2,1,1,2,2,1,2,4,3,1,3,2,2,2,3,2,2,2,2,1,1,2,2,3,1,3,1,2,2,1,3,1,2,3,1,4,2,3,2,2,3,2,1,5,5,1,2,1,1,3,3,4,2,2,3,2,2,3,1,1,1,2,2,3,3,3,3,2,1
CluIDFG23G_0008,2,1,3,1,1,4,3,3,2,2,3,3,3,3,4,4,1,1,2,2,3,1,1,1,1,1,2,4,1,4,2,2,2,2,2,1,3,3,3,2,3,1,1,1,1,1,1,3,2,2,3,3,1,1,2,2,2,2,2,2,3,1,4,5,2,2,3,1,2,3,2,1,3,3,3,3,3,2,3,3,3,3,2,2,2,2,4,3,1,1,2,2,1,2,3,1,3,2,2,2,2,3,2,2,1,3,2,2,4,4,3,3,2,1,1,1,3,2,3,3,1,1,2,2,2,1,2,3,2,2,1,1,1,1,2,2,4,4,1,1,1,1,2,2,2,2,3,1,3,3,2,2,3,2,2,1,2,1,2,1,3,2,3,2,2,2,3,1,3,3,1,1,2,2,2,2,2,1,1,4,2,2,3,1,1,3,2,1,2,1,2,2,7,6,3,3,1,1,1,1,2,2,3,3,1,1,2,3,1,3,1,2,1,3,1,2,2,2,3,3,3,1,1,3,3,3,2,1,1,1,2,2,1,1,2,1,3,2,1,1,2,2,3,2,3,1,3,3,1,1,3,3,1,2,3,2,1,1,2,2,2,1,1,1,3,3,3,2,4,4,3,2,1,2,2,1,2,2,1,1,3,3,3,3,1,2,2,2,2,1,2,2,3,4,1,1,3,3,2,2,2,2,1,2,3,2,3,3,3,2,3,2,3,1,1,2,1,1,2,1,3,4,1,1,1,1,3,3,1,2,3,3,1,2,2,5,2,2,1,2,1,1,1,1,1,2,2,3,1,2,2,1,4,5,2,1,1,1,2,1,3,3,3,2,1,1,3,3,4,4,1,2,1,2,2,3,1,2,3,4,1,3,2,1,1,2,1,2,2,1,2,1,3,1,2,2,2,1,1,1,2,2,1,2,3,3,1,2,2,2,1,2,2,2,4,2,3,3,3,3,3,4,2,2,3,3,2,2,1,3,2,2,2,3,2,2,1,3,3,3,2,3,3,3,2,2,2,2,2,2,2,2,1,3,3,1,1,2,1,1,2,1,1,2,3,3,1,1,1,2,3,4,5,2,2,4,4,4,3,3,1,1,1,2,1,1,2,2,5,3,2,1,1,1,2,1,2,2,4,2,3,3,2,2,2,3,1,2,1,2,3,3,1,2,3,3,2,1,3,3,2,3,3,3,1,1,1,2,2,2,1,3,2,1,3,2,1,1,2,2,4,4,2,2,3,3,3,3,3,2,4,1,2,3,3,3,1,3,2,1
CluIDFG23G_0010,1,2,3,2,4,4,3,2,1,2,1,3,1,3,4,3,1,1,3,2,2,2,2,2,1,2,4,1,1,2,1,3,2,2,2,1,1,1,1,4,4,1,3,3,3,1,2,2,1,2,3,1,2,2,2,2,2,2,1,1,2,2,4,4,2,2,2,2,2,2,1,3,3,2,3,3,2,1,1,1,2,3,1,1,3,2,5,4,2,2,1,1,3,3,1,3,4,3,3,1,1,2,2,2,3,3,2,1,4,4,3,1,3,1,1,2,2,1,1,3,3,1,2,2,2,3,3,1,2,4,1,2,3,3,1,2,3,4,2,3,1,2,1,1,2,3,1,3,1,1,1,1,1,2,3,2,3,1,2,1,3,2,2,2,2,2,3,1,3,3,1,1,2,3,3,2,1,2,1,1,2,2,1,2,1,2,1,1,2,1,1,2,4,4,2,3,1,2,2,2,3,2,1,2,3,3,4,1,3,1,2,2,2,2,1,2,2,1,2,2,1,3,3,3,1,1,2,1,2,1,2,2,2,2,3,2,1,1,1,1,3,3,3,1,1,2,2,3,3,4,1,3,1,1,2,3,1,1,2,1,2,4,3,2,3,3,1,1,4,4,2,1,2,1,1,1,3,1,1,2,2,2,3,1,2,1,2,2,2,1,2,2,4,3,3,1,3,3,1,1,2,1,2,2,3,2,3,3,3,2,2,1,2,3,2,2,2,3,2,2,3,1,2,2,2,2,3,3,5,2,2,2,4,1,4,2,2,2,1,2,2,2,1,1,2,2,2,2,1,2,3,1,4,2,1,1,1,2,2,2,1,2,1,3,1,1,3,1,4,4,3,3,1,2,5,1,1,3,5,1,3,1,2,2,1,2,1,2,2,2,2,2,1,1,1,2,2,1,1,3,2,1,2,1,3,3,2,3,1,2,2,1,3,1,2,3,1,2,3,1,3,4,3,2,3,1,3,3,2,3,2,2,3,2,3,3,1,1,3,3,2,2,3,2,3,2,3,3,4,4,4,1,1,2,3,3,1,1,1,1,2,1,1,1,1,1,2,1,1,2,4,3,5,2,4,4,1,1,3,3,1,3,1,1,1,1,1,2,2,2,2,2,1,3,1,2,2,2,2,4,2,1,2,4,1,2,2,2,2,3,1,3,1,1,1,3,3,3,2,1,3,3,2,2,1,3,4,2,3,2,3,3,3,1,3,3,2,2,3,1,1,3,2,4,1,2,3,2,1,2,4,3,2,3,3,2,2,2,1,1
CluIDFG23G_0011,2,2,1,2,1,4,1,1,2,1,1,1,4,3,3,3,1,1,1,1,2,3,1,2,1,1,4,4,2,1,3,2,1,2,3,2,4,2,2,3,3,3,1,3,1,1,1,3,1,1,3,1,2,2,1,3,2,2,1,1,3,2,5,4,3,4,1,1,2,2,2,2,3,2,3,3,3,1,3,3,1,2,2,2,1,2,1,2,2,1,2,2,3,3,1,3,4,4,2,1,1,3,1,3,3,1,1,2,4,1,1,3,2,3,2,1,3,3,4,3,3,1,2,2,2,2,3,2,4,2,2,2,3,2,1,1,2,3,2,1,1,2,1,1,1,3,5,1,4,2,1,2,1,2,2,1,3,1,1,2,3,3,1,1,2,2,2,1,1,3,2,3,2,3,3,3,2,1,2,1,1,1,1,3,2,1,2,2,2,1,2,1,4,4,2,3,1,1,1,2,2,2,3,1,3,3,1,1,1,1,2,2,2,3,1,2,2,2,3,1,2,3,3,2,3,3,1,2,2,1,2,2,2,2,2,2,1,2,1,2,2,2,3,1,3,1,3,2,1,1,3,3,1,1,2,2,1,1,2,2,3,1,2,1,1,2,2,1,4,2,1,2,2,1,1,1,2,2,2,1,2,3,2,3,1,1,1,3,2,4,1,2,2,4,3,1,2,2,3,3,1,1,2,1,2,1,1,3,2,2,1,1,1,2,2,1,3,2,2,1,3,3,1,1,1,1,1,3,3,3,3,3,1,2,2,2,1,2,2,2,2,1,2,1,3,1,2,3,2,1,1,3,2,5,1,1,1,2,1,2,1,3,2,2,2,3,2,2,4,3,3,2,2,2,3,3,3,1,4,5,3,3,1,1,1,1,2,1,2,2,3,3,2,3,1,1,2,2,1,1,2,2,1,2,2,3,2,3,1,1,1,1,2,2,4,3,2,3,3,3,1,4,1,1,1,3,3,1,1,2,2,2,2,2,1,2,3,3,3,3,3,3,2,1,2,1,3,3,2,2,5,5,1,2,1,1,1,2,2,2,1,2,1,2,1,2,1,2,2,1,3,4,2,2,2,2,3,1,3,2,1,1,1,1,1,1,1,1,5,5,2,3,2,1,1,2,2,1,4,2,4,2,3,4,3,2,1,2,2,2,1,1,2,2,3,3,1,1,3,3,2,2,3,3,1,1,1,2,2,2,1,3,2,2,2,4,1,2,3,3,4,4,4,1,2,1,1,3,2,3,1,1,3,1,1,3,2,1,2,1
CluIDFG23G_0013,2,1,1,1,4,4,2,1,2,1,1,1,4,1,4,4,2,2,1,3,2,3,2,1,2,1,2,2,1,1,3,2,3,1,1,2,3,3,2,3,1,3,3,1,1,1,3,2,1,2,3,1,1,1,1,1,2,2,2,2,3,2,1,1,2,2,1,1,3,3,2,2,1,2,3,3,3,3,1,2,3,3,2,1,2,1,2,3,1,2,1,1,3,1,1,2,4,3,1,3,1,1,3,2,2,1,1,2,2,1,3,3,2,2,2,1,3,2,1,2,1,2,3,1,1,1,3,2,1,4,3,1,1,3,1,2,3,1,2,2,1,2,2,1,2,2,5,1,3,2,1,2,3,3,1,1,1,1,2,1,3,1,1,2,2,2,2,3,1,1,1,1,3,2,2,1,2,1,2,2,2,2,3,1,3,1,1,1,2,1,1,1,4,6,1,1,1,1,1,2,4,3,2,2,1,1,4,4,3,2,1,4,2,1,2,1,1,1,2,4,1,3,4,1,3,3,1,2,2,2,3,2,1,2,1,1,1,1,2,2,1,3,3,3,1,1,2,2,4,3,3,2,1,1,2,2,1,2,1,1,2,1,2,2,1,1,2,3,4,1,2,1,1,1,2,1,2,2,1,1,3,3,2,2,2,2,3,2,3,3,1,1,3,1,3,3,3,2,2,2,2,2,2,2,3,1,3,3,3,2,1,2,1,1,2,1,1,2,1,1,2,3,1,2,2,1,3,2,1,1,1,2,2,4,2,2,3,2,2,2,1,1,2,1,2,2,3,2,1,1,2,2,1,4,1,1,2,2,2,2,2,1,3,3,1,1,2,3,4,2,3,2,2,2,3,5,2,1,4,4,1,1,2,2,1,1,1,1,1,2,3,2,2,3,2,1,1,3,2,1,2,1,2,2,2,3,2,3,2,2,1,1,2,1,2,2,1,2,3,1,4,3,1,3,1,3,2,3,1,2,1,2,1,2,2,2,3,1,3,2,2,2,3,3,2,2,4,2,4,2,1,4,2,3,2,3,1,2,2,1,2,1,1,2,1,1,1,1,1,1,3,3,5,5,3,3,3,4,3,2,3,1,2,1,1,2,1,2,2,4,2,2,1,1,2,1,2,2,1,2,2,4,2,2,2,3,2,2,3,2,1,3,2,2,1,1,1,1,3,3,2,3,3,3,2,1,2,2,2,2,3,3,2,2,3,4,2,1,2,3,4,1,4,4,1,3,2,3,2,2,3,4,1,1,2,1,2,2,1,1
CluIDFG23G_0014,2,1,2,2,1,4,2,3,1,1,2,3,3,3,4,3,1,3,5,2,3,2,1,2,1,2,2,2,1,4,2,3,2,1,1,3,4,4,3,3,3,2,2,3,3,1,2,3,2,1,3,4,2,2,1,2,2,1,1,1,2,3,1,4,3,3,1,1,3,3,3,3,2,2,4,3,3,2,1,1,3,3,2,2,1,2,2,4,3,1,2,2,1,3,2,1,4,4,1,1,2,1,2,1,3,2,1,2,4,4,3,3,2,3,1,2,1,2,4,3,1,1,2,3,1,2,2,1,2,4,1,2,1,3,1,2,2,3,2,3,2,2,1,1,1,3,5,3,1,2,2,1,2,1,2,1,1,1,2,1,3,2,1,1,2,1,1,3,3,1,1,1,3,2,3,2,1,2,2,1,1,3,2,2,3,2,2,2,2,2,2,1,7,3,3,2,1,2,2,2,2,2,2,1,1,1,4,4,2,3,1,2,2,1,1,1,1,1,2,1,3,3,4,3,3,4,1,2,1,1,1,1,1,2,1,1,1,1,2,2,3,2,1,2,1,3,2,2,4,3,2,1,1,1,3,2,1,1,2,2,3,3,2,2,3,3,3,3,4,4,1,2,1,2,2,2,2,1,2,1,1,3,3,1,2,2,2,2,3,3,2,2,3,3,1,1,3,3,1,1,2,2,2,2,2,2,1,3,1,2,2,1,2,1,1,2,2,1,1,2,2,3,2,2,2,2,3,3,2,2,2,2,3,3,5,2,1,2,2,1,2,2,3,1,2,3,3,2,2,2,1,1,4,4,1,1,1,1,2,2,3,2,2,3,1,3,2,3,3,4,2,2,1,2,2,3,2,1,1,3,1,3,2,2,2,1,2,2,1,1,2,1,1,3,2,2,2,1,1,1,1,2,2,2,2,2,2,3,1,1,1,2,2,1,2,2,1,2,3,3,3,4,2,1,3,3,4,3,3,1,2,2,2,4,1,1,3,3,3,3,1,3,3,2,3,1,2,3,4,2,1,1,1,1,1,2,1,1,2,1,2,2,1,1,1,1,2,1,1,2,3,3,2,2,1,4,3,3,2,3,2,1,1,1,1,1,1,2,2,2,2,2,1,1,2,2,2,2,2,3,4,4,1,2,2,2,2,2,2,2,1,3,2,2,3,1,2,1,3,1,2,2,3,3,1,1,2,2,3,2,3,1,2,3,4,2,2,2,3,3,4,1,4,2,1,1,2,1,3,2,1,3,1,1,2,3,2,3,2,1
CluIDFG23G_0015,2,1,2,3,4,1,3,3,1,1,1,3,3,3,3,4,1,1,2,2,2,2,2,2,1,1,4,2,1,4,3,3,2,2,2,2,1,3,2,1,3,1,3,3,1,3,3,3,2,1,3,4,1,2,3,1,2,2,1,2,2,2,4,5,3,3,1,1,3,3,2,3,3,2,3,3,1,2,3,3,3,3,2,2,2,2,5,4,2,1,2,2,3,3,2,1,3,2,1,2,1,2,2,2,2,2,2,2,4,2,3,3,2,2,1,1,2,2,1,3,3,3,2,2,1,2,3,3,4,2,2,2,3,3,2,1,3,3,2,2,1,2,1,2,2,3,3,3,3,2,2,2,3,3,4,2,2,1,2,1,2,2,1,2,2,1,1,3,3,1,3,1,2,2,3,3,2,2,2,1,2,3,2,2,1,3,2,2,1,2,2,1,4,2,3,2,1,1,1,1,2,2,4,4,1,1,2,2,1,1,1,1,1,1,1,1,2,2,2,3,3,3,2,3,3,3,2,1,1,2,1,3,1,1,1,1,1,1,2,2,3,2,1,1,3,2,3,2,1,1,3,3,1,2,2,3,1,1,2,2,2,3,2,3,3,1,2,2,4,4,2,1,1,3,2,1,2,2,1,2,3,2,3,3,1,2,3,3,2,4,1,1,4,3,1,3,2,2,1,1,1,2,1,2,2,2,1,3,2,2,2,1,3,3,1,1,1,1,2,1,2,3,2,1,2,2,3,3,2,2,2,2,3,2,5,4,2,2,2,1,2,2,2,1,2,2,3,2,1,2,1,1,5,4,2,2,1,1,2,2,1,1,3,2,1,3,3,2,3,4,2,3,2,1,1,1,2,2,3,5,3,3,1,1,2,1,1,1,1,1,3,1,3,1,2,1,1,3,1,3,2,1,2,2,3,3,1,3,1,2,1,2,1,1,2,2,2,3,3,3,4,3,2,3,3,1,2,4,1,1,2,2,4,4,1,1,3,3,3,2,2,2,2,3,1,3,2,3,2,3,4,2,1,1,1,1,1,1,2,2,2,2,1,1,3,3,1,2,1,2,3,3,2,2,4,4,2,1,1,1,1,1,1,2,1,1,2,1,3,5,2,3,1,1,2,2,2,1,4,2,4,3,1,4,3,2,1,1,2,2,1,3,1,1,3,1,3,1,3,2,3,3,3,1,1,1,2,4,1,3,3,3,3,2,3,1,1,3,1,3,4,3,2,2,1,1,3,1,1,2,3,2,2,2,2,3,1,1,2,2
CluIDFG23G_0020,1,2,3,3,4,4,1,1,1,1,3,3,3,3,3,3,1,1,3,3,3,1,1,2,2,1,4,4,1,2,3,3,2,2,2,1,1,3,1,3,3,3,3,1,3,1,2,3,2,2,2,1,2,2,2,2,2,2,2,1,2,2,4,4,3,3,1,4,2,2,2,2,3,2,4,4,1,3,1,1,3,1,2,2,2,2,5,5,1,2,1,2,3,1,1,1,3,3,2,1,1,1,3,2,1,3,2,2,4,1,2,2,2,3,2,1,3,2,1,1,1,2,1,3,2,1,2,1,1,2,4,2,1,3,2,1,1,3,2,2,1,1,1,2,3,2,3,3,1,2,1,2,3,3,1,2,1,2,1,2,1,3,2,2,2,2,2,2,3,3,1,1,2,2,2,2,1,1,2,2,2,1,2,1,3,1,2,2,2,2,2,2,7,7,3,3,1,1,2,1,2,1,1,1,2,3,2,3,1,2,1,2,2,1,2,1,1,1,3,3,3,1,4,4,1,1,2,1,2,1,1,2,1,1,1,3,3,1,1,1,2,3,3,1,1,2,2,2,4,4,2,3,1,2,3,2,2,2,2,2,2,4,1,2,3,2,2,1,5,4,2,1,1,1,1,1,2,2,1,1,2,2,2,3,1,1,3,3,3,3,2,2,4,5,1,3,2,2,3,1,2,2,1,2,2,3,3,3,2,3,3,2,1,1,2,1,2,2,1,1,3,3,1,1,1,1,3,3,1,4,2,1,4,4,5,4,1,2,1,1,2,1,3,1,2,3,1,2,1,1,2,1,2,2,1,1,1,2,2,2,1,2,2,2,1,1,3,1,1,4,3,3,1,2,1,5,3,1,4,5,1,3,1,2,1,1,1,1,1,1,1,1,2,3,2,2,3,3,3,1,1,1,3,2,2,3,2,3,2,2,2,1,2,3,2,2,2,1,2,1,3,3,3,3,3,1,3,3,3,3,2,2,3,3,1,2,3,3,3,3,2,3,3,3,1,2,2,3,1,3,2,1,1,3,1,1,2,1,2,2,2,2,1,1,2,3,1,2,2,2,3,2,5,2,1,1,1,3,2,2,2,1,2,1,2,1,1,2,5,2,2,2,1,1,1,2,2,2,1,1,3,3,2,2,1,1,1,1,3,3,3,3,2,2,1,1,3,1,2,2,3,1,2,1,1,1,1,4,3,3,1,3,3,1,2,4,3,1,3,3,1,3,4,2,2,1,2,2,3,1,2,2,1,2,2,2,2,2,1,1
CluIDFG23G_1_0005,1,1,2,2,4,4,3,1,2,1,2,3,3,1,3,4,1,1,2,2,3,1,1,1,1,1,4,2,4,1,2,2,2,2,1,1,3,3,3,3,3,2,1,3,1,3,1,2,2,2,2,4,1,1,2,1,1,2,1,1,1,2,5,4,2,1,2,1,2,3,1,2,3,3,3,3,2,2,1,2,2,3,1,1,3,2,5,4,3,2,2,1,3,3,2,1,2,2,2,3,1,1,2,2,1,3,2,2,2,2,3,3,2,3,1,1,3,2,4,1,1,2,3,3,2,2,1,1,3,4,3,2,1,2,1,2,1,3,2,2,1,2,1,1,3,3,1,3,2,1,1,1,2,3,1,4,1,1,1,2,3,2,1,1,2,1,3,3,3,3,3,1,3,3,3,3,1,1,1,1,1,3,2,3,1,1,1,2,2,1,2,1,4,1,3,1,1,1,2,2,2,2,3,2,1,1,3,3,2,2,2,2,2,2,1,2,1,2,2,2,3,3,2,3,4,3,2,2,1,1,2,1,1,1,1,3,3,3,1,1,2,2,1,1,3,3,3,3,3,3,2,2,1,2,3,3,1,1,2,2,1,1,2,2,1,1,2,2,2,2,1,2,1,2,1,2,2,2,2,1,2,3,3,3,1,1,3,3,4,4,1,1,4,1,3,3,3,2,2,1,1,2,2,1,3,3,3,1,2,2,3,2,2,2,2,2,3,3,2,2,3,4,2,1,2,2,1,3,5,2,1,2,2,2,4,2,2,1,2,2,1,1,1,1,3,3,3,1,1,2,1,1,5,5,2,1,1,1,2,2,3,3,2,2,1,1,3,3,2,3,2,3,2,2,3,3,1,2,4,1,1,3,2,1,2,2,1,2,2,2,1,1,2,1,1,2,3,2,2,2,2,2,2,2,3,3,3,3,2,2,1,1,1,3,2,1,3,2,3,1,3,3,2,1,3,3,2,2,3,1,2,1,3,2,2,2,1,3,3,1,2,2,3,3,3,2,1,2,4,3,2,2,2,2,1,1,1,2,2,2,1,1,1,2,3,3,1,1,2,1,4,3,2,5,4,1,3,4,1,2,1,1,1,2,1,1,1,1,2,2,2,2,2,3,2,1,2,2,1,4,4,4,2,2,2,1,1,1,2,2,1,1,1,1,1,1,3,2,3,2,3,3,1,3,2,3,2,2,2,3,3,3,3,1,3,3,1,1,1,2,4,3,2,4,1,2,1,2,2,2,3,4,1,1,3,3,1,2,2,2
CluIDFG23G_1_0021,2,1,2,2,4,4,1,1,2,1,1,3,1,3,2,3,1,2,2,1,2,2,2,2,1,1,4,2,1,4,2,2,2,1,2,1,1,1,1,1,3,3,1,1,3,3,3,3,2,2,3,3,2,2,3,1,1,1,1,1,2,3,5,1,2,2,3,4,2,1,2,2,3,3,3,3,3,2,3,1,2,3,2,2,1,2,2,2,2,2,2,2,3,1,2,3,4,4,1,1,2,2,2,2,3,3,1,1,4,4,1,2,1,1,2,2,3,2,4,4,3,3,2,2,2,3,2,3,4,3,2,1,1,3,1,2,3,2,2,2,2,1,1,1,3,3,5,1,1,2,2,1,2,2,1,1,1,1,2,1,3,2,1,3,2,3,2,1,3,1,1,2,3,3,3,3,2,2,2,2,2,3,1,2,3,3,1,2,2,2,2,1,4,6,2,1,1,1,1,1,2,4,1,4,1,2,4,4,1,2,2,4,1,3,2,2,1,2,2,3,1,1,4,3,2,1,1,2,1,2,1,2,1,1,1,2,1,2,2,2,3,1,1,1,1,1,2,3,4,3,3,1,2,1,2,2,1,2,2,1,4,2,3,2,3,1,2,2,1,2,2,1,1,1,2,2,2,3,2,2,1,2,2,1,2,1,2,1,1,3,1,1,1,1,2,1,3,2,1,3,1,2,2,1,2,2,3,1,1,2,1,2,2,3,1,2,3,2,1,2,3,1,2,2,2,2,3,3,4,5,1,2,5,4,2,2,2,1,1,1,2,2,1,2,1,2,3,2,1,2,1,3,2,2,1,1,2,2,2,1,1,3,3,2,1,2,1,2,1,4,2,3,1,1,1,1,2,1,4,5,3,1,2,1,1,2,1,2,2,2,1,2,1,1,1,1,3,3,1,1,1,1,1,1,3,3,3,3,2,2,2,2,3,1,2,1,1,2,3,2,4,3,2,3,3,1,3,3,2,2,2,1,2,2,2,2,3,1,3,2,2,2,3,3,2,3,2,5,3,3,2,5,1,1,1,3,2,1,2,1,2,2,1,1,1,3,1,2,2,1,2,4,2,5,4,5,1,2,2,1,1,2,2,1,3,3,1,1,2,2,2,2,2,1,2,2,1,1,4,3,3,1,2,2,2,2,1,1,3,3,1,3,2,1,1,3,1,2,3,2,3,1,2,3,1,1,2,4,3,2,1,1,1,1,4,4,2,1,3,2,4,2,4,2,3,2,3,3,2,2,3,3,1,2,2,2,2,2,1,2
CluIDFG23G_1_0034,1,2,3,1,1,4,1,1,1,1,1,1,3,3,4,3,1,2,2,2,1,2,2,3,2,2,4,4,4,1,2,2,2,2,2,2,4,2,3,1,2,3,3,1,3,1,1,1,2,2,3,4,2,2,2,1,2,1,1,1,2,3,4,1,2,3,1,1,3,3,3,2,2,2,3,3,1,2,3,2,3,3,2,2,2,1,2,2,3,1,2,2,2,3,3,2,3,2,1,1,1,1,3,2,1,1,1,2,1,2,3,3,2,2,1,1,2,2,1,3,3,2,3,3,2,2,2,3,4,2,2,3,1,3,2,2,3,3,2,2,1,2,2,1,3,2,1,3,1,1,2,2,3,2,3,1,1,1,2,1,2,2,2,2,2,2,3,2,3,3,1,1,3,3,3,2,2,2,1,2,2,3,1,2,2,2,1,2,2,1,2,1,1,4,2,3,1,1,2,1,1,4,2,1,3,2,3,2,1,1,4,2,1,3,1,1,2,1,3,2,3,2,3,3,3,1,1,1,1,1,3,1,1,2,2,1,1,1,2,2,2,2,3,2,3,1,3,3,3,3,1,2,1,2,2,3,1,2,2,2,2,3,2,2,3,3,2,2,1,2,1,2,1,3,1,2,2,3,2,2,2,2,3,3,2,2,2,3,3,3,2,2,3,1,3,3,1,2,3,3,2,1,1,2,3,2,3,1,2,3,1,1,1,2,1,1,2,2,1,2,4,3,1,2,1,1,3,3,5,1,3,3,1,3,1,1,2,3,1,2,2,2,2,1,2,2,2,2,1,1,1,1,5,2,2,2,2,1,2,2,3,1,3,2,1,1,3,3,3,4,1,3,2,2,1,3,3,3,4,2,1,1,2,2,2,1,1,2,2,2,2,3,2,3,2,2,1,3,3,1,1,1,3,1,3,3,2,1,2,2,1,2,1,3,2,2,2,2,3,2,4,1,2,2,3,3,1,3,2,1,1,2,2,3,1,2,3,2,3,3,2,2,3,3,2,3,3,2,4,1,1,2,2,1,2,2,1,1,2,2,1,2,1,1,3,3,2,1,2,1,3,3,5,5,3,4,2,4,2,2,2,2,2,2,5,1,2,1,3,3,2,2,1,1,2,1,2,2,3,4,3,4,1,4,3,1,1,2,2,2,3,3,1,1,1,3,3,1,2,3,2,3,1,3,1,2,3,2,2,2,3,3,1,1,4,4,2,1,3,2,4,1,4,4,2,1,3,2,3,2,2,2,2,1,2,3,2,3,1,1
CluIDFG23G_1_0037,2,1,1,1,4,4,1,1,2,2,1,2,1,1,4,4,2,2,1,3,1,2,2,1,1,1,2,2,1,1,2,3,1,3,1,2,3,4,3,1,2,3,2,3,1,1,2,2,2,2,3,3,1,2,1,1,2,1,2,2,3,2,5,1,3,2,1,1,3,3,2,3,2,2,3,3,3,3,3,1,2,3,2,1,2,1,2,5,1,3,1,2,3,1,1,1,3,4,3,1,2,3,2,1,2,1,2,1,2,4,3,1,2,1,1,2,3,2,1,4,3,2,2,3,2,2,2,1,4,1,1,3,3,1,1,2,4,2,2,2,2,1,1,2,3,2,3,3,2,2,1,2,3,3,1,2,1,1,2,2,1,2,1,2,2,2,2,1,1,1,1,2,3,2,1,2,2,2,1,2,1,1,3,2,1,3,1,1,2,2,1,2,6,7,2,3,1,1,2,1,2,2,1,2,3,1,4,4,1,1,4,1,2,1,1,1,2,2,3,4,3,1,3,1,3,3,2,2,1,2,3,3,1,2,1,1,1,1,2,2,3,3,3,3,1,1,2,2,3,4,3,1,1,1,2,3,1,1,2,2,2,1,2,1,3,1,2,3,4,1,1,1,1,1,1,2,1,2,2,2,2,2,3,3,2,2,1,2,3,2,1,1,4,3,3,1,1,3,2,3,1,2,2,2,2,1,3,1,3,2,2,1,1,3,1,2,2,1,1,2,3,4,2,2,2,2,3,2,2,2,2,1,4,3,3,5,2,2,2,1,1,1,2,2,1,1,3,3,2,2,3,1,5,5,1,2,2,2,1,2,2,1,2,3,3,3,2,3,4,4,2,2,1,2,3,1,2,1,4,3,3,1,1,2,1,1,2,1,2,1,2,3,2,3,2,2,3,3,3,3,1,1,1,1,1,1,2,3,2,2,1,1,2,2,2,2,1,2,1,3,2,3,2,2,1,3,4,2,1,3,1,2,3,2,1,1,2,3,2,3,3,2,3,2,2,1,2,4,4,4,5,1,2,2,3,1,2,1,1,1,2,2,2,1,1,1,2,1,1,2,3,3,5,5,4,3,3,1,2,3,1,2,1,1,5,5,1,2,2,2,2,2,2,1,2,2,1,2,3,4,4,2,4,2,3,2,2,2,3,2,1,3,2,2,1,3,1,2,3,3,2,2,3,3,1,1,1,2,3,1,3,1,2,2,1,3,1,1,3,2,3,4,3,4,3,2,3,3,3,2,4,3,2,3,2,1,2,2,2,1
CluIDFG23G_1_0048,1,1,3,2,4,4,1,3,2,1,3,3,3,1,4,4,1,2,2,2,3,2,1,2,1,1,1,4,4,2,2,3,2,2,1,3,1,1,1,3,2,3,3,1,1,1,1,3,2,1,2,3,2,2,3,2,2,2,1,1,2,3,5,1,2,2,4,3,1,2,1,1,3,3,4,4,3,3,1,1,3,3,2,2,3,3,5,2,3,3,1,1,3,3,1,2,2,2,1,1,2,2,1,1,1,1,2,1,4,5,3,1,1,1,2,2,1,1,3,3,3,1,2,2,2,2,3,1,2,4,2,1,3,3,2,2,3,1,3,2,2,1,1,2,2,3,3,1,1,1,2,2,1,1,3,4,1,1,2,2,2,2,1,2,2,1,3,1,1,3,2,1,3,3,3,3,1,1,1,2,2,2,2,3,3,3,1,1,2,2,2,2,2,6,3,3,1,1,1,2,2,2,4,4,1,1,2,2,1,1,1,2,2,1,2,1,2,2,3,1,3,3,3,4,3,3,2,2,1,1,3,2,1,2,2,1,1,1,2,2,3,3,3,2,2,1,2,2,3,3,3,3,1,1,3,3,1,1,2,2,3,4,1,1,3,1,2,2,4,2,1,1,3,2,2,1,2,3,2,2,3,2,3,3,1,2,2,3,1,4,1,1,4,1,3,1,3,2,1,2,2,1,2,2,2,3,1,3,3,2,2,2,3,3,2,1,2,3,2,2,3,3,2,1,2,2,3,3,3,3,3,3,1,1,2,1,2,2,2,1,2,2,1,1,3,2,1,2,1,1,3,1,5,5,2,1,1,1,2,2,1,1,2,2,3,1,3,3,3,2,3,3,2,2,5,1,3,2,4,5,3,3,1,2,1,1,1,1,1,2,3,3,2,3,1,1,2,1,1,1,1,2,3,2,3,2,2,2,2,1,2,2,2,3,2,2,2,2,1,2,1,4,3,2,3,3,3,3,3,1,1,2,4,3,1,2,3,3,3,3,3,3,1,3,3,2,3,3,2,2,1,5,1,2,3,3,1,1,1,1,2,2,2,1,1,1,2,1,2,1,3,3,2,2,2,4,3,1,2,1,1,3,1,2,1,2,1,1,5,5,2,3,1,3,2,1,2,2,2,4,1,4,2,4,2,3,1,2,2,3,3,4,2,2,3,2,1,1,3,4,2,3,3,3,1,1,2,4,3,1,2,3,1,2,1,4,2,1,2,1,1,4,2,4,1,2,2,2,2,3,1,1,1,3,2,2,2,3,1,2
CluIDFG23G_1_0060,1,1,2,2,1,1,1,3,2,1,1,1,3,3,3,3,1,3,1,5,1,3,2,1,2,1,4,4,1,1,2,3,1,1,1,2,3,3,1,1,3,1,3,1,3,1,3,3,1,2,3,3,2,1,3,2,1,1,2,1,2,3,5,1,3,3,1,1,3,3,2,3,2,3,3,3,3,2,1,3,2,3,1,2,2,2,5,3,1,3,1,2,3,1,2,3,3,3,2,2,2,2,2,2,3,2,1,2,4,4,1,1,2,2,2,1,2,1,3,3,3,1,3,3,1,2,2,3,2,4,1,3,1,1,2,2,2,3,2,2,1,2,2,2,3,2,1,5,1,1,1,1,3,1,2,1,1,1,2,2,2,2,2,2,2,2,1,1,3,3,1,1,2,3,2,3,2,2,1,2,2,2,3,1,1,2,1,2,1,1,1,1,4,4,3,2,1,1,2,1,1,4,1,4,2,2,4,2,1,3,2,2,2,3,2,2,2,2,3,3,3,3,1,3,3,3,2,2,1,2,1,1,1,1,2,1,1,3,1,2,3,1,2,1,1,1,3,3,1,1,3,3,1,1,3,3,2,1,1,2,2,3,2,1,1,3,2,2,2,1,3,1,3,2,1,2,2,3,1,1,3,3,3,3,1,2,3,2,4,3,2,1,1,4,1,3,2,3,3,1,1,1,2,2,2,2,1,3,2,2,1,2,2,2,1,1,1,2,2,1,4,1,2,2,2,1,3,3,2,1,3,2,3,1,5,1,2,2,1,1,2,2,2,2,1,1,3,2,2,1,1,3,2,5,1,1,1,2,1,1,1,1,2,2,1,1,3,3,4,1,2,2,2,1,1,1,1,3,5,5,1,3,2,2,1,1,1,2,2,1,3,2,3,2,2,2,1,3,1,3,1,2,1,3,1,3,2,3,2,2,2,2,3,2,3,3,2,2,3,1,3,4,2,3,2,1,4,2,1,3,2,2,4,3,3,1,3,1,2,3,2,2,3,1,1,3,3,3,2,2,2,5,3,2,3,3,1,2,1,1,2,1,1,1,3,3,1,1,1,1,3,3,2,4,2,4,3,4,3,3,2,2,1,1,1,1,1,1,4,4,3,3,2,1,2,2,2,2,4,2,2,4,4,1,2,3,2,2,2,2,3,1,1,2,2,3,1,2,3,3,2,3,3,3,1,1,2,2,3,3,2,3,2,2,3,3,1,1,3,1,1,4,1,2,2,2,2,3,3,2,2,1,2,2,3,3,2,1,1,1
CluIDFG23G_1_0063,2,1,2,3,3,1,3,1,1,1,1,3,3,3,4,4,1,2,2,1,3,2,3,1,2,2,2,4,1,4,3,3,2,1,2,2,3,2,1,3,2,3,3,3,1,1,2,3,1,1,3,2,2,2,1,3,1,2,1,1,1,2,4,2,2,2,1,2,3,2,3,2,3,1,4,3,3,3,3,2,1,2,2,2,1,2,2,4,1,1,1,2,3,3,1,1,2,3,2,1,1,3,1,2,1,1,2,2,4,3,3,1,2,2,2,2,3,3,3,4,3,3,3,2,2,2,2,2,4,4,3,3,3,1,1,1,1,2,2,2,2,1,1,2,2,2,5,3,2,2,1,1,3,3,2,2,1,3,2,2,1,3,2,1,2,2,3,1,3,3,1,1,3,3,2,2,1,1,2,2,2,1,1,2,3,1,1,2,1,1,1,1,7,4,1,2,1,2,1,2,3,2,2,2,3,3,4,1,1,1,4,2,3,2,1,1,2,1,2,4,3,2,3,3,1,3,2,1,1,1,3,3,1,2,1,2,1,1,2,1,2,2,1,3,3,2,2,3,3,3,2,3,2,2,1,3,1,1,2,2,3,2,1,3,2,3,2,2,2,4,1,1,2,1,1,1,3,1,2,2,3,2,2,3,2,2,2,1,3,2,1,2,2,3,3,1,1,3,2,2,2,1,2,1,3,2,3,1,3,2,3,2,1,3,2,1,1,2,2,2,4,3,2,2,1,1,3,3,5,5,1,3,4,3,4,3,2,2,2,1,1,1,2,1,3,3,3,2,1,2,2,1,5,4,1,1,2,2,1,1,1,3,2,3,2,3,2,2,4,3,3,2,2,1,1,1,2,3,3,4,3,1,1,2,2,2,1,1,1,2,2,3,2,2,1,1,1,3,2,3,1,1,2,1,2,3,3,3,2,2,2,2,1,2,2,2,2,1,3,2,3,4,3,2,3,2,4,4,3,2,2,1,1,2,2,3,1,1,3,1,2,2,3,3,2,3,5,1,4,4,4,2,1,2,1,2,1,1,2,2,1,2,1,3,1,1,2,2,2,2,2,2,4,2,3,3,3,3,3,1,3,2,1,1,2,3,1,2,3,3,2,2,1,2,2,1,2,2,4,1,3,4,2,1,2,3,2,2,1,3,4,1,2,1,3,2,3,2,3,2,3,3,2,1,2,1,2,3,2,2,3,3,2,1,3,3,2,1,2,2,2,4,2,1,1,2,2,3,1,3,3,2,1,2,3,1,1,2,2,1
CluIDFG23G_1_0068,1,1,2,1,1,4,1,2,2,1,3,1,1,3,4,4,2,2,1,1,3,3,2,1,1,2,4,4,4,1,3,2,2,3,2,2,1,2,1,2,3,1,1,1,3,1,1,2,1,1,2,3,2,2,3,3,2,2,1,2,2,2,5,1,3,2,3,3,2,2,2,2,3,2,3,3,3,3,1,1,2,3,2,2,2,2,4,2,1,3,2,2,1,2,3,2,3,3,2,1,2,3,2,3,3,3,2,2,2,2,2,2,2,2,1,1,2,3,3,4,2,1,2,2,1,1,3,3,4,4,2,2,3,3,1,1,3,3,3,3,2,2,2,1,3,2,5,1,2,3,2,1,3,3,1,1,3,1,2,1,3,2,1,2,2,2,3,3,1,3,2,1,1,2,3,1,2,1,1,2,2,3,2,2,2,3,2,2,2,1,1,1,7,1,2,2,2,1,1,1,3,2,1,3,1,3,1,4,1,2,2,4,2,1,1,2,1,2,1,2,3,3,4,4,1,1,1,1,1,1,2,2,2,2,2,2,1,1,1,2,3,3,1,2,1,3,3,3,4,4,2,2,1,1,2,2,1,1,1,1,1,4,2,2,2,1,2,2,4,4,1,1,1,1,2,2,2,3,2,2,2,2,3,2,2,2,2,2,3,3,1,1,1,3,3,1,3,3,2,2,1,1,1,1,2,2,1,3,1,2,3,2,1,1,1,2,1,1,2,1,3,3,1,1,1,1,3,2,1,1,2,3,4,1,4,1,2,2,1,2,1,2,1,2,1,3,2,2,1,2,2,1,4,5,2,1,1,1,2,2,3,3,2,2,3,1,3,3,4,3,3,1,2,2,5,3,2,1,4,3,3,3,1,2,1,1,2,2,2,2,2,2,1,1,2,1,3,3,3,1,2,1,2,2,3,2,3,2,1,1,1,1,1,2,2,2,3,2,1,1,2,3,3,2,3,3,1,3,1,3,2,2,2,2,1,1,1,3,1,3,2,3,1,2,2,1,1,3,4,4,1,2,1,2,1,1,1,2,2,1,1,1,1,1,1,1,1,1,1,1,3,3,5,5,4,2,3,2,2,2,1,1,1,2,2,2,1,2,1,3,2,2,2,3,2,1,2,2,4,4,4,4,2,2,2,2,1,1,1,2,3,1,2,2,2,2,2,1,1,3,3,2,3,3,1,2,2,2,2,2,3,3,1,3,3,3,1,3,2,2,4,4,2,4,3,2,2,3,1,3,3,3,2,3,2,3,3,1,1,2
CluIDFG23G_1_0069,1,2,2,1,4,1,3,1,2,1,1,1,3,1,2,4,2,2,1,3,1,2,2,2,2,1,4,4,4,1,3,2,2,2,2,2,2,1,1,3,2,3,3,1,3,3,2,3,2,1,4,2,2,2,2,1,2,2,2,1,3,3,2,4,3,3,1,1,2,2,2,2,3,1,3,4,3,3,1,1,3,3,2,1,2,2,3,4,1,1,2,2,3,1,1,3,1,3,2,1,1,1,3,2,1,1,1,2,4,1,3,1,2,2,1,1,3,1,4,4,2,3,3,3,2,2,1,2,4,1,2,3,2,3,1,1,3,3,2,2,2,2,1,1,3,3,3,3,2,2,2,1,1,1,4,2,1,3,2,2,3,2,2,2,2,2,2,2,1,1,1,2,2,2,3,2,2,1,2,1,1,3,3,1,2,3,1,1,2,2,1,1,6,1,3,1,1,1,1,2,2,3,2,1,1,3,4,4,3,1,2,4,3,1,1,2,2,1,4,3,2,1,4,1,3,1,1,1,1,1,2,3,1,1,1,1,3,1,1,1,2,1,2,1,2,1,3,3,2,3,2,2,2,1,3,3,2,2,2,2,2,4,3,3,1,1,3,2,2,5,2,2,1,3,2,2,2,2,2,1,2,3,2,3,2,1,2,2,3,2,2,1,4,4,3,3,3,3,2,3,2,1,2,1,1,1,1,1,2,2,1,3,2,1,1,1,2,2,2,1,3,4,1,2,1,1,3,1,2,2,3,1,4,2,5,2,2,3,2,1,1,1,2,1,1,3,3,3,1,1,1,1,4,5,1,2,2,1,2,2,3,3,2,2,1,2,3,2,2,3,2,3,2,2,1,1,3,3,5,4,1,1,2,2,2,1,1,1,2,2,1,2,2,2,1,2,1,3,1,3,2,1,3,3,2,2,3,3,2,2,1,2,2,2,2,2,2,1,2,3,1,4,1,3,3,3,3,1,1,2,2,1,2,2,1,1,2,2,3,3,2,2,2,3,2,2,2,2,2,2,4,4,3,3,2,1,2,1,2,2,2,1,2,2,1,1,1,2,1,2,3,3,1,2,2,4,4,2,3,2,1,1,2,2,1,1,2,2,2,4,2,2,1,1,2,2,2,1,3,3,3,2,4,2,2,2,1,1,2,2,1,1,2,2,2,1,1,3,4,3,3,2,3,3,1,1,2,2,2,3,3,3,1,2,4,1,2,1,1,1,2,4,2,4,2,2,2,2,3,3,1,3,2,1,3,3,3,2,1,1
CluIDFG23G_1_0070,1,2,3,2,1,4,3,3,1,1,3,2,1,3,1,3,3,1,5,2,1,2,1,2,1,1,2,2,1,1,3,3,1,1,2,2,3,3,3,1,3,3,2,3,3,1,2,3,2,2,4,2,2,1,1,2,2,2,1,2,1,2,5,4,3,3,1,1,3,3,2,3,2,3,3,3,2,2,1,3,3,1,2,2,2,2,5,4,1,1,2,2,3,3,3,1,4,4,2,1,2,2,2,3,1,1,1,1,1,4,3,1,1,1,1,2,1,3,4,3,1,3,2,3,2,2,2,1,4,4,2,1,1,3,2,1,2,3,2,2,2,2,1,1,3,2,3,1,2,2,1,1,1,2,2,1,1,1,2,1,3,2,1,2,2,2,2,3,1,1,1,1,3,2,1,3,2,2,4,1,2,3,2,2,3,1,2,2,1,2,1,1,4,2,2,2,1,1,2,1,2,2,2,4,1,1,2,2,2,1,1,1,1,1,1,1,2,1,2,2,2,3,4,3,3,1,2,1,1,1,1,2,1,1,2,1,1,2,1,2,2,3,2,1,2,2,2,3,1,1,3,3,2,1,2,2,1,1,2,2,3,3,2,2,3,3,2,3,4,4,1,1,3,3,2,1,2,3,2,1,2,3,3,3,2,1,3,2,2,4,2,1,5,1,3,3,2,2,2,1,2,1,2,2,3,2,3,3,3,3,2,2,2,1,1,1,2,1,1,2,4,3,2,2,2,1,2,3,2,2,3,1,1,2,3,3,1,2,2,2,2,2,2,3,1,3,3,3,2,2,1,1,2,4,2,1,1,2,1,2,3,3,2,2,2,1,3,2,3,4,3,2,1,1,3,1,2,2,3,3,1,3,2,1,1,1,1,1,1,1,3,1,1,3,1,1,1,1,1,1,2,1,1,2,2,3,3,2,1,1,2,2,1,1,2,2,2,3,3,3,4,3,2,3,3,3,2,4,2,1,2,2,4,4,2,1,3,3,3,3,3,3,1,1,2,1,3,3,2,4,2,1,3,1,2,3,2,1,2,1,2,1,1,1,1,1,1,2,1,2,3,3,1,2,4,4,1,2,3,3,1,2,1,1,1,2,1,1,3,5,2,2,1,1,2,2,2,2,2,2,3,1,1,4,3,2,2,1,2,2,1,1,1,1,1,3,3,1,3,2,3,3,1,1,2,1,2,3,1,2,3,3,1,2,1,2,2,1,3,3,1,4,1,2,2,2,3,3,3,2,2,2,1,2,3,2,1,1,2,2
CluIDFG23G_1_0073,1,2,3,3,3,4,3,1,2,1,1,3,3,1,3,2,2,2,1,1,2,3,2,1,2,2,2,2,1,2,3,3,2,3,2,1,1,3,1,2,1,3,3,3,1,3,2,3,2,2,2,2,2,1,2,1,1,1,1,1,2,2,5,5,3,3,3,1,2,3,3,2,2,2,3,3,3,2,3,1,3,3,2,2,2,2,4,3,3,1,2,2,1,2,1,1,2,3,2,2,2,2,2,2,1,1,1,2,4,2,2,1,2,1,2,2,1,3,1,1,1,1,2,2,2,2,1,1,3,2,2,2,2,3,1,1,1,1,1,2,2,1,1,1,1,3,1,5,1,3,2,1,3,3,2,2,1,2,2,1,2,3,2,1,2,1,3,3,3,3,1,1,3,2,3,2,1,2,1,4,2,2,3,2,3,1,1,1,2,2,2,2,2,4,1,3,1,1,2,1,2,2,4,2,1,1,2,2,1,1,4,1,1,1,2,1,2,1,3,2,3,1,1,2,4,3,2,2,1,1,3,2,1,1,1,2,1,1,1,2,3,2,1,2,1,3,3,3,1,3,2,3,1,2,3,2,2,1,2,1,4,2,3,3,1,3,3,1,4,4,1,2,1,1,1,1,2,2,2,1,2,3,3,3,1,1,3,3,4,2,1,1,2,4,1,3,2,2,3,1,1,2,2,2,1,1,1,1,2,2,1,3,1,1,1,1,2,2,2,1,4,3,2,2,2,2,3,3,2,2,2,2,2,3,2,5,2,2,2,2,2,2,1,2,2,1,3,2,1,1,3,1,2,5,1,1,2,2,2,1,3,1,2,2,3,1,3,3,4,2,3,3,1,2,1,3,1,2,5,5,3,3,1,2,2,2,2,2,1,2,1,1,1,3,1,2,2,1,1,1,1,2,1,2,3,3,2,3,2,2,2,2,3,3,2,2,2,1,3,3,4,4,2,3,3,1,2,4,2,2,1,2,3,1,2,2,3,3,3,3,2,3,3,3,2,2,3,3,2,2,2,5,3,1,1,2,1,1,1,1,1,2,1,3,3,3,1,1,1,2,4,2,5,5,4,2,2,3,2,1,1,3,2,1,3,1,1,1,2,3,2,3,2,1,1,2,2,2,4,2,4,3,2,2,3,2,2,1,3,2,1,4,2,2,2,1,1,1,3,3,3,2,1,3,2,1,2,2,2,2,3,3,2,2,1,4,2,2,2,2,3,2,1,4,3,3,2,3,3,1,3,2,2,1,2,2,2,2,1,1
CluIDFG23G_1_0082,2,1,2,1,4,1,3,2,1,2,3,1,3,3,3,4,1,2,2,2,3,2,2,1,1,1,4,2,1,2,2,3,2,2,3,2,4,3,3,3,2,2,2,3,1,3,2,2,2,2,1,4,2,1,1,2,1,2,1,2,2,1,4,5,2,2,4,3,1,3,1,3,2,3,3,2,3,1,3,3,1,3,1,2,2,1,2,3,2,3,2,2,3,3,2,3,2,3,1,3,2,2,1,1,1,1,2,1,4,4,1,1,3,1,2,2,3,3,2,3,1,3,2,2,3,2,3,3,3,1,2,2,3,3,2,2,1,1,2,2,2,2,1,1,3,3,3,5,1,1,2,2,2,3,2,1,3,1,2,2,3,3,2,1,3,3,2,2,1,1,2,1,3,3,3,3,1,1,2,1,2,1,1,1,1,3,2,2,1,2,1,1,4,4,2,2,1,1,2,1,2,2,2,1,1,1,3,4,2,3,2,2,3,2,2,2,2,1,2,3,3,3,3,4,3,4,2,2,2,1,3,2,1,2,1,3,1,1,1,2,3,3,1,1,2,2,2,1,2,2,3,3,1,1,3,2,1,2,2,2,4,2,3,2,2,1,2,2,2,2,2,2,1,2,2,1,1,1,1,2,2,3,1,2,1,1,1,2,3,3,1,1,1,4,3,2,1,3,1,1,1,2,2,2,1,2,1,1,2,3,2,2,3,1,2,1,1,1,1,1,4,4,2,2,2,2,1,3,1,3,2,2,4,3,2,1,2,2,1,1,2,2,1,2,2,3,3,2,1,1,3,1,5,1,1,1,2,1,2,2,1,1,2,3,1,1,3,3,3,2,2,3,2,2,1,3,3,1,4,3,3,3,2,1,1,2,2,2,1,2,3,2,2,2,1,2,1,1,3,1,2,1,2,1,3,3,2,3,2,2,2,2,3,3,3,2,2,2,1,3,4,3,2,3,3,3,4,3,3,2,2,2,3,2,2,2,2,3,3,3,3,3,3,3,2,3,2,2,2,4,5,2,1,1,1,1,1,1,2,1,2,2,2,1,3,2,1,1,2,1,3,3,2,4,2,5,4,3,3,3,1,2,1,1,3,1,1,2,2,4,2,3,1,1,1,1,1,2,2,3,4,3,3,4,2,1,1,2,1,3,3,3,2,2,3,3,3,2,1,2,3,2,1,3,1,1,2,1,2,2,3,3,1,3,3,4,3,2,1,1,1,2,2,4,2,1,3,2,2,1,4,3,2,3,2,2,2,2,2,1
CluIDFG23G_1_0083,1,2,1,3,4,1,1,3,2,2,1,1,4,3,4,4,2,2,1,3,3,2,3,1,2,2,2,4,1,4,2,2,2,2,1,2,3,3,3,1,1,3,3,1,1,1,2,3,2,1,2,3,1,2,3,3,1,1,1,1,2,2,4,4,3,3,1,1,2,2,2,3,1,1,4,3,1,3,1,3,3,3,2,2,2,2,3,3,1,3,2,2,3,3,3,3,3,1,2,3,2,2,1,1,1,1,2,2,3,3,3,3,1,1,2,1,2,3,3,3,1,3,2,3,2,2,2,1,4,1,3,2,3,2,1,1,1,4,3,2,2,2,2,1,2,3,5,3,2,2,2,1,2,3,2,1,1,1,2,2,2,1,2,1,1,1,1,3,1,3,1,1,3,3,3,2,1,1,2,1,3,2,1,2,2,2,2,1,1,1,1,2,7,4,1,1,2,1,1,2,2,3,2,2,1,3,2,3,1,2,2,2,1,3,1,2,1,1,3,1,1,3,4,2,4,3,1,1,1,1,3,2,1,1,2,2,1,1,2,2,2,2,2,3,1,2,2,2,3,3,3,3,1,1,3,2,1,2,2,2,1,2,1,3,1,3,2,3,4,1,2,1,2,1,2,1,3,3,2,2,2,2,3,3,2,1,2,1,2,1,1,1,1,4,3,1,2,3,3,3,1,1,2,2,1,2,3,1,2,1,3,3,1,2,1,2,1,2,1,2,3,3,2,2,2,1,2,3,1,5,2,3,2,3,4,3,2,2,2,2,1,2,2,1,2,1,2,3,1,1,1,2,4,5,1,2,2,2,2,2,2,2,2,2,3,3,3,3,2,4,1,2,2,2,1,3,2,3,3,2,1,1,2,2,1,2,1,1,2,2,3,2,2,3,2,2,3,3,2,3,1,1,3,2,2,2,3,2,2,2,2,1,1,1,2,2,1,2,3,3,4,4,1,2,3,3,2,4,1,1,1,1,2,2,2,2,1,3,3,3,2,2,3,3,3,2,4,3,2,4,4,1,1,3,3,2,1,2,2,2,1,2,3,1,2,3,2,1,1,1,3,3,1,5,2,4,2,3,3,3,2,3,1,2,1,1,2,2,3,2,2,3,1,3,1,1,2,2,1,4,3,3,2,2,3,2,1,2,3,1,3,4,1,2,3,3,1,2,3,3,3,2,2,3,1,2,2,2,2,2,3,3,2,2,3,3,1,2,3,3,1,4,2,4,3,3,2,3,1,2,4,1,3,1,1,3,3,2,1,1
CluIDFG23G_1_0085,1,1,1,1,4,4,3,2,2,2,1,3,3,1,4,2,1,2,1,2,2,3,2,1,1,1,2,4,4,1,2,2,2,2,1,3,4,1,2,3,1,3,3,3,3,1,3,2,2,1,2,2,2,2,3,2,1,2,1,2,3,3,5,5,3,3,1,1,1,1,2,1,3,2,3,4,3,1,1,1,3,2,2,2,2,2,3,4,1,3,1,2,2,3,1,3,3,4,2,1,2,2,1,2,1,1,2,1,2,4,1,3,1,2,2,1,2,3,4,3,1,3,2,2,2,2,2,1,2,2,2,2,2,2,1,1,2,2,1,1,1,1,1,1,1,1,3,5,4,1,2,2,1,2,4,1,1,1,1,2,2,2,2,2,2,2,2,2,3,1,2,1,3,3,3,3,2,2,2,1,1,1,3,3,1,1,2,1,2,2,1,1,4,6,3,3,1,1,1,1,2,2,3,4,3,1,2,1,1,1,1,1,1,1,1,1,2,2,3,3,2,3,4,2,3,2,2,1,2,2,3,3,1,2,1,2,3,1,2,2,3,2,1,2,2,3,3,3,2,1,3,3,2,1,3,2,1,2,1,2,3,1,1,2,3,1,3,2,2,4,2,1,3,3,1,2,2,3,1,1,2,3,3,3,2,2,2,3,3,2,2,1,4,4,1,3,2,2,3,2,1,1,1,1,2,2,1,3,2,3,3,1,2,2,1,1,2,2,1,2,3,4,1,2,2,1,3,3,2,3,3,3,2,1,2,2,2,2,1,2,1,1,1,1,3,1,2,3,1,1,1,1,5,5,2,2,1,2,2,2,1,3,2,3,1,3,3,3,3,2,3,3,1,1,3,3,2,2,5,5,1,3,1,2,2,1,2,2,1,2,3,1,2,3,2,2,3,1,3,3,1,2,3,1,2,2,3,3,2,2,2,1,1,3,2,2,2,3,3,3,1,4,1,1,1,3,4,3,2,1,2,2,2,2,1,1,3,3,3,3,3,2,1,3,1,3,3,3,2,2,5,5,1,1,2,1,1,1,2,2,2,2,1,2,3,3,1,1,1,1,3,3,2,4,4,2,1,1,3,2,1,2,1,2,1,1,1,1,3,4,2,3,1,2,1,2,2,1,4,4,4,4,4,3,2,2,1,1,2,2,1,1,2,2,2,2,1,1,3,4,3,3,3,2,3,2,4,2,3,3,1,2,1,3,3,2,3,2,1,2,1,1,1,4,2,3,2,3,3,2,1,1,1,1,2,2,2,3,1,2
CluIDFG23G_1_0086,2,1,2,1,2,4,2,1,2,1,1,3,1,3,3,3,1,2,2,3,1,2,2,3,2,3,4,4,1,4,3,3,2,2,2,1,1,3,3,3,1,2,3,2,3,1,2,2,2,2,2,3,2,1,3,2,1,2,2,1,2,2,1,4,1,3,1,1,3,3,3,2,2,1,3,3,2,3,1,3,2,3,1,1,1,2,2,5,1,3,1,2,3,1,2,1,4,1,3,1,1,3,1,2,3,3,2,2,4,4,1,1,3,2,2,1,2,3,1,3,2,3,3,2,3,3,3,3,3,2,1,3,1,3,2,2,2,3,2,3,2,1,2,2,2,2,5,1,1,2,1,1,1,1,2,2,3,3,2,2,2,3,1,2,3,2,3,1,1,3,1,2,3,3,3,3,1,2,1,4,3,2,2,2,2,2,1,2,2,1,2,2,1,7,1,3,1,1,2,2,3,2,1,2,3,1,3,4,1,3,1,2,1,3,1,1,1,1,1,3,3,1,4,3,4,1,2,1,1,1,1,2,2,2,2,2,1,2,2,2,2,2,3,2,3,2,2,3,3,4,2,1,2,2,2,2,1,1,2,2,2,2,2,3,1,1,2,3,1,2,2,2,2,1,2,2,2,3,2,2,3,1,2,3,1,2,2,3,2,3,2,2,3,4,3,3,2,3,3,1,2,2,2,2,2,3,3,1,1,2,1,1,2,3,2,2,2,3,2,2,2,3,1,2,1,2,1,1,3,1,3,1,4,4,3,2,2,3,1,2,2,1,1,1,2,3,2,2,2,1,1,1,1,2,1,1,1,2,2,2,2,1,3,2,1,1,3,3,2,4,2,2,1,1,3,1,2,2,4,3,3,3,2,1,2,2,2,2,2,2,3,2,2,1,2,2,2,3,1,1,1,2,1,2,3,3,2,3,1,2,2,1,3,1,2,2,1,3,3,3,3,3,2,2,3,3,3,3,3,3,2,2,3,2,1,2,1,1,3,1,2,2,3,3,2,2,1,5,1,3,1,5,1,3,1,3,2,2,1,2,1,2,1,1,2,1,2,2,2,1,3,3,2,1,4,5,2,3,3,3,1,1,2,1,1,1,1,2,4,2,2,2,1,3,2,2,2,2,4,1,3,3,2,2,2,2,1,2,3,1,3,3,1,2,3,2,1,2,3,1,3,3,3,2,1,1,2,2,3,2,1,1,1,3,4,4,2,1,1,2,2,2,2,1,3,2,3,2,3,2,3,3,2,1,2,3,2,2,1,2
CluIDFG23G_1_0092,1,2,1,3,1,4,2,3,2,2,2,1,4,1,3,4,1,1,3,2,3,2,2,1,2,3,1,2,1,2,2,3,2,2,1,2,3,4,3,3,2,4,2,3,1,1,2,2,2,1,3,3,2,2,2,1,2,1,1,1,3,2,4,4,2,3,2,1,2,2,3,2,2,3,3,3,2,2,1,1,3,2,1,1,2,2,3,5,2,1,2,1,3,3,1,3,4,4,1,2,3,3,1,2,3,3,1,1,4,4,1,3,3,3,2,2,2,2,4,4,1,1,3,2,2,1,3,1,4,2,2,2,1,3,2,2,3,2,2,2,1,1,1,2,2,3,5,5,2,1,1,1,3,3,2,1,1,2,1,2,2,2,2,1,3,2,3,1,1,3,1,2,1,3,3,2,1,1,2,4,3,2,3,1,1,3,2,1,2,2,2,1,4,1,3,3,1,1,2,2,3,2,2,2,3,3,2,3,2,1,1,2,1,3,2,2,2,1,2,3,3,2,4,2,4,4,1,2,2,1,2,1,1,2,2,3,2,2,2,2,1,2,2,2,1,2,2,3,1,4,2,3,1,2,2,3,1,1,2,2,2,3,2,1,3,3,2,3,4,4,1,2,1,2,1,2,3,3,1,1,3,3,3,2,1,1,2,2,2,3,2,1,3,1,2,1,3,3,1,3,2,2,2,2,1,2,3,3,3,2,1,3,1,1,2,2,2,3,2,2,4,3,2,2,1,1,3,3,5,5,3,2,3,4,5,2,2,1,2,3,2,2,3,2,2,3,3,2,1,1,3,3,2,5,1,1,2,2,1,2,1,1,3,3,1,3,1,2,4,4,1,3,1,2,1,3,3,3,5,4,3,1,1,2,2,1,1,2,1,1,1,2,2,3,1,1,3,2,1,3,2,1,3,3,3,3,2,3,2,2,2,2,3,3,2,2,2,3,3,3,4,4,2,2,3,1,4,3,2,3,2,2,2,2,1,1,3,3,2,3,1,2,3,3,2,2,5,4,4,4,1,2,2,3,3,3,1,2,2,1,2,1,1,2,2,2,2,2,1,1,3,2,2,2,3,2,4,4,2,2,1,1,2,1,1,1,2,1,2,2,3,2,2,1,1,2,2,2,1,3,3,3,4,2,1,2,1,2,1,3,3,3,1,1,3,3,3,2,3,2,3,2,3,1,3,1,2,1,2,2,3,1,1,1,2,4,2,1,2,1,4,3,4,1,2,3,2,2,2,2,4,4,3,1,3,3,2,3,1,1
CluIDFG23G_1_0095,1,1,1,3,2,3,1,1,2,2,1,1,3,3,4,4,2,3,3,3,3,2,2,1,1,1,4,4,1,2,2,2,2,2,2,2,3,4,3,3,2,3,3,3,1,3,2,3,2,2,3,3,2,1,2,3,2,1,1,1,2,3,5,4,2,3,2,1,3,2,2,2,2,3,2,2,3,2,1,3,3,2,2,1,1,2,2,2,1,3,1,2,2,3,1,1,2,1,3,1,3,2,2,2,3,3,2,2,2,2,3,2,1,1,2,2,2,1,3,1,2,2,3,2,3,1,3,3,1,2,2,3,2,3,2,1,3,3,2,2,2,2,1,1,3,3,1,3,2,1,2,1,3,3,1,2,2,2,1,1,3,2,2,1,2,3,3,1,3,1,2,2,3,2,2,3,1,1,2,2,3,3,1,2,2,3,2,1,2,1,1,1,7,4,3,3,1,1,1,1,4,2,3,2,3,1,2,3,1,1,4,2,1,1,2,2,2,2,3,3,2,2,3,3,1,3,1,1,1,2,3,2,1,2,1,2,2,1,1,1,2,3,1,3,1,1,2,2,4,3,2,1,1,1,3,3,1,1,2,2,1,2,2,1,1,3,2,3,2,1,1,2,3,3,1,2,2,3,1,1,3,3,2,2,2,2,2,3,2,3,1,2,4,3,1,1,2,2,2,3,1,1,2,2,2,1,1,3,2,3,2,3,1,3,1,2,3,2,1,2,4,4,1,1,1,1,2,2,1,2,1,1,2,4,3,2,2,2,1,1,1,1,1,1,2,1,3,2,1,1,1,1,4,5,1,1,1,2,1,2,2,2,1,3,1,1,3,1,4,4,3,3,2,1,2,1,3,1,2,4,1,3,2,1,1,2,1,1,1,2,3,2,2,2,1,1,3,2,3,1,2,2,1,2,2,1,2,2,1,1,1,1,3,1,1,2,2,2,1,2,4,1,2,2,1,3,2,3,2,1,2,1,1,2,2,2,3,1,3,3,3,2,2,1,3,3,5,4,1,2,4,5,1,1,2,3,1,1,1,1,2,2,1,1,2,1,1,2,1,2,2,3,2,2,4,4,2,3,2,3,2,2,2,1,5,5,2,2,2,2,2,2,1,2,2,2,2,2,4,4,4,1,2,2,2,2,2,1,3,2,3,1,2,2,3,3,3,3,4,4,3,3,3,3,1,3,1,2,2,2,3,3,2,3,4,1,2,2,3,2,2,3,2,2,3,2,2,2,3,3,3,2,1,1,3,3,3,3,1,1
CluIDFG23G_1_0097,1,1,1,1,4,4,3,3,1,1,2,2,3,1,4,4,2,2,2,3,3,3,1,2,1,2,4,4,1,1,3,3,2,2,2,1,1,4,3,1,2,1,3,1,3,1,2,2,2,1,1,3,2,2,1,3,1,2,1,2,3,3,1,4,1,3,1,3,2,3,2,2,2,3,4,3,1,1,3,1,3,2,1,2,3,2,5,4,2,1,2,1,3,1,2,3,3,4,1,1,3,2,3,2,3,1,2,1,2,2,3,3,2,2,2,2,3,3,3,1,1,1,2,3,2,2,1,2,2,1,3,3,2,3,2,2,4,4,1,3,1,1,2,2,2,2,3,3,1,2,2,1,1,2,4,2,3,1,1,2,3,3,3,1,2,2,2,2,3,3,1,1,3,1,3,3,2,1,4,1,3,2,2,2,3,1,1,1,1,2,1,2,4,4,3,1,1,1,1,2,2,2,3,2,3,3,1,3,1,1,1,1,1,1,2,1,1,1,3,4,3,3,4,4,1,4,2,2,1,1,1,3,2,1,2,2,1,1,2,1,1,2,2,3,1,2,3,2,4,2,1,3,2,1,2,2,1,1,2,2,2,2,2,2,1,1,3,2,1,1,3,3,1,1,1,2,2,1,1,2,2,2,3,3,2,1,2,2,1,3,2,1,3,4,1,3,3,2,1,1,1,1,1,1,2,2,1,3,2,1,2,2,2,3,1,1,3,2,1,2,4,4,2,2,2,2,2,2,2,5,1,2,2,2,2,1,2,2,1,1,1,1,1,1,2,2,1,1,1,1,3,1,1,5,1,2,2,1,2,2,3,3,1,2,1,3,3,3,3,4,2,2,1,1,1,1,3,2,3,4,3,3,1,1,1,2,2,1,1,2,2,3,1,3,2,2,2,2,3,1,1,2,2,1,3,2,2,3,2,2,2,2,2,1,2,2,1,2,1,2,1,3,1,2,1,3,4,3,3,2,2,2,2,2,2,2,1,1,3,1,3,2,3,3,2,2,4,2,4,4,4,1,2,1,1,1,2,2,2,2,2,2,1,1,3,3,1,1,2,2,2,3,5,5,3,2,3,3,3,3,2,2,2,1,1,1,1,1,5,3,2,1,2,1,1,1,1,2,4,4,4,4,2,2,2,2,1,1,2,2,3,3,2,2,3,3,2,1,2,1,2,1,3,2,1,1,4,2,2,2,3,3,3,3,3,3,2,2,3,3,4,3,4,4,1,1,2,2,3,2,2,3,2,2,2,2,2,2,1,1
CluIDFG23G_1_0104,2,1,2,2,1,1,3,3,2,1,1,3,3,3,3,4,2,1,2,3,2,3,2,2,2,1,4,2,1,1,2,3,3,1,3,2,2,1,1,2,2,3,1,1,1,3,1,2,2,1,4,3,2,2,2,3,1,1,1,2,3,3,4,5,3,4,1,1,1,1,2,1,3,3,3,3,1,1,1,2,3,3,1,2,2,3,4,4,2,1,1,2,1,1,2,1,3,2,2,1,3,2,2,2,1,3,2,2,2,4,2,3,2,3,1,1,2,2,3,1,1,2,2,3,2,3,1,2,4,2,1,1,1,3,2,2,4,3,1,3,1,1,2,2,2,2,3,5,2,1,2,1,1,2,1,4,1,2,2,1,1,3,1,2,2,2,1,1,3,1,1,2,2,2,2,3,2,1,2,2,1,1,1,3,1,1,1,1,2,2,2,1,4,2,3,2,1,1,2,2,3,2,3,2,3,1,1,4,3,1,4,1,1,1,2,2,1,1,1,2,3,3,4,3,1,3,1,2,2,1,3,2,2,2,1,2,2,1,1,1,3,3,2,2,2,1,3,3,1,1,3,3,2,1,3,3,1,2,1,2,2,2,1,2,3,3,2,2,1,1,2,1,1,3,2,2,3,2,2,1,3,1,2,3,2,2,3,3,3,2,1,1,4,4,1,2,2,2,1,2,1,1,1,1,2,2,3,1,1,2,3,2,1,3,1,1,2,2,1,2,3,4,1,2,1,2,3,3,3,3,3,3,5,1,1,1,2,3,1,2,1,2,1,2,2,1,3,1,1,2,1,1,4,5,2,2,2,1,1,2,1,3,2,2,3,3,3,3,4,3,3,3,1,1,3,1,1,2,5,4,1,3,2,1,2,1,2,1,1,1,1,2,1,2,2,2,2,3,1,1,2,2,2,3,2,2,3,2,2,1,1,1,1,1,2,4,3,2,2,3,3,1,3,3,3,1,1,3,2,1,2,2,4,3,1,1,3,3,2,3,3,3,1,2,1,1,3,3,2,3,4,5,1,1,1,3,1,1,2,1,2,2,1,1,1,1,2,2,1,2,2,2,2,2,4,4,2,2,1,2,1,1,1,1,1,1,1,2,2,5,3,2,3,2,2,2,2,1,4,1,4,4,2,2,2,3,1,2,3,2,1,3,1,2,2,3,1,3,2,2,3,3,3,1,2,3,3,1,3,2,3,1,2,1,1,3,2,2,2,3,1,1,4,4,3,2,2,3,2,1,1,1,1,2,2,3,3,3,1,2
CluIDFG23G_1_0107,1,2,2,2,4,1,1,2,2,1,1,1,3,3,4,3,2,3,2,3,3,3,2,1,1,1,2,4,2,2,2,3,3,2,3,1,2,3,2,3,3,3,3,3,1,3,2,2,1,2,4,3,2,1,1,2,1,2,1,2,2,2,1,2,3,3,3,1,2,3,1,3,3,2,3,3,3,1,1,1,3,1,1,2,3,2,2,4,3,1,1,2,3,1,2,2,3,3,2,1,1,2,2,3,2,1,2,2,4,4,1,3,1,3,2,2,3,3,3,1,1,1,3,3,2,2,1,1,1,2,1,1,1,1,1,1,1,1,2,2,2,2,1,1,2,3,3,5,1,1,2,3,1,3,3,2,1,2,2,1,3,3,2,1,2,3,2,3,3,3,2,1,3,3,3,3,2,2,4,2,2,2,2,1,2,1,1,2,2,1,2,1,7,4,1,3,2,1,1,2,3,2,1,3,3,1,1,1,1,1,2,1,1,2,2,2,2,1,2,4,1,3,3,3,1,4,1,1,2,1,1,2,1,2,3,1,1,1,2,2,3,3,3,2,1,3,2,2,3,3,3,3,2,2,2,2,2,1,2,1,1,2,1,1,3,3,2,2,5,2,1,1,2,1,2,2,3,1,2,2,3,1,1,3,2,2,2,2,3,3,2,1,1,1,1,2,3,3,2,3,1,2,1,1,3,2,3,3,3,3,1,2,3,1,2,1,1,3,2,1,4,4,1,1,1,1,3,3,2,2,1,1,4,2,3,2,2,2,1,1,2,1,1,2,1,2,3,2,1,1,3,1,5,1,2,1,2,1,1,2,2,3,2,3,1,2,2,2,2,3,3,1,2,2,3,3,3,1,3,3,1,3,1,2,1,2,2,1,1,2,2,2,3,1,1,2,3,3,3,3,1,1,1,1,1,1,3,3,2,2,1,1,2,1,2,2,2,3,1,2,2,1,2,2,3,1,1,3,3,3,2,2,3,2,1,1,3,3,2,3,2,2,2,2,1,2,2,1,2,2,2,1,3,1,1,1,1,1,2,2,2,2,3,2,3,3,1,1,1,1,3,3,5,2,2,4,2,5,1,1,1,1,2,2,1,1,1,1,5,3,2,2,2,2,2,1,1,2,4,1,2,4,4,3,2,1,2,2,2,3,1,1,2,1,2,2,1,3,2,3,3,3,1,2,3,1,2,3,1,2,1,1,3,3,3,2,1,1,3,2,4,1,4,4,1,3,3,3,2,2,1,3,3,1,2,3,2,2,1,1
CluIDFG23G_1_0121,2,2,3,1,1,4,3,3,2,1,2,2,3,3,2,3,2,3,5,2,2,3,1,3,1,2,2,4,1,1,3,3,2,2,2,2,3,1,1,3,1,3,1,3,1,3,2,2,2,2,1,2,1,2,2,2,1,1,2,1,2,2,4,5,1,3,1,3,2,2,2,1,3,2,4,3,3,2,1,2,3,2,2,1,2,3,2,4,2,2,1,2,3,1,3,1,3,4,1,2,2,3,1,1,3,3,2,2,4,4,2,2,2,2,2,2,1,1,4,1,1,3,2,2,2,2,3,3,1,4,2,2,3,1,2,1,2,1,2,2,1,2,2,1,3,3,1,5,2,2,1,1,3,1,2,2,1,1,2,2,3,2,1,2,3,2,3,1,3,3,1,2,3,2,3,3,2,1,2,1,1,2,1,1,1,3,2,2,2,2,2,2,7,4,3,3,2,1,2,2,3,2,4,4,1,1,4,4,3,3,4,2,2,2,1,2,1,1,2,2,1,2,3,3,1,4,2,1,2,2,3,3,1,1,3,2,1,1,1,2,3,1,3,1,2,2,2,2,4,4,2,3,1,1,2,2,1,1,1,2,3,2,1,2,1,3,2,2,4,1,1,2,1,2,1,2,2,2,1,1,3,1,3,2,1,1,2,3,3,3,2,2,5,5,1,1,2,2,2,1,1,2,1,2,2,2,3,3,2,2,1,2,3,2,2,1,2,2,1,1,2,3,1,1,1,2,3,3,5,2,3,3,5,4,3,2,2,1,2,2,1,2,2,1,2,2,1,2,1,1,3,1,1,4,1,1,2,1,2,2,1,1,3,3,3,1,2,2,2,4,3,1,2,1,4,5,3,2,4,4,3,1,1,2,1,1,2,1,1,2,2,1,1,1,1,2,3,3,1,1,1,1,3,1,3,3,2,3,2,2,2,2,2,2,2,2,2,1,1,2,3,3,3,2,1,1,3,3,3,2,2,2,1,1,2,3,1,1,2,3,3,1,3,3,3,2,5,3,4,4,5,3,1,2,1,3,1,2,1,1,2,2,2,2,3,3,1,2,2,2,4,3,5,5,4,4,1,2,3,2,1,1,1,1,5,1,2,2,2,5,3,2,1,1,2,1,2,1,4,4,4,4,2,2,2,2,1,1,2,1,3,3,1,2,1,3,1,2,2,3,2,1,2,1,3,2,2,2,2,2,1,3,3,1,4,3,2,1,3,3,3,1,1,4,1,3,3,2,1,3,1,4,1,2,2,1,2,2,1,1
CluIDFG23G_1_0128,1,1,2,1,4,1,1,3,2,2,3,2,3,1,3,4,1,2,3,2,2,2,2,2,2,2,1,1,2,2,3,2,2,2,1,1,1,3,1,1,2,2,3,2,1,3,2,2,2,2,3,3,2,1,3,1,2,1,1,1,3,3,4,5,2,3,1,2,2,2,3,1,2,3,2,2,3,2,3,3,2,1,1,1,2,2,3,5,2,2,2,2,3,3,2,2,3,3,1,1,2,1,2,2,3,3,2,2,4,4,1,1,2,2,1,2,3,2,4,1,1,1,2,2,2,2,1,1,4,1,3,1,1,3,2,2,3,4,3,2,1,1,2,2,2,3,1,3,1,2,1,1,2,2,1,1,1,1,2,2,2,2,1,2,1,2,1,3,1,4,2,2,3,3,3,2,1,1,1,4,2,2,1,3,3,3,2,1,2,2,1,2,4,4,2,3,1,1,2,2,4,2,1,1,1,3,2,4,2,3,2,1,2,1,2,2,1,1,3,3,3,1,3,3,3,1,1,1,1,1,2,2,2,2,3,2,1,1,1,2,3,3,3,1,2,2,2,2,1,4,2,2,1,1,3,2,2,2,2,2,4,1,1,2,3,1,2,3,1,2,2,1,2,1,1,2,2,3,2,2,1,1,1,2,1,2,1,2,3,3,1,2,4,3,3,3,3,2,1,1,2,2,2,2,2,2,3,1,1,2,2,1,3,3,1,2,2,1,1,1,1,4,2,1,2,1,3,3,1,4,2,3,4,4,4,2,2,2,1,2,2,1,1,3,3,2,2,1,1,1,2,1,5,1,1,1,2,2,1,2,3,3,2,1,3,3,3,3,4,4,3,2,1,2,1,3,3,3,4,3,1,1,2,2,1,2,2,2,1,2,2,2,2,1,1,1,2,2,2,3,2,2,1,1,2,3,2,2,1,2,2,2,2,2,3,2,2,1,3,2,3,4,3,2,1,3,3,3,3,3,2,2,2,2,1,1,3,2,3,2,2,3,3,2,2,3,1,2,1,1,1,2,3,1,2,1,1,2,1,1,2,2,2,2,3,1,1,2,1,2,3,4,2,2,3,4,2,1,3,3,3,3,1,1,5,1,1,1,5,2,1,3,2,1,2,2,2,1,4,4,2,3,2,4,2,1,2,1,3,3,3,4,2,2,3,3,3,3,2,2,3,3,2,3,1,1,2,1,2,2,1,1,1,1,4,3,2,3,2,2,3,2,1,2,1,3,2,3,3,3,3,4,2,2,3,2,2,2,1,1
CluIDFG23G_1_0148,2,1,2,2,4,4,2,3,1,1,1,1,3,1,3,2,2,1,2,1,1,1,2,2,2,2,1,4,1,4,3,2,2,2,1,2,3,1,3,3,3,3,3,3,1,3,3,2,2,1,4,1,2,2,3,1,2,1,2,1,1,1,4,5,2,3,1,2,3,2,3,2,2,1,3,3,3,2,1,2,3,1,1,1,3,2,2,4,1,3,2,2,3,1,1,1,3,3,1,2,2,2,1,1,1,1,1,2,4,4,1,1,1,1,2,1,1,1,4,4,1,1,2,2,2,2,1,3,4,2,3,2,3,2,1,1,1,2,2,1,1,2,2,1,2,1,1,1,1,1,2,1,1,1,2,4,3,1,2,2,2,2,2,1,2,1,2,1,3,3,2,2,3,3,3,2,2,2,1,1,1,2,3,1,1,1,2,1,2,2,1,1,6,2,2,3,1,1,1,1,3,2,4,2,1,1,2,4,1,3,4,1,1,1,2,1,2,1,3,2,1,3,3,2,1,3,1,1,2,1,1,3,2,2,3,1,1,1,1,2,3,3,2,1,1,1,3,3,1,1,3,3,2,2,3,3,2,1,2,1,1,4,3,1,3,3,2,3,1,4,3,2,1,1,2,2,2,2,1,1,3,3,3,2,2,1,3,2,2,4,1,1,1,4,1,2,3,3,2,1,1,1,2,2,2,2,3,3,1,3,2,2,2,2,2,1,1,1,2,2,3,3,2,2,1,2,3,3,2,5,3,3,2,4,3,2,3,2,2,2,1,1,1,1,2,1,2,1,1,2,1,1,2,5,2,1,1,1,1,2,3,1,2,3,1,2,2,3,4,4,2,2,1,1,2,1,3,2,1,3,3,1,1,2,1,1,2,2,2,2,2,2,2,3,2,1,3,1,2,1,1,1,1,2,3,3,3,2,2,2,1,2,1,1,2,2,2,2,1,2,4,1,2,3,3,3,3,4,1,3,2,2,4,4,2,3,3,1,3,3,3,3,2,3,2,1,2,3,2,4,4,4,3,1,3,1,1,1,1,2,1,1,2,2,1,1,2,1,2,2,2,3,1,2,4,3,2,4,3,3,1,1,2,1,1,1,1,1,3,3,2,3,1,1,2,2,2,1,1,3,4,4,2,1,3,2,1,2,2,2,1,3,1,2,3,1,1,3,3,3,2,3,3,1,2,1,4,1,3,2,3,3,2,2,3,4,1,2,3,3,4,4,1,2,2,2,3,3,3,3,1,4,2,1,3,3,1,2,2,1
CluIDFG23G_1_0154,2,2,3,1,4,4,3,3,1,1,2,3,1,4,4,4,2,2,1,2,3,2,2,2,1,2,4,2,2,1,2,3,2,2,2,2,1,3,3,3,2,2,3,3,1,1,1,2,2,1,3,2,2,2,1,2,2,2,1,2,2,2,4,4,2,2,3,2,2,1,1,1,3,3,3,3,3,2,1,1,3,2,2,2,2,1,2,1,2,1,2,1,1,3,2,1,4,3,1,1,2,2,2,2,3,3,2,2,4,4,1,1,2,1,2,2,2,2,3,1,3,1,1,2,3,3,3,3,1,2,1,3,1,3,2,2,3,3,2,2,1,1,2,1,2,3,5,1,2,1,1,1,3,3,2,4,1,1,2,2,3,2,2,1,3,2,1,1,1,3,1,1,3,3,3,2,2,1,1,1,2,2,2,2,1,2,2,1,2,2,2,1,1,7,3,3,2,1,2,1,2,3,2,4,1,3,3,4,1,1,2,1,1,3,2,2,2,1,3,2,3,1,2,3,3,4,2,2,1,2,2,2,1,2,1,1,1,3,1,1,2,3,2,3,1,2,2,3,4,4,1,3,1,1,2,2,1,1,2,2,2,3,2,2,1,3,2,3,4,2,2,1,2,2,1,2,2,2,2,1,3,3,3,2,1,1,2,2,3,3,2,1,4,1,3,3,3,3,1,1,2,1,1,2,3,2,3,3,2,2,2,1,3,3,1,2,1,1,1,1,2,4,2,2,2,2,3,3,5,1,1,3,4,4,2,4,2,2,1,2,2,2,3,1,2,3,1,3,1,1,3,1,1,1,1,1,1,2,1,1,2,1,3,1,1,1,2,3,4,4,2,1,2,1,3,1,2,2,3,4,3,1,2,2,1,1,2,1,2,2,2,2,1,1,1,2,2,3,1,3,1,2,2,1,2,1,2,3,1,2,1,1,1,1,1,2,3,1,3,1,3,3,3,3,3,3,4,3,2,3,2,1,3,2,1,1,3,1,3,2,2,2,3,2,2,2,1,3,2,4,1,1,2,3,2,1,1,2,1,1,2,2,1,1,3,2,2,1,2,1,4,4,5,5,1,2,2,5,3,3,1,2,1,1,1,2,2,2,5,5,2,2,3,1,2,2,1,2,1,1,2,3,4,2,2,1,1,2,2,3,3,3,2,1,3,3,3,1,2,2,1,1,3,2,1,1,2,4,2,3,1,3,2,3,3,3,3,1,3,1,3,1,2,2,2,1,3,2,2,3,4,4,3,2,3,3,2,2,1,1
CluIDFG23G_1_0156,1,2,1,1,1,4,2,3,1,2,1,1,1,3,3,4,3,1,3,2,1,3,2,1,2,2,2,4,1,4,2,2,2,2,2,3,3,1,3,1,3,3,1,1,3,1,2,3,2,1,3,2,1,2,3,2,1,2,1,1,2,3,4,1,3,2,2,1,3,2,2,2,3,2,4,3,3,1,1,3,2,2,2,1,2,2,2,3,1,3,2,2,3,1,1,2,4,4,1,1,3,2,2,2,3,3,2,2,2,1,2,2,1,3,1,1,2,3,4,1,2,1,2,3,2,3,2,1,2,1,2,3,3,3,2,1,4,4,2,2,2,2,1,1,2,1,3,3,2,2,2,2,3,2,2,2,3,3,2,2,2,3,1,1,2,2,1,1,1,1,1,1,1,3,3,3,1,1,2,2,2,2,1,2,2,1,2,1,2,1,2,1,7,2,3,2,1,1,1,2,2,2,4,2,1,1,2,1,1,1,4,4,1,1,2,1,2,2,1,2,3,1,4,4,3,3,1,2,1,2,1,1,2,2,1,3,2,1,2,2,2,2,3,1,2,2,2,1,1,2,2,3,1,1,2,2,2,1,2,2,2,2,1,2,3,3,2,3,4,4,1,1,3,1,1,2,3,2,2,2,1,2,1,2,1,2,3,3,1,3,2,2,3,1,3,1,3,2,1,1,2,1,1,2,3,1,1,3,3,2,2,1,2,2,2,2,2,2,1,1,3,3,2,2,1,2,1,1,3,3,3,2,1,4,2,2,1,2,1,2,2,1,1,2,1,3,3,2,1,1,2,3,5,4,1,1,1,2,2,1,1,1,3,3,1,3,2,3,2,2,3,3,2,2,3,5,3,2,4,5,3,3,1,1,2,1,2,2,2,2,1,3,3,2,2,2,3,3,2,3,1,1,2,2,3,3,3,3,2,2,2,1,3,2,2,2,1,3,3,1,3,3,2,2,1,3,3,4,2,1,1,2,3,2,2,3,3,1,3,3,2,2,3,3,3,3,3,5,4,2,1,3,2,1,1,1,2,1,1,1,1,2,1,2,1,2,1,2,2,1,3,2,2,4,4,2,1,3,1,3,1,2,1,1,1,1,2,2,5,5,2,2,3,3,2,2,2,1,1,4,2,4,4,2,2,2,1,1,1,3,1,1,2,2,3,3,3,2,3,2,1,1,2,2,1,1,4,4,3,2,2,3,1,1,4,2,1,2,2,2,1,2,1,2,2,2,2,2,2,1,1,1,1,1,1,3,2,1,1,1
CluIDFG23G_1_0157,2,2,2,2,4,4,2,1,1,1,3,1,3,3,3,3,1,3,5,3,3,3,1,1,2,1,2,4,1,1,2,2,1,2,2,2,3,3,3,3,4,3,1,3,3,3,3,2,2,2,4,4,1,1,2,2,2,2,1,2,2,2,4,5,2,2,2,4,2,2,1,1,3,3,3,3,2,1,2,2,3,3,1,1,3,3,4,4,3,2,2,1,3,1,1,1,3,4,1,1,3,1,1,2,3,2,2,2,4,4,2,1,3,3,2,2,1,2,1,1,1,2,1,1,3,1,3,2,2,1,2,3,3,1,2,2,2,3,2,2,1,1,1,2,2,3,5,3,2,1,1,2,3,3,2,2,3,3,2,2,3,3,1,1,2,3,3,1,3,1,1,1,3,2,3,2,1,1,4,2,2,2,1,1,3,1,1,2,2,2,2,1,6,7,2,3,1,1,1,2,4,3,4,4,2,1,4,1,1,1,2,2,3,1,2,2,2,1,2,1,1,1,4,3,1,2,1,2,1,2,1,3,2,2,2,1,2,1,2,2,2,1,1,1,1,1,2,2,4,1,2,2,1,1,3,3,1,1,2,2,2,3,2,1,1,3,3,2,4,4,1,2,1,1,1,2,3,1,2,1,1,2,3,3,2,1,1,2,1,3,2,2,4,1,3,1,3,2,1,1,1,2,2,2,2,2,3,3,2,2,1,2,1,3,1,2,2,2,1,1,1,3,2,2,1,2,3,3,1,2,1,3,5,5,1,3,2,3,1,1,2,2,1,2,2,2,2,2,2,2,3,1,2,1,1,1,1,1,1,2,1,3,3,3,3,1,2,1,4,4,2,1,1,1,3,3,2,3,4,3,3,1,2,1,1,1,1,1,2,2,1,3,1,1,2,2,2,1,1,1,2,2,2,2,2,3,3,3,1,2,2,1,3,3,2,3,2,1,3,3,4,4,2,3,3,3,3,3,2,2,2,2,3,3,2,2,3,3,3,3,3,3,2,3,1,3,1,3,2,4,2,4,1,1,3,3,2,1,1,2,2,2,2,2,3,2,2,1,2,2,3,2,2,5,2,4,1,3,2,2,3,1,2,1,1,1,1,1,3,2,3,2,2,1,2,1,2,1,3,4,3,4,2,2,1,2,1,1,2,3,3,3,2,1,1,3,3,3,2,2,1,2,2,1,3,1,2,4,2,2,1,3,3,3,4,2,1,1,3,1,1,3,2,4,1,1,1,2,1,3,1,4,2,2,2,3,2,2,1,1
CluIDFG23G_1_0160,2,2,2,2,1,4,3,2,2,1,1,3,3,3,3,2,2,2,1,3,3,3,1,1,2,2,1,2,2,4,3,1,1,1,2,1,2,3,3,2,3,3,3,1,1,1,2,1,1,2,2,3,1,2,1,2,1,2,2,1,2,2,5,4,3,3,1,1,3,2,3,3,2,3,3,3,3,2,1,1,3,1,1,2,2,3,3,5,1,3,2,1,2,3,3,2,3,2,2,3,1,1,1,2,1,3,2,1,4,4,1,1,2,2,2,2,1,1,3,4,1,3,2,2,3,2,3,3,4,2,2,1,3,3,2,1,1,3,1,2,1,1,1,2,2,3,1,1,1,1,1,2,1,1,4,4,1,2,1,2,2,2,2,2,2,2,2,1,1,3,2,2,3,3,3,2,2,1,1,2,3,1,2,1,2,1,1,2,2,2,2,1,6,7,2,3,1,1,2,2,4,3,1,1,1,1,4,3,2,3,2,2,2,2,1,1,1,2,3,3,3,1,1,3,3,1,1,1,1,1,2,3,1,2,1,2,2,1,2,2,3,3,2,3,2,1,3,3,2,1,3,3,2,2,3,3,1,2,1,1,2,2,2,3,1,3,2,2,1,2,2,3,1,3,1,1,2,2,1,2,3,3,3,3,2,2,3,3,2,2,1,1,4,4,3,1,2,2,2,3,1,1,1,2,3,2,3,1,2,2,1,2,3,1,1,1,1,1,2,2,3,3,1,1,2,2,3,3,5,1,3,3,1,1,1,1,3,2,1,2,2,1,1,1,2,2,3,2,1,2,3,3,2,1,1,1,2,2,1,2,1,3,2,2,3,1,3,3,2,4,3,2,1,1,3,3,2,3,5,4,3,3,1,1,1,1,1,1,2,2,3,3,2,3,2,2,3,3,3,1,1,1,2,3,3,3,2,3,2,2,1,1,1,3,3,2,2,2,2,2,1,1,3,3,3,1,2,1,3,3,2,2,3,2,1,3,1,2,3,3,2,3,3,2,1,2,3,2,1,4,2,4,1,1,1,1,1,1,2,2,2,2,2,1,3,1,2,1,2,1,2,3,2,2,2,4,2,4,3,3,1,1,2,2,1,1,1,2,2,2,2,3,1,2,1,2,1,2,4,2,3,4,1,2,2,2,2,1,3,2,3,3,2,1,2,3,3,1,3,2,1,2,3,3,1,1,2,2,2,3,3,3,1,2,1,4,2,1,2,1,4,1,1,1,3,2,3,2,3,3,4,1,1,1,3,3,1,1,2,2
CluIDFG23G_1_0161,1,2,2,1,4,1,3,2,1,2,2,2,3,3,3,4,2,2,1,3,1,3,1,2,2,2,2,1,1,1,2,2,3,2,1,3,2,3,3,3,2,2,3,2,1,1,2,2,2,1,3,3,2,2,3,3,2,1,2,1,2,3,4,2,2,2,4,2,2,2,1,2,2,3,3,2,2,3,1,1,3,3,2,1,3,1,4,2,3,3,2,2,1,1,2,2,4,2,1,1,1,3,2,2,3,2,2,2,2,1,3,2,2,3,1,1,2,2,3,1,1,2,2,1,1,3,2,3,1,1,3,1,3,3,2,2,3,3,3,2,1,2,2,1,2,3,1,3,1,2,1,1,1,1,2,4,2,1,2,1,2,3,2,1,3,1,1,1,3,3,1,1,3,3,3,3,1,2,1,4,2,2,2,3,3,2,2,2,1,2,2,2,4,7,3,3,1,1,1,2,2,2,2,1,3,1,4,3,1,1,1,4,1,2,1,1,1,1,3,3,3,2,3,3,1,1,1,2,1,2,2,2,2,2,3,2,1,1,2,2,1,2,3,1,2,1,3,2,3,1,1,2,2,1,2,2,1,1,2,1,2,2,3,3,3,1,1,3,1,1,1,2,1,1,1,1,1,2,1,1,3,2,2,3,1,2,1,3,3,3,2,2,3,3,3,1,1,2,3,1,1,2,2,2,3,2,1,1,2,2,1,2,2,3,2,1,2,1,1,1,3,4,2,2,2,2,3,2,5,5,3,3,5,4,1,2,2,2,1,1,2,2,2,1,2,2,1,2,1,1,3,1,4,2,1,1,1,2,2,1,2,1,3,3,1,3,2,3,1,4,3,3,2,1,3,1,1,1,5,4,3,3,1,1,1,2,2,2,1,1,1,2,1,3,1,1,2,3,3,1,2,1,1,1,3,3,3,2,1,2,2,2,2,1,2,2,1,2,3,1,3,3,3,2,3,3,4,1,3,3,2,2,3,2,3,2,3,1,3,3,3,2,2,3,2,2,3,2,1,1,2,3,1,3,1,2,1,3,2,1,1,1,2,1,1,1,2,1,1,1,2,3,2,2,4,4,1,1,1,3,1,3,1,1,5,1,2,2,2,2,2,1,1,3,1,1,2,2,2,1,2,1,4,2,1,2,2,1,1,2,3,3,2,1,3,3,1,3,1,2,3,1,2,2,1,1,4,2,3,3,3,1,3,1,2,4,2,3,3,3,1,4,4,4,2,3,2,2,2,3,4,1,3,1,2,1,2,2,1,1
CluIDFG23G_1_0165,2,2,3,2,4,1,2,3,2,2,1,1,1,3,3,4,3,1,2,3,3,1,2,1,1,2,1,4,4,1,2,3,2,2,2,2,1,1,1,1,3,2,1,1,3,1,3,3,1,1,2,2,2,1,1,2,1,2,2,1,2,3,4,1,3,3,1,1,3,3,2,2,2,3,2,3,2,3,3,3,2,3,2,2,1,2,2,5,2,1,2,1,3,3,1,1,4,3,3,1,2,2,1,2,3,1,1,2,3,4,3,1,1,1,2,2,2,3,3,4,1,3,3,2,2,2,2,1,4,3,2,3,3,3,2,2,4,1,2,2,2,2,1,1,2,3,5,1,1,2,2,2,1,3,4,2,1,1,2,2,2,2,2,2,2,2,2,3,1,3,1,2,3,3,3,3,1,2,2,1,1,2,3,2,3,1,2,1,2,2,1,1,4,4,3,3,1,1,1,1,3,4,2,1,2,3,2,1,1,1,2,2,3,3,1,1,2,2,4,3,1,3,4,3,4,1,1,1,2,2,2,2,2,2,2,3,2,1,2,2,3,2,3,3,3,2,2,3,4,4,2,1,1,2,2,3,1,1,1,2,1,2,1,3,3,1,3,2,2,4,1,1,3,1,1,1,3,3,1,2,2,2,1,3,2,1,2,2,3,3,1,1,1,4,1,2,3,2,2,2,1,2,2,2,2,1,3,1,1,2,1,2,1,3,2,2,2,2,1,2,4,3,1,2,1,1,3,2,5,2,3,2,4,2,2,3,2,1,2,1,1,1,1,2,3,2,3,3,1,1,1,3,5,4,2,1,1,2,1,2,3,2,2,3,1,2,3,2,2,4,1,3,2,2,3,3,1,3,4,2,3,1,2,1,1,1,2,1,2,1,1,3,3,3,2,1,2,3,1,1,2,1,1,1,3,2,2,1,1,2,1,2,1,1,1,3,2,2,2,2,1,1,3,2,3,3,3,3,3,1,2,1,2,1,2,1,2,1,3,3,3,2,3,3,3,2,3,4,2,4,4,5,1,1,2,2,1,2,1,2,2,2,1,3,2,2,2,1,1,1,3,3,1,5,4,3,2,2,2,1,2,3,1,2,1,1,2,2,5,4,2,2,2,1,2,2,2,2,4,4,4,2,2,2,2,2,2,2,3,2,4,3,1,2,3,1,1,2,3,3,2,3,1,3,1,2,1,3,3,2,3,3,2,1,3,4,1,2,2,2,2,4,2,1,2,3,3,3,3,3,3,1,3,1,1,3,2,2,2,1
CluIDFG23G_1_0169,1,2,2,1,4,4,2,1,2,1,1,1,1,1,2,1,3,2,1,5,3,2,1,2,1,2,2,2,1,1,2,2,3,2,2,2,1,2,3,3,1,1,3,3,1,3,2,2,1,2,1,3,2,2,1,2,2,1,2,1,3,1,1,4,3,2,1,1,3,1,2,1,2,3,3,3,2,2,3,1,2,3,2,2,2,2,2,3,2,1,2,2,3,1,1,2,3,2,2,2,1,2,3,2,1,3,1,2,4,4,1,3,2,1,1,1,2,1,1,4,1,2,2,3,3,1,1,1,4,1,1,2,3,3,2,2,3,2,2,2,2,2,2,1,3,3,3,1,2,2,1,1,1,2,1,2,1,1,2,1,2,3,2,1,2,2,1,1,1,3,1,2,3,3,2,3,2,2,1,4,2,2,1,1,2,3,2,2,2,1,1,1,4,4,2,2,1,1,1,1,2,2,1,3,2,3,1,2,1,1,1,2,1,2,2,1,1,2,3,1,2,2,3,3,4,1,2,2,2,1,3,3,1,1,2,2,1,1,1,2,2,3,1,2,2,2,3,3,1,1,3,3,1,1,2,3,1,1,2,2,3,3,3,2,1,3,3,3,5,4,1,2,3,1,2,1,3,3,1,2,3,3,3,3,2,2,2,2,2,3,1,2,3,4,1,1,3,2,1,1,1,1,2,2,3,2,3,3,2,2,2,1,1,3,1,1,1,1,2,1,3,4,2,2,2,2,2,3,1,2,1,3,1,2,2,1,2,3,2,2,1,1,1,1,2,3,3,3,1,2,1,3,1,1,1,1,1,2,1,1,2,3,3,3,1,2,2,1,4,4,3,3,1,2,3,5,1,3,4,3,2,1,2,2,2,2,2,2,2,1,2,1,2,3,2,2,3,2,1,1,2,2,3,2,3,2,2,2,2,2,1,2,1,2,2,4,2,1,2,3,1,1,3,3,3,1,1,3,1,1,2,2,3,2,1,2,3,1,3,2,3,3,2,2,2,2,4,2,2,4,2,2,1,1,3,3,1,1,1,2,2,2,2,1,3,1,2,1,1,1,3,2,2,2,5,4,1,3,3,3,3,3,1,2,1,1,1,1,4,5,3,3,1,1,2,2,2,2,1,4,2,2,2,2,2,2,2,2,2,2,1,1,2,2,2,3,1,2,3,1,3,2,1,3,1,1,1,2,2,3,3,3,1,2,3,3,2,1,3,3,2,4,2,1,1,3,3,1,1,1,3,1,3,1,3,3,2,3,1,2
CluIDFG23G_1_0173,1,1,2,1,4,1,3,2,2,2,3,1,3,3,3,4,2,1,3,5,3,3,1,1,2,2,4,4,4,4,1,3,1,2,2,1,3,1,1,1,1,3,1,3,1,1,3,3,1,2,3,4,1,2,1,3,1,1,1,2,3,3,2,4,3,2,2,1,2,2,2,2,2,3,3,4,2,2,1,1,2,3,1,2,2,3,5,2,3,1,2,2,3,3,1,1,3,2,1,2,1,2,2,2,3,1,2,2,2,4,1,3,2,2,1,2,1,3,4,1,1,1,2,2,2,2,2,1,3,2,2,1,3,3,2,2,1,3,2,3,2,2,1,1,3,3,1,3,1,1,2,1,1,2,2,1,1,1,2,2,2,3,1,2,2,1,1,2,3,1,1,2,3,3,1,2,2,2,2,1,2,1,2,2,1,3,2,1,1,2,2,1,7,4,2,3,1,1,2,1,4,4,1,2,1,3,3,3,2,1,2,2,1,3,2,1,2,2,3,3,1,3,3,1,3,3,1,1,1,1,3,1,1,1,3,1,1,1,2,1,2,3,3,2,2,3,3,3,2,3,2,2,1,1,2,2,2,2,2,1,2,4,3,3,1,1,3,2,2,5,2,1,2,1,1,1,3,1,1,1,3,3,3,3,1,2,1,2,3,3,2,2,3,3,2,2,1,3,3,2,1,1,1,1,1,2,1,3,1,2,1,3,2,1,2,1,2,2,1,2,3,4,2,1,1,2,3,3,2,1,2,1,5,2,2,3,3,3,2,2,1,1,2,1,2,3,1,2,2,1,1,1,5,5,2,2,1,2,2,2,3,3,2,2,1,3,3,3,4,3,2,3,2,1,3,3,2,1,5,4,1,3,2,1,1,1,1,1,2,2,2,3,2,2,2,2,3,2,1,3,2,2,1,3,2,2,3,1,2,2,1,1,2,2,4,2,3,2,1,1,3,4,2,2,3,3,3,2,1,1,2,1,4,3,1,2,2,3,3,3,3,2,3,2,1,3,3,3,4,4,2,5,2,3,3,1,1,1,2,1,1,1,1,1,3,3,2,2,2,2,3,3,5,2,2,5,3,3,3,3,1,1,2,1,1,1,1,1,2,4,2,2,1,1,2,2,2,1,4,2,4,3,2,2,2,2,1,2,2,3,3,3,2,1,3,3,3,3,4,4,3,3,3,1,1,1,1,2,1,3,3,1,2,2,3,3,2,2,3,3,4,3,2,1,2,2,3,2,3,3,4,3,2,1,3,3,3,3,1,1
CluIDFG23G_1_0176,2,2,2,2,4,4,1,2,2,2,1,3,3,3,3,3,1,2,2,3,3,2,2,2,2,1,4,4,1,1,1,3,2,2,1,2,3,3,3,3,2,2,3,2,3,1,2,2,2,2,3,1,1,1,1,2,2,1,1,2,2,2,4,4,2,2,2,3,2,2,2,1,2,2,3,2,3,2,1,1,1,3,2,2,1,2,5,1,2,1,2,1,3,1,2,1,2,4,1,1,2,1,2,2,3,3,2,2,1,1,3,3,1,1,2,1,2,2,2,1,3,3,2,2,3,3,3,3,2,4,1,3,1,3,2,2,2,3,3,2,1,1,2,2,2,2,1,5,1,2,2,1,3,3,2,2,1,3,2,2,3,3,1,1,2,2,3,3,1,3,1,2,3,3,3,3,2,2,4,2,2,3,1,1,3,1,1,1,2,2,1,1,7,7,2,2,1,1,2,2,2,1,1,2,1,3,3,2,3,2,2,1,3,3,2,2,2,2,3,3,1,3,4,3,2,3,1,1,2,2,1,2,2,2,1,2,2,1,2,2,2,2,2,2,1,2,3,3,4,1,2,2,1,2,3,3,2,1,2,2,2,4,2,2,1,1,2,2,2,4,2,1,2,2,2,2,2,2,1,1,3,3,2,2,1,1,2,2,3,3,1,1,4,1,2,3,3,3,2,1,1,2,2,1,2,2,3,3,1,2,2,3,1,3,1,1,2,1,1,2,2,4,1,2,2,1,2,2,1,1,1,3,4,2,4,2,2,3,1,2,2,1,1,2,2,1,2,2,2,1,2,2,5,5,2,2,2,2,1,1,1,1,2,3,3,1,2,3,4,4,3,3,1,2,3,1,2,3,2,3,3,3,1,1,2,2,2,2,2,1,3,1,1,3,1,1,2,1,3,1,2,2,2,2,3,2,3,3,2,2,2,2,2,3,3,2,1,2,2,3,1,4,2,2,1,1,3,3,3,3,2,2,2,2,1,1,3,3,2,2,2,3,2,3,1,1,2,3,1,1,2,5,1,1,2,3,2,1,1,1,2,2,2,2,3,3,2,1,2,2,4,2,2,2,4,1,2,4,2,3,2,2,1,1,1,1,2,2,2,5,2,3,1,1,2,2,2,1,3,1,3,4,2,4,2,2,2,1,3,2,3,3,2,1,3,3,3,3,2,4,3,1,2,3,1,1,4,4,3,3,3,3,2,1,5,4,3,2,1,2,4,3,2,1,1,1,3,2,1,2,2,1,1,2,3,2,3,3,2,2
CluIDFG23G_1_0191,2,2,3,1,4,1,3,2,2,1,2,1,3,3,3,4,2,3,1,2,3,3,1,1,2,2,2,2,1,1,3,2,2,2,2,2,3,1,1,1,3,3,1,1,3,3,2,3,1,1,3,3,1,2,2,2,2,2,1,2,1,2,4,4,2,3,2,1,2,2,1,1,3,3,4,3,3,1,1,3,3,3,2,2,1,2,5,2,1,1,2,2,3,1,3,1,2,3,1,1,1,2,2,2,1,3,2,2,1,4,3,2,2,2,1,2,3,3,4,3,2,1,2,3,2,1,1,1,4,4,2,2,3,3,1,2,3,4,2,2,1,2,1,2,3,2,3,1,2,3,1,1,3,3,2,2,3,3,2,1,2,3,2,1,2,2,3,2,1,1,1,2,2,2,3,2,1,2,1,2,3,2,3,1,2,3,2,1,2,1,2,1,4,7,2,3,1,1,2,2,2,2,3,1,1,1,3,4,1,2,2,4,2,2,1,1,1,1,3,2,3,3,3,4,3,3,2,2,1,1,2,1,1,2,3,3,2,2,1,2,2,2,1,3,2,2,2,2,4,1,1,2,1,1,2,3,1,1,2,2,3,2,2,1,3,3,2,3,4,4,1,1,1,1,1,1,3,2,2,1,3,2,2,3,2,1,3,3,1,2,2,1,1,4,1,1,3,2,1,2,2,2,1,2,2,3,1,3,3,2,1,3,3,2,2,1,1,2,1,1,3,3,1,2,2,2,3,1,1,5,2,2,3,4,5,2,2,2,1,2,2,1,1,1,3,2,2,2,1,1,2,3,1,5,1,1,2,2,1,1,2,1,3,3,1,3,1,3,2,4,3,3,2,1,1,3,1,1,3,4,3,3,1,1,2,2,2,2,2,2,1,2,3,2,2,1,3,3,3,1,1,1,3,2,3,3,2,3,2,2,1,2,3,1,2,2,3,2,1,3,1,3,1,3,3,2,3,3,1,3,2,2,2,2,2,2,3,3,3,3,3,2,3,3,3,3,5,1,4,2,2,3,1,3,1,1,2,1,1,2,2,1,1,1,2,1,1,1,2,2,2,3,2,2,4,4,3,3,1,1,2,3,1,1,1,1,2,2,5,2,2,2,3,1,2,2,1,2,2,4,3,2,4,2,2,2,1,1,2,1,1,1,2,2,2,3,3,1,1,2,1,3,2,2,1,1,2,4,3,2,3,1,3,2,4,2,2,2,3,2,2,4,1,4,2,2,3,2,1,1,1,1,1,2,3,3,3,3,1,1
CluIDFG23G_1_1829,2,2,3,3,1,4,3,1,2,1,1,3,3,4,4,3,1,1,3,3,3,1,1,1,1,3,4,4,1,1,3,2,2,1,3,2,3,1,3,1,3,1,3,3,1,1,3,2,1,1,2,3,1,2,2,2,2,2,2,2,2,2,4,4,4,3,1,1,2,2,1,2,3,3,2,4,3,3,1,2,3,2,1,1,2,2,3,5,1,3,2,1,1,3,1,1,3,2,2,2,2,1,2,2,1,3,2,1,4,2,3,2,1,3,2,2,3,1,4,4,3,3,1,1,3,1,3,2,2,2,4,2,3,1,1,2,3,3,2,2,1,1,2,2,2,2,3,1,1,1,1,2,1,3,2,1,3,2,2,1,2,2,2,1,2,1,2,1,3,3,1,2,1,3,3,2,1,1,4,2,1,2,1,2,3,3,2,2,2,2,2,1,7,7,3,2,1,1,2,1,3,1,4,1,3,2,2,2,3,1,1,2,1,2,2,2,2,1,3,3,1,3,1,1,3,3,1,1,1,2,3,3,2,2,1,1,1,1,1,1,3,2,3,1,2,1,3,2,3,4,3,2,2,1,2,3,2,1,1,2,1,2,3,1,3,3,2,2,1,5,2,1,1,1,1,1,2,1,1,2,3,2,3,2,1,1,3,1,3,1,1,2,4,4,1,3,1,2,1,1,1,2,2,2,2,2,3,1,2,1,1,1,3,1,1,2,2,2,1,1,3,3,2,1,2,2,2,2,5,5,2,1,3,4,2,2,2,3,2,1,1,1,3,1,2,1,2,2,1,1,1,3,2,1,1,2,2,2,1,2,1,2,2,2,1,1,2,1,4,1,3,3,2,1,1,1,1,1,5,4,1,3,2,1,1,1,2,1,2,2,1,3,2,1,2,1,3,2,3,1,1,2,1,1,2,3,3,1,1,2,1,1,1,1,3,2,2,2,3,2,1,4,2,3,2,3,3,3,2,2,1,1,2,3,3,3,1,1,3,3,2,2,3,2,2,1,3,1,3,3,2,2,1,1,1,1,2,2,2,1,2,2,3,1,3,1,2,1,1,1,3,2,2,2,4,2,3,4,3,3,1,1,1,2,1,1,1,1,3,5,2,1,2,1,2,1,2,1,4,1,3,3,2,2,2,1,1,1,2,2,4,3,1,2,3,1,2,1,3,3,3,3,1,2,1,1,1,2,3,2,3,1,1,1,4,2,2,3,1,1,4,3,4,4,1,1,2,3,2,2,2,4,1,1,3,2,2,2,1,1
CluIDFG23G_1_1835,1,1,3,3,3,1,1,3,2,2,1,1,4,3,4,4,2,2,1,1,3,3,2,1,2,1,2,4,1,2,2,2,2,1,1,3,3,1,1,1,3,2,1,1,1,1,2,3,1,2,3,3,1,2,2,3,1,1,1,2,2,2,4,2,3,3,4,1,2,2,2,2,1,1,3,4,3,3,1,3,1,3,2,2,2,1,3,2,3,3,2,2,1,3,3,1,3,2,1,2,2,2,2,2,2,2,1,1,4,4,1,1,2,1,1,1,2,2,3,1,1,3,2,3,2,1,1,2,4,1,2,3,2,1,1,1,4,4,2,3,1,1,2,1,2,2,1,1,1,2,1,2,3,3,3,2,1,3,1,1,1,2,1,2,2,1,3,2,1,1,1,2,2,3,1,2,2,2,2,2,3,2,1,2,2,1,1,2,1,2,1,2,4,4,1,1,1,2,2,2,2,2,1,3,1,2,2,3,2,2,2,2,1,3,1,2,1,2,2,3,3,3,3,2,4,3,2,1,1,2,2,2,1,1,2,3,1,2,2,2,3,2,3,3,2,1,3,2,2,3,3,2,1,2,3,2,2,2,2,1,2,1,2,1,3,1,3,3,4,4,2,2,2,3,2,1,3,2,2,2,3,3,3,3,2,2,3,1,3,2,1,2,3,4,1,1,2,2,2,2,1,1,2,1,2,2,3,1,2,1,2,1,3,1,2,2,2,2,2,2,4,3,2,2,1,2,3,2,2,1,3,1,4,1,1,2,2,2,2,1,2,1,1,1,1,2,3,3,1,2,1,1,5,5,2,1,2,2,2,2,1,2,2,2,1,3,3,3,4,2,2,2,2,2,2,1,3,3,2,4,3,1,2,1,1,2,1,1,1,2,3,3,3,2,2,1,3,3,2,1,1,1,2,1,2,3,2,2,1,1,1,2,1,3,2,2,2,2,3,1,4,4,2,2,3,1,3,4,1,3,1,2,2,1,3,2,3,1,3,3,2,2,3,2,3,2,4,3,2,2,4,1,3,3,2,3,2,1,2,2,1,2,2,3,3,2,1,1,2,2,3,2,4,1,3,3,2,2,3,2,1,2,1,2,1,1,2,2,3,4,2,2,1,3,1,1,2,1,3,4,4,4,4,4,2,1,1,1,2,3,1,3,2,2,3,2,2,1,2,4,3,3,2,2,2,1,2,2,1,2,3,1,3,1,3,4,1,2,3,2,4,1,2,4,2,2,2,3,2,3,3,4,1,3,2,3,3,3,1,1
CluIDFG23G_1_1841,1,2,1,1,2,4,2,1,2,1,1,1,1,1,4,4,2,2,3,3,2,2,2,2,1,1,2,2,1,1,3,2,1,3,2,2,3,3,3,3,3,2,1,3,1,3,2,2,2,2,3,3,1,1,3,3,1,1,1,2,2,2,4,4,3,3,3,1,2,2,2,3,3,3,3,3,1,1,1,1,3,3,2,2,3,3,5,5,1,2,1,2,3,3,3,2,1,2,3,1,2,1,2,3,1,2,2,2,2,2,3,3,1,1,2,1,1,1,4,4,2,2,2,2,2,2,3,3,1,4,2,3,2,2,1,1,2,2,2,2,2,2,2,2,3,3,3,3,1,2,1,2,1,1,2,2,1,1,2,2,3,3,2,1,3,3,1,3,1,3,3,2,2,3,2,2,1,2,2,2,1,1,2,2,3,3,2,2,2,2,1,1,4,7,1,1,1,1,1,1,4,4,2,2,1,1,4,4,2,2,2,2,1,1,1,2,2,1,4,3,2,3,4,4,1,1,1,2,1,1,2,3,1,2,1,1,2,1,2,2,2,3,3,3,3,3,3,3,4,3,2,2,1,2,2,3,2,1,1,2,1,3,3,2,1,1,3,3,1,5,2,2,2,3,1,2,2,2,2,2,2,2,2,2,1,1,3,1,4,4,1,1,1,1,3,3,2,2,3,3,1,1,2,2,1,3,1,1,2,2,2,2,2,2,1,1,2,2,2,2,2,4,1,1,2,1,1,3,2,5,1,1,2,4,3,5,1,2,2,2,1,2,2,1,1,3,3,2,1,2,3,3,5,5,2,2,2,1,2,2,3,1,3,2,1,1,3,1,2,4,1,2,2,2,1,1,3,3,3,3,1,2,2,2,2,2,1,1,1,1,1,3,3,2,2,2,3,3,3,2,2,1,3,2,2,3,3,3,2,2,1,2,2,2,2,2,1,1,2,2,3,3,3,3,3,3,2,2,1,1,2,1,2,2,1,2,1,3,1,1,3,3,1,1,1,1,2,2,2,2,1,4,1,2,1,1,2,2,2,2,1,2,1,2,1,1,2,1,2,1,3,3,1,1,5,5,3,3,3,1,2,3,1,1,2,5,2,1,2,4,2,3,1,1,2,2,2,2,4,4,3,3,2,2,2,2,1,1,2,2,1,1,2,2,3,1,2,1,3,3,3,2,3,2,1,1,2,2,2,2,3,3,2,3,4,4,2,2,1,1,3,3,2,4,1,1,3,3,3,3,3,3,1,1,2,2,1,1,2,1
CluIDFG23G_1_1842,1,2,3,3,4,1,2,3,2,1,1,3,4,3,4,4,1,3,3,5,1,2,3,1,1,1,4,3,1,1,3,2,2,2,3,2,1,3,3,1,3,1,3,3,1,1,2,2,1,2,2,3,1,2,2,1,2,2,2,1,2,2,1,4,2,2,1,4,2,2,2,2,3,3,1,3,3,3,1,3,3,2,1,1,2,2,3,3,3,1,2,2,3,3,1,1,4,4,1,1,2,1,2,2,2,3,2,2,4,3,1,3,1,3,2,2,3,3,1,4,3,3,3,1,3,2,3,3,4,2,2,2,3,2,1,1,3,2,2,2,2,1,1,2,2,2,5,5,2,2,2,1,1,3,1,2,1,1,1,2,3,3,3,2,2,2,1,2,3,1,1,1,2,3,2,2,1,2,1,2,1,2,1,2,2,3,2,2,2,2,2,2,7,7,3,3,1,1,2,1,3,3,4,4,1,1,4,3,2,1,2,2,2,2,2,2,1,2,2,3,1,1,4,4,4,2,1,1,2,1,2,1,2,1,3,1,1,1,1,2,2,1,2,3,1,2,3,2,4,1,2,1,1,2,2,1,2,1,2,2,3,4,2,2,3,3,3,2,4,4,2,1,1,3,2,1,2,2,1,2,3,2,2,3,1,1,3,3,2,3,2,2,1,4,3,3,2,2,1,1,2,2,2,2,2,2,1,1,2,2,1,1,1,1,2,2,2,2,1,1,3,3,2,1,1,1,2,3,3,5,2,1,4,2,5,2,1,2,1,1,2,1,1,1,2,2,1,1,1,1,1,1,2,4,1,1,2,1,2,1,1,2,3,2,1,3,3,1,4,3,3,3,2,2,5,2,1,2,5,3,3,3,1,2,2,1,2,2,2,1,1,1,1,1,2,1,3,3,3,3,2,1,3,3,3,3,2,2,2,2,1,2,2,1,2,3,2,1,3,2,3,4,2,2,1,1,3,3,3,3,2,2,3,3,1,1,3,3,3,3,2,3,2,3,1,1,3,3,4,4,2,5,2,3,1,1,1,2,2,1,2,2,1,1,3,3,1,1,2,2,3,3,5,5,2,4,3,4,3,3,3,1,2,1,3,1,1,2,2,5,2,3,3,3,2,2,1,2,2,4,3,4,2,2,2,2,1,1,2,2,1,3,2,2,3,3,3,3,1,2,1,1,3,2,1,1,2,4,2,3,3,3,2,1,4,3,2,1,2,2,3,2,2,2,3,1,2,1,1,1,1,1,2,3,2,3,2,2,1,3
CluIDFG23G_1_1846,1,1,2,1,4,1,3,1,1,1,1,1,3,3,3,3,1,3,1,1,2,2,1,2,1,2,2,2,2,1,2,2,1,3,2,2,4,1,3,1,2,3,3,1,3,3,2,2,1,2,1,4,2,2,2,1,1,1,2,1,1,3,4,1,3,3,1,4,2,2,1,2,3,3,4,2,3,1,1,1,1,3,1,2,3,1,1,5,3,1,1,1,2,1,1,3,4,3,1,1,2,2,3,3,1,1,2,2,4,2,3,3,2,1,1,1,2,2,1,3,1,2,2,2,2,1,3,1,4,4,2,3,3,3,2,1,1,3,2,3,2,2,1,1,1,3,3,5,3,2,2,2,3,2,1,1,2,1,2,1,1,3,1,2,2,2,3,3,3,1,2,2,3,3,3,2,1,1,4,4,2,2,1,3,1,3,2,1,2,2,1,2,6,6,1,3,1,1,1,1,2,3,1,2,1,1,2,4,1,2,4,4,1,1,2,2,1,1,2,3,2,1,4,3,1,3,1,2,1,2,2,2,1,1,3,3,2,1,1,2,1,1,3,1,1,1,3,3,2,1,3,3,1,1,2,2,1,1,2,1,3,4,2,2,3,1,1,2,4,1,1,1,3,2,1,2,3,2,2,2,2,3,2,2,1,2,3,1,3,2,1,1,1,3,3,2,2,2,2,3,2,1,1,2,2,2,3,3,2,2,1,1,3,1,1,2,1,2,1,2,4,4,2,2,1,2,3,2,3,2,1,3,5,2,1,3,2,2,1,2,2,1,2,1,1,2,3,2,1,1,1,3,1,4,2,1,2,1,2,2,2,2,3,2,3,3,2,4,3,2,1,3,1,2,1,3,3,2,5,2,3,3,1,1,1,1,1,2,1,1,1,1,3,3,1,2,3,3,3,1,2,1,1,3,1,3,2,3,2,2,2,1,2,3,2,2,2,3,1,3,1,1,3,3,1,3,3,3,3,1,2,1,2,2,1,1,3,1,1,2,2,3,2,2,3,1,4,3,2,4,1,4,3,1,1,3,2,2,2,1,2,1,2,2,2,1,2,1,2,1,3,2,2,5,4,5,1,3,3,3,1,2,1,1,1,2,1,1,2,5,3,3,4,2,2,2,1,2,3,4,4,4,2,2,2,2,1,2,3,2,1,1,2,2,2,1,2,1,2,3,2,3,3,3,2,1,2,2,2,3,1,3,1,2,3,2,2,1,2,3,1,1,4,4,2,3,3,2,3,2,1,1,1,3,1,3,2,1,1,1
CluIDFG23G_1_1849,2,2,3,3,4,4,2,2,1,2,2,2,3,3,3,3,1,1,2,3,2,1,2,2,1,2,4,4,2,1,3,3,2,2,2,2,1,1,3,1,3,2,3,3,3,3,2,2,2,2,2,2,2,2,2,2,1,2,2,1,2,2,4,2,3,2,2,4,2,2,1,1,3,3,3,3,1,1,2,2,3,3,1,1,3,3,2,4,3,2,2,1,1,1,1,2,4,4,1,2,2,3,2,1,3,3,2,2,4,4,2,1,3,2,2,2,3,1,1,3,1,1,2,2,1,2,1,3,2,1,3,2,3,1,2,1,2,3,2,2,1,1,2,2,2,1,5,3,2,1,2,1,3,3,2,4,1,2,1,1,3,2,1,3,3,2,2,3,3,3,1,1,3,3,3,3,2,2,2,2,1,3,1,2,3,1,2,2,1,2,2,2,7,7,2,3,1,1,2,2,4,3,2,4,1,1,4,1,1,1,3,4,1,3,1,1,2,1,3,3,1,1,4,3,1,3,2,1,2,1,2,2,1,1,2,1,1,2,2,2,3,2,1,1,1,1,2,3,1,3,3,3,1,1,2,2,2,1,2,2,2,1,1,1,3,3,2,2,1,1,1,1,1,3,2,2,2,1,1,1,2,2,3,2,2,1,2,3,3,3,1,2,4,1,1,3,1,3,3,1,2,2,1,2,1,2,2,3,2,2,3,3,1,3,1,2,2,2,1,1,3,3,1,1,1,2,2,3,4,3,3,1,5,4,1,3,2,2,1,1,2,2,1,1,2,2,1,2,2,1,3,3,4,1,1,1,2,1,1,2,1,2,3,3,3,1,2,1,2,4,2,2,1,1,2,2,3,3,1,3,1,1,2,2,1,1,2,2,1,1,2,1,1,1,2,2,3,3,1,1,1,1,2,3,2,3,3,2,2,2,2,1,1,3,2,2,3,1,3,2,3,4,3,3,3,1,3,3,2,2,2,1,3,2,2,1,3,3,2,3,3,2,3,3,2,3,3,5,1,4,2,3,1,2,3,3,2,2,1,1,2,2,2,2,3,1,2,1,1,2,3,3,5,1,1,5,3,2,2,3,1,3,1,2,1,1,1,2,5,2,1,3,1,1,2,1,2,2,1,4,4,1,2,2,2,2,1,1,2,3,3,1,1,2,3,1,1,1,3,2,2,1,2,3,1,1,4,2,2,2,3,1,3,3,4,4,2,1,2,2,4,4,4,4,3,3,2,2,2,2,1,1,2,2,3,3,2,2,2,2
CluIDFG23G_1_1850,1,1,1,1,4,1,3,1,2,2,1,1,1,1,2,4,2,2,3,1,2,2,2,2,1,1,2,2,1,1,2,3,1,1,2,2,1,3,3,3,2,3,3,1,1,3,2,2,2,1,3,4,2,1,3,1,1,2,2,1,1,1,4,3,2,2,1,1,2,3,3,3,2,1,3,2,3,2,1,3,1,3,2,1,2,3,5,3,2,1,2,2,3,1,3,1,3,4,1,1,1,3,2,3,3,1,1,2,2,1,3,3,2,2,2,2,2,2,3,3,1,1,1,2,3,2,1,3,1,1,3,3,2,3,1,1,4,4,2,2,1,1,1,1,2,2,1,1,3,2,1,2,3,3,2,2,3,3,1,1,3,3,1,2,3,2,3,1,3,3,1,1,3,3,2,2,1,2,2,2,2,2,3,1,2,1,1,1,2,1,1,1,2,4,3,1,1,2,2,2,2,2,2,1,3,1,4,4,2,1,4,2,2,3,1,1,1,2,3,3,2,1,4,3,3,3,1,1,1,1,1,2,1,1,1,1,1,3,1,1,1,2,1,3,1,1,2,3,3,2,2,3,2,1,3,1,1,2,2,2,4,2,3,3,1,1,3,3,1,1,1,1,1,2,2,2,2,2,2,1,2,3,3,3,2,2,3,2,1,2,1,1,1,1,2,3,3,3,3,3,1,1,1,2,1,1,1,1,3,2,1,2,1,1,1,2,3,2,2,2,3,2,1,2,2,1,3,2,1,5,2,1,2,4,3,5,1,2,1,1,1,2,1,1,1,1,3,3,2,1,1,1,2,5,1,2,2,1,2,1,1,1,3,2,3,3,2,2,4,1,2,1,1,2,5,1,3,2,3,4,1,1,2,2,1,2,1,1,1,1,3,3,2,3,1,2,1,3,2,3,1,2,2,1,1,3,3,3,2,2,1,1,2,2,2,2,1,2,1,3,3,3,1,2,2,3,2,3,1,3,1,2,2,3,2,3,1,1,3,3,2,3,1,3,3,1,2,5,4,2,4,1,2,2,2,1,1,2,2,2,1,1,1,1,1,1,2,2,2,2,2,2,4,2,3,4,4,2,1,3,2,1,2,1,5,5,2,2,4,2,2,3,3,3,2,2,2,2,3,1,4,2,2,1,2,1,2,1,3,2,1,1,2,1,3,2,3,1,3,2,2,3,3,1,2,1,3,2,2,2,3,3,1,2,4,1,2,2,2,2,4,2,1,3,3,1,2,3,3,2,4,2,3,1,3,2,3,1,1,2
CluIDFG23G_1_1852,2,1,2,1,4,4,1,1,2,2,3,1,3,3,3,4,1,2,2,2,2,1,2,2,1,2,4,4,2,4,3,2,2,2,2,1,4,4,3,3,3,3,3,3,1,1,3,3,2,1,3,4,2,2,2,2,2,2,1,2,2,2,5,5,3,3,1,1,3,3,2,3,2,3,3,3,2,3,1,1,3,3,2,1,2,2,4,4,1,1,2,2,1,3,3,3,4,4,1,1,2,1,3,2,1,2,2,1,2,2,3,3,1,2,1,2,2,2,3,3,1,1,2,3,2,1,1,3,2,2,2,2,3,2,1,1,1,2,2,1,2,1,1,2,2,1,1,3,2,3,1,2,1,2,1,4,1,1,2,2,2,3,2,2,2,3,2,1,1,4,2,1,3,3,2,2,2,1,1,1,3,3,2,2,2,1,2,1,2,1,2,2,4,4,3,3,1,1,1,1,4,2,4,3,2,3,1,4,1,1,1,2,1,1,1,1,2,1,1,3,1,1,3,4,3,1,1,2,1,2,1,2,1,2,1,2,1,1,2,1,3,3,3,1,1,2,3,3,1,1,3,3,1,1,2,2,2,1,2,1,1,3,2,1,3,3,3,3,5,4,3,1,1,1,1,1,2,2,2,1,3,1,3,3,1,2,3,3,3,2,2,1,1,2,1,3,2,2,2,1,2,1,1,2,3,2,1,1,2,2,2,1,1,1,1,2,1,2,1,1,3,3,2,2,2,1,3,3,2,4,2,3,1,3,2,2,2,3,2,1,1,2,1,1,2,2,2,3,2,1,2,1,4,5,1,1,2,1,2,2,1,1,2,2,1,3,2,3,3,3,3,3,2,1,3,3,2,2,5,5,3,1,2,2,1,2,1,1,1,1,1,3,1,1,1,2,3,3,1,1,1,1,2,1,2,2,3,3,2,2,2,2,3,2,3,2,3,2,3,3,4,3,1,3,3,3,3,3,3,1,2,2,3,4,1,1,3,3,3,3,2,2,3,3,1,3,3,3,4,2,5,5,2,1,1,1,2,1,1,2,2,1,2,2,3,3,1,2,1,2,3,3,5,2,4,2,1,3,3,1,1,1,2,1,1,5,2,2,3,5,3,2,1,1,2,2,2,2,3,4,4,4,1,1,2,3,2,1,2,3,3,1,1,2,3,2,1,3,2,4,2,3,3,3,3,1,2,2,2,2,2,3,1,2,3,4,1,2,2,3,4,4,1,2,3,2,3,2,3,2,3,3,3,1,3,3,3,2,2,2
CluIDFG23G_1_1857,1,1,3,1,4,4,1,1,1,1,1,1,3,4,3,4,1,2,2,1,3,1,1,1,1,2,4,2,3,1,3,2,2,2,1,1,1,3,3,3,3,3,3,3,1,1,3,2,1,2,3,3,2,2,2,2,1,2,1,1,2,2,1,4,2,1,2,3,2,3,1,3,2,3,3,4,3,1,2,3,1,3,2,2,2,2,1,4,1,3,2,2,2,3,1,1,2,2,2,1,1,2,2,2,1,3,2,1,2,1,3,3,1,2,1,1,3,2,3,4,1,3,3,2,2,1,2,3,2,1,3,2,1,3,2,2,1,4,2,2,2,2,1,1,3,2,1,3,1,3,1,2,2,3,2,2,3,2,1,1,2,3,2,2,2,3,2,3,1,1,2,2,2,3,2,3,1,1,1,2,2,2,3,2,1,2,2,2,1,2,1,1,4,6,3,3,1,1,1,1,2,2,1,4,2,1,2,2,1,1,1,4,1,1,1,1,1,2,3,1,3,2,2,2,3,3,1,1,2,1,2,3,1,1,1,1,2,1,2,1,2,2,1,1,1,1,3,3,1,1,3,3,2,1,2,3,1,2,1,2,3,2,3,2,1,1,2,2,1,4,1,2,1,2,1,1,2,3,2,2,1,3,3,3,1,2,2,1,2,2,2,1,1,4,1,1,1,3,3,1,2,1,1,1,2,1,1,1,2,3,1,2,2,3,2,1,2,2,2,1,4,3,2,2,2,2,3,3,1,2,2,1,1,3,2,2,2,2,2,2,2,1,2,2,2,2,3,3,2,1,3,1,5,2,1,2,1,2,1,2,3,1,2,2,1,2,2,3,2,3,3,2,1,2,1,3,3,2,5,4,1,1,2,2,2,2,2,2,1,1,1,1,1,3,2,1,3,1,3,1,2,1,3,1,2,3,2,3,2,2,2,2,1,3,2,2,2,1,2,3,1,1,3,3,3,1,4,3,1,3,2,2,2,2,1,2,3,3,3,2,3,2,2,3,1,3,3,3,1,4,1,2,1,3,1,3,1,1,1,2,1,2,1,1,1,1,2,1,2,1,3,3,1,2,4,2,2,2,1,3,1,3,1,1,5,1,1,2,5,4,2,3,2,1,2,2,2,2,2,1,2,4,2,2,3,3,1,2,2,2,1,1,2,1,3,3,1,3,3,2,3,3,3,1,1,1,2,1,2,3,3,2,1,1,1,3,3,1,2,3,1,3,1,2,1,1,2,2,3,3,1,2,1,1,3,3,1,3,2,2
CluIDFG23G_1_1859,2,2,3,3,4,4,2,2,2,1,2,2,3,3,4,3,2,1,1,3,2,2,2,2,1,1,4,4,1,1,3,3,2,2,2,3,3,1,3,2,2,2,3,3,1,3,2,2,1,2,2,3,2,2,2,3,1,2,2,1,2,2,4,2,3,3,1,4,2,2,2,2,3,3,2,3,3,2,1,1,3,2,2,1,2,2,3,4,3,1,2,2,1,3,2,3,3,4,1,1,3,2,2,2,1,2,2,1,2,2,2,3,3,1,1,2,3,2,4,4,1,1,2,3,1,1,2,1,2,2,2,2,2,3,2,1,3,3,2,2,1,1,2,2,2,2,5,5,2,2,1,1,1,1,4,4,2,1,2,1,2,2,2,1,3,2,2,2,3,3,2,1,3,3,3,3,2,2,2,1,2,2,1,1,3,1,2,2,2,2,2,2,7,4,3,3,1,1,1,2,2,2,1,1,1,1,4,4,1,1,4,3,3,2,1,2,1,2,2,3,3,1,2,3,3,3,1,1,2,2,2,1,1,1,1,3,2,1,2,1,3,1,3,3,2,2,3,3,1,4,3,1,1,1,3,3,1,1,2,1,3,1,2,2,3,3,3,3,4,4,1,3,1,3,2,2,1,2,2,1,2,2,3,2,1,1,2,3,3,3,1,2,4,5,3,1,1,2,3,1,2,2,2,2,2,2,3,3,2,2,1,3,2,1,1,2,2,1,1,2,3,3,2,2,2,2,3,3,1,1,1,3,2,4,3,2,2,2,1,1,1,2,1,1,2,2,2,1,1,2,3,1,2,2,1,1,2,1,2,2,2,2,2,2,1,1,3,3,4,4,3,2,1,2,1,1,3,1,1,5,3,1,1,2,2,1,1,2,1,1,2,1,1,1,2,1,3,2,1,1,1,1,2,2,3,3,3,3,2,2,1,2,3,3,3,2,2,1,3,2,4,3,3,1,1,1,4,3,2,3,2,2,1,3,3,2,2,1,2,3,3,1,3,3,1,2,2,3,4,4,2,4,2,3,3,2,1,2,1,1,2,2,3,1,3,2,1,2,1,1,3,3,2,5,4,1,1,3,2,3,1,1,2,2,1,1,2,2,2,5,2,1,1,1,1,2,2,2,4,4,4,1,1,2,2,2,1,1,3,3,1,1,2,2,1,1,2,1,3,2,1,1,2,2,1,1,4,2,2,2,1,3,2,3,4,4,2,2,3,2,4,4,4,4,2,3,2,2,1,1,4,4,3,2,3,3,2,2,2,2
CluIDFG23G_1_1862,2,2,1,2,4,4,1,3,1,1,1,1,3,3,3,3,1,1,2,3,1,1,2,2,2,2,4,1,1,2,2,2,2,2,2,2,4,1,1,2,3,3,1,1,1,3,3,1,2,2,3,4,2,2,2,3,2,1,2,2,1,2,4,5,3,3,1,1,3,3,2,3,2,2,3,2,3,1,1,1,3,3,2,2,3,2,4,2,3,3,2,1,2,3,1,3,3,4,2,1,2,2,3,1,1,1,2,1,4,4,1,3,2,1,2,2,1,3,1,4,3,1,2,3,2,1,1,2,4,4,3,3,3,3,1,1,2,1,3,2,2,1,1,2,1,2,3,1,1,2,1,2,2,1,1,3,1,1,1,2,2,1,1,2,1,2,3,1,3,3,1,1,2,3,2,3,1,1,2,2,1,2,1,2,1,3,2,1,2,1,1,1,4,2,1,1,1,2,1,2,2,2,3,2,3,1,3,1,2,1,2,1,2,1,1,1,2,2,3,3,3,1,1,4,1,3,2,1,1,1,3,2,1,1,3,1,1,1,2,1,3,3,1,3,1,1,3,3,3,1,3,2,1,2,2,3,1,1,2,1,1,2,1,1,3,3,2,2,4,1,1,3,1,1,1,2,2,2,2,1,2,3,3,3,2,2,3,3,2,3,2,1,1,1,3,2,3,2,3,1,2,1,1,2,1,2,3,1,1,2,1,1,2,2,1,2,2,1,1,2,4,3,2,2,2,1,3,3,5,4,1,3,4,3,4,2,2,2,1,2,2,1,1,1,2,3,2,2,1,2,1,1,4,2,1,1,2,1,2,2,2,1,3,3,1,1,3,1,2,4,1,2,2,2,3,3,3,1,3,4,1,1,2,2,1,2,1,1,1,2,2,3,1,2,2,2,3,3,3,1,2,2,1,2,2,2,2,3,1,2,1,1,1,1,2,2,3,1,3,2,3,3,3,3,3,3,4,3,3,1,2,2,4,3,1,1,3,2,3,3,2,2,2,2,1,2,3,3,4,4,4,4,2,2,3,1,2,1,1,2,2,2,2,3,1,1,2,1,2,1,2,3,1,2,4,3,2,3,2,2,1,1,1,1,1,1,2,2,3,2,1,2,3,1,2,2,1,1,4,4,2,3,2,4,1,2,1,1,2,3,3,1,1,2,3,3,2,3,3,1,3,3,2,2,1,1,2,4,3,3,3,3,1,2,4,4,1,2,1,1,3,2,1,1,1,2,1,2,1,2,1,2,3,2,3,2,3,2,1,1
CluIDFG23G_1_1865,2,1,2,3,1,1,3,3,1,2,1,3,3,3,3,3,1,2,2,2,1,3,1,1,2,1,2,1,2,1,3,2,3,2,1,2,4,3,1,3,1,1,1,1,1,3,3,3,2,2,4,2,1,2,2,1,1,2,2,2,2,1,4,2,2,2,4,1,2,3,3,2,3,2,3,2,1,3,3,3,3,3,2,2,2,2,4,3,1,1,2,2,3,3,1,1,3,2,2,2,2,3,1,2,1,3,1,2,4,4,1,3,3,1,1,1,2,1,4,3,3,1,3,2,2,1,2,1,2,2,1,2,2,1,2,1,4,1,1,1,1,2,1,2,2,1,1,5,3,3,2,2,2,2,1,1,1,1,2,2,3,3,2,1,2,2,2,2,1,1,2,2,3,3,3,2,1,2,2,4,2,2,1,3,1,1,2,2,1,1,2,1,7,7,3,3,1,1,1,2,2,2,3,4,1,1,2,2,1,1,4,1,1,1,1,2,2,2,3,2,2,3,3,3,3,4,1,2,2,1,2,2,2,2,2,2,1,1,1,2,2,2,3,1,2,1,3,1,1,4,3,3,1,1,2,2,1,2,2,1,3,4,2,1,1,3,3,3,4,5,1,1,1,3,1,2,3,2,1,1,2,3,3,3,2,2,2,2,3,2,2,2,3,3,1,1,2,3,1,3,2,1,2,1,2,3,3,3,3,2,1,1,3,3,1,2,1,1,2,2,3,3,1,2,1,1,3,3,1,2,3,3,4,2,4,2,2,2,1,2,2,1,1,1,1,2,2,3,1,1,1,1,5,2,1,2,2,1,1,1,3,2,3,3,1,1,3,3,4,4,1,2,2,1,2,3,1,2,3,3,3,3,1,2,2,1,1,1,2,2,2,3,1,3,1,2,2,3,1,1,1,1,1,2,3,2,2,2,1,2,2,2,2,2,2,2,2,3,3,2,1,3,2,3,3,3,4,2,3,1,1,1,2,3,1,1,2,1,3,1,3,2,2,3,3,2,3,2,1,2,1,2,1,3,3,3,2,1,1,1,1,2,1,2,1,3,2,1,2,2,3,3,2,2,5,4,1,1,3,2,1,1,1,1,1,1,2,1,5,2,2,1,2,1,1,2,1,2,2,4,2,2,4,2,2,1,2,2,2,2,3,1,1,2,2,3,3,1,4,3,1,3,3,2,1,1,4,2,2,2,1,3,1,1,1,2,2,2,2,1,1,3,2,1,2,2,3,2,3,2,1,3,1,2,2,2,1,3,1,1
CluIDFG23G_1_1867,2,2,1,2,4,4,3,2,1,2,3,3,4,1,3,4,1,1,2,3,2,2,2,2,2,1,1,4,1,2,2,2,2,2,1,3,3,1,1,3,3,3,1,3,3,1,3,2,1,2,3,3,1,2,3,1,1,2,1,1,2,3,4,2,3,3,1,1,2,2,2,3,1,2,3,3,2,2,1,2,3,2,1,1,3,2,4,5,2,2,1,1,3,1,1,1,4,3,1,3,3,2,2,3,1,3,2,2,2,4,2,3,1,3,2,2,3,2,3,1,1,1,2,1,2,1,1,2,2,4,2,1,3,3,1,2,3,2,3,3,1,1,2,2,2,2,1,3,1,1,1,1,3,1,1,2,1,1,1,2,1,3,2,1,2,3,3,1,3,3,1,1,2,2,3,3,1,1,2,1,2,2,3,2,3,2,2,1,2,1,2,1,4,4,3,3,1,1,2,2,3,3,4,2,3,3,4,2,3,2,2,2,2,2,2,2,1,2,2,2,3,2,4,4,1,1,2,1,1,1,2,2,1,2,2,1,2,1,1,2,1,3,2,3,2,1,3,2,4,4,1,3,1,1,3,3,1,1,1,2,3,3,2,2,3,3,2,1,4,4,1,1,1,2,1,2,2,3,2,2,2,2,1,3,2,1,2,2,3,2,2,1,5,1,2,1,3,3,2,1,2,2,1,2,2,1,1,3,2,2,3,1,2,1,1,2,2,2,1,1,3,1,2,2,2,2,3,3,2,2,3,1,4,5,2,2,2,2,1,1,1,2,1,1,2,2,1,2,1,2,1,1,4,4,1,1,1,1,2,2,2,2,3,3,1,3,3,1,3,4,2,3,1,1,3,1,1,1,4,3,3,1,1,2,1,1,1,2,1,1,1,1,1,1,2,2,2,2,1,1,1,1,1,2,3,3,3,2,2,2,1,1,3,2,2,2,1,3,2,3,4,4,3,2,3,3,4,3,2,2,2,2,3,3,3,3,1,1,3,2,2,1,2,3,2,2,3,3,4,2,5,4,1,2,3,2,1,1,1,2,1,2,1,2,1,1,2,2,1,1,3,2,5,2,4,5,3,1,2,3,3,3,1,2,1,1,2,2,2,2,2,3,1,3,1,1,2,1,4,2,2,3,4,2,1,2,2,2,2,2,3,3,1,1,3,1,3,1,1,2,3,3,3,2,3,2,4,2,3,2,3,1,3,1,4,5,2,1,3,3,3,1,4,4,2,1,3,2,1,1,1,3,2,2,1,2,2,2,1,1
CluIDFG23G_1_1869,2,2,3,3,4,4,2,1,2,2,2,2,1,3,4,3,1,2,2,2,3,3,2,2,2,2,2,2,1,1,2,3,2,2,1,3,1,2,2,1,3,3,1,1,3,1,3,1,2,1,2,4,2,2,1,2,1,2,2,2,2,3,2,1,3,2,4,1,2,2,2,1,3,3,4,3,3,2,3,3,1,3,2,2,1,1,2,1,1,1,1,2,1,3,3,1,4,3,3,1,1,2,2,1,3,3,2,1,2,4,2,3,2,1,1,2,2,1,4,3,1,1,2,3,2,1,2,3,4,4,2,3,1,3,2,1,3,3,1,2,2,1,2,1,2,3,1,3,2,1,1,1,2,1,2,1,1,3,1,2,2,3,1,2,3,2,2,3,1,3,2,1,1,3,1,2,1,1,2,4,2,2,1,3,3,2,1,2,2,1,1,2,1,4,3,2,1,1,2,2,4,2,2,1,1,3,1,4,1,1,2,1,1,2,2,2,1,2,3,1,3,3,4,3,4,2,2,1,1,2,1,2,2,2,2,1,2,1,2,1,3,2,1,3,2,2,3,3,4,3,3,1,2,1,2,3,2,1,2,2,3,3,2,1,3,3,3,2,2,1,1,1,2,3,2,1,3,2,2,2,3,1,3,3,2,1,2,3,3,2,1,1,3,4,1,1,3,2,2,3,2,2,2,1,3,2,3,3,2,3,1,3,3,1,2,1,1,3,1,1,4,4,2,1,1,1,1,3,3,5,3,3,5,1,2,1,2,2,1,2,2,2,1,1,2,2,3,2,2,1,1,1,5,1,1,1,2,2,2,1,2,1,2,3,1,1,3,3,2,4,3,3,2,2,3,3,2,1,3,4,1,3,1,2,2,1,1,1,2,2,2,3,1,2,2,2,3,3,3,1,1,1,2,2,2,3,2,3,1,1,2,2,1,3,3,2,1,1,2,3,1,3,2,3,3,3,1,3,2,1,2,2,2,2,1,2,3,3,3,3,3,2,3,2,2,3,3,1,1,4,2,5,3,3,3,3,1,2,1,1,2,2,1,2,1,1,2,2,2,2,2,2,2,4,4,4,1,2,3,2,2,2,1,1,3,1,1,2,5,2,2,2,1,1,2,2,2,1,3,4,2,2,2,4,2,3,1,1,2,2,3,1,2,1,3,3,3,3,2,2,1,3,3,3,1,1,2,2,2,2,3,2,1,2,4,2,2,2,1,1,3,1,2,1,1,2,3,2,2,2,3,4,3,1,3,2,2,2,1,1
CluIDFG23G_1_1882,2,1,2,2,4,4,2,1,1,1,2,3,3,3,4,4,3,2,5,5,3,1,1,2,2,2,4,2,4,1,2,2,1,1,1,1,3,4,1,3,2,1,1,2,1,3,3,3,2,2,3,3,1,2,1,2,1,1,1,2,3,2,2,5,2,2,4,4,2,2,2,2,3,3,3,3,3,2,3,3,3,1,1,1,2,2,3,5,2,2,1,2,3,3,3,2,4,3,1,3,2,1,2,2,3,3,2,2,4,4,1,1,1,1,2,1,2,2,4,4,3,3,2,2,2,2,3,3,4,3,3,3,1,3,1,2,1,4,2,2,1,2,1,2,3,2,3,1,2,1,1,1,1,3,4,2,1,2,2,1,2,2,2,3,2,2,1,3,3,1,2,1,3,3,3,2,1,1,2,2,3,2,2,2,1,3,2,1,2,2,1,2,6,6,3,1,1,1,2,2,4,2,1,1,3,1,4,4,2,2,2,2,2,2,2,2,1,1,1,3,1,3,4,3,4,2,1,1,2,1,1,1,2,2,2,2,1,1,2,2,2,3,3,1,2,2,2,2,4,4,1,2,1,2,2,3,1,1,2,2,2,2,1,3,3,3,1,3,4,4,2,1,2,2,1,1,3,3,2,2,1,1,3,3,1,1,2,2,2,2,1,1,4,4,3,3,3,3,2,3,1,1,1,2,2,3,3,3,1,1,3,1,1,1,2,2,3,3,1,1,4,1,2,1,1,1,2,1,1,3,2,1,2,4,4,2,2,2,3,1,2,2,1,3,2,3,2,1,1,1,1,1,1,5,2,1,2,2,1,1,2,1,3,3,1,3,3,2,4,4,2,3,2,1,1,1,3,2,4,5,3,3,1,1,1,2,1,2,1,2,1,2,2,1,2,1,3,3,3,3,1,1,1,1,2,2,2,2,2,2,1,2,2,2,2,2,3,2,1,1,3,3,1,3,1,3,4,3,3,2,2,2,2,3,2,1,3,3,2,3,3,3,2,2,1,1,3,3,4,4,4,2,1,1,3,2,2,1,1,1,2,2,1,1,1,1,2,2,2,2,3,3,2,2,2,2,3,3,2,2,2,2,1,1,1,1,2,1,4,4,3,2,1,1,2,1,1,1,4,4,3,3,4,4,1,1,1,1,1,3,4,3,2,1,1,3,3,3,4,4,1,3,2,2,1,1,4,2,2,3,3,3,1,3,4,3,2,2,1,3,3,2,1,4,3,2,2,3,2,2,1,3,1,2,2,2,2,2,1,1
CluIDFG23G_1_1892,1,1,1,3,1,4,2,3,1,1,2,1,3,3,4,3,1,2,3,2,1,2,2,1,3,1,4,4,1,1,2,3,2,1,1,1,3,3,3,1,2,1,3,3,1,1,2,2,1,2,2,2,1,2,2,1,2,1,1,1,2,2,5,4,2,2,1,2,3,2,2,1,3,3,3,3,1,3,3,1,3,1,1,2,1,3,2,2,3,2,2,2,1,1,2,1,3,4,1,1,2,3,2,2,3,3,2,2,4,4,1,1,1,3,2,1,3,2,3,1,3,1,2,2,2,3,3,3,4,2,2,3,3,1,2,2,3,2,2,2,1,1,2,2,1,2,3,5,2,2,1,2,1,1,4,2,2,1,1,1,2,1,3,2,2,2,3,1,3,1,1,1,3,3,1,1,1,1,4,4,2,2,1,2,3,3,2,1,2,2,2,2,7,7,2,3,1,1,2,2,3,2,1,4,1,1,4,4,1,3,2,2,2,2,1,2,2,2,3,3,3,3,1,2,3,4,1,1,2,2,2,1,1,2,2,3,1,2,1,2,3,3,3,3,1,2,2,2,1,4,2,3,1,2,3,2,1,1,2,2,2,1,1,2,3,3,2,2,1,1,1,1,2,1,2,1,3,3,1,2,2,3,3,2,1,2,3,2,4,2,1,1,2,1,3,3,3,1,1,1,2,2,2,1,3,1,1,2,2,2,3,1,2,2,2,1,2,1,1,1,2,2,2,2,2,1,3,2,3,4,3,1,4,4,3,3,3,2,1,1,1,2,2,1,2,2,2,2,1,2,3,1,1,4,1,1,1,1,2,2,2,2,2,3,3,1,3,2,2,3,2,3,1,1,2,1,1,3,4,3,3,1,2,2,2,2,1,2,1,1,1,1,1,3,2,1,3,3,3,1,1,1,1,3,3,3,3,2,2,1,1,1,3,1,2,2,3,3,3,3,4,1,2,1,1,1,3,3,2,3,1,2,2,1,3,2,1,2,2,3,3,2,3,3,2,3,5,3,2,1,3,2,1,1,3,1,2,1,1,1,2,2,1,2,3,3,2,1,2,2,3,3,5,5,4,5,3,3,3,2,3,3,1,1,1,1,1,1,2,2,2,1,2,2,1,1,2,2,2,4,4,4,1,2,2,2,2,1,3,2,3,3,2,1,3,1,3,3,2,2,1,2,2,3,1,3,2,2,3,2,3,3,2,3,4,4,2,2,1,3,1,2,2,4,1,1,2,3,3,1,1,1,3,3,3,2,2,2,2,1
CluIDFG23G_1_1899,2,1,1,3,4,1,1,3,2,2,1,1,1,4,4,2,2,2,1,1,3,3,1,1,3,3,4,4,1,1,2,2,2,2,1,2,3,4,3,1,3,1,3,1,1,3,3,3,2,2,3,3,2,1,3,3,1,1,1,2,3,3,4,1,2,1,1,1,2,3,3,3,1,3,3,3,3,1,1,3,2,3,1,1,2,3,4,3,3,3,2,2,3,1,3,1,1,3,1,3,1,2,2,2,2,2,1,2,4,2,3,1,1,2,1,2,2,3,4,1,3,2,3,3,2,3,2,2,4,4,3,3,3,3,1,1,1,4,1,2,1,2,1,1,2,2,5,3,2,2,2,1,3,3,2,2,1,3,2,2,3,2,2,2,3,2,2,3,1,1,1,1,3,3,3,1,1,2,1,2,2,2,3,1,1,1,2,1,2,1,1,1,4,7,2,1,1,1,2,1,3,4,2,2,1,1,4,2,2,1,4,1,1,1,1,2,1,2,1,4,3,1,3,3,3,4,1,2,1,1,2,3,1,2,2,1,1,1,2,2,2,2,2,3,1,1,2,2,4,3,2,1,2,1,2,2,1,1,2,1,2,1,1,2,1,3,2,3,1,4,1,2,3,1,1,2,2,2,1,2,3,3,2,3,2,2,2,3,3,2,1,1,1,3,3,3,3,2,2,2,1,1,2,1,1,2,1,1,3,3,1,2,3,1,2,1,1,1,1,1,4,3,1,2,2,2,3,2,2,1,1,2,4,2,2,2,2,2,1,2,1,2,1,1,2,2,3,2,1,1,1,1,5,5,2,2,1,2,2,1,2,1,3,3,1,3,2,3,2,4,2,2,1,2,1,1,2,3,3,3,1,1,2,2,1,1,2,2,2,1,2,1,3,2,2,1,3,1,3,2,1,1,1,2,2,1,2,3,2,2,2,1,1,1,3,2,1,1,3,3,4,3,3,1,3,3,2,3,1,1,1,1,3,2,2,1,3,2,3,3,2,2,3,3,2,3,2,3,2,4,4,5,2,3,2,2,3,1,2,2,2,2,2,1,3,3,1,1,1,1,3,3,5,5,3,2,3,3,2,2,1,3,2,1,5,2,2,2,5,3,2,2,3,2,2,1,2,2,3,1,2,4,4,4,2,2,2,1,3,3,4,3,2,2,1,3,2,2,3,3,2,3,2,3,1,2,2,3,2,3,3,1,2,2,3,3,1,2,3,3,4,1,4,4,3,3,2,2,1,2,1,3,1,3,3,3,2,3,1,1
CluIDFG23G_1_1911,1,1,1,2,4,1,3,2,1,2,1,1,3,1,3,3,2,1,2,2,2,1,2,1,1,1,2,2,1,1,2,3,1,2,1,2,3,1,4,1,1,3,1,3,3,1,3,2,1,1,3,4,2,2,2,1,2,1,2,2,2,2,5,5,3,2,3,1,3,1,1,2,3,3,3,3,3,2,3,2,3,3,2,2,2,2,2,4,2,3,2,1,1,3,1,1,4,3,1,1,2,2,2,2,3,1,2,2,4,3,2,1,2,1,2,1,1,3,1,3,1,3,3,2,2,1,3,2,2,4,3,2,3,1,1,2,3,3,2,2,2,1,2,1,2,3,3,1,1,2,2,2,3,3,4,2,1,1,1,2,1,2,3,2,3,2,3,3,3,3,1,1,3,2,3,2,2,2,2,1,3,1,2,3,2,1,2,2,2,2,1,1,2,2,3,3,1,1,1,1,4,4,1,4,2,2,2,4,1,2,2,2,3,2,1,2,2,2,2,3,3,3,3,1,3,3,2,2,1,1,3,1,1,2,2,2,2,1,2,2,2,2,2,1,2,1,3,3,1,1,3,3,2,1,2,3,2,2,2,1,4,1,1,2,1,3,2,3,2,1,2,1,3,1,1,1,3,2,2,2,1,3,3,3,2,1,3,2,3,2,2,2,3,3,1,1,2,2,3,1,2,1,2,2,2,2,3,3,2,3,2,2,2,2,1,1,1,2,1,2,4,3,1,2,1,2,3,3,2,3,3,2,1,3,3,5,2,1,2,2,2,2,2,2,1,2,2,3,2,1,1,2,4,5,1,1,2,1,2,1,1,1,2,2,1,3,3,2,3,1,3,3,2,2,3,3,1,1,4,4,2,2,2,2,1,1,1,2,1,1,2,1,2,2,1,2,1,3,1,1,2,1,3,3,2,3,2,3,2,2,2,2,2,2,2,3,2,2,3,1,3,4,2,3,3,3,4,3,1,2,2,2,4,2,2,2,3,3,3,3,2,2,3,3,2,2,3,2,2,4,5,5,1,3,3,2,1,2,2,2,2,2,1,1,3,3,1,1,2,1,3,4,4,2,2,2,4,3,3,3,2,1,2,2,1,2,1,1,4,5,2,2,4,2,2,2,2,2,2,2,2,4,2,1,3,2,2,2,2,2,1,1,1,2,3,2,2,1,1,3,2,3,3,2,2,1,2,4,3,1,1,3,2,1,3,4,1,2,3,1,1,2,1,4,1,2,3,3,3,1,1,1,1,2,3,3,2,3,1,2
CluIDFG23G_1_1913,2,1,1,1,4,1,2,3,2,2,1,1,4,1,2,4,3,2,2,1,3,3,1,1,1,1,3,4,2,4,3,2,2,2,2,2,3,2,2,3,3,3,1,1,1,1,3,1,2,2,4,3,2,2,1,2,2,2,1,1,2,3,5,4,2,3,3,2,2,2,2,2,3,3,3,3,1,3,1,3,3,3,2,2,2,2,4,3,1,1,1,2,3,1,3,3,1,4,1,3,2,2,2,2,3,3,2,2,2,4,3,3,1,2,1,1,2,1,1,3,2,2,3,2,2,1,1,3,4,1,3,3,3,2,1,1,2,4,2,2,1,2,1,1,2,2,1,5,2,1,3,1,2,3,1,1,1,3,2,2,3,2,1,2,1,1,3,2,1,1,1,2,3,2,1,2,2,1,2,1,2,1,1,2,1,1,2,1,2,1,1,1,4,1,2,1,1,1,2,1,4,4,2,2,3,3,1,1,1,1,1,1,1,1,2,2,1,1,2,2,2,2,4,4,1,1,1,1,1,2,2,2,1,2,1,2,1,3,1,2,3,2,3,2,1,1,3,3,3,3,1,1,1,1,2,3,1,1,2,1,1,1,3,1,1,3,2,3,4,2,1,2,1,2,1,1,3,2,2,1,3,2,3,2,1,2,3,2,3,2,1,1,1,4,3,3,2,3,2,1,1,1,1,1,2,1,3,1,2,2,1,1,1,2,2,1,1,2,1,2,4,4,2,1,2,2,2,3,1,2,3,2,1,3,5,5,2,2,3,2,1,2,3,2,1,3,2,3,1,2,1,1,5,4,2,1,2,1,2,1,3,2,2,3,1,1,3,3,4,2,2,3,2,2,1,5,2,3,3,4,1,1,2,2,2,2,2,2,2,2,1,3,1,2,2,2,3,3,3,3,2,2,1,3,2,2,1,3,2,2,1,1,1,2,2,2,2,3,1,1,2,2,3,3,3,3,4,1,1,1,2,1,4,2,1,1,2,2,3,3,3,2,3,2,2,2,3,2,2,2,1,5,1,3,3,2,1,1,1,2,2,2,2,2,1,1,1,2,1,1,3,2,5,2,3,4,2,3,2,2,1,3,1,1,2,1,1,1,5,5,2,2,2,1,2,1,2,2,2,4,4,2,2,4,2,2,1,2,2,2,1,1,2,2,3,2,3,1,3,2,3,3,3,3,1,1,2,2,2,2,3,2,2,3,4,3,1,1,3,1,4,1,4,2,2,2,2,2,2,3,3,1,3,3,2,3,1,3,2,1
CluIDFG23G_1_1918,2,2,3,1,1,4,3,2,2,1,1,3,3,1,4,4,2,2,3,2,3,1,1,2,2,2,2,4,1,2,2,3,3,2,2,2,3,1,4,3,1,4,3,3,3,3,2,2,2,1,1,1,1,2,2,2,1,2,1,1,2,2,4,4,2,2,4,2,2,2,1,2,3,3,3,3,2,3,3,1,2,1,2,2,3,3,4,2,3,2,2,1,1,1,1,2,3,4,1,1,2,2,2,1,3,1,2,1,4,2,2,3,1,2,2,2,3,1,1,4,1,1,1,1,1,1,3,2,2,2,2,1,3,3,2,2,3,3,2,2,1,1,2,2,2,2,1,3,1,1,2,2,3,1,2,2,1,3,2,2,3,3,1,2,2,2,2,1,1,3,1,1,2,3,2,3,1,1,2,4,1,2,2,1,1,3,1,1,2,1,2,2,7,4,2,2,2,2,2,2,3,3,4,4,1,1,4,1,3,1,2,4,1,2,2,2,2,1,2,3,3,1,2,1,4,3,1,1,2,2,3,2,1,2,1,3,1,1,2,2,3,3,3,1,1,1,3,2,4,4,2,1,1,2,3,3,1,1,1,2,3,1,2,2,3,3,2,3,1,4,2,1,2,1,2,2,3,2,1,2,3,2,3,2,1,1,2,2,2,2,2,1,1,4,3,3,1,2,1,1,2,2,2,2,3,2,3,1,2,2,1,2,1,3,1,2,1,2,1,1,3,1,2,1,1,2,2,2,4,4,3,1,5,4,2,5,3,2,1,1,1,2,1,1,2,2,2,3,1,2,1,3,1,1,1,1,1,1,2,2,2,1,2,3,1,1,3,1,4,3,3,3,2,2,5,1,3,3,4,4,3,3,1,1,2,2,2,2,2,2,1,3,1,3,1,1,3,1,1,3,1,2,1,2,3,2,2,3,2,1,2,1,1,1,2,2,3,1,3,2,1,3,3,2,3,1,3,3,3,1,2,2,4,1,3,1,3,1,2,3,2,3,2,2,1,2,3,1,4,4,2,2,2,1,1,1,1,1,2,1,1,2,2,1,3,1,2,1,2,1,2,3,2,5,2,4,4,2,2,3,1,3,1,1,1,1,1,1,2,3,2,2,1,2,1,1,2,2,2,4,4,1,1,2,3,2,1,2,2,1,3,3,2,2,1,1,2,1,3,3,1,2,3,2,1,1,2,4,3,3,3,2,3,3,4,2,2,2,3,3,2,2,4,4,1,1,2,3,3,1,4,1,1,2,3,3,2,2,1,3
CluIDFG23G_1_1919,1,1,2,2,4,1,1,3,1,2,1,3,1,3,3,1,2,3,3,5,3,3,1,1,1,2,2,2,1,4,3,2,2,2,1,1,1,1,3,3,3,3,3,1,1,3,3,1,2,2,1,3,2,2,1,2,2,2,1,2,2,1,5,4,3,2,1,3,3,2,2,2,2,3,4,3,3,3,1,3,2,3,2,2,2,1,3,2,3,1,1,2,1,3,1,1,3,4,1,1,2,1,1,1,1,1,2,1,4,3,1,1,2,1,1,2,3,2,4,1,3,3,3,2,2,1,2,1,4,2,3,1,3,1,1,2,2,4,2,1,1,1,2,2,2,2,1,1,3,2,2,1,1,1,4,2,3,1,2,2,2,2,1,2,2,1,2,3,1,3,2,1,2,3,2,3,1,1,2,1,1,3,2,2,3,3,1,1,2,2,1,2,6,7,1,2,1,1,2,1,2,2,4,3,2,1,2,3,2,1,4,2,1,3,1,1,2,1,3,3,1,1,4,1,3,3,1,1,1,1,3,3,1,1,1,2,1,1,2,2,2,3,3,3,2,2,3,3,4,1,2,3,2,2,2,3,1,1,2,2,2,2,3,3,1,3,3,2,1,5,2,1,1,3,1,2,3,3,2,1,3,2,3,3,2,2,2,2,3,2,1,1,1,1,3,1,2,1,2,3,1,1,2,1,2,2,1,3,2,2,2,2,2,1,2,1,2,1,1,2,4,3,2,1,2,2,3,3,2,5,3,3,1,2,2,2,1,3,1,2,1,2,1,1,2,2,3,3,2,2,3,3,1,2,1,1,2,2,2,1,1,1,3,3,3,1,2,2,4,4,3,2,2,2,3,1,1,3,4,5,1,1,2,1,1,2,1,1,2,2,2,2,2,1,1,1,3,3,1,1,1,1,1,3,2,3,3,2,2,2,2,2,2,2,3,2,2,2,2,3,1,3,2,2,3,3,1,4,3,1,2,2,3,4,1,1,3,3,3,3,3,3,2,1,3,1,1,1,2,4,2,2,3,1,1,1,1,2,2,1,2,2,3,2,1,3,1,2,2,1,4,4,2,5,1,2,3,3,3,3,1,1,1,2,1,1,2,1,5,4,2,1,1,2,1,2,2,1,3,4,2,4,2,1,2,3,2,2,2,2,3,3,1,2,1,3,1,2,3,3,3,3,2,2,2,2,4,2,2,3,1,3,2,3,3,3,1,1,3,1,4,4,4,4,2,3,3,3,2,3,4,4,1,1,3,3,2,3,1,1
CluIDFG23G_1_1928,2,2,3,2,4,1,3,3,1,2,3,3,1,1,2,3,2,2,1,1,1,3,1,2,1,2,1,2,1,2,2,3,3,1,2,3,1,4,3,3,2,3,3,1,1,1,2,3,1,1,4,3,2,2,2,1,2,1,2,2,2,2,5,5,3,3,1,1,3,3,3,3,2,2,3,3,2,3,3,1,3,3,2,2,2,2,2,4,1,3,2,2,1,3,1,3,1,2,2,1,2,1,3,3,1,1,1,2,4,2,1,3,2,2,2,1,1,1,3,4,1,3,3,2,2,2,3,2,1,4,2,2,2,2,1,1,2,3,2,2,2,1,1,1,1,3,3,5,4,1,2,2,3,3,2,2,2,2,1,1,2,2,1,2,2,1,1,1,3,3,1,1,3,1,1,3,1,1,2,1,2,3,1,1,1,2,2,2,2,1,1,1,4,4,2,3,1,1,2,1,4,2,1,4,1,2,4,2,1,2,4,4,3,1,1,2,1,2,1,2,3,1,4,1,2,3,1,2,1,2,3,3,1,1,1,1,1,1,1,2,3,3,2,2,2,1,1,3,1,2,3,3,2,2,2,2,1,1,2,1,3,1,1,2,3,3,2,2,2,2,1,2,3,1,1,2,3,2,2,2,3,3,3,3,2,2,2,3,3,3,1,1,4,1,1,2,2,3,3,3,1,1,1,1,2,2,1,3,2,2,1,1,3,2,2,1,2,2,1,2,3,4,2,2,2,2,3,3,3,1,3,1,2,2,2,2,3,2,2,1,1,1,1,1,1,2,3,3,1,2,2,3,5,4,2,1,2,2,2,1,2,3,3,2,3,3,3,1,2,3,3,1,2,1,1,5,1,3,3,5,1,3,1,2,2,1,1,2,2,2,3,3,2,2,1,2,3,1,1,3,1,1,3,3,2,2,3,2,2,2,2,1,1,2,3,2,2,2,2,3,3,3,3,2,3,3,3,3,2,3,2,2,4,3,1,1,3,2,3,2,2,3,1,3,1,1,3,3,2,2,4,5,1,1,2,2,1,1,1,2,2,2,2,2,2,2,1,1,1,2,3,3,4,5,2,5,1,3,3,3,1,1,2,1,2,1,1,1,3,3,2,2,1,1,2,2,2,2,2,2,4,1,1,2,3,3,2,1,2,2,1,3,2,1,2,2,2,3,2,1,3,2,3,1,2,1,3,1,2,1,3,3,2,1,1,1,2,1,3,2,4,4,2,2,1,2,1,3,1,2,2,3,2,1,3,3,2,1,2,1
CluIDFG23G_1_1933,2,2,1,2,1,2,3,1,1,1,1,1,1,1,2,2,2,2,2,1,3,1,1,1,3,1,4,2,1,1,3,3,3,2,1,1,3,3,1,1,3,1,1,1,1,1,1,3,2,2,4,3,1,1,1,2,2,2,2,2,2,3,2,2,3,3,1,1,2,3,3,2,1,2,4,3,2,3,1,1,3,3,1,2,2,2,4,3,1,1,2,2,1,3,3,1,3,4,1,2,1,2,3,2,2,1,1,1,4,1,3,1,1,2,1,1,3,2,4,3,3,2,3,1,1,2,2,2,2,2,1,3,1,1,2,2,3,4,2,1,1,1,2,2,2,2,5,5,1,1,2,1,1,2,4,1,1,1,2,2,2,2,2,2,1,2,1,2,1,3,1,1,2,3,3,1,2,2,2,2,2,1,1,3,2,3,2,1,2,2,1,1,7,6,2,3,1,1,2,2,2,2,2,2,3,1,4,2,1,1,4,4,2,1,2,1,2,2,4,3,3,1,4,1,3,1,1,1,1,1,2,3,1,1,1,1,1,1,1,1,1,1,3,3,3,1,2,3,2,3,2,3,1,2,2,3,1,1,2,1,1,2,1,2,1,3,3,2,1,4,1,2,1,1,2,2,2,2,2,2,2,2,3,3,2,2,2,2,2,2,1,2,4,4,3,1,3,3,3,3,2,2,2,1,1,1,1,3,2,2,1,1,1,1,1,1,3,3,2,2,4,4,1,1,1,1,3,2,1,1,1,1,2,1,3,2,2,3,2,1,1,1,2,1,2,1,3,2,1,2,1,2,4,5,2,1,2,1,2,2,3,2,2,2,2,3,2,3,3,4,2,3,1,2,1,1,2,3,5,3,3,1,2,1,2,1,1,1,2,2,1,1,3,2,1,2,3,3,3,3,1,2,3,1,2,3,3,2,2,2,1,1,1,2,2,2,1,1,3,3,4,4,1,1,1,3,2,2,3,3,2,2,2,2,1,2,2,3,3,3,3,2,3,3,2,2,2,2,2,2,1,4,3,2,2,3,1,1,2,1,2,2,2,1,3,3,1,1,1,1,3,3,2,2,4,4,2,2,3,2,1,2,1,2,1,2,1,1,5,3,2,2,1,2,1,2,1,1,4,4,4,4,2,2,3,3,2,2,3,2,3,1,2,2,1,1,1,1,3,3,3,3,1,1,1,1,1,1,3,2,3,3,2,2,1,4,1,2,3,3,3,1,4,2,2,2,2,3,3,3,1,4,1,2,3,2,3,3,1,1
CluIDFG23G_1_1944,2,2,2,1,1,4,1,1,1,1,1,1,3,3,3,4,3,2,1,5,2,3,2,1,1,2,2,4,2,1,2,2,2,2,2,2,3,1,1,3,3,1,3,1,1,3,3,2,2,2,2,1,2,1,1,1,1,1,2,1,2,2,5,4,1,3,1,3,2,2,1,2,3,2,4,3,3,2,2,2,3,3,1,1,2,3,4,3,1,2,1,1,3,1,1,1,3,4,1,1,3,3,1,1,3,3,2,2,4,4,2,2,3,3,2,2,1,2,4,3,3,1,1,1,3,3,3,3,1,1,3,3,3,3,2,2,3,1,2,2,2,1,2,2,3,2,3,5,1,2,1,2,3,3,2,2,3,3,2,2,2,2,1,1,2,2,1,1,3,3,1,1,2,2,3,3,1,1,2,2,2,1,2,2,1,2,1,2,2,2,2,2,4,7,3,3,1,1,2,2,3,3,4,4,1,1,1,1,1,1,4,4,1,1,2,1,1,1,2,3,3,3,1,4,3,1,1,1,2,2,3,1,1,2,1,2,2,1,1,2,3,2,1,1,1,1,3,2,1,1,3,2,1,1,3,3,1,1,1,2,3,3,2,2,3,3,2,3,4,4,1,3,1,1,2,2,2,2,1,1,1,2,3,2,1,1,2,2,2,3,2,2,3,5,1,3,2,2,1,1,2,1,2,2,2,3,3,3,2,3,2,2,2,2,2,2,2,2,1,1,2,3,1,2,3,2,3,1,1,5,1,3,5,4,2,3,1,3,2,1,2,2,2,2,2,2,2,2,2,1,1,1,4,4,1,1,2,2,1,2,1,1,3,1,1,1,2,1,4,4,1,3,1,2,3,5,3,3,4,4,3,3,2,1,1,1,1,1,2,2,3,1,1,3,2,1,2,2,1,1,2,2,2,1,2,1,3,3,1,2,2,2,1,1,2,1,2,2,1,1,3,3,3,3,1,3,3,3,2,2,2,2,3,4,2,2,1,3,2,3,2,3,2,3,2,2,2,1,2,4,5,2,2,1,3,3,1,1,2,2,2,2,2,2,1,3,1,2,1,1,2,2,2,2,4,4,2,3,2,2,1,3,1,1,1,1,2,2,3,4,2,2,2,3,2,1,1,2,2,4,3,4,2,2,2,1,1,1,2,1,3,3,1,2,3,1,2,2,3,3,2,2,1,1,3,1,2,2,2,3,3,3,1,2,4,4,2,2,3,1,4,3,2,4,1,1,3,1,2,2,1,4,3,3,2,2,2,2,1,1
CluIDFG23G_1_1945,2,1,1,1,4,4,1,1,2,1,1,1,3,3,3,4,2,3,3,2,1,1,1,2,1,2,2,4,1,3,3,2,3,2,3,1,1,1,1,1,3,3,3,1,3,3,2,3,1,2,4,4,2,2,1,2,2,1,1,2,3,2,1,4,3,3,1,1,3,3,3,2,2,3,4,3,3,3,1,3,3,3,2,2,2,2,3,4,1,1,2,2,3,1,3,1,4,3,2,1,3,2,1,2,3,3,2,2,4,4,1,2,3,1,2,2,3,2,4,3,1,3,3,2,2,2,2,1,4,2,2,3,3,3,1,2,1,4,1,2,2,2,1,1,1,2,1,5,1,1,2,2,1,2,4,1,1,1,2,2,3,3,1,2,2,2,3,1,3,3,2,1,3,2,3,2,1,2,2,2,1,2,3,1,3,1,2,2,2,2,2,2,4,6,3,2,1,1,1,1,2,3,4,2,1,1,4,2,3,1,2,2,3,2,2,2,1,2,3,2,1,1,4,4,3,3,2,2,2,2,1,2,1,1,1,2,1,1,1,2,2,2,2,1,2,1,3,3,1,1,3,3,1,1,2,3,1,1,2,2,2,1,2,1,3,3,2,2,2,1,2,1,1,1,1,2,2,2,1,1,3,2,3,2,1,1,3,2,1,3,2,1,4,1,3,2,2,3,2,2,2,1,2,2,2,3,3,3,2,2,1,2,2,3,1,2,2,2,2,2,3,3,2,2,2,1,3,2,5,2,2,1,2,4,2,2,2,3,1,2,2,1,1,1,2,2,1,1,1,1,1,1,5,4,1,2,1,2,2,2,2,1,3,3,3,1,3,1,4,4,2,3,1,1,2,1,2,1,3,3,1,3,1,2,1,2,2,1,1,1,2,1,2,1,2,2,1,3,3,1,1,1,2,3,2,3,3,3,1,1,1,2,1,1,3,2,2,3,1,3,4,2,2,2,3,1,3,3,3,3,2,2,4,1,2,3,1,3,3,3,3,3,3,3,2,2,3,2,2,3,5,4,1,1,1,3,1,1,2,1,2,2,1,1,1,1,1,2,1,1,3,2,2,5,2,4,2,2,3,1,1,1,2,1,1,1,1,1,2,4,3,2,1,2,1,2,2,1,1,4,4,4,3,4,2,1,2,1,2,2,1,3,2,1,2,3,1,1,3,3,2,3,3,2,1,1,3,4,2,3,1,3,2,3,4,4,3,2,3,2,1,1,4,1,3,3,3,2,2,2,1,2,2,3,2,3,3,3,1,1
CluIDFG23G_1_1947,2,2,2,2,4,4,1,2,2,1,3,3,3,3,3,3,2,2,1,3,3,3,1,3,1,2,2,4,4,1,2,3,2,2,2,2,1,4,3,1,3,2,3,2,3,1,2,2,2,1,4,3,2,2,2,1,1,2,1,1,2,3,1,4,2,1,1,1,3,2,3,3,2,2,3,4,2,3,2,3,3,3,1,2,2,1,2,3,3,1,2,1,3,3,1,3,4,2,1,3,1,2,2,2,3,3,2,2,4,1,2,1,2,2,1,2,1,2,4,4,1,1,2,2,2,1,1,1,2,2,2,2,1,1,2,2,3,4,2,2,1,2,2,2,3,2,1,1,3,2,2,1,1,3,2,2,1,2,2,1,2,3,1,2,2,2,1,3,1,3,1,1,3,3,2,3,2,2,1,2,2,2,3,1,3,3,2,2,1,2,1,2,4,4,3,2,2,1,2,2,3,2,4,2,1,1,2,1,1,1,2,4,3,1,2,2,2,2,3,3,3,1,4,1,3,2,1,2,2,2,1,3,1,1,2,1,1,2,2,2,3,3,1,1,1,1,3,2,4,4,1,3,1,1,3,3,2,1,2,1,3,2,1,2,3,1,2,2,1,2,3,2,3,1,2,1,2,2,1,1,2,3,3,2,1,1,3,3,3,3,2,2,3,5,3,3,2,2,1,1,2,1,1,2,2,2,1,3,2,2,1,2,3,2,1,2,1,3,1,2,2,2,2,2,1,1,1,3,1,3,3,3,1,5,1,1,2,3,1,2,1,1,1,1,2,2,3,2,1,2,3,3,2,1,1,1,1,1,1,1,1,1,2,3,3,1,3,2,3,4,3,1,1,1,1,3,3,1,5,4,1,1,2,2,1,2,2,1,2,1,2,1,1,1,1,2,2,1,1,1,2,2,2,1,3,2,2,2,1,1,2,1,3,3,2,2,2,3,1,3,3,4,2,2,1,3,4,3,2,1,2,2,3,4,1,2,3,3,3,2,3,1,2,3,2,1,3,3,2,4,4,5,3,2,2,2,1,2,1,2,1,2,1,2,3,3,2,1,2,2,3,3,2,2,4,4,3,2,3,3,2,1,1,2,1,1,2,2,2,2,2,2,3,1,2,1,1,1,4,4,1,2,4,2,2,1,1,2,2,1,3,3,1,1,3,3,3,3,2,1,1,1,3,2,1,2,4,2,3,2,3,1,2,3,3,1,2,2,1,1,3,4,2,1,1,1,3,3,3,3,1,3,2,2,3,3,2,2,2,2
CluIDFG23G_1_1951,2,1,1,1,4,4,2,2,1,1,1,1,3,3,3,3,2,2,2,2,3,3,1,1,2,2,2,2,1,1,2,2,2,2,1,2,1,1,2,2,1,3,1,3,3,3,2,2,2,2,3,2,2,2,2,1,1,1,1,1,3,2,5,4,3,3,1,1,2,2,1,2,3,2,4,3,2,2,1,3,3,3,2,1,3,3,2,4,2,3,2,1,1,2,1,1,4,3,1,1,2,2,2,2,3,2,1,2,4,4,1,2,1,2,2,1,1,2,3,1,1,1,2,1,2,3,3,1,2,2,2,2,2,2,1,2,1,2,1,1,2,2,2,1,1,2,5,5,3,3,2,2,1,1,2,2,1,1,2,2,3,3,2,1,2,2,2,2,3,2,1,1,3,2,2,2,1,1,2,2,2,2,1,1,2,3,2,2,2,2,1,1,2,7,2,2,1,1,2,1,2,2,3,3,3,3,1,1,1,1,1,4,1,1,1,2,1,2,3,2,3,3,2,2,4,4,2,1,1,1,2,2,1,1,1,3,1,1,1,2,2,2,3,3,1,1,3,3,4,1,3,1,1,1,2,3,1,1,1,2,2,2,3,3,3,3,1,1,4,4,1,1,1,1,2,1,2,2,2,1,2,3,3,3,1,2,3,2,3,3,2,2,4,1,3,3,3,2,1,1,2,2,2,1,2,1,1,3,2,2,1,1,2,2,2,1,2,2,1,1,3,4,1,2,2,2,3,3,2,2,2,2,3,4,5,3,2,2,1,2,1,2,2,2,1,2,2,3,2,1,1,1,4,5,1,2,1,2,2,1,1,1,3,3,1,3,3,3,4,4,3,3,1,2,3,1,1,3,5,4,3,1,2,2,2,1,1,2,1,2,1,1,3,3,2,2,2,2,1,1,2,2,1,1,3,3,2,3,2,2,1,1,1,1,4,4,1,1,3,3,3,4,2,3,1,1,4,4,2,2,1,2,3,3,1,1,3,3,2,2,2,3,3,3,2,1,3,3,4,2,2,5,3,1,1,1,1,1,1,1,2,2,3,3,3,3,1,2,1,2,3,2,5,5,2,2,3,4,3,3,3,3,1,1,1,1,1,1,5,2,3,3,2,1,2,1,2,2,4,4,3,4,2,2,2,2,2,1,2,2,1,1,2,2,2,3,1,1,3,3,3,1,3,2,1,1,1,4,2,2,3,1,1,1,3,3,1,2,2,2,1,1,2,2,2,1,1,2,3,1,3,1,1,2,3,3,2,2,2,2
CluIDFG23G_1_1956,2,1,1,1,2,4,2,1,1,2,1,1,1,3,2,4,2,2,1,1,2,3,3,1,2,2,1,4,2,4,3,3,2,2,2,2,3,3,3,2,2,4,3,3,3,1,2,2,2,1,2,3,1,1,3,2,1,1,2,1,1,2,5,4,3,3,1,1,3,2,1,2,2,2,4,4,3,3,1,1,3,3,2,2,2,2,5,5,1,1,2,1,3,1,3,1,2,2,1,2,3,3,1,2,3,1,2,2,2,4,3,1,3,3,2,2,2,3,3,3,1,1,2,3,2,1,3,3,4,2,3,1,1,1,2,2,1,2,1,2,2,2,1,2,3,3,3,3,2,2,2,2,3,3,2,2,3,3,2,1,3,3,1,2,2,1,2,3,3,3,1,3,3,2,2,2,2,2,2,1,2,2,1,2,1,1,1,2,2,1,2,1,4,4,2,2,1,2,2,1,2,1,2,1,2,1,4,2,1,2,4,1,1,3,1,1,2,2,3,1,3,2,4,2,1,3,1,1,1,1,3,2,1,2,1,2,2,2,1,2,2,2,1,3,1,2,3,2,4,3,3,2,1,1,3,2,2,1,1,2,2,4,3,3,1,1,3,2,2,5,2,2,2,1,2,1,2,2,2,2,2,2,3,3,2,2,2,1,1,2,1,1,4,2,3,3,3,2,3,2,2,2,2,1,1,3,3,3,3,3,3,3,2,2,1,2,2,3,2,1,4,3,2,1,2,1,1,2,2,5,3,1,3,4,4,2,2,1,2,2,1,1,1,2,3,3,1,2,2,1,1,1,5,5,1,1,1,2,2,1,2,3,3,2,1,2,3,2,3,3,3,3,2,2,1,3,3,1,1,3,1,3,2,1,1,2,1,1,1,1,3,3,2,2,1,1,3,1,1,3,2,1,2,2,3,2,2,1,2,2,1,1,2,3,2,2,2,3,1,3,3,3,1,2,3,1,2,2,1,1,2,1,3,2,2,3,1,3,3,3,3,2,3,1,2,1,2,2,2,2,4,4,2,3,3,2,1,1,2,2,1,1,1,1,1,1,2,2,2,2,3,2,4,1,2,5,3,3,3,3,3,2,1,2,1,2,2,1,2,5,2,3,1,1,2,2,2,2,1,2,3,4,2,1,1,2,1,1,3,3,1,3,2,2,3,3,2,2,3,3,3,3,2,2,1,2,2,4,2,2,2,1,3,2,3,1,2,2,3,1,4,3,4,2,1,3,2,2,3,3,1,2,3,2,3,1,2,2,1,1
CluIDFG23G_1_1957,2,2,2,1,3,4,2,1,1,2,3,1,3,3,4,3,3,1,3,3,3,2,3,1,1,1,4,4,2,4,3,2,3,2,2,3,1,1,3,3,1,1,3,3,1,3,2,2,1,2,4,2,2,2,3,1,2,1,1,2,1,2,4,1,3,2,1,1,3,3,2,2,3,2,2,3,3,3,3,3,2,3,2,2,2,1,3,2,1,1,2,2,1,3,1,1,2,3,2,1,1,1,2,3,1,1,2,1,4,4,3,1,2,2,2,1,3,1,4,3,3,2,2,2,2,2,3,3,2,1,2,2,2,1,2,1,3,1,2,2,1,2,1,1,3,3,1,1,1,1,2,1,3,1,4,2,1,1,1,2,2,1,1,1,1,2,1,1,2,3,3,1,2,3,3,2,1,1,2,2,2,3,2,3,2,3,2,1,2,2,1,2,2,6,3,1,1,1,2,1,3,4,1,2,1,1,4,4,2,3,2,2,1,2,1,1,2,2,2,4,1,3,4,1,3,1,2,1,1,1,2,3,1,1,2,1,1,2,2,1,2,2,3,1,3,3,3,2,3,1,3,3,1,1,2,3,1,1,2,2,2,4,3,2,1,2,3,2,5,2,2,1,3,1,2,2,3,2,2,2,3,2,2,3,1,2,2,3,4,2,1,1,1,1,3,1,1,2,2,3,1,1,2,1,3,2,3,3,2,3,2,1,2,1,1,1,3,3,2,1,1,3,1,2,2,2,2,3,3,1,3,3,1,4,2,1,1,2,2,2,1,2,1,2,2,3,1,2,1,1,1,1,5,2,1,1,1,1,1,1,3,2,2,3,2,1,2,1,3,2,3,2,2,2,3,3,3,1,1,4,3,1,1,1,1,1,1,1,1,2,3,2,2,2,1,2,3,2,1,1,1,2,3,2,3,2,2,3,1,1,2,1,3,1,3,2,2,2,1,3,3,4,3,2,3,3,3,4,1,3,1,1,1,2,1,1,2,3,3,3,2,3,3,3,1,3,2,2,4,2,1,2,2,2,3,1,1,1,1,2,1,1,2,2,1,1,1,2,2,1,3,3,5,4,4,4,2,3,3,2,1,3,2,2,2,3,1,1,4,3,2,2,2,1,2,1,2,2,4,2,1,3,2,2,3,2,1,2,2,2,4,3,2,1,2,3,1,3,4,2,3,3,3,1,1,2,4,3,3,3,2,3,1,2,5,1,1,2,2,2,1,4,1,4,3,2,2,3,2,2,1,1,1,3,2,3,1,2,2,1
CluIDFG23G_1_1959,1,2,1,1,4,4,3,2,2,1,1,3,1,3,2,4,2,1,2,2,3,3,2,1,1,1,2,4,1,4,2,2,1,2,2,2,2,3,2,1,3,3,1,3,1,1,3,1,1,2,3,2,2,2,2,1,1,2,2,2,2,3,3,1,2,3,1,1,1,3,1,2,3,2,4,3,3,3,3,1,1,3,2,1,3,2,5,3,1,3,2,2,2,2,3,3,2,3,2,2,2,2,2,2,3,3,2,2,2,2,3,3,1,1,2,1,1,1,3,4,3,3,2,3,2,2,2,2,4,2,2,1,1,3,2,1,3,4,1,3,1,2,1,1,2,3,1,3,1,1,1,2,3,1,2,2,1,1,1,2,2,3,2,2,2,2,1,3,3,3,1,2,3,3,3,2,2,2,1,4,2,1,1,1,1,1,2,2,2,1,1,1,4,4,2,2,1,1,1,1,2,4,1,2,2,1,2,2,1,1,4,2,3,1,1,2,2,2,1,3,3,3,3,3,3,3,2,2,1,2,3,3,1,2,2,2,3,3,1,1,2,2,2,3,1,1,3,3,2,3,1,3,1,1,3,3,2,2,1,2,4,3,2,3,3,1,3,2,5,2,3,2,1,1,2,1,2,2,1,2,2,3,3,3,1,2,3,3,4,3,2,1,4,4,1,3,3,2,2,2,1,1,1,1,2,1,1,1,2,2,3,3,1,3,1,1,2,1,2,2,4,3,2,1,1,2,3,3,1,2,3,2,1,1,2,2,3,3,2,2,1,1,2,1,3,2,3,3,1,1,1,3,1,5,2,1,1,1,1,2,1,2,3,3,1,1,3,1,4,3,3,1,2,1,3,3,2,1,3,3,2,3,1,2,1,2,1,2,1,2,2,1,3,2,2,2,2,2,1,1,1,2,3,1,2,2,1,3,2,2,1,2,1,2,2,4,2,2,2,3,4,1,3,3,3,1,3,1,1,1,2,2,2,2,1,1,3,3,3,2,3,3,3,3,2,2,3,3,2,2,1,5,1,1,3,2,2,1,1,2,1,2,1,1,1,3,1,1,1,1,3,3,2,2,2,4,4,3,3,1,1,1,2,2,1,1,1,1,5,3,3,1,4,2,1,2,2,2,4,2,4,2,2,2,2,2,2,2,2,2,3,1,2,2,3,2,1,1,3,3,2,2,3,3,1,1,2,2,3,1,3,3,2,2,4,3,1,2,2,2,1,1,4,1,3,1,3,2,1,3,2,2,3,1,3,2,3,1,1,2
CluIDFG23G_1_1960,2,1,2,2,4,4,2,2,2,1,1,3,1,3,2,3,2,1,1,3,2,1,2,2,2,2,4,1,2,4,2,3,2,2,1,1,3,2,2,3,3,3,3,1,1,1,3,1,1,2,4,2,2,2,1,1,2,2,1,1,2,3,4,1,2,1,1,2,2,3,2,2,3,3,3,4,1,2,1,1,1,1,1,1,3,2,4,5,1,3,1,1,3,3,2,1,1,3,3,2,2,2,1,2,3,1,2,2,4,4,1,1,1,2,2,2,3,1,4,4,2,1,2,2,2,2,3,1,4,2,2,3,3,2,1,1,2,1,2,3,1,2,2,1,1,2,5,1,2,3,2,1,2,1,4,1,3,1,2,2,2,2,1,1,1,1,1,1,3,3,1,3,3,3,2,3,2,1,1,1,2,3,2,1,1,3,2,2,2,2,1,1,6,4,2,1,1,1,2,1,3,2,1,1,2,1,4,2,2,3,2,2,3,2,2,1,1,2,2,3,3,2,3,3,1,3,2,1,1,1,3,2,1,2,1,2,2,2,2,2,2,2,3,1,2,3,3,3,1,1,3,3,2,1,2,3,2,2,2,2,3,4,3,3,1,3,2,2,1,1,1,2,2,3,2,1,3,2,2,2,1,3,3,3,2,1,3,2,3,4,2,1,1,3,2,1,2,3,2,2,1,1,2,2,3,2,3,1,1,2,2,2,2,3,1,2,2,1,2,2,3,3,2,1,1,1,3,3,5,2,1,3,4,2,2,2,1,3,2,2,1,1,1,1,2,3,1,3,2,1,1,1,5,1,2,1,1,2,2,1,3,1,3,2,2,1,3,2,3,4,3,2,1,2,3,1,3,1,5,3,1,1,1,2,1,1,2,1,2,2,2,2,3,2,2,1,3,1,1,1,1,2,2,3,3,2,2,3,2,2,1,2,3,1,2,2,3,2,3,2,3,1,1,3,3,3,4,1,1,2,1,1,2,2,2,2,3,3,3,3,2,2,3,2,2,1,2,3,4,3,4,2,2,1,3,3,2,1,1,2,2,1,1,2,1,1,1,2,1,2,2,3,4,4,4,2,3,2,2,3,1,1,2,2,1,5,1,1,3,3,2,3,1,1,2,2,1,1,4,4,4,4,2,2,2,3,2,1,2,2,4,1,2,2,1,2,1,1,3,3,2,3,2,3,2,1,2,2,2,3,3,3,2,2,1,3,2,2,3,1,4,4,1,1,2,1,3,3,2,3,1,1,3,2,3,3,3,1,2,2
CluIDFG23G_1_1965,1,2,3,1,1,4,3,3,1,1,1,3,3,4,4,3,1,1,3,3,3,3,1,1,1,1,2,4,1,1,2,1,2,2,2,1,1,3,3,1,1,1,3,3,1,1,2,2,1,2,2,4,2,2,3,2,2,1,1,2,2,2,5,4,3,2,2,1,2,3,3,2,3,3,2,4,3,1,1,2,3,3,2,1,3,2,4,4,2,2,1,1,1,1,1,1,4,3,1,2,3,1,1,2,1,3,2,2,2,4,2,3,3,2,2,1,2,1,4,1,3,1,2,3,2,2,3,1,1,2,2,1,3,3,2,2,2,3,2,3,1,1,2,2,2,1,5,5,2,1,2,2,3,1,1,4,2,1,1,2,3,2,3,1,2,1,3,3,1,3,1,1,3,3,3,3,2,1,2,1,1,1,2,2,3,2,1,1,2,2,2,2,4,2,3,3,1,1,2,2,4,3,4,4,2,1,4,4,3,3,2,2,2,2,1,2,2,1,2,3,3,3,4,3,1,3,1,1,2,2,3,2,1,1,2,1,1,1,1,1,1,2,3,2,1,1,3,2,1,3,3,3,1,1,3,3,1,1,1,2,3,2,2,2,2,1,2,2,4,5,1,2,2,1,1,1,2,1,1,2,3,2,3,3,1,1,2,3,1,3,1,1,4,4,3,1,3,2,3,1,2,2,2,2,1,2,3,2,2,2,3,1,3,3,1,1,2,1,1,2,1,3,1,2,2,2,2,3,1,5,1,3,4,5,3,1,2,3,2,2,2,1,1,1,2,2,1,2,1,1,1,1,2,5,1,1,1,1,2,2,2,3,2,3,1,1,3,1,4,4,1,2,2,1,5,3,2,1,4,4,1,1,1,2,1,1,2,2,1,1,1,1,1,1,1,2,3,1,1,1,1,2,1,1,3,3,3,2,2,2,2,2,1,2,3,2,3,2,3,2,4,1,1,2,1,1,4,3,3,3,2,2,3,3,2,3,1,1,3,2,3,1,2,3,2,3,3,5,4,4,3,2,3,2,1,3,2,1,1,1,2,2,2,1,1,3,1,2,2,2,3,3,1,5,5,2,3,4,3,3,3,1,1,1,1,1,1,1,2,5,1,2,1,3,1,2,2,1,4,1,4,4,2,1,2,1,1,1,3,1,3,1,2,2,1,3,1,1,3,3,2,2,3,1,1,3,2,2,3,3,3,3,1,3,3,4,2,1,3,3,3,2,2,4,1,2,3,1,3,2,4,4,3,3,2,3,2,3,1,1
CluIDFG23G_1_1967,2,1,1,1,1,2,1,3,2,2,1,1,4,1,4,2,2,2,1,2,3,3,1,1,2,1,4,2,1,4,2,3,1,2,2,2,3,3,1,3,3,3,3,3,1,1,2,2,2,1,3,1,2,2,1,1,2,1,2,1,3,3,2,4,2,3,1,2,2,2,2,2,3,3,2,3,3,3,1,1,2,3,2,1,2,3,5,2,3,3,2,2,1,1,1,1,4,3,1,3,1,2,2,3,1,1,2,2,4,2,3,1,2,2,2,1,1,3,4,4,1,3,3,2,1,2,1,2,4,1,3,3,2,3,1,1,2,4,2,2,2,1,1,1,3,2,5,3,2,2,1,1,1,2,1,4,1,1,2,2,3,2,2,2,2,2,1,3,3,1,2,1,3,3,2,1,2,2,1,1,2,2,3,2,3,1,2,2,2,2,2,1,4,3,3,3,1,1,2,2,4,2,2,3,2,3,2,1,1,1,1,1,1,1,2,1,2,1,1,4,1,2,1,4,3,1,1,1,1,1,3,2,1,1,1,1,1,3,1,1,2,1,3,3,3,1,3,3,3,3,2,1,2,1,3,2,1,1,1,1,1,1,1,1,3,3,3,2,2,4,3,1,1,2,1,2,3,3,2,2,2,1,3,3,2,2,2,2,3,2,1,2,4,1,3,3,1,3,1,3,1,1,2,1,1,2,1,3,2,3,1,1,2,2,2,1,2,3,1,2,4,3,1,2,2,2,3,3,1,1,2,3,1,1,1,4,3,3,2,2,1,1,2,1,3,2,2,3,1,1,1,3,1,4,2,1,1,2,1,2,2,3,2,2,3,2,2,2,2,4,2,2,1,1,2,2,3,1,4,4,1,1,2,2,2,2,2,1,1,2,2,3,2,2,2,2,3,3,3,3,2,1,1,1,1,2,1,3,2,2,1,1,1,2,2,2,3,2,1,1,2,4,2,3,1,3,4,4,1,1,2,2,2,4,3,1,1,2,3,3,3,2,3,3,2,2,1,3,4,2,2,5,2,1,3,1,1,1,2,2,1,2,3,2,1,1,2,1,1,1,2,3,5,2,3,4,4,3,2,3,3,2,1,1,1,1,1,1,5,3,2,3,1,1,2,2,1,2,4,4,4,4,2,4,2,3,1,1,2,2,3,1,1,2,3,3,1,1,3,3,2,3,3,1,1,1,2,1,2,3,3,3,3,2,3,3,3,1,1,2,1,4,4,4,2,1,3,3,2,2,1,3,1,3,3,3,2,1,1,1
CluIDFG23G_1_1968,1,2,2,1,4,1,2,3,1,1,3,1,3,3,3,4,2,1,2,2,3,1,1,1,1,1,4,2,1,4,3,2,2,2,1,2,2,4,3,2,3,3,1,3,1,1,3,3,2,1,2,3,2,2,2,1,2,2,2,2,3,2,5,1,3,3,1,1,3,3,2,3,2,3,2,3,2,3,3,3,3,3,2,2,2,2,3,4,1,1,2,2,1,3,1,1,2,3,2,2,1,2,3,2,1,1,1,2,2,1,3,3,2,2,1,1,3,1,4,4,3,1,2,3,1,2,1,2,2,2,2,1,2,1,2,1,4,1,1,1,1,2,1,2,2,1,1,5,1,3,2,2,3,3,2,2,2,1,1,1,2,2,2,2,2,2,2,1,3,3,1,1,2,3,3,2,2,2,2,2,1,2,2,1,2,1,2,2,2,2,1,2,4,2,2,2,1,1,1,1,4,1,1,1,2,2,2,2,1,1,2,4,3,3,1,2,2,2,3,3,3,3,4,3,3,2,2,2,1,2,3,3,1,1,1,2,3,1,1,2,2,2,3,1,1,1,3,3,1,3,1,3,1,1,3,2,1,2,2,1,4,1,3,1,1,3,3,3,4,5,2,1,3,1,1,2,2,2,1,1,3,3,2,3,1,2,3,2,4,3,1,2,3,1,3,2,3,2,3,3,2,1,1,1,3,2,3,3,2,3,1,1,1,3,1,1,1,2,2,2,3,3,1,2,2,1,3,3,2,1,3,2,1,3,1,1,2,3,2,2,2,1,2,2,2,3,3,2,1,1,3,1,5,2,2,1,1,2,2,1,3,3,2,3,1,3,3,3,4,3,2,2,1,2,1,1,3,2,3,4,1,3,1,2,1,2,2,2,1,2,1,3,2,2,2,2,3,1,3,1,2,1,3,1,2,3,2,3,2,2,1,2,3,2,2,2,2,2,2,1,4,1,2,3,3,3,3,1,3,1,1,2,3,2,1,2,3,2,3,3,3,2,1,3,3,1,3,3,2,2,1,5,1,3,3,2,1,1,1,2,1,2,1,2,1,1,2,1,1,2,2,3,2,2,4,2,2,2,3,3,1,1,2,1,1,1,1,1,3,3,2,3,1,2,2,1,2,2,2,2,2,4,2,1,2,3,2,2,2,2,1,1,2,2,1,2,1,3,2,3,3,3,1,3,1,2,1,3,3,2,3,1,1,2,4,1,2,1,2,1,1,1,1,4,3,1,3,2,3,3,1,3,2,1,3,3,3,1,2,1
CluIDFG23G_1_1973,2,2,1,1,4,4,2,2,2,2,1,1,1,1,3,3,2,2,1,2,3,1,1,1,1,1,2,2,1,1,2,2,2,2,2,2,1,2,2,2,3,1,1,3,1,3,2,3,1,2,2,2,2,2,3,2,2,2,2,1,2,1,5,3,3,3,1,1,1,3,2,1,3,3,2,2,3,3,1,1,3,3,2,2,3,2,2,5,1,3,2,2,1,3,1,1,2,4,1,1,2,2,2,2,1,3,2,2,2,4,1,3,1,2,1,1,2,1,4,3,3,1,3,2,2,1,2,1,2,4,2,2,2,2,2,1,2,4,3,1,1,1,2,1,2,1,1,3,1,1,2,2,2,2,1,1,1,1,1,2,2,2,2,2,2,2,2,1,3,1,1,1,3,3,3,3,2,2,2,1,2,1,1,3,1,1,2,1,1,2,1,1,7,6,3,2,1,1,1,1,2,2,3,4,3,1,2,1,1,1,1,1,1,1,1,2,2,1,1,2,2,3,4,4,2,2,2,1,2,2,3,3,1,2,2,1,1,1,1,1,2,2,2,1,1,1,3,3,1,1,3,3,1,1,3,2,2,1,2,1,4,2,2,2,1,2,2,3,2,4,1,2,1,1,2,2,3,3,2,2,3,3,3,3,2,1,2,2,3,2,1,2,3,3,1,2,3,3,3,2,1,1,2,1,1,3,1,3,2,2,3,1,1,2,1,1,2,2,2,1,3,4,1,2,2,2,3,3,1,2,2,3,3,1,2,1,1,2,2,2,2,2,1,2,1,2,3,3,1,1,3,1,1,5,2,1,1,1,1,2,2,1,2,3,1,1,3,1,4,2,2,1,2,2,1,5,3,2,3,4,3,1,2,1,1,2,2,2,2,1,3,1,3,3,2,2,1,3,3,1,1,1,1,1,3,2,2,3,2,2,2,2,3,2,2,2,2,2,2,1,1,4,3,2,1,3,4,1,1,1,2,1,2,2,1,1,3,2,3,3,3,2,3,1,3,1,3,3,2,2,4,1,3,1,3,1,2,2,1,1,1,2,2,2,3,1,1,2,2,1,3,2,4,2,4,2,2,2,3,3,1,2,1,2,1,1,1,2,3,2,1,3,2,2,2,2,2,1,4,4,4,4,3,3,2,2,1,1,2,2,1,1,2,2,2,2,2,2,1,1,2,2,3,3,3,1,2,1,2,2,2,3,1,2,3,3,2,2,2,2,1,1,4,2,2,2,2,3,3,2,3,2,2,1,2,2,2,1,2,2
CluIDFG23G_1_1981,1,1,2,1,1,4,1,2,2,1,1,1,1,1,3,3,2,2,1,2,1,3,1,1,1,1,4,2,1,1,2,3,2,2,2,3,3,3,3,3,3,2,1,3,1,1,2,3,2,1,2,3,1,1,3,2,1,2,2,1,2,2,4,2,2,3,1,1,2,3,3,1,3,2,3,4,2,2,3,3,3,3,2,2,2,2,4,4,1,1,2,2,1,3,3,3,3,2,2,1,1,2,2,2,1,1,2,2,2,4,3,3,2,2,1,1,2,2,4,1,1,1,3,2,1,2,1,1,4,3,2,2,3,3,1,2,1,3,2,2,2,2,1,1,3,3,3,1,2,2,3,2,1,1,2,1,1,3,2,1,2,3,1,2,3,2,3,2,3,3,1,1,1,3,3,3,2,1,4,2,2,2,1,2,1,1,1,1,1,1,1,1,4,4,2,1,1,1,2,1,2,2,1,2,1,1,3,1,1,2,4,1,3,1,2,1,1,1,1,2,3,3,3,2,3,4,2,2,1,1,2,2,2,1,2,1,2,2,1,1,2,2,1,2,1,1,3,1,2,2,3,2,2,1,1,2,1,2,2,2,4,3,3,2,3,1,3,3,2,1,1,1,2,1,1,2,3,3,1,2,2,1,1,3,2,2,3,2,2,3,2,1,1,3,3,1,3,3,3,3,2,2,2,2,1,3,3,3,3,3,1,1,1,2,1,1,1,2,2,2,4,3,1,2,1,2,3,1,1,2,3,3,1,1,1,1,1,2,3,2,2,1,1,1,3,3,2,2,2,1,3,1,1,5,2,1,2,1,1,1,3,2,2,3,2,2,2,2,4,4,3,2,2,2,1,3,1,3,4,3,1,1,2,2,1,2,1,2,2,2,3,3,1,3,2,2,3,3,1,2,1,1,2,2,3,2,3,2,2,2,2,2,2,2,2,2,3,2,3,3,3,3,1,3,1,1,2,2,1,2,2,1,2,1,2,1,3,3,3,2,2,3,2,1,2,2,1,3,1,3,4,5,1,1,3,1,1,2,2,1,1,1,1,2,1,1,2,1,1,2,2,3,2,2,4,4,1,1,2,3,2,1,1,1,1,1,2,1,3,5,2,3,2,3,2,2,2,2,4,1,1,4,1,2,2,1,1,1,1,2,1,1,2,2,2,3,1,2,3,1,3,2,3,3,1,1,2,2,2,2,3,3,3,2,3,1,2,2,2,3,4,1,2,2,3,2,3,3,1,2,3,4,2,1,3,3,2,3,2,1
CluIDFG23G_1_1988,2,2,3,1,1,4,1,2,2,2,1,1,1,3,4,2,2,3,3,1,1,3,1,2,2,2,2,1,1,1,2,2,2,2,2,2,1,2,2,1,2,2,1,1,3,1,2,3,1,2,3,1,1,2,1,1,2,2,1,2,2,2,4,4,4,2,1,2,2,2,2,1,2,3,3,3,3,3,3,3,3,2,2,2,1,2,2,4,1,1,1,1,3,1,1,3,1,3,3,1,2,2,3,1,1,1,2,2,3,2,3,3,1,1,1,2,3,1,3,1,3,2,2,3,2,1,1,1,4,3,2,3,3,2,1,2,4,4,2,2,1,2,1,1,2,2,3,1,2,1,1,3,3,3,1,1,3,2,1,1,1,2,2,1,1,1,2,3,1,3,2,2,2,3,3,2,2,1,1,2,2,2,1,2,1,3,2,1,2,2,1,1,3,4,2,2,2,1,2,2,4,3,2,2,3,1,4,1,2,1,2,2,3,2,2,2,1,1,2,2,2,3,3,3,1,4,2,1,2,1,2,2,1,2,1,3,3,1,2,2,3,2,2,3,1,1,2,2,3,3,3,2,1,1,3,2,2,1,2,2,3,2,3,3,2,1,3,2,4,1,2,2,2,3,2,1,2,3,1,2,3,1,3,2,1,1,2,3,2,3,1,2,3,4,3,3,3,2,2,3,1,1,1,2,1,1,1,1,2,2,3,3,2,3,2,1,2,2,2,1,4,4,1,2,1,1,1,2,3,1,1,2,2,2,3,3,2,2,3,1,2,1,3,1,3,2,3,3,2,1,1,3,2,5,1,1,2,2,1,1,1,2,3,3,1,3,1,2,4,4,2,3,2,2,3,5,3,2,3,2,3,2,2,1,2,1,1,2,2,1,2,2,3,3,2,1,3,2,1,3,2,1,1,2,1,3,3,2,2,2,1,1,2,2,2,1,2,1,2,1,2,3,3,3,1,1,1,3,2,3,1,1,3,2,2,2,3,3,3,3,2,2,3,2,2,2,1,3,4,2,1,2,3,2,2,2,1,1,2,2,2,2,3,3,1,1,1,2,2,1,3,3,2,2,2,4,2,4,1,2,3,3,1,2,2,1,1,1,3,5,3,2,2,2,1,1,2,2,1,3,4,3,2,4,2,2,1,1,2,2,3,1,2,2,3,3,3,2,3,2,3,3,2,3,1,2,3,2,2,2,2,3,2,2,1,4,1,1,2,1,2,1,1,2,2,3,2,3,3,2,3,3,3,1,2,3,1,2,1,1
CluIDFG23G_1_1989,1,1,1,3,4,1,2,3,2,2,1,1,4,3,4,4,2,2,3,3,1,2,2,1,1,1,4,2,1,1,2,2,2,2,1,3,3,3,3,1,2,4,1,1,3,3,1,2,2,2,3,1,2,1,3,3,2,2,1,1,2,2,5,4,2,3,1,3,2,3,2,2,3,2,3,3,3,2,3,3,3,2,2,2,2,2,4,4,2,1,1,2,3,1,2,3,4,4,1,1,1,2,3,2,1,2,2,2,2,2,3,3,3,1,1,1,2,1,1,1,2,1,2,3,2,2,1,3,1,1,3,3,1,2,1,2,2,4,2,2,1,2,2,1,2,3,3,1,2,1,3,2,3,1,2,4,1,1,2,2,2,3,2,1,3,3,1,2,3,1,2,2,3,2,3,2,2,2,1,1,2,2,2,1,2,1,2,2,1,2,1,1,3,7,2,2,1,1,2,1,2,3,2,1,1,3,4,1,1,3,1,2,2,1,2,2,1,1,1,2,3,1,3,3,4,3,2,1,1,1,2,2,1,1,1,2,1,2,2,1,3,2,3,3,3,1,2,2,3,3,2,2,2,2,2,2,1,1,2,2,3,3,3,3,1,1,3,3,4,2,2,2,1,1,1,1,2,2,1,2,2,3,2,2,1,1,3,3,4,3,1,1,1,4,3,3,2,2,2,3,2,1,1,2,1,1,3,1,2,2,3,2,3,2,1,1,2,1,2,2,4,3,1,2,2,1,3,3,2,5,3,2,1,3,1,5,3,2,1,2,1,1,1,2,1,2,3,3,1,2,1,1,5,5,1,2,2,1,2,1,3,2,3,2,1,1,3,1,4,2,3,3,1,2,1,5,3,1,3,4,3,3,1,1,2,1,1,2,2,2,2,1,2,3,2,2,3,3,1,3,2,2,2,3,3,1,3,3,2,2,1,1,3,2,2,2,2,2,1,1,2,3,1,1,3,3,4,2,1,1,1,1,2,2,1,2,1,3,1,3,2,2,2,3,2,2,1,2,4,3,5,2,3,1,1,2,1,2,2,2,2,1,1,2,3,3,1,1,1,2,3,4,2,5,3,4,1,2,3,2,1,1,1,1,2,1,2,1,5,4,2,2,3,1,1,2,1,2,4,4,3,2,2,2,2,2,2,1,2,2,1,1,1,2,1,2,2,3,3,2,3,3,2,3,1,1,2,2,2,2,2,3,3,2,4,4,3,1,2,1,2,1,2,3,2,3,2,3,3,2,4,1,1,1,2,3,2,3,2,1
CluIDFG23G_1_1991,2,1,1,2,1,4,1,1,1,2,1,1,3,3,3,4,1,3,3,2,2,2,3,2,2,1,1,4,2,2,2,2,2,3,3,2,3,2,2,1,3,3,1,3,1,1,3,1,1,2,3,1,1,2,2,1,2,2,1,1,3,3,4,1,3,2,2,1,3,2,2,2,3,3,3,4,2,2,3,1,1,3,1,2,2,3,5,3,1,3,1,2,3,3,1,2,2,3,1,3,1,1,3,2,1,3,2,2,4,2,1,1,2,2,2,1,1,2,4,4,2,1,2,2,2,2,3,1,2,1,2,2,1,2,2,1,1,1,2,2,1,2,1,1,2,1,5,5,3,3,1,2,1,3,2,2,2,3,1,2,3,2,1,1,2,1,1,1,3,3,2,1,3,3,3,3,1,2,1,1,2,2,1,2,3,3,2,2,2,2,1,1,4,7,1,2,1,1,2,1,3,3,1,4,1,1,4,4,3,3,4,2,3,3,2,2,1,2,3,4,3,3,4,3,1,1,1,2,2,1,3,2,1,1,1,2,1,2,2,1,2,2,3,1,3,1,3,3,3,1,2,3,2,1,2,2,2,2,2,2,1,3,1,2,1,3,2,2,1,1,1,1,1,1,2,2,2,3,2,1,2,3,2,3,1,2,3,3,2,3,1,2,3,5,3,1,2,3,3,1,2,1,2,1,2,2,3,3,2,2,2,1,3,3,1,2,2,1,2,2,3,3,2,1,2,1,3,3,1,1,3,1,4,1,2,5,2,1,1,2,1,2,1,1,3,2,2,1,1,1,1,1,1,2,1,1,1,2,2,1,3,3,1,2,2,1,2,1,2,3,2,2,2,2,3,3,1,1,4,4,1,3,1,1,2,2,1,1,2,2,2,2,3,1,2,2,3,3,1,3,2,2,2,2,3,1,3,3,1,2,1,2,3,1,2,2,3,2,3,3,4,3,2,3,3,3,1,4,1,2,2,1,3,2,2,1,3,3,3,3,2,2,3,3,3,3,2,2,3,3,1,2,1,1,1,1,2,1,2,2,2,1,3,1,1,1,1,1,2,2,3,3,2,2,4,4,4,2,2,2,1,1,2,2,2,5,2,2,3,4,2,2,1,2,2,1,1,2,4,4,4,3,2,2,2,1,1,1,3,3,1,5,2,1,2,2,1,2,3,3,3,3,3,2,1,2,2,4,3,2,3,3,1,2,4,1,3,2,2,1,4,2,4,2,3,2,2,2,3,2,1,1,3,2,3,3,1,2,2,2
CluIDFG23G_1_1994,2,2,3,3,1,4,3,3,2,2,3,1,1,3,3,3,2,1,2,1,3,3,1,1,2,1,2,2,1,1,2,2,3,2,3,2,2,3,2,2,1,3,3,1,3,1,1,2,1,2,1,4,2,1,1,2,1,2,2,1,3,3,4,1,3,3,1,1,3,3,1,2,3,3,3,3,3,1,3,1,3,3,2,2,2,2,4,5,1,1,2,2,1,3,1,1,2,3,1,2,1,2,3,1,1,1,2,1,4,2,3,3,2,1,1,1,1,2,4,4,1,1,2,2,1,1,1,1,3,4,2,2,3,3,2,1,4,3,2,2,1,2,1,1,2,3,5,1,3,1,2,2,3,3,2,2,1,1,2,1,2,2,2,2,2,2,2,1,1,1,2,2,3,3,3,3,2,2,1,4,2,1,1,2,1,1,2,2,1,1,2,2,7,7,2,3,1,1,1,1,2,2,1,3,2,1,2,2,1,1,4,2,3,3,2,2,2,2,3,3,3,1,1,4,3,2,2,1,2,1,2,1,1,2,2,2,1,2,1,1,2,2,2,3,2,1,1,3,4,2,3,3,2,1,2,3,1,1,2,1,4,2,2,2,2,3,2,2,2,1,2,1,1,3,2,1,3,3,2,1,2,3,3,3,2,1,2,2,3,4,2,2,3,2,3,3,2,3,3,2,1,1,1,2,2,2,3,1,3,2,1,2,3,2,1,1,1,2,2,2,3,4,2,2,2,1,3,3,1,2,3,3,1,2,2,1,3,2,1,2,1,2,1,2,2,2,3,2,1,1,1,3,1,1,1,1,1,2,1,1,2,3,3,1,3,1,3,1,4,4,3,1,2,2,3,3,1,1,4,4,1,3,1,2,2,1,1,1,1,2,3,3,2,3,2,2,3,2,1,1,2,1,1,2,2,3,3,2,2,2,1,2,1,2,4,2,2,3,2,3,1,4,2,1,3,3,1,3,3,1,2,1,2,3,1,1,2,2,3,3,2,3,2,2,1,1,3,3,4,4,5,1,1,1,2,3,1,1,2,1,1,1,1,1,1,1,2,1,2,1,3,2,2,4,3,5,2,1,3,3,1,1,1,1,2,1,2,1,5,3,2,1,4,1,2,2,2,2,2,4,4,3,2,2,2,2,1,1,2,2,1,1,2,2,2,1,1,1,4,3,3,3,3,3,1,1,2,1,2,2,1,2,3,1,2,3,2,1,1,3,1,3,2,1,1,2,2,3,3,3,1,1,2,2,3,2,3,1,2,1
CluIDFG23G_1_1998,2,1,1,1,4,4,2,2,2,2,1,1,3,1,3,3,1,2,2,2,1,1,1,2,1,1,2,2,1,1,2,2,2,2,2,1,4,1,3,3,3,2,3,3,1,1,2,3,2,1,1,3,2,2,2,2,2,2,2,2,2,2,5,5,3,2,3,1,3,3,3,2,2,3,3,3,3,3,1,3,3,3,2,2,3,2,2,4,1,1,1,2,3,1,2,1,3,3,2,2,2,2,3,1,1,1,1,1,4,1,1,3,1,2,1,1,3,3,4,4,1,1,2,2,1,2,3,1,4,1,2,2,2,2,1,1,2,1,2,2,1,1,1,1,3,1,1,5,1,3,2,2,3,3,2,2,2,2,1,1,2,2,2,2,2,2,1,1,3,1,2,2,3,3,2,1,1,2,1,1,1,2,3,1,1,2,2,2,2,2,1,1,2,2,2,3,1,1,2,2,2,1,3,2,1,3,2,1,3,1,4,1,1,1,1,1,2,2,3,3,2,1,1,2,3,3,1,1,1,2,3,3,1,1,1,1,1,1,2,2,3,3,2,2,2,2,3,3,1,3,3,1,1,1,3,2,1,2,2,2,4,2,1,1,1,3,3,2,2,4,2,2,3,3,2,1,2,2,2,2,3,2,3,3,1,2,3,3,4,3,1,1,4,3,1,1,2,2,3,2,1,1,2,2,2,3,3,3,2,3,1,2,1,2,1,1,2,1,1,2,4,3,2,2,2,1,3,3,1,2,3,3,1,2,5,1,2,2,2,1,2,1,2,1,2,2,3,3,1,2,3,1,5,1,1,1,1,1,1,2,2,3,3,2,1,3,3,3,4,3,1,3,2,2,1,3,3,1,3,4,3,1,2,1,1,2,1,1,1,2,3,3,3,2,2,1,3,3,1,1,1,1,2,2,3,2,3,3,2,2,2,1,1,1,2,3,2,2,1,1,4,4,2,2,3,1,3,3,3,1,2,1,2,2,2,1,3,3,2,3,2,3,3,2,2,2,1,2,4,3,2,2,2,1,1,3,2,1,1,2,1,1,1,1,1,1,1,2,2,2,2,3,2,2,5,4,1,4,3,3,1,1,1,2,1,2,1,2,4,3,2,2,1,2,1,2,2,2,2,2,2,1,2,1,3,3,1,2,2,2,3,1,1,2,2,2,1,3,3,2,3,3,2,1,2,2,3,4,1,2,1,3,1,2,1,1,1,2,2,2,4,4,1,2,2,3,3,3,2,2,4,2,3,2,3,3,1,3,1,2
CluIDFG23G_1_2004,1,2,2,1,4,4,1,2,2,2,1,1,3,1,4,3,1,1,2,3,2,3,2,1,1,1,4,4,4,2,3,3,2,2,2,1,1,1,1,1,3,2,1,1,3,1,3,3,2,1,2,4,1,2,2,2,2,2,1,1,3,2,1,5,3,3,3,1,2,3,2,3,1,3,3,3,2,3,3,3,3,2,2,2,1,2,4,2,1,1,2,1,1,3,1,1,2,3,2,1,2,2,2,1,3,1,2,2,1,2,3,3,1,2,1,1,2,1,4,1,1,2,2,3,3,1,1,2,1,4,3,2,3,3,2,2,4,1,2,2,2,2,1,1,3,2,5,1,2,1,1,1,3,3,2,2,1,3,2,2,3,2,2,2,3,3,1,3,3,3,1,2,3,3,3,3,2,1,2,2,1,2,2,3,3,3,1,2,2,2,1,2,4,4,3,3,1,1,1,2,3,4,2,1,2,3,1,2,1,1,2,2,3,3,1,1,2,2,3,4,1,1,1,4,3,3,2,1,1,1,2,1,1,1,2,3,2,1,2,1,2,2,3,1,2,1,2,2,4,4,1,2,1,2,2,2,1,1,2,2,2,1,1,1,1,3,3,2,5,4,1,1,2,1,2,1,3,1,2,2,2,3,2,1,1,2,2,2,3,3,1,1,4,1,3,2,3,3,2,2,1,1,2,2,2,2,1,3,2,1,1,2,1,3,2,2,2,2,1,2,4,3,2,1,1,1,3,1,5,3,1,3,4,4,2,3,2,1,2,1,1,1,2,1,2,3,3,3,1,1,2,3,4,1,1,1,2,2,2,2,3,2,3,1,1,3,3,3,4,4,3,3,2,1,3,2,1,3,4,1,3,3,1,1,1,2,1,1,1,1,1,1,1,1,1,2,1,2,3,1,2,2,2,1,3,3,3,2,2,1,2,1,1,2,3,1,1,2,2,3,1,3,2,2,3,1,3,3,3,3,2,1,2,3,3,1,1,3,3,2,3,2,2,2,1,2,3,1,4,4,2,1,1,3,3,2,1,2,1,2,2,1,3,1,1,1,2,2,2,2,2,3,2,2,3,4,2,2,2,2,3,2,2,1,1,1,2,1,5,3,2,3,1,1,2,1,2,2,4,2,4,4,2,4,2,2,2,1,2,3,4,3,2,2,3,1,2,3,2,4,3,3,2,3,2,1,2,1,3,2,1,3,2,2,3,1,2,1,2,2,2,4,1,2,3,3,3,3,3,2,1,3,3,1,2,3,3,1,1,1
CluIDFG23G_1_2006,2,1,1,1,4,4,1,1,2,2,1,1,4,3,3,3,2,1,2,3,1,1,2,1,1,2,4,4,2,3,2,3,2,2,2,1,2,3,2,1,3,2,3,1,3,3,2,2,2,1,2,4,2,2,2,1,2,1,2,2,2,3,4,1,3,3,1,1,3,3,2,2,3,2,3,3,3,3,1,2,1,3,2,2,1,3,2,3,2,1,1,2,1,3,1,1,4,2,1,2,1,2,3,1,1,1,2,2,2,4,3,3,2,2,1,2,2,2,3,3,1,1,3,2,2,2,3,1,2,4,3,2,3,3,1,2,1,1,1,3,2,2,1,1,1,1,5,3,3,1,2,2,2,3,2,1,2,1,1,2,3,2,1,2,2,2,1,1,3,3,2,2,3,3,2,2,2,1,1,4,2,1,1,1,3,2,2,1,1,2,2,1,4,4,2,2,1,1,1,2,2,3,4,4,1,1,2,4,1,3,2,4,2,3,2,2,2,1,2,3,1,3,4,3,3,3,2,1,1,2,3,2,1,2,1,2,1,3,2,1,1,2,3,1,1,1,3,3,1,3,3,1,2,1,3,3,1,2,2,1,4,3,2,2,2,3,2,2,2,2,3,1,3,1,2,1,2,2,2,1,2,3,3,3,2,1,3,3,4,3,2,1,4,1,3,2,3,2,3,2,2,1,1,2,1,2,2,3,2,2,2,2,2,1,1,1,2,2,2,1,4,3,2,2,1,2,2,2,2,2,1,1,4,4,1,2,2,3,2,1,1,2,1,2,3,2,1,3,1,1,1,2,4,5,2,1,1,1,2,2,1,3,2,2,3,3,3,3,4,3,2,2,2,1,3,1,2,2,5,3,3,1,1,2,1,1,1,1,1,1,2,3,2,1,2,2,1,3,3,1,2,1,3,3,2,2,3,2,1,2,1,2,1,1,2,2,2,3,3,2,3,1,3,3,3,3,3,1,1,1,2,2,3,1,1,2,3,2,3,3,3,3,3,2,2,2,3,3,2,3,5,5,1,1,1,2,1,1,2,2,2,2,1,1,1,3,2,1,1,1,2,3,2,2,4,2,2,4,1,2,1,1,2,1,1,2,1,1,2,4,3,2,2,4,1,2,1,1,4,3,4,4,1,3,2,2,2,2,2,2,1,3,2,1,3,3,1,1,3,2,1,3,2,2,1,2,4,4,3,1,3,1,2,2,3,4,1,2,2,2,1,1,4,1,3,2,3,3,1,2,2,1,2,2,2,3,3,1,2,1
CluIDFG23G_1_2009,1,1,2,2,1,1,3,3,1,2,3,3,3,3,4,4,1,2,2,3,2,2,2,2,1,1,2,2,1,1,3,3,2,1,2,1,3,1,3,1,3,2,3,3,3,3,2,2,1,2,1,2,1,2,1,3,2,2,1,1,1,2,5,3,2,2,4,3,2,3,2,3,2,3,3,3,3,2,1,1,3,2,2,1,2,2,5,3,2,1,1,1,3,3,2,2,2,3,2,3,1,2,3,2,3,1,1,2,4,1,1,3,2,1,1,1,2,3,4,2,1,3,2,2,2,3,3,2,2,4,2,2,3,2,2,1,1,3,1,2,2,2,1,1,3,1,1,5,1,1,2,2,3,2,2,1,1,2,1,1,2,2,2,2,2,2,3,2,1,3,2,1,3,3,3,2,2,1,2,2,1,1,3,3,1,1,1,2,2,2,1,1,7,6,3,3,1,1,1,1,2,2,4,2,1,3,4,2,2,1,1,2,1,3,1,1,2,1,2,3,1,1,1,4,3,2,1,1,2,1,3,1,2,2,1,1,1,1,2,2,3,3,3,2,1,1,3,3,1,2,2,3,1,2,2,2,1,1,2,2,2,1,1,2,3,1,3,3,5,4,2,2,3,1,2,2,2,3,1,1,3,2,3,3,2,2,1,3,3,2,1,2,4,4,1,3,2,2,2,3,2,2,1,2,2,3,3,3,2,1,3,3,2,2,1,2,2,2,1,2,4,3,2,2,2,2,3,2,1,5,3,3,4,3,4,4,2,1,1,2,2,2,1,1,2,2,2,2,1,2,3,1,5,2,2,2,2,1,2,2,3,1,2,3,1,3,3,3,4,3,3,2,1,2,3,2,2,1,4,3,1,2,2,2,1,2,1,1,2,2,3,1,2,3,1,2,1,2,1,1,1,2,3,2,2,2,2,2,2,2,2,2,1,2,2,3,2,2,3,3,4,4,2,2,3,1,3,3,3,2,2,2,3,2,1,3,2,1,3,3,2,2,3,3,3,2,3,3,1,1,1,2,1,1,3,3,1,1,1,1,2,1,2,1,2,1,2,2,2,1,3,4,2,5,4,4,5,3,3,3,2,2,1,2,1,1,1,2,5,4,3,2,1,1,2,2,1,2,3,3,4,1,2,2,3,2,1,2,2,2,3,3,1,1,2,2,1,3,3,2,3,3,3,1,1,1,1,1,2,3,1,1,1,2,1,3,2,2,1,3,3,2,2,2,1,2,3,2,3,3,4,4,3,1,3,2,2,2,1,1
CluIDFG23G_1_2011,2,1,3,3,4,4,1,2,1,2,2,2,1,1,4,3,2,3,2,2,3,3,1,1,1,2,2,2,1,1,3,3,2,2,1,2,3,1,1,1,3,3,1,3,3,1,2,1,2,1,4,1,2,2,1,3,1,2,1,1,2,3,4,4,2,2,2,2,2,2,1,2,3,3,3,3,3,2,1,1,2,3,2,1,2,2,5,5,1,2,1,2,3,3,3,1,4,4,1,1,2,2,1,2,3,3,2,2,1,4,3,3,2,1,1,2,1,2,4,2,1,3,2,2,2,3,3,3,4,2,3,3,1,3,1,2,4,1,2,2,2,2,1,1,2,2,3,3,1,1,1,1,1,2,1,1,1,1,2,2,2,1,3,1,1,2,1,1,3,3,1,1,2,3,2,3,1,1,1,1,3,3,3,1,2,3,1,2,2,2,1,2,4,4,2,3,1,1,2,1,2,3,4,1,1,1,4,4,3,2,2,2,2,2,1,2,1,2,1,2,3,1,4,4,4,3,2,1,2,2,2,2,2,1,2,2,2,2,1,2,1,2,1,3,1,2,3,2,1,1,3,2,1,1,2,3,1,1,2,2,2,2,1,2,1,3,3,2,4,4,2,1,3,2,2,1,2,3,2,2,2,2,2,1,2,1,1,2,2,2,1,2,2,1,1,3,1,2,3,1,2,2,2,2,2,2,3,3,2,2,3,2,3,1,2,2,2,2,1,1,4,1,2,2,2,2,3,3,3,3,2,1,2,4,3,4,2,2,1,2,1,2,1,1,2,2,1,2,1,1,3,3,5,1,1,1,2,2,2,1,3,3,2,2,3,1,3,2,4,3,3,3,2,2,3,1,1,3,4,4,3,3,1,1,2,1,2,2,2,1,2,1,1,3,2,2,2,3,1,1,1,2,2,2,3,3,3,3,1,2,1,2,1,1,2,2,3,1,2,1,3,3,2,3,1,1,4,3,3,3,2,2,2,1,2,3,1,1,3,2,2,2,3,2,2,3,3,3,4,4,4,1,2,1,1,2,2,2,1,1,2,2,1,1,2,1,2,2,1,1,2,2,2,2,2,3,4,3,3,2,1,1,1,1,1,1,2,1,2,2,2,3,3,1,2,2,1,2,4,1,3,2,4,2,2,2,2,1,3,2,1,1,2,2,3,3,1,3,4,2,3,3,2,3,1,3,2,1,2,2,2,2,3,1,4,4,2,2,2,1,4,1,4,1,2,1,3,2,2,1,1,3,1,2,1,2,3,2,1,1
CluIDFG23G_1_2013,2,2,2,1,1,4,1,3,1,1,1,3,3,3,4,4,3,1,3,2,1,1,2,2,2,2,2,1,1,4,2,3,1,2,2,1,1,3,1,3,2,3,3,1,1,1,1,1,2,1,1,3,1,2,3,1,1,2,1,1,3,3,4,4,2,2,2,2,2,2,2,2,3,3,3,3,3,3,1,3,3,3,2,2,1,2,4,3,2,1,1,2,3,3,1,2,3,2,2,2,1,1,2,3,3,1,1,2,1,4,1,3,2,2,1,2,3,3,1,4,3,1,2,3,2,3,1,1,2,4,2,2,3,2,1,2,1,3,3,2,2,2,1,1,3,1,1,5,3,1,1,1,2,1,2,1,1,3,2,2,2,2,2,1,1,2,1,3,3,2,1,1,3,2,2,3,1,2,2,1,2,2,1,3,3,3,2,1,2,2,1,2,4,6,3,2,1,1,2,1,2,3,4,4,1,1,4,2,1,3,2,2,2,3,2,1,2,2,3,2,3,3,3,3,3,1,1,2,1,2,3,3,1,1,1,1,1,1,2,1,2,2,3,3,1,3,2,3,3,2,3,1,2,1,2,2,1,2,2,2,2,3,3,2,3,3,1,3,2,2,1,2,1,3,2,1,2,2,2,1,3,3,2,3,2,1,3,3,3,4,2,1,4,4,1,3,3,2,2,2,1,1,2,2,2,3,1,3,3,2,2,1,1,3,1,1,1,3,2,2,4,3,1,1,1,2,3,2,5,2,2,3,1,4,2,2,2,2,1,2,2,1,1,2,3,2,3,3,2,2,1,3,5,2,1,1,1,2,2,2,3,3,1,1,3,1,1,3,2,4,2,2,1,2,3,3,1,1,4,4,1,1,2,2,1,1,1,2,2,1,3,2,2,1,2,2,1,3,3,3,1,1,2,1,1,2,3,3,1,2,2,1,2,1,2,3,2,2,3,1,4,3,3,2,1,3,3,2,2,3,1,2,2,2,1,2,3,3,2,3,2,2,3,2,3,2,3,3,2,4,1,5,2,1,3,1,1,1,1,2,2,2,1,3,2,1,2,1,1,1,3,2,4,2,3,4,4,2,2,2,1,3,2,1,5,1,1,2,3,2,1,3,1,1,2,2,2,1,4,4,1,3,2,2,3,1,2,1,2,2,4,1,1,2,3,2,1,3,3,2,3,1,2,3,1,2,2,4,2,3,3,1,1,1,1,4,2,1,3,1,4,3,2,4,2,2,3,2,2,2,2,1,1,3,3,3,3,1,2,2
CluIDFG23G_1_2014,2,2,3,3,1,4,3,2,2,1,3,1,1,3,4,4,3,3,5,5,1,3,2,1,2,2,2,4,1,4,3,1,2,1,3,2,3,1,3,2,1,3,3,3,3,1,2,2,1,1,3,2,2,1,1,3,1,1,1,1,3,3,1,5,2,3,4,1,3,2,2,3,3,2,3,3,2,2,1,1,2,3,1,2,2,2,2,3,1,2,1,2,3,3,1,3,4,4,1,2,3,3,2,2,1,3,1,2,4,4,1,3,3,3,1,2,3,3,4,1,1,1,2,1,1,1,2,3,4,4,3,2,3,1,2,1,2,3,2,3,1,2,2,1,2,2,1,5,2,1,1,2,3,3,3,4,1,1,1,2,3,1,1,2,2,3,1,1,1,1,2,1,3,3,2,3,1,2,1,2,2,2,2,3,1,3,1,2,1,2,2,1,4,7,3,2,2,2,2,1,2,2,3,1,1,3,4,1,1,1,4,2,2,1,2,1,1,1,2,2,2,1,4,2,1,3,1,2,1,2,2,2,1,1,3,3,2,1,1,2,3,3,2,2,2,1,3,2,4,4,3,3,1,1,2,3,1,1,2,2,1,1,1,3,3,3,2,3,1,2,1,1,1,2,1,2,2,2,2,1,2,2,3,3,1,2,2,2,3,2,2,1,1,1,2,3,3,3,3,2,2,1,1,1,2,2,4,3,2,1,1,1,2,1,1,2,1,2,2,2,3,4,2,2,1,2,3,3,2,1,1,2,4,4,4,2,1,2,2,1,2,2,1,2,2,2,2,1,1,1,1,3,2,4,1,1,2,1,2,2,1,2,3,3,1,3,2,1,4,4,2,3,1,1,2,1,2,1,5,3,3,3,2,1,1,2,2,2,1,2,2,2,3,1,2,1,2,3,3,1,1,2,1,3,3,3,3,3,2,2,2,1,3,3,2,2,3,2,3,2,4,4,1,2,3,1,3,4,1,2,2,2,3,3,3,3,1,1,3,2,2,2,2,3,2,2,3,1,2,2,5,1,1,2,3,1,1,1,1,1,2,2,3,1,1,3,2,2,2,1,3,2,5,2,2,4,3,1,1,2,2,2,1,2,1,1,2,1,5,5,2,1,2,2,1,2,1,1,1,4,4,4,2,2,3,2,2,1,2,3,3,1,2,1,3,3,3,3,2,2,2,1,2,3,3,1,2,2,2,2,1,1,1,1,2,3,1,2,3,3,4,3,2,2,2,1,3,2,3,1,4,1,1,1,3,2,2,2,1,1
