21G.0045	2	2	3	2	4	4	2	2	2	1	3	1	3	3	4	3	2	1	2	2	3	3	1	1	1	1	4	4	0	0	3	2	2	2	0	0	4	3	3	3	3	3	3	3	3	3	2	1	2	2	4	4	2	2	2	2	2	2	1	1	3	3	4	1	3	3	3	2	2	2	2	2	3	3	3	2	3	3	3	3	3	1	2	1	3	3	5	3	1	1	2	2	3	3	1	1	3	3	2	1	3	3	2	2	3	3	2	2	4	4	2	2	2	1	2	2	1	1	3	1	1	1	2	2	2	1	1	1	2	2	2	2	3	3	2	2	3	1	2	2	2	2	2	1	3	3	5	5	2	2	2	1	1	1	4	4	2	2	2	2	2	2	2	1	3	3	3	3	3	1	1	1	3	2	3	3	1	1	2	2	2	2	2	2	3	3	2	2	2	2	2	1	4	4	3	3	1	1	1	1	4	4	4	4	1	1	4	4	2	1	2	2	3	2	2	2	2	2	3	2	3	3	4	4	4	4	1	1	2	2	3	2	1	1	2	2	0	0	2	2	3	3	3	3	1	1	3	3	3	3	3	1	1	1	2	2	2	1	2	2	2	2	2	1	3	3	2	2	2	1	1	1	1	1	2	2	0	0	2	2	3	3	3	2	2	2	3	2	3	3	2	1	3	3	1	1	3	3	3	3	2	1	2	2	2	2	2	2	2	2	3	2	2	1	2	1	3	3	2	1	4	4	2	2	2	1	3	3	5	1	3	3	5	4	2	1	3	3	2	2	2	2	2	1	2	2	3	2	0	0	3	1	2	1	1	1	2	1	1	1	3	3	3	2	3	2	3	3	4	4	3	1	2	2	5	1	3	3	4	4	1	1	2	2	2	1	2	2	2	1	2	2	3	1	2	1	3	1	3	3	1	1	3	2	3	3	2	2	0	0	2	2	3	1	2	2	2	2	3	1	4	3	2	2	3	2	4	3	3	1	2	1	3	2	3	1	3	1	3	3	3	3	3	3	3	3	3	3	4	4	2	1	2	2	3	3	1	1	1	1	2	2	2	2	3	2	2	1	1	1	3	3	4	4	4	2	3	2	2	2	3	1	2	2	1	1	2	1	5	5	2	2	2	2	2	2	1	1	4	1	3	3	2	2	3	3	2	1	2	1	3	3	2	2	3	2	2	1	4	4	3	2	3	1	3	1	4	2	3	3	3	3	2	2	1	1	2	2	2	1	3	1	4	1	3	3	3	3	2	2	1	1	3	3	3	3	2	2	2	2
21G.0106	2	2	1	1	4	4	1	1	2	2	1	1	3	3	3	3	2	2	3	3	3	3	1	1	3	1	4	4	3	1	2	2	2	1	2	1	3	1	3	3	3	3	3	1	3	1	2	2	1	1	2	1	2	1	3	1	2	2	1	1	3	2	5	5	3	2	3	3	3	3	3	2	3	2	4	4	3	3	2	1	2	1	2	2	2	2	4	2	3	2	2	2	2	1	1	1	4	4	2	2	2	1	2	2	3	1	2	2	4	2	3	3	2	2	1	1	3	2	3	3	3	1	3	3	2	2	2	1	2	2	2	2	3	2	2	2	1	1	1	1	2	2	2	1	3	1	5	1	2	2	2	2	1	1	4	2	1	1	2	2	2	2	2	1	3	3	1	1	3	3	2	2	3	3	3	3	2	2	1	1	2	2	3	3	2	2	2	2	2	2	1	1	6	2	3	2	1	1	2	2	3	3	4	1	1	1	4	4	3	2	2	2	2	1	2	2	2	1	3	3	3	3	3	3	3	3	1	1	1	1	2	2	1	1	2	1	1	1	2	2	3	3	3	2	1	1	3	3	3	1	3	2	2	2	3	3	2	1	1	1	2	2	2	2	3	3	2	2	2	2	2	2	1	1	2	2	2	2	2	1	3	3	3	3	2	2	3	3	3	3	2	2	5	5	3	3	3	3	3	3	2	2	2	2	2	2	3	2	2	2	1	1	1	1	1	1	2	2	2	2	4	4	2	2	2	2	3	3	2	2	3	1	2	1	5	5	3	2	2	1	1	1	1	1	2	2	3	3	1	1	1	1	5	5	1	1	2	2	2	2	3	3	2	2	3	1	3	3	4	4	2	2	1	1	3	3	2	2	5	4	2	1	2	2	2	2	2	2	2	2	3	3	2	2	1	1	3	3	3	3	2	2	3	3	2	2	3	3	2	1	1	1	1	1	3	3	2	2	3	3	4	4	3	1	3	3	3	2	3	3	2	2	2	2	3	2	3	3	3	3	3	3	3	2	3	3	3	1	4	4	2	2	1	1	1	1	1	1	2	2	2	2	1	1	3	1	2	1	2	1	3	3	2	2	3	3	3	2	3	3	1	1	2	1	2	2	2	2	4	4	2	2	4	4	2	2	2	1	4	4	4	3	2	1	3	2	1	1	2	2	3	3	2	2	3	3	2	1	3	3	3	3	2	1	1	1	2	2	3	2	3	3	2	1	4	1	2	2	3	3	4	1	4	2	3	3	3	3	3	2	3	3	2	2	3	1	3	2	2	2
21G.0119	2	2	1	1	4	4	2	1	1	1	1	1	1	1	3	3	2	2	2	1	2	2	3	3	2	2	4	2	4	4	3	3	2	2	2	2	3	3	3	3	3	3	3	3	3	3	2	2	2	1	4	4	1	1	3	3	1	1	2	2	3	3	5	5	4	3	1	1	3	1	2	2	2	2	4	3	3	3	1	1	3	3	2	2	2	2	3	3	1	1	2	2	3	3	1	1	4	4	1	1	2	2	2	2	3	1	2	1	2	1	3	3	2	2	2	2	3	2	3	3	2	2	3	3	3	2	3	2	4	2	3	1	3	3	2	2	3	2	3	3	2	2	2	2	3	3	5	3	2	1	2	2	2	2	2	2	3	3	2	2	3	3	2	1	2	2	3	3	3	3	2	1	3	3	2	2	2	2	2	1	2	2	2	1	3	2	2	1	2	2	1	1	6	4	3	3	1	1	2	2	4	2	2	2	3	1	1	1	2	2	2	1	3	3	2	1	1	1	4	4	3	3	3	3	4	1	2	2	1	1	2	2	1	1	2	2	2	1	1	1	3	3	3	3	3	3	3	3	3	3	2	2	2	2	3	3	2	1	2	2	4	2	3	2	1	1	3	2	2	1	2	1	1	1	2	2	3	2	2	2	2	2	3	3	1	1	2	2	4	1	1	1	4	4	3	3	3	3	2	2	1	1	1	1	2	2	3	3	2	2	3	3	3	3	2	2	2	1	2	2	4	4	2	2	2	2	3	3	3	3	3	3	4	4	2	2	2	1	2	1	2	2	3	1	3	3	2	1	2	1	3	1	5	5	1	1	2	2	2	1	2	1	2	2	1	1	3	3	3	2	3	3	2	2	3	3	1	1	4	4	3	3	2	2	2	2	2	2	1	1	3	3	3	1	2	2	3	2	1	1	2	1	2	2	3	3	3	2	2	2	1	1	3	3	2	2	2	2	3	1	3	3	2	2	3	1	2	2	2	2	2	1	3	3	2	1	3	3	3	3	2	2	3	3	2	2	3	1	4	4	5	2	1	1	1	1	1	1	2	2	2	1	3	1	1	1	2	1	2	1	3	2	2	2	2	2	3	2	3	3	2	2	1	1	1	1	2	2	5	5	2	1	3	2	2	1	2	2	4	4	2	2	2	2	2	2	2	1	3	3	3	1	2	2	3	2	3	3	4	4	3	3	3	3	3	1	2	1	3	3	3	1	1	1	4	4	2	2	2	2	3	3	3	3	3	3	3	3	3	3	3	3	3	1	3	3	2	1	2	2
21G.0124	1	1	3	1	4	4	3	2	2	2	3	3	3	1	4	3	3	2	2	2	2	2	2	2	2	2	4	4	1	1	2	2	3	3	1	1	2	2	3	2	3	3	3	1	1	1	3	1	2	1	3	3	2	2	2	1	2	2	1	1	3	2	4	4	3	2	3	1	3	3	2	1	3	2	3	3	3	3	3	1	3	3	2	2	2	2	5	5	2	2	2	2	3	3	1	1	3	3	2	1	3	3	2	2	3	1	2	2	2	2	3	3	2	2	1	1	1	1	3	3	2	1	1	1	3	3	3	2	2	2	2	2	1	1	2	1	4	4	2	2	1	1	2	1	2	2	5	5	1	1	2	2	3	3	4	2	1	1	2	2	2	2	2	2	2	2	3	3	3	1	2	1	3	3	3	3	1	1	2	2	2	2	3	3	3	3	1	1	2	2	2	1	6	4	3	3	1	1	2	2	2	2	3	3	1	1	4	3	2	2	2	2	2	2	1	1	2	2	3	3	3	1	1	1	3	3	2	2	1	1	3	1	1	1	1	1	1	1	2	1	3	3	1	1	2	1	3	3	1	1	3	1	2	1	3	3	1	1	2	2	2	2	2	2	3	3	2	2	1	1	2	2	1	1	2	2	3	3	2	2	2	2	3	3	2	2	2	1	2	2	1	1	4	1	3	3	3	3	3	3	2	1	2	1	3	2	3	3	3	3	1	1	2	2	1	1	2	2	1	1	4	4	1	1	2	2	3	3	5	5	3	1	4	4	2	2	2	2	2	1	2	1	1	1	2	2	2	1	2	1	3	1	5	5	1	1	2	2	2	2	3	3	3	3	1	1	3	3	3	3	3	3	2	2	5	5	3	2	4	4	3	1	2	1	2	2	2	1	2	2	3	2	3	1	1	1	3	3	1	1	2	2	2	1	3	2	3	3	2	2	2	2	2	2	3	3	3	3	3	3	3	3	2	2	3	3	3	3	3	3	2	1	3	3	1	1	2	2	3	3	3	3	3	2	2	2	3	3	4	4	2	2	1	1	3	1	2	1	2	1	2	2	2	2	1	1	2	2	2	1	3	3	5	2	4	4	3	3	3	2	2	2	2	1	1	1	2	1	3	3	3	3	2	1	2	2	2	2	4	4	2	2	2	2	2	2	2	2	2	2	4	1	2	2	3	3	1	1	3	3	3	3	3	1	1	1	2	2	3	3	3	3	2	2	4	1	2	2	2	2	4	4	2	2	2	1	3	2	3	2	3	3	3	3	3	2	2	2	2	2
21G.0140	2	1	3	3	4	1	3	1	2	2	3	3	3	3	3	3	3	1	5	5	3	1	2	2	2	2	4	4	2	2	3	2	3	3	2	1	1	1	1	1	3	3	3	1	3	3	3	2	2	2	4	2	2	2	2	2	2	2	2	1	2	2	4	4	3	3	4	4	2	2	2	1	3	3	4	4	3	3	1	1	3	3	1	1	3	3	4	2	2	2	1	1	3	1	2	1	4	4	2	2	3	3	2	2	3	3	2	1	2	1	3	3	3	3	2	1	3	3	4	4	1	1	2	2	3	3	3	3	1	1	3	3	3	3	2	1	3	1	2	2	2	2	2	1	3	3	5	3	2	2	1	1	1	1	2	2	1	1	2	2	2	2	2	2	2	2	2	2	3	3	1	1	3	3	3	2	2	1	2	2	3	1	1	1	3	2	2	2	1	1	2	2	4	4	2	2	1	1	1	1	3	3	4	4	1	1	4	4	3	3	4	4	2	2	1	1	2	2	3	3	3	3	4	1	3	3	2	2	2	2	3	2	2	1	2	2	1	1	1	1	3	3	3	1	1	1	3	2	3	3	3	3	1	1	3	2	1	1	2	2	3	2	2	2	2	2	2	1	4	2	3	3	3	1	2	2	2	2	1	1	2	2	3	2	2	2	3	3	3	3	2	2	4	4	1	1	3	2	1	1	2	1	2	2	2	2	3	3	2	2	2	2	2	1	2	2	2	2	1	1	3	3	2	1	2	2	3	2	4	3	1	1	5	5	2	1	2	2	2	1	2	2	2	1	2	2	2	2	2	2	3	3	4	4	1	1	2	2	2	2	3	3	3	3	3	3	3	3	4	2	3	3	1	1	4	1	2	2	5	4	1	1	2	2	1	1	2	2	2	2	3	3	1	1	2	2	3	1	1	1	2	2	2	2	3	3	3	3	2	2	2	1	1	1	2	2	3	1	3	3	3	1	3	3	1	1	3	3	3	3	1	1	3	3	3	3	1	1	3	3	2	1	3	3	2	2	3	3	4	3	5	5	2	2	1	1	1	1	2	2	2	2	1	1	3	3	2	2	2	1	3	2	5	5	4	4	3	3	3	3	1	1	1	1	1	1	2	1	3	3	3	2	4	4	2	2	1	1	4	1	4	1	3	3	2	2	2	2	3	3	3	1	1	1	3	3	1	1	2	2	1	1	2	2	1	1	4	4	3	2	3	1	2	1	4	4	2	1	3	3	2	2	4	4	3	3	3	3	3	3	1	1	3	3	3	3	3	2	2	1
21G.0148	2	2	2	1	4	4	3	2	2	1	2	2	3	1	4	4	3	2	5	5	3	1	2	2	2	2	2	2	4	4	2	2	2	1	1	1	1	1	3	3	2	2	3	3	1	1	3	1	1	1	3	3	2	1	1	1	2	2	2	2	2	2	4	4	2	2	4	4	3	3	2	2	3	3	3	3	3	3	1	1	1	1	2	2	1	1	1	1	3	3	2	2	3	3	2	1	4	4	3	3	2	1	2	2	3	3	2	2	4	4	1	1	2	2	2	2	2	2	1	1	3	2	2	2	3	3	3	3	4	1	2	1	1	1	2	2	3	2	2	1	2	2	1	1	2	1	5	3	2	1	2	1	3	3	2	2	1	1	2	2	2	2	2	1	3	2	3	1	3	3	3	3	2	2	2	2	2	1	4	4	2	2	2	1	2	2	1	1	2	2	1	1	4	4	3	3	2	2	2	2	4	4	4	1	3	3	4	3	2	1	4	2	2	1	2	1	2	2	4	4	1	1	3	3	3	3	1	1	2	2	2	2	2	2	3	3	2	2	2	2	2	2	1	1	1	1	2	2	4	4	1	1	2	2	3	3	2	1	2	2	3	2	2	2	3	3	3	3	4	4	2	1	1	1	2	2	2	2	2	2	3	3	1	1	2	1	3	1	3	3	1	1	4	1	3	2	3	3	1	1	1	1	1	1	3	2	3	1	3	2	3	2	3	3	2	2	1	1	1	1	4	4	1	1	2	2	3	2	3	3	2	2	2	2	3	2	3	2	2	1	2	2	1	1	2	2	2	2	2	2	1	1	5	5	2	1	2	2	1	1	3	1	3	3	3	3	2	2	4	4	2	2	2	2	3	2	2	2	3	3	3	3	2	1	2	2	2	2	1	1	3	3	3	3	1	1	3	3	3	3	2	1	2	1	3	3	3	3	2	2	2	2	3	3	3	2	2	1	3	3	3	3	1	1	3	3	4	4	3	2	2	2	3	2	3	1	1	1	3	3	3	3	2	2	2	2	3	3	4	1	5	2	3	3	3	3	2	2	1	1	2	2	2	2	3	3	1	1	2	2	4	4	5	5	3	3	4	4	2	1	3	3	2	2	1	1	2	2	2	2	3	3	2	1	2	2	2	2	4	4	3	3	4	2	2	1	2	1	3	2	4	4	2	2	3	3	3	3	2	2	3	3	3	3	3	1	2	2	2	2	3	3	3	2	5	5	3	3	3	1	3	3	4	4	1	1	3	2	2	2	4	2	3	3	3	3	3	2	2	1
21G.0159	1	1	1	1	4	4	2	2	2	1	3	2	3	1	4	4	2	2	3	3	3	2	2	1	1	1	4	2	4	1	2	2	2	2	1	1	4	4	3	3	3	3	3	3	3	3	3	2	2	2	3	3	2	2	2	2	2	2	2	1	3	2	5	1	3	2	3	1	2	2	2	2	3	2	4	4	3	3	3	1	3	3	2	2	2	2	3	3	1	1	2	1	3	3	2	1	3	2	2	1	2	2	2	1	1	1	2	2	4	3	3	1	2	2	2	1	3	3	4	3	3	1	2	2	3	1	1	1	2	2	3	3	3	3	2	2	4	4	3	1	2	1	2	2	3	2	5	5	3	3	2	2	3	3	2	2	2	2	2	1	3	3	2	2	2	2	3	3	3	3	1	1	3	2	3	3	1	1	2	2	2	2	3	3	3	3	2	1	2	1	2	2	6	4	3	3	1	1	1	1	2	2	4	4	2	1	2	2	1	1	1	1	1	1	1	1	2	2	3	2	3	1	2	2	4	3	2	2	1	1	3	3	1	1	2	2	2	2	2	2	3	3	3	1	3	3	3	3	3	3	3	3	1	1	3	3	2	2	2	2	4	4	3	3	3	1	3	2	5	2	2	2	3	3	1	1	3	3	1	1	2	2	3	3	1	1	3	3	4	4	1	1	1	1	3	3	2	2	1	1	2	1	2	2	2	2	1	1	2	2	2	1	1	1	1	1	1	1	2	2	3	3	2	2	3	3	3	3	5	5	3	3	3	1	5	5	3	3	2	2	1	1	1	1	2	2	3	2	2	2	3	1	5	2	2	1	2	1	2	2	3	3	3	2	1	1	3	3	4	4	3	3	2	1	5	3	3	2	5	4	1	1	2	2	1	1	1	1	2	2	3	1	3	1	1	1	3	3	1	1	2	1	3	3	3	2	2	2	2	2	2	2	2	2	3	2	2	2	3	3	4	4	2	2	3	3	3	3	1	1	2	1	3	3	2	1	3	3	3	3	3	3	3	2	3	1	5	2	4	4	2	2	3	3	1	1	2	2	2	1	2	1	2	2	3	3	2	1	2	2	3	3	2	2	4	4	4	1	3	3	2	2	2	2	1	1	2	2	4	4	2	2	1	1	2	1	2	2	4	1	4	4	2	2	3	3	2	2	2	2	3	3	2	2	1	1	1	1	3	3	3	3	2	2	2	2	4	4	3	3	1	1	1	1	4	1	3	3	2	1	4	4	4	4	2	2	3	3	3	3	4	3	3	3	3	3	3	3	1	1
21G.0168	2	2	3	3	4	4	2	2	2	2	2	2	3	3	4	4	3	2	5	1	3	3	2	1	2	2	4	2	1	1	3	3	2	2	2	2	3	1	2	1	3	3	3	3	3	3	2	2	1	1	3	3	2	1	2	2	2	2	2	1	2	2	4	4	3	2	2	2	3	2	2	2	3	3	4	4	3	3	3	2	3	3	2	2	2	2	4	3	2	2	1	1	3	3	1	1	3	3	2	2	2	2	2	2	3	3	2	2	4	4	3	3	2	2	2	2	3	2	2	2	2	1	2	2	3	3	1	1	2	2	2	1	3	2	2	2	3	2	3	1	1	1	2	2	2	2	5	3	2	1	2	2	3	1	2	2	3	3	2	2	3	3	3	2	2	2	2	1	3	3	3	3	2	2	3	3	2	1	2	2	3	3	1	1	3	3	2	1	2	2	1	1	7	4	2	2	2	2	2	2	2	2	2	2	3	3	4	4	2	2	2	1	3	1	2	2	2	2	1	1	3	3	4	3	4	3	2	1	2	2	2	2	2	2	3	2	3	2	2	1	2	2	3	1	2	2	3	2	4	4	2	2	2	2	3	3	2	2	2	2	4	2	3	3	3	3	3	3	4	4	1	1	3	3	2	2	3	2	2	1	3	3	3	3	2	2	3	3	3	3	2	1	4	1	3	2	3	3	2	1	2	2	2	2	3	2	1	1	2	2	2	2	1	1	2	2	2	2	1	1	4	4	2	2	2	1	2	2	4	1	3	1	4	4	4	4	2	2	1	1	2	2	1	1	3	3	3	2	1	1	1	1	5	1	1	1	2	2	2	2	1	1	2	2	1	1	3	3	2	1	2	2	2	1	3	3	3	3	5	3	3	3	2	2	2	2	2	2	2	2	3	2	3	2	2	2	3	3	1	1	2	2	2	1	3	2	3	2	2	1	2	2	2	1	3	3	3	3	3	3	3	3	3	3	3	3	4	3	3	3	2	2	3	2	2	1	3	3	3	2	2	2	3	2	2	2	5	3	4	4	4	2	2	1	3	1	3	3	1	1	2	2	2	2	1	1	2	2	1	1	3	3	2	2	4	4	1	1	3	3	2	2	2	2	1	1	2	2	5	2	2	2	1	1	2	2	2	2	3	3	3	3	4	4	2	2	1	1	3	3	1	1	2	2	3	3	3	2	4	4	3	3	3	3	1	1	2	2	2	2	3	1	3	3	3	3	2	2	1	1	3	1	1	1	2	2	2	2	3	3	3	3	1	1	3	3	3	3	1	1
21G.0171	2	2	2	1	4	4	3	1	2	2	3	1	3	1	3	3	2	2	3	3	3	3	1	1	3	3	4	2	4	1	3	2	2	1	2	1	4	2	3	3	3	3	3	3	3	1	3	3	2	2	4	3	2	2	3	3	1	1	1	1	2	2	5	5	3	3	1	1	3	3	2	2	2	1	3	3	3	2	2	1	3	3	2	1	2	1	4	2	3	1	2	1	3	3	3	1	3	3	3	1	2	2	2	2	2	2	2	2	4	4	3	3	2	2	1	1	3	3	4	4	3	3	3	2	2	2	3	3	2	2	2	2	2	2	1	1	1	1	3	1	2	2	1	1	1	1	5	5	2	2	2	2	3	3	2	1	1	1	2	2	2	2	2	2	3	2	3	3	3	1	2	1	3	3	2	1	2	2	2	2	2	2	1	1	2	2	2	2	2	2	1	1	6	2	2	1	1	1	2	2	4	4	1	1	2	2	4	4	2	2	4	1	3	1	2	2	2	2	3	1	3	3	4	3	3	3	2	2	2	1	2	2	2	2	3	3	2	1	2	2	3	3	2	2	2	1	3	2	4	2	2	1	1	1	3	2	2	2	2	1	2	2	3	3	3	1	3	2	4	2	2	2	1	1	2	1	2	2	2	2	3	1	2	2	2	2	3	2	3	3	2	1	3	3	3	1	3	2	3	2	1	1	1	1	2	2	3	1	3	3	3	3	3	1	1	1	1	1	2	2	3	3	2	2	2	2	3	2	5	2	3	3	5	3	5	1	2	2	1	1	2	2	2	2	2	1	3	2	1	1	3	1	5	1	2	1	2	2	2	1	3	3	2	2	3	3	3	3	4	4	2	2	2	1	3	3	2	1	4	3	3	1	2	2	2	2	2	1	2	2	3	3	3	3	2	2	3	3	3	3	1	1	3	3	3	2	3	2	2	2	1	1	1	1	3	3	2	1	3	3	3	3	3	3	3	3	3	1	1	1	2	1	2	2	2	2	3	2	3	3	2	2	3	3	2	2	2	2	4	2	4	4	3	3	2	2	1	1	2	2	2	2	2	2	3	1	1	1	2	2	3	2	5	5	3	3	4	3	2	2	3	3	2	2	5	5	2	2	4	4	2	2	3	3	1	1	2	2	4	4	4	2	2	2	3	2	2	2	3	2	3	3	2	2	2	1	2	2	3	3	3	3	3	2	1	1	2	2	2	2	3	3	2	2	4	4	2	2	3	3	1	1	4	1	3	3	2	2	3	1	1	1	3	2	3	3	3	2	1	1
21G.0172	1	1	2	1	1	1	3	3	1	1	3	1	4	4	4	3	2	2	2	2	3	3	1	1	1	1	4	4	4	4	3	3	2	2	1	1	1	1	3	3	3	3	3	3	3	1	2	2	1	1	3	3	2	2	3	3	2	1	1	1	2	2	5	5	3	3	3	1	3	3	3	3	3	3	3	3	2	2	3	1	3	3	2	2	3	3	5	2	3	3	2	2	3	3	1	1	3	3	2	1	2	2	2	2	3	3	2	2	4	4	3	1	2	1	2	2	3	3	3	1	3	1	3	3	2	2	3	2	4	1	3	2	3	3	1	1	4	1	3	2	2	2	2	2	3	1	5	5	2	2	1	1	3	3	2	2	1	1	2	2	3	3	2	2	3	3	3	3	3	1	1	1	3	2	3	3	1	1	2	1	2	2	3	2	1	1	2	2	1	1	1	1	4	4	3	2	1	1	2	2	4	4	2	2	2	1	2	2	1	1	4	4	3	3	2	2	2	2	4	3	3	1	3	1	3	3	2	1	1	1	3	3	2	2	2	2	1	1	2	1	3	2	1	1	3	3	3	3	4	3	2	2	1	1	3	2	1	1	2	2	2	1	1	1	3	3	2	2	4	4	2	2	1	1	2	2	2	2	2	2	3	1	3	3	2	2	2	2	3	3	2	1	4	3	3	3	3	3	3	1	2	2	2	2	3	3	3	3	3	3	1	1	3	1	2	1	2	2	2	1	4	4	2	2	2	2	3	3	5	1	1	1	4	4	4	1	3	2	2	2	2	2	3	2	3	2	3	2	1	1	3	3	5	5	2	2	2	1	2	2	2	1	2	2	3	3	3	3	4	4	2	2	2	1	3	1	3	2	3	3	2	1	2	2	2	2	2	2	2	1	2	2	3	2	2	2	3	3	3	1	2	2	3	1	2	1	3	2	2	2	2	2	2	2	3	3	1	1	3	3	1	1	3	3	2	1	3	3	3	3	2	2	4	2	3	1	3	1	3	3	2	2	3	3	2	2	2	2	4	4	2	2	2	2	3	3	2	2	2	2	2	2	1	1	3	2	2	2	2	1	3	3	4	2	4	4	4	4	3	3	3	3	2	2	5	5	2	1	5	2	2	2	2	2	2	2	2	2	4	4	3	3	2	1	3	3	1	1	2	2	1	1	2	1	3	3	3	1	3	3	3	3	2	2	1	1	4	1	3	3	3	3	2	2	3	3	1	1	3	1	3	3	2	1	2	1	2	2	3	3	3	1	2	2	3	2	1	1	2	2
21G.0176	1	1	3	3	4	4	2	2	1	1	1	1	4	4	4	4	2	1	3	2	3	1	1	1	3	3	4	4	4	4	2	2	2	1	1	1	4	3	3	3	4	2	3	2	1	1	2	2	2	2	3	3	2	2	3	1	2	2	2	2	3	3	5	5	3	2	2	1	3	3	2	1	3	3	3	2	3	1	1	1	3	3	2	2	2	2	5	4	1	1	2	2	3	3	3	3	4	4	2	2	1	1	3	3	3	3	2	1	2	2	3	3	2	2	1	1	3	2	4	3	3	3	3	3	2	2	2	1	4	4	2	2	3	2	1	1	2	2	3	1	2	2	1	1	2	2	5	5	3	3	1	1	3	1	2	2	2	2	2	1	3	3	2	2	2	2	1	1	3	3	2	1	3	2	3	3	2	2	2	1	3	3	2	1	2	2	2	2	2	1	2	2	6	6	3	3	1	1	1	1	2	2	3	1	2	2	3	2	2	2	4	4	2	1	2	1	2	1	2	1	3	1	3	3	3	3	2	2	2	2	3	3	2	2	2	2	2	1	2	1	2	2	3	3	2	2	3	2	4	2	2	1	1	1	3	3	2	1	1	1	4	4	3	3	3	1	3	3	4	1	3	2	1	1	2	2	2	2	2	2	3	2	3	3	2	1	3	3	4	3	2	2	3	3	3	3	2	2	2	2	2	2	2	2	3	2	3	3	2	2	1	1	1	1	2	2	2	2	1	1	2	2	1	1	2	2	3	3	2	2	3	2	3	3	2	2	2	1	2	2	2	2	1	1	2	2	3	3	1	1	1	1	5	5	2	2	1	1	2	1	3	2	3	3	1	1	3	1	3	3	3	1	2	2	5	3	2	2	4	4	3	3	2	1	2	2	2	2	1	1	2	2	1	1	1	1	3	2	1	1	2	2	2	2	3	3	3	3	2	2	1	1	2	1	3	3	2	2	3	3	4	3	2	2	3	3	4	3	3	3	2	1	3	3	2	1	3	3	3	3	3	3	3	3	3	2	5	5	2	2	2	2	3	1	2	2	1	1	2	2	2	2	1	1	3	3	2	2	2	2	3	3	4	2	5	3	3	2	3	3	2	2	2	2	1	1	2	2	5	2	3	2	2	2	2	2	2	1	4	4	4	1	1	1	2	2	2	1	2	2	3	1	2	1	2	1	3	3	4	2	3	1	3	3	1	1	2	2	2	2	3	3	2	2	2	2	2	1	1	1	1	1	2	2	3	3	2	2	3	3	4	3	1	1	3	3	2	1	2	1
21G.0180	2	2	1	1	4	4	3	1	2	2	3	1	4	4	4	4	3	3	3	2	3	3	2	1	2	2	2	2	1	1	2	2	2	2	2	2	4	4	3	3	3	3	3	3	3	3	3	3	2	2	4	4	2	2	3	3	1	1	2	1	3	3	4	4	3	3	1	1	2	1	2	2	3	3	4	2	3	3	3	3	3	3	2	2	2	2	5	5	1	1	2	1	3	3	3	1	3	3	2	2	3	3	1	1	1	1	2	1	2	2	3	3	2	2	1	1	2	2	1	1	2	1	2	2	2	1	2	2	2	2	2	1	3	1	2	2	4	3	2	1	1	1	2	2	2	2	3	3	2	2	1	1	3	3	2	2	2	2	1	1	3	3	2	2	2	2	3	3	3	3	1	1	3	3	3	2	2	1	2	1	2	1	2	1	3	1	2	2	2	1	2	1	7	4	2	2	1	1	2	2	3	3	2	2	3	1	3	3	2	2	2	2	3	3	1	1	2	2	3	3	3	3	2	2	3	3	1	1	2	2	3	3	1	1	2	1	3	1	1	1	2	2	2	2	2	2	3	3	3	3	3	3	2	2	3	3	1	1	2	2	2	1	3	1	3	1	3	2	4	2	2	2	3	3	1	1	3	3	1	1	2	2	3	3	2	2	3	3	2	2	2	2	3	3	3	3	2	2	3	3	2	1	2	1	2	2	2	1	2	2	1	1	3	1	2	2	3	3	2	2	3	2	2	1	2	1	3	3	5	2	1	1	4	4	3	3	3	3	2	2	1	1	1	1	3	3	2	2	2	2	3	3	2	2	1	1	2	2	2	1	2	1	3	3	1	1	3	1	4	4	3	2	2	2	3	1	3	1	4	4	3	3	1	1	1	1	2	1	2	2	2	2	3	1	2	2	3	3	1	1	2	1	2	2	3	3	2	1	2	2	2	1	3	3	2	2	3	1	2	2	3	3	2	2	3	3	3	3	1	1	2	2	2	2	2	2	3	1	3	3	2	2	3	3	2	1	5	1	4	4	4	2	1	1	3	3	2	2	2	2	1	1	1	1	1	1	2	2	2	1	2	2	2	2	4	4	3	3	3	1	3	1	2	2	5	5	1	1	3	3	3	2	4	4	2	2	1	1	4	4	3	3	2	2	3	3	2	2	2	2	1	1	2	2	2	2	1	1	3	3	3	2	3	3	1	1	2	2	2	2	3	3	2	1	3	3	2	2	2	2	4	4	2	2	2	2	3	1	2	2	3	3	1	1	3	3	1	1	2	1
21G.0186	2	1	2	1	4	4	3	3	2	2	3	3	3	1	4	4	2	2	3	1	3	2	2	1	2	2	2	2	1	1	3	3	2	2	2	2	3	3	3	2	3	2	3	3	3	3	3	2	2	2	4	3	2	2	2	2	2	1	2	2	3	3	2	2	3	3	1	1	3	3	3	3	3	3	3	3	3	3	2	2	3	3	2	2	3	3	3	2	3	3	2	2	3	3	2	1	3	3	2	2	3	3	2	1	3	1	2	2	4	2	3	1	3	2	2	2	3	3	3	1	2	1	2	2	2	1	3	1	4	4	2	2	3	3	2	2	3	3	3	2	2	2	1	1	3	3	3	1	2	2	2	1	2	1	4	1	1	1	2	1	3	2	2	2	3	2	3	3	3	1	2	1	3	3	3	1	2	2	2	2	2	2	1	1	2	2	2	2	2	2	1	1	4	4	2	1	1	1	1	1	2	2	4	4	1	1	2	2	1	1	4	4	1	1	2	2	2	2	2	2	3	3	3	3	3	3	2	2	1	1	3	2	2	1	1	1	1	1	1	1	2	2	2	2	3	3	3	3	4	3	1	1	1	1	3	3	1	1	2	2	2	1	2	2	3	3	3	3	4	4	2	1	2	1	2	1	3	2	2	2	2	2	3	3	2	2	3	3	3	3	2	2	3	1	3	3	2	2	3	1	2	2	1	1	3	2	3	3	3	1	2	1	3	3	1	1	2	1	2	2	4	4	2	1	2	2	3	3	2	2	2	2	4	4	5	2	3	2	2	2	2	1	2	2	3	3	3	3	2	1	3	3	4	1	1	1	2	1	1	1	3	3	2	2	3	2	3	2	4	4	3	3	2	2	3	1	2	1	4	3	3	3	1	1	2	2	2	1	2	2	2	2	1	1	2	2	3	3	3	3	2	2	3	2	2	2	3	3	1	1	1	1	2	2	2	2	2	1	2	2	3	3	3	2	3	3	3	3	3	3	2	2	3	3	2	2	3	3	3	3	2	2	3	2	3	3	3	3	1	1	4	2	1	1	1	1	2	2	2	1	2	1	1	1	3	3	1	1	1	1	3	3	4	4	4	2	4	4	3	3	3	3	2	2	5	5	2	2	3	3	2	2	2	2	2	2	2	2	4	2	4	4	2	2	2	2	2	2	2	2	1	1	2	2	2	2	1	1	3	3	2	2	3	3	1	1	2	2	3	3	3	3	2	2	3	3	2	2	3	2	3	3	2	1	2	2	3	3	1	1	1	1	2	2	3	2	2	2	2	1
21G.0188	1	1	3	3	3	1	3	3	2	1	1	1	3	3	3	3	1	1	2	2	3	3	1	1	1	1	4	4	4	4	3	2	2	2	1	1	3	3	1	1	3	2	3	2	3	1	2	1	2	1	3	2	2	2	2	2	2	2	1	1	3	3	4	4	3	2	2	1	3	2	2	2	3	3	3	3	3	3	3	1	3	2	2	2	1	1	2	2	3	1	2	2	3	3	2	2	2	2	3	1	2	1	2	2	1	1	2	1	4	4	3	1	2	2	2	2	2	2	3	3	3	3	2	2	3	2	3	1	2	1	2	2	3	2	2	2	1	1	2	2	2	2	1	1	3	1	5	5	3	3	2	2	3	1	4	4	1	1	2	2	3	3	2	2	3	3	3	1	3	1	2	2	2	2	3	2	2	1	2	2	2	2	1	1	3	3	2	1	2	2	1	1	6	4	2	2	1	1	1	1	4	4	2	1	1	1	4	4	2	2	2	2	3	3	2	1	2	2	3	2	3	3	4	1	4	4	1	1	2	1	3	2	2	1	2	2	2	2	2	2	2	2	1	1	3	1	3	3	3	3	1	1	2	1	2	2	2	1	2	2	3	2	2	2	3	3	2	1	4	1	1	1	3	1	2	2	2	2	2	2	3	3	3	2	2	1	3	2	3	3	2	1	3	3	1	1	3	2	3	3	2	1	2	2	2	2	1	1	2	2	3	3	3	1	1	1	2	2	2	2	3	3	2	2	2	1	3	3	3	3	3	3	4	1	2	1	2	2	2	1	2	2	2	2	3	3	3	3	1	1	3	1	2	2	1	1	2	1	1	1	2	1	3	3	3	1	3	3	4	4	3	1	2	1	5	5	3	3	5	3	3	3	1	1	2	2	2	2	2	1	2	2	3	3	2	1	2	1	1	1	2	1	3	1	3	2	2	1	2	2	2	2	2	2	2	2	2	2	2	2	4	3	3	3	3	1	3	3	3	1	2	2	4	3	1	1	3	3	3	3	3	3	3	3	3	2	3	3	4	3	2	1	1	1	3	1	1	1	1	1	2	2	2	2	3	3	1	1	2	1	3	3	5	5	4	2	3	3	3	3	2	1	2	2	1	1	2	1	5	4	2	1	1	1	2	2	2	1	4	4	4	4	2	2	2	2	2	2	3	3	5	3	2	2	3	3	3	3	3	3	3	3	3	3	3	1	4	2	3	2	3	3	2	2	1	1	2	2	2	2	3	1	4	4	2	2	3	3	2	1	1	1	2	2	3	3	3	2	2	2
21G.0195	2	1	3	3	4	1	2	1	1	1	1	1	3	3	4	4	2	1	2	2	2	2	2	1	1	1	2	2	1	1	3	3	3	1	2	2	3	3	3	3	3	3	3	3	1	1	3	3	2	2	3	3	2	1	3	3	1	1	1	1	2	1	5	3	2	2	3	1	3	3	3	2	2	2	3	3	3	3	1	1	3	3	2	1	3	3	5	5	3	2	2	2	3	3	3	3	4	4	1	1	2	1	1	1	3	1	2	1	4	4	3	1	2	1	2	1	2	2	3	3	1	1	2	2	2	2	2	1	4	1	3	3	1	1	2	2	2	2	2	2	2	2	2	2	3	3	3	3	2	2	2	2	1	1	4	4	1	1	2	2	3	3	2	2	3	2	2	2	1	1	1	1	3	3	1	1	2	2	2	1	2	1	1	1	2	2	2	2	2	1	1	1	4	4	2	2	1	1	1	1	2	2	1	1	2	2	4	4	2	1	2	2	3	3	2	1	2	1	3	3	2	1	4	4	4	4	2	1	1	1	2	2	2	2	1	1	3	3	1	1	2	2	3	1	2	1	2	2	4	4	3	1	1	1	3	3	1	1	2	2	2	2	3	3	1	1	3	2	1	1	2	1	1	1	2	1	2	2	1	1	3	3	3	3	2	2	3	3	3	2	2	2	1	1	3	2	3	2	3	3	1	1	2	2	3	3	3	3	2	2	2	2	0	0	1	1	2	2	2	2	3	3	2	2	1	1	3	3	5	5	3	3	2	2	5	5	2	2	3	1	1	1	2	2	2	1	2	2	1	1	1	1	5	5	2	2	2	1	2	2	3	3	3	2	1	1	3	3	4	4	2	2	2	2	3	1	3	3	4	1	3	1	2	2	2	1	2	1	2	1	3	1	2	2	2	1	1	1	1	1	1	1	3	3	3	3	3	3	1	1	2	2	2	2	2	2	3	1	3	3	4	2	3	2	3	2	4	2	3	1	2	1	2	2	3	1	3	1	3	3	3	3	3	3	2	2	3	3	2	2	5	5	3	1	2	1	1	1	2	2	2	1	1	1	1	1	1	1	2	2	3	3	5	1	5	4	4	2	3	3	2	1	2	1	3	1	1	1	2	2	3	3	3	1	2	2	2	2	4	3	4	4	4	4	3	3	2	1	3	3	4	3	2	2	3	3	3	3	2	2	3	3	3	3	2	2	3	3	3	3	3	2	3	1	4	4	3	3	3	1	2	2	3	2	2	2	2	2	3	3	4	4	1	1	3	3	2	1	1	1
21G.0197	2	2	2	2	4	4	2	2	2	2	1	1	3	3	4	4	2	2	1	1	3	3	1	1	2	2	2	2	1	1	3	3	2	2	2	2	1	1	3	1	3	3	3	1	3	1	3	2	2	1	3	3	2	2	3	3	2	1	2	2	3	3	4	4	3	3	2	2	2	2	1	1	3	3	3	3	3	3	1	1	3	3	2	2	2	1	5	5	2	2	2	2	3	3	2	2	4	4	1	1	2	1	2	1	3	1	2	1	4	4	2	1	3	2	2	2	3	3	4	3	3	1	2	2	2	2	1	1	4	2	2	1	3	3	2	2	3	2	3	2	2	2	2	1	3	2	1	1	2	2	1	1	3	3	2	2	3	3	2	1	3	3	2	2	3	2	3	3	3	3	1	1	3	2	3	3	2	2	1	1	3	1	3	2	3	2	2	1	2	2	2	2	7	6	3	1	1	1	2	2	3	2	4	2	3	1	3	3	1	1	4	4	1	1	1	1	2	2	3	3	1	1	4	4	3	3	1	1	2	1	1	1	2	2	3	1	2	2	2	1	2	2	3	3	2	2	3	3	3	1	2	2	2	2	3	3	1	1	2	2	3	3	2	2	3	3	3	2	4	2	2	2	1	1	1	1	2	2	2	1	3	3	3	3	2	2	3	3	2	2	1	1	4	4	3	3	2	2	2	1	2	2	2	2	3	2	3	1	3	3	3	3	3	3	1	1	3	3	2	2	3	3	1	1	2	2	3	3	5	1	3	3	3	1	2	2	2	1	2	2	2	2	3	1	2	2	3	2	1	1	3	3	5	1	1	1	1	1	1	1	1	1	3	3	3	3	2	2	4	4	2	2	2	1	3	1	2	1	4	4	1	1	2	2	1	1	2	2	2	2	2	2	1	1	2	2	3	3	2	2	1	1	2	2	3	3	3	3	2	2	2	1	3	2	2	2	3	3	3	3	3	1	2	1	3	3	4	3	2	1	2	2	2	1	2	2	3	3	3	3	2	2	3	3	2	2	2	1	4	3	2	2	2	2	1	1	1	1	2	2	2	2	2	2	1	1	2	1	2	2	3	3	2	2	4	4	3	2	3	3	1	1	1	1	2	2	2	1	3	3	2	2	3	3	2	2	2	2	2	1	2	2	4	4	2	2	1	1	2	1	1	1	2	2	3	2	3	3	4	4	3	3	3	3	1	1	4	4	2	2	2	1	3	3	3	3	2	2	2	2	4	4	1	1	3	1	3	3	3	3	3	1	3	3	3	3	3	3	2	2
21G.0198	1	1	1	1	4	4	1	1	2	2	2	2	1	1	4	4	2	2	2	2	2	2	2	2	1	1	4	4	3	3	2	2	2	2	3	1	2	2	3	3	3	3	3	3	3	1	2	1	2	2	3	2	2	2	1	1	2	1	2	2	3	1	5	5	3	3	1	1	3	3	2	2	2	2	3	3	3	3	2	1	3	3	2	2	2	2	4	2	3	1	2	2	1	1	3	3	4	3	2	2	3	3	2	2	3	3	2	2	4	4	2	1	3	3	2	2	2	1	3	3	3	3	2	2	3	3	1	1	2	2	2	2	2	2	1	1	3	3	2	2	1	1	2	2	2	2	5	5	3	2	2	1	3	2	2	1	2	1	1	1	3	2	1	1	2	2	2	1	3	1	1	1	3	2	3	1	2	2	4	1	2	2	1	1	3	3	2	2	1	1	2	1	7	7	3	3	1	1	2	2	3	3	4	4	1	1	4	4	3	3	2	1	2	2	2	1	1	1	3	3	3	3	4	3	3	2	2	1	2	2	3	2	2	2	1	1	2	1	2	2	3	2	3	3	1	1	3	3	4	4	3	1	2	1	3	3	2	2	2	2	4	4	2	2	2	2	2	2	4	4	2	2	1	1	2	2	2	2	2	2	3	3	3	3	2	2	2	2	3	3	1	1	1	1	3	1	3	3	3	3	2	2	2	1	3	3	2	2	2	2	1	1	2	2	1	1	2	1	2	2	4	4	2	2	3	3	3	3	5	5	3	3	3	1	3	3	3	3	2	2	1	1	1	1	2	2	3	3	2	1	3	1	5	5	2	2	1	1	2	2	3	3	2	2	2	2	3	3	4	4	3	3	2	2	5	5	3	3	4	4	3	1	2	1	2	2	2	2	2	1	3	3	3	3	2	1	3	3	1	1	1	1	2	2	3	3	3	3	1	1	2	1	1	1	3	2	3	2	3	3	4	4	3	3	3	3	3	1	1	1	2	2	3	2	1	1	3	3	3	3	2	2	3	3	3	2	3	2	2	1	4	4	3	3	3	3	2	1	2	1	1	1	2	1	2	2	2	2	2	2	3	2	4	4	4	4	3	3	3	1	3	2	2	2	1	1	1	1	4	3	2	2	2	1	2	1	2	2	4	3	4	4	2	1	3	1	2	2	2	2	3	3	2	1	1	1	2	1	4	3	3	3	3	3	3	3	4	4	3	2	3	3	1	1	4	3	3	3	2	1	1	1	2	2	2	2	2	2	3	3	4	1	2	1	3	3	2	2	2	2
21G.0199	1	1	2	2	4	4	2	1	2	2	3	3	4	3	4	4	2	2	5	1	2	2	2	2	1	1	4	4	3	3	3	2	2	2	3	3	3	1	3	3	3	3	3	3	1	1	2	2	1	1	3	3	2	1	2	2	2	2	2	2	3	3	5	4	3	3	4	1	3	3	2	1	3	3	3	3	3	3	3	1	3	2	2	2	2	2	3	2	3	3	2	2	3	3	3	3	4	3	2	2	1	1	3	3	3	1	2	1	4	1	3	3	3	2	2	2	3	1	4	4	3	1	3	3	3	2	3	2	2	1	1	1	3	3	2	2	3	2	3	3	2	1	2	2	3	1	5	5	4	1	1	1	3	3	1	1	1	1	2	2	3	1	1	1	3	2	3	1	3	3	2	2	2	2	3	3	2	1	2	2	2	2	2	1	3	1	2	1	1	1	1	1	7	7	3	3	1	1	2	1	3	2	4	4	1	1	3	3	2	1	2	1	3	3	1	1	2	2	1	1	3	3	4	3	4	4	2	2	1	1	1	1	2	2	2	1	2	1	1	1	2	2	3	3	3	2	3	2	3	3	3	3	2	1	3	3	2	1	2	2	4	4	2	1	3	3	3	3	4	4	2	2	3	3	2	2	3	1	2	1	3	3	3	3	2	2	2	2	3	2	2	2	3	3	3	3	3	2	3	3	2	1	2	2	2	2	3	3	2	2	3	3	3	3	2	1	2	2	1	1	4	2	2	2	2	2	3	2	3	2	3	3	4	4	2	1	3	1	2	2	1	1	3	3	3	3	2	2	2	2	3	3	4	2	1	1	2	2	1	1	1	1	3	3	3	1	3	2	2	2	2	2	2	1	1	1	3	3	4	4	3	3	1	1	2	2	2	1	2	2	2	2	3	3	2	2	3	3	3	1	2	2	3	1	3	2	3	2	2	2	2	1	3	3	3	2	2	2	3	3	3	1	3	2	3	3	3	3	3	2	2	1	3	3	2	1	1	1	3	2	3	2	3	2	2	2	5	2	2	1	5	5	3	3	3	1	3	1	1	1	2	2	2	2	3	3	2	1	2	2	4	3	2	2	4	4	4	3	3	3	1	1	1	1	3	1	2	2	3	3	2	2	3	2	2	2	2	2	2	2	4	4	2	2	3	2	1	1	2	2	3	1	2	2	3	1	3	3	3	3	3	1	3	3	1	1	4	4	2	2	3	3	3	1	4	3	2	2	3	3	1	1	4	4	2	2	3	1	2	1	3	3	3	1	3	3	2	2	2	2
21G.0205	2	2	2	2	2	2	3	3	1	1	3	1	3	3	4	4	3	3	3	3	1	1	2	1	2	2	2	1	2	2	3	3	3	1	2	1	3	3	1	1	3	2	3	1	1	1	3	3	2	1	3	3	2	2	2	2	2	2	1	1	2	2	1	1	1	1	1	1	3	3	2	1	3	3	3	3	3	1	1	1	3	3	2	2	2	2	5	2	3	3	2	1	3	3	1	1	2	2	2	1	2	1	1	1	1	1	2	2	4	4	3	3	2	2	2	2	3	2	4	4	1	1	3	2	2	2	3	3	4	4	2	1	3	1	2	2	3	3	2	1	2	2	1	1	3	3	3	3	2	1	2	2	3	3	2	2	2	2	1	1	2	2	2	1	1	1	3	1	3	3	3	1	3	3	3	3	2	2	2	2	2	1	3	2	2	1	2	2	2	2	2	1	7	4	3	2	1	1	2	2	2	2	4	2	1	1	4	4	2	2	2	2	2	2	1	1	2	2	3	3	3	1	3	1	3	3	2	1	1	1	3	3	1	1	2	2	1	1	2	1	2	2	3	3	2	2	3	2	3	3	3	3	2	1	3	2	2	1	2	2	3	3	3	3	3	3	2	2	4	2	2	2	1	1	2	2	3	3	2	1	3	2	3	3	2	2	2	2	4	4	1	1	4	4	3	3	3	3	2	2	2	2	2	2	2	2	3	1	3	2	3	3	2	1	2	2	3	3	2	2	4	3	2	1	2	2	3	3	1	1	3	1	2	1	2	2	3	1	2	2	2	1	2	2	2	2	3	2	2	2	2	1	5	5	1	1	2	1	2	2	3	2	3	3	3	1	3	3	3	3	3	3	2	2	1	1	3	3	4	4	2	1	2	2	1	1	1	1	2	2	3	3	3	3	2	2	3	1	1	1	2	1	2	2	3	3	3	2	2	2	1	1	3	3	3	3	2	2	3	3	4	4	2	2	3	3	4	4	3	1	2	2	2	2	2	2	3	3	3	3	3	2	3	1	3	3	5	3	2	2	2	2	3	3	2	2	1	1	2	2	2	2	1	1	1	1	2	2	2	2	3	2	2	1	2	2	3	3	3	3	1	1	2	1	5	5	2	2	4	3	2	2	2	2	2	1	2	2	3	2	3	1	4	1	1	1	1	1	3	3	3	1	2	2	3	2	1	1	3	3	3	3	2	2	2	2	4	1	3	2	3	1	2	2	4	1	2	2	3	3	3	3	4	4	3	3	2	2	3	3	2	2	2	2	3	3	2	2	2	2
21G.0214	2	2	3	2	4	1	2	2	2	1	3	3	3	3	4	4	2	1	5	5	2	2	3	3	1	1	4	4	2	2	2	2	1	1	2	2	3	1	3	2	4	2	3	3	3	3	2	2	2	2	3	3	2	2	2	1	2	1	2	1	2	2	5	1	3	2	1	1	3	3	3	2	2	2	3	3	1	1	2	2	3	3	2	2	3	2	4	3	2	2	1	1	1	1	1	1	4	3	2	1	2	2	2	2	3	3	2	1	4	4	3	1	3	1	2	2	1	1	4	4	3	1	3	1	3	1	3	3	2	1	2	2	3	1	2	1	3	2	3	2	1	1	2	2	2	2	5	3	2	2	1	1	3	3	4	4	2	2	2	1	3	3	3	2	2	2	3	2	3	1	2	2	3	1	3	3	2	1	2	2	2	2	2	2	3	3	1	1	2	2	1	1	7	4	2	2	2	1	2	2	3	3	2	2	3	3	4	4	2	1	2	2	1	1	2	2	1	1	2	2	2	1	2	2	4	4	1	1	2	2	3	2	2	2	3	3	1	1	2	2	3	3	3	3	1	1	3	3	4	1	3	3	1	1	3	2	2	2	2	2	3	3	2	2	3	3	3	3	4	4	1	1	2	1	2	1	3	3	2	2	2	1	3	3	1	1	2	2	3	3	2	1	5	5	3	3	3	3	1	1	2	2	2	2	2	1	3	1	3	2	3	3	1	1	2	1	2	2	1	1	3	3	2	2	2	2	3	3	2	2	2	2	4	2	5	2	2	1	2	1	2	2	2	2	2	2	3	3	1	1	1	1	1	1	1	1	2	1	2	2	3	1	3	3	3	1	2	2	4	4	3	3	2	2	4	1	3	1	5	5	1	1	2	2	1	1	2	2	2	1	3	1	1	1	2	2	3	3	3	3	1	1	1	1	3	3	3	2	2	2	2	2	2	2	2	2	3	3	3	3	4	1	3	3	3	3	4	3	3	3	2	2	3	2	2	1	3	3	3	3	3	3	3	2	3	3	2	1	2	2	5	4	1	1	1	1	2	1	1	1	2	2	3	2	3	3	2	1	2	2	3	2	4	4	4	4	2	1	3	3	2	2	2	2	1	1	1	1	2	2	3	3	1	1	2	2	2	2	4	1	4	4	2	2	2	1	2	1	2	2	3	3	1	1	3	1	2	1	3	3	3	1	3	3	1	1	4	4	3	2	1	1	3	2	4	4	2	2	3	3	3	3	2	2	2	2	3	2	2	2	4	4	2	2	3	2	3	2	1	1
21G.0222	2	1	2	2	4	4	3	3	2	2	1	1	4	4	4	4	2	2	2	1	3	1	1	1	2	2	4	2	3	3	2	2	2	2	2	1	3	3	2	2	3	3	1	1	1	1	3	3	2	2	4	4	2	1	3	3	2	1	2	2	2	1	4	3	2	2	3	3	3	3	2	2	3	2	3	3	3	3	3	1	3	3	2	2	2	2	4	4	1	1	2	2	3	1	2	1	3	2	2	2	2	2	2	2	3	3	2	2	4	4	3	1	2	1	2	2	3	3	3	3	3	3	2	2	2	2	3	3	4	4	3	3	3	3	2	2	4	3	2	2	2	1	1	1	3	2	3	1	1	1	2	2	2	2	2	1	3	3	2	2	2	2	1	1	2	2	3	1	3	3	2	1	3	1	2	2	2	2	2	2	2	2	3	2	1	1	1	1	2	2	1	1	6	6	3	3	2	2	1	1	3	2	2	2	3	3	2	2	2	2	2	2	3	3	2	1	1	1	2	2	2	2	3	2	3	3	2	2	2	1	3	3	2	2	3	1	3	3	2	1	2	2	2	1	3	3	3	3	2	2	3	3	2	1	3	3	2	2	2	1	4	2	3	3	2	2	2	2	5	1	2	2	2	2	2	2	3	3	2	1	3	3	3	2	2	2	3	2	3	2	2	2	3	3	3	3	3	3	3	1	2	2	2	1	3	3	3	1	3	2	1	1	2	1	2	2	3	3	2	2	4	4	2	2	1	1	3	3	5	2	2	2	3	3	5	2	3	3	2	1	2	2	3	3	3	3	3	3	2	2	3	3	2	2	2	2	2	2	2	2	3	3	2	2	2	2	2	1	4	4	3	3	2	1	3	3	2	1	5	5	3	3	2	2	2	1	2	1	2	2	2	2	2	2	1	1	1	1	1	1	2	1	2	2	2	2	3	2	2	2	2	2	2	1	3	3	3	1	3	3	4	4	3	1	3	3	4	4	3	3	2	2	3	1	2	1	3	2	3	3	3	2	3	3	1	1	3	3	4	4	4	4	3	1	2	1	1	1	2	2	1	1	3	1	3	3	2	2	2	2	3	3	5	4	4	4	4	4	3	2	3	3	2	2	3	3	2	1	5	3	2	2	1	1	2	2	2	2	3	1	4	4	4	2	3	3	2	2	1	1	4	4	2	1	3	1	2	2	3	3	3	2	3	3	1	1	4	2	3	2	3	3	3	3	4	1	3	2	3	2	4	4	2	2	3	2	3	3	3	3	2	2	2	2	3	3	2	2	2	1
21G.0229	2	1	3	1	4	4	3	3	2	2	2	1	4	3	4	4	2	2	3	2	3	3	1	1	1	1	4	2	1	1	2	2	2	2	2	1	3	3	2	2	3	3	3	3	3	1	2	1	2	2	3	3	2	2	2	2	2	2	1	1	2	2	4	4	2	2	2	2	3	3	2	2	3	2	4	4	3	3	2	2	3	3	2	2	2	2	4	4	2	1	2	1	2	2	3	3	3	3	2	2	3	3	3	2	3	3	2	2	4	2	3	3	3	1	2	2	2	1	4	1	3	1	2	2	3	3	1	1	2	1	2	2	2	2	1	1	3	3	2	2	2	2	1	1	2	1	5	5	3	3	2	2	3	3	2	2	3	1	2	2	3	3	1	1	3	3	3	1	1	1	2	2	2	2	3	2	2	1	2	2	2	1	2	1	3	2	2	2	2	2	2	2	4	4	3	1	2	2	2	2	3	3	4	4	3	3	4	1	3	1	2	1	2	1	2	2	1	1	3	3	1	1	4	4	4	4	1	1	2	2	2	2	1	1	2	2	2	2	1	1	3	2	3	3	3	1	2	2	3	2	2	2	2	1	3	3	2	2	2	2	1	1	2	2	3	3	3	3	4	4	2	1	2	2	2	1	3	3	2	2	3	1	3	2	2	2	3	3	3	3	2	2	3	3	3	2	3	3	2	1	2	2	1	1	3	3	4	4	3	3	1	1	1	1	2	1	2	1	2	2	4	4	1	1	1	1	3	2	2	2	3	3	1	1	1	1	3	2	2	2	2	2	2	1	2	2	3	3	1	1	3	3	5	2	1	1	2	2	2	1	3	1	3	3	3	3	3	2	4	2	3	3	2	2	5	1	2	2	4	3	3	1	2	1	2	1	1	1	2	2	2	2	3	2	2	2	3	3	1	1	2	1	2	1	3	1	3	3	2	2	1	1	2	1	2	1	2	2	3	3	4	4	2	2	3	1	4	4	3	1	2	1	3	3	2	2	3	2	3	3	3	2	2	2	2	1	3	2	4	3	5	5	1	1	2	2	1	1	2	2	2	2	2	1	1	1	2	2	2	2	3	2	5	5	4	2	2	1	2	2	1	1	1	1	1	1	2	1	5	5	2	2	1	1	2	2	2	1	4	4	3	2	4	4	2	2	2	2	2	1	3	1	2	2	3	2	3	3	3	2	3	3	3	2	1	1	4	2	3	2	3	2	2	2	4	4	2	2	2	2	4	4	2	1	3	3	3	3	3	2	4	4	2	2	2	2	3	3	2	2
21G.0238	2	1	1	1	4	4	3	1	2	1	3	3	4	4	4	1	3	3	5	5	2	2	2	2	3	3	4	4	3	3	2	2	2	2	2	2	3	3	3	3	1	1	3	3	1	1	3	2	1	1	3	3	1	1	2	2	2	2	2	1	2	1	5	5	3	3	3	3	2	1	1	1	3	1	3	3	3	1	3	3	3	3	2	1	2	2	3	3	3	1	2	2	3	3	1	1	3	3	2	1	2	2	2	2	3	1	2	2	4	4	3	3	2	2	1	1	2	2	3	1	3	1	3	3	2	1	2	2	4	4	2	2	3	3	2	1	4	3	3	3	2	2	0	0	3	2	3	1	1	1	2	2	3	3	2	1	2	2	1	1	3	3	1	1	2	2	1	1	3	3	2	1	3	3	3	3	2	2	2	2	3	3	2	1	3	2	2	2	2	2	1	1	7	4	3	3	1	1	1	1	2	2	3	3	3	1	3	3	2	2	2	2	3	3	1	1	2	2	4	1	3	3	3	3	3	3	2	2	1	1	2	1	1	1	2	1	1	1	2	2	2	2	2	2	2	2	3	3	3	2	3	3	1	1	2	2	2	1	2	2	2	2	2	2	3	3	3	2	4	1	1	1	1	1	2	2	3	1	2	1	3	2	3	3	2	2	3	3	3	3	2	2	3	3	3	1	3	3	2	1	2	2	2	2	2	2	3	3	2	2	1	1	2	1	2	2	3	3	1	1	2	1	2	2	2	2	3	3	2	2	3	3	5	5	4	4	3	3	2	2	1	1	1	1	2	2	3	3	1	1	3	3	2	2	1	1	2	2	1	1	3	2	3	3	2	2	2	2	4	4	3	3	1	1	3	1	3	2	4	4	3	1	2	2	2	2	2	2	2	2	2	2	3	3	2	2	3	1	1	1	2	2	3	3	3	2	3	3	2	2	1	1	3	1	4	2	2	2	3	3	4	4	3	2	1	1	3	2	2	2	2	1	3	2	2	1	3	3	2	2	3	2	3	1	1	1	3	3	4	2	2	2	1	1	3	3	2	1	2	2	2	2	1	1	2	1	2	2	1	1	4	2	5	2	4	4	5	3	3	3	3	1	2	1	3	3	1	1	5	5	2	2	2	2	2	2	2	2	2	2	3	2	2	2	2	2	2	2	2	2	4	1	2	2	3	2	3	1	2	2	3	3	3	2	2	2	2	2	3	3	3	2	3	3	4	4	2	1	3	3	4	4	2	2	1	1	1	1	1	1	3	3	3	3	3	3	2	2	1	1
21G.0242	2	2	3	2	1	1	3	3	1	1	1	1	4	3	4	4	2	2	1	1	3	3	1	1	2	2	3	3	2	1	2	2	2	2	2	2	3	1	1	1	4	4	3	1	3	1	3	2	2	2	1	1	2	2	2	1	2	2	1	1	2	2	4	4	2	2	3	2	2	2	2	2	3	3	3	3	3	3	3	3	3	3	1	1	3	2	3	3	1	1	2	2	3	3	3	3	4	4	2	2	3	2	2	1	3	3	2	1	4	4	2	1	3	3	2	2	2	1	4	2	3	3	3	3	2	2	3	3	4	2	2	2	3	2	2	1	4	4	2	2	2	2	2	1	2	1	3	3	2	2	1	1	3	3	4	4	1	1	2	1	3	3	2	2	3	3	1	1	3	1	1	1	2	2	3	3	1	1	4	1	2	2	2	2	3	3	1	1	2	1	1	1	4	4	2	2	1	1	2	1	3	2	3	2	3	1	1	1	1	1	4	4	2	2	1	1	2	1	3	3	3	3	4	4	4	4	2	1	2	2	2	2	2	1	2	1	2	1	2	2	2	2	1	1	2	2	2	2	4	4	2	1	2	1	3	3	1	1	2	2	3	3	2	2	3	1	3	3	4	4	3	1	1	1	2	2	2	2	2	2	2	2	3	3	1	1	3	3	3	3	2	2	4	4	3	1	3	3	1	1	2	2	2	2	3	3	3	1	2	2	1	1	3	3	2	1	2	2	2	1	4	4	2	2	2	1	3	2	5	3	3	3	5	2	5	5	2	2	1	1	2	1	2	2	2	2	2	2	2	1	1	1	4	2	1	1	2	2	2	2	2	1	1	1	1	1	2	1	4	4	3	3	1	1	1	1	3	3	5	5	3	3	1	1	1	1	2	2	2	2	2	1	3	1	2	2	2	1	1	1	1	1	2	1	2	2	2	2	1	1	2	2	2	2	3	2	2	2	3	1	3	3	2	2	1	1	3	3	3	2	2	2	4	3	3	2	1	1	3	2	2	2	3	3	2	2	3	3	4	2	5	5	2	2	3	3	2	1	2	2	2	2	2	2	2	2	2	2	1	1	2	2	5	5	4	2	4	2	3	3	3	3	2	1	1	1	1	1	3	3	2	1	3	3	1	1	2	2	2	2	4	4	2	2	3	2	2	2	2	2	4	3	2	2	3	3	2	2	3	2	2	2	3	1	3	3	2	2	3	3	3	3	1	1	3	3	2	1	3	3	3	3	2	1	3	1	2	2	3	1	4	4	3	1	3	3	2	2	1	1
21G.0243	2	2	3	2	4	4	3	2	1	1	1	1	4	3	4	4	3	1	5	3	2	2	3	3	2	2	4	4	2	1	2	2	2	2	3	2	3	3	2	2	3	2	3	3	3	3	3	2	2	2	3	1	2	1	2	2	2	2	2	2	2	2	4	4	2	1	2	2	2	2	2	2	3	1	4	4	3	3	2	1	1	1	2	2	3	2	5	2	3	2	2	2	3	3	1	1	4	4	1	1	2	2	2	2	3	2	2	2	4	4	3	3	3	1	2	2	3	1	1	1	3	3	3	1	3	3	3	3	4	4	2	1	3	3	2	1	3	3	3	3	1	1	2	1	3	2	5	3	2	2	1	1	3	1	2	1	1	1	1	1	3	3	1	1	2	2	1	1	4	3	2	1	3	3	3	3	2	1	2	2	3	3	1	1	2	1	2	1	2	2	1	1	4	4	2	2	2	1	2	1	4	4	4	4	1	1	4	4	3	3	4	4	2	1	2	2	1	1	2	2	3	3	3	2	4	3	2	2	2	2	2	2	2	2	3	3	2	1	2	1	2	2	3	3	2	2	2	2	4	1	2	2	2	2	3	2	1	1	1	1	3	3	2	2	3	3	3	3	4	4	3	3	1	1	1	1	2	2	2	2	3	2	3	3	1	1	3	3	4	3	2	1	4	4	1	1	2	2	1	1	2	2	2	2	3	3	3	3	3	2	2	1	2	2	2	2	3	3	1	1	3	3	2	2	3	1	3	3	4	4	3	3	4	4	2	2	1	1	2	2	2	2	2	2	2	1	2	2	1	1	3	1	4	1	2	1	2	1	2	2	2	2	2	1	1	1	3	3	4	4	3	2	2	1	1	1	1	1	5	5	3	1	2	1	1	1	2	2	2	1	2	1	1	1	2	1	3	2	1	1	2	2	2	2	3	3	2	2	1	1	1	1	2	2	3	2	2	1	2	1	3	3	3	3	3	3	3	3	2	2	2	1	3	3	2	2	3	3	3	3	3	3	3	3	3	3	3	3	4	2	2	2	1	1	1	1	2	2	2	2	2	2	2	1	3	1	2	2	2	1	3	2	5	2	4	2	3	1	3	3	2	2	2	1	5	3	2	1	4	2	3	3	3	2	2	1	1	1	4	1	4	2	4	4	2	2	2	1	2	2	3	3	2	2	3	3	3	3	3	3	3	3	3	3	1	1	2	2	2	2	3	1	2	1	4	4	2	2	3	1	4	4	4	4	1	1	2	2	2	1	4	3	2	2	3	3	2	2	3	3
21G.0249	2	2	2	1	4	1	3	3	2	2	3	1	3	3	3	3	1	1	3	2	3	3	2	1	2	1	4	4	4	2	3	2	3	3	2	2	3	3	3	2	3	3	3	1	1	1	2	1	2	2	4	4	2	2	1	1	2	2	2	2	3	3	5	5	3	3	1	1	3	3	3	3	3	2	3	3	3	3	2	2	2	2	2	2	2	2	4	4	2	1	2	1	1	1	1	1	3	3	2	1	2	2	1	1	3	3	2	1	4	4	3	3	2	2	2	1	2	2	3	3	3	1	2	2	2	1	3	3	4	2	3	1	3	1	2	1	3	3	3	1	2	2	2	2	2	2	3	1	3	2	2	2	3	3	2	2	2	2	2	1	3	2	2	2	2	2	2	1	3	3	1	1	3	3	2	2	2	2	2	1	2	1	2	1	2	2	2	1	2	2	2	1	2	2	2	2	1	1	2	1	2	2	2	1	2	2	2	2	1	1	4	4	1	1	2	2	2	2	4	4	3	3	4	4	1	1	2	1	2	1	2	2	1	1	2	2	3	3	2	1	3	3	3	3	1	1	3	3	3	1	3	3	2	1	3	3	2	2	2	1	3	3	2	1	3	3	3	3	4	2	3	2	1	1	1	1	2	2	1	1	2	2	3	3	1	1	3	2	3	3	2	2	3	3	3	3	3	2	3	3	1	1	2	2	2	2	3	3	2	1	2	2	3	3	1	1	2	2	2	2	4	3	2	2	2	2	3	3	1	1	3	3	1	1	5	1	3	2	1	1	2	2	2	1	2	1	2	2	1	1	1	1	4	4	1	1	2	1	2	2	3	2	3	3	3	3	3	1	4	4	3	2	2	2	5	5	2	2	5	5	3	2	2	1	1	1	1	1	1	1	3	2	2	1	2	2	3	1	3	1	1	1	3	1	2	2	3	3	2	2	2	1	2	1	2	2	2	1	3	3	1	1	2	1	3	1	3	3	3	3	2	2	4	4	3	3	3	1	3	3	3	2	3	2	3	2	3	3	3	2	5	1	3	3	2	2	1	1	2	2	2	1	2	1	3	3	1	1	1	1	3	3	2	2	5	3	4	3	2	2	1	1	2	2	5	3	2	1	4	4	2	2	3	3	2	2	2	2	2	2	4	4	4	4	3	3	2	2	3	3	1	1	1	1	3	3	2	2	3	3	3	3	2	2	1	1	2	1	2	2	3	3	1	1	4	4	3	1	2	2	4	4	4	1	3	3	3	2	2	2	3	1	2	2	3	3	2	1	2	2
21G.0256	2	2	2	2	4	4	2	1	2	1	3	3	3	3	3	3	2	2	3	2	3	3	2	1	2	2	4	2	4	2	2	2	1	1	1	1	4	3	3	3	2	2	1	1	3	1	3	3	2	1	3	3	2	2	2	2	2	2	1	1	2	2	4	4	2	2	3	3	3	3	2	2	3	3	4	4	3	3	2	1	3	3	2	2	1	1	2	2	3	3	2	2	3	3	2	2	4	3	3	3	3	2	2	2	3	3	2	1	4	1	3	1	2	2	2	2	3	2	2	2	2	2	2	1	3	3	3	2	4	1	3	3	3	3	2	2	4	4	2	2	1	1	2	2	3	2	5	5	1	1	2	1	3	3	4	4	2	2	2	1	2	2	2	1	3	3	3	1	3	3	1	1	3	3	3	2	1	1	4	4	3	2	3	3	3	3	2	2	2	2	2	2	6	1	3	1	1	1	2	1	2	2	2	1	3	1	4	4	2	2	4	4	2	1	2	2	1	1	4	2	3	3	4	3	4	4	2	2	2	1	2	1	2	2	2	2	3	3	2	2	3	2	3	2	2	1	3	1	4	2	3	3	2	2	3	3	2	2	2	2	3	2	2	2	3	1	3	3	4	4	2	1	3	2	2	2	2	2	2	2	3	3	3	3	2	2	3	3	3	2	2	2	3	3	1	1	3	3	3	1	2	2	2	2	1	1	1	1	2	2	1	1	3	3	2	1	3	3	2	2	2	2	2	1	2	1	3	3	5	4	3	3	5	4	4	4	2	2	1	1	2	2	3	1	2	2	3	3	1	1	2	2	5	5	2	2	2	2	1	1	3	1	3	2	3	3	3	2	4	4	3	2	2	2	1	1	3	3	5	5	3	3	1	1	2	2	2	1	2	2	2	2	3	3	2	2	3	2	3	1	2	1	2	1	3	3	2	2	1	1	2	2	1	1	2	2	2	2	2	1	3	3	3	1	3	1	4	4	3	3	2	2	3	2	3	3	3	1	3	2	0	0	3	3	3	1	3	3	4	4	5	2	1	1	3	3	2	2	1	1	2	2	2	1	3	1	2	2	2	1	4	4	5	2	3	1	4	1	1	1	3	3	1	1	1	1	2	2	5	5	3	2	1	1	2	2	1	1	4	4	3	3	4	4	1	1	1	1	3	3	4	3	2	2	3	2	3	3	4	4	2	1	3	2	3	1	4	1	2	2	3	3	3	3	3	3	2	2	3	3	4	4	1	1	1	1	3	2	3	2	4	2	3	3	3	3	2	2	2	1
21G.0273	2	1	1	1	4	4	2	1	2	1	1	1	0	0	4	4	2	2	2	1	3	3	1	1	3	1	4	2	4	1	3	2	2	2	2	2	4	4	3	3	1	1	3	3	3	1	3	2	2	1	3	2	2	2	3	1	2	1	2	1	2	1	4	4	3	1	1	1	3	3	2	2	3	3	3	3	3	1	3	1	3	3	2	2	2	2	5	4	1	1	2	2	3	3	3	3	2	2	2	1	2	1	3	3	1	1	1	1	4	2	3	1	2	1	2	2	2	2	0	0	1	1	2	1	2	2	3	3	4	1	2	2	3	2	1	1	4	4	2	2	1	1	1	1	3	3	1	1	2	2	2	2	3	3	4	4	1	1	2	2	2	2	2	2	2	2	1	1	3	1	2	1	0	0	3	2	2	2	2	1	2	2	3	1	2	2	2	1	2	2	1	1	7	4	3	3	1	1	1	1	2	2	1	1	2	1	4	4	2	1	4	4	2	1	2	2	2	2	4	4	3	2	3	3	3	3	2	1	2	2	3	3	2	2	2	2	2	1	2	2	2	2	3	3	2	2	3	3	3	2	3	3	1	1	3	2	2	2	2	2	4	1	3	3	3	1	3	3	5	5	1	1	3	3	2	2	2	2	0	0	3	3	3	2	2	2	3	3	3	3	2	1	3	1	3	3	2	2	3	2	2	2	1	1	3	2	3	3	3	3	3	3	2	2	0	0	2	2	0	0	4	4	2	1	2	2	3	3	3	1	1	1	4	2	0	0	2	2	2	1	2	2	2	2	2	2	2	2	1	1	2	1	5	5	1	1	1	1	2	2	3	3	0	0	3	1	3	3	4	3	2	2	2	1	1	1	3	2	4	4	1	1	2	2	1	1	2	1	2	2	3	2	0	0	2	2	2	2	2	1	2	2	2	1	3	3	3	2	2	2	2	1	1	1	3	2	3	2	3	1	4	4	3	3	3	3	0	0	3	3	2	1	3	3	2	2	3	3	3	3	0	0	3	3	2	1	3	1	2	2	5	5	2	2	3	2	0	0	1	1	2	2	1	1	1	1	2	2	2	2	3	3	2	2	5	5	4	4	3	3	2	2	2	2	2	1	1	1	3	3	2	2	3	3	2	2	2	2	3	2	4	2	4	2	2	2	2	2	2	1	4	1	2	2	3	3	1	1	3	3	3	3	3	3	2	2	2	2	2	2	1	1	2	1	4	4	2	2	2	2	2	1	2	1	3	3	3	2	3	3	4	4	3	3	3	3	0	0	2	2
21G.0274	2	2	3	3	3	3	3	3	1	1	1	1	3	3	3	3	1	1	2	2	3	1	2	1	2	2	4	4	4	4	3	2	2	2	3	3	3	3	3	3	3	1	1	1	3	3	2	2	2	2	3	1	2	2	1	1	2	2	1	1	3	2	5	5	2	2	2	1	3	3	2	2	3	3	4	4	3	3	3	2	3	3	2	2	3	3	4	4	3	2	2	2	3	1	2	1	4	3	3	3	3	2	2	1	1	1	2	2	4	4	2	2	3	2	2	2	2	1	3	3	3	3	2	2	3	3	3	1	4	4	3	3	3	3	2	2	3	3	2	2	1	1	2	2	2	2	3	3	3	3	2	2	3	3	4	4	1	1	2	2	3	2	3	3	2	2	3	3	3	3	1	1	2	1	3	2	1	1	1	1	2	2	3	3	3	3	1	1	2	2	2	1	6	6	3	3	1	1	2	2	2	2	3	3	3	1	4	1	3	3	2	2	2	2	2	2	2	1	3	2	3	3	4	1	3	1	1	1	1	1	3	2	1	1	1	1	1	1	2	2	2	1	3	2	2	2	3	3	3	3	2	2	2	2	2	2	2	2	2	1	2	1	2	1	3	3	2	2	4	2	1	1	3	2	2	2	3	2	2	1	3	3	3	3	2	2	3	2	3	3	2	1	4	1	3	2	3	2	2	2	2	1	2	1	2	1	4	4	2	2	2	1	2	1	2	1	3	3	2	2	3	3	2	2	2	2	3	3	4	4	3	3	5	5	3	1	2	2	2	1	2	2	2	2	3	3	2	2	1	1	3	1	5	5	2	1	2	2	2	2	1	1	3	3	3	3	3	3	4	4	3	3	2	2	3	3	1	1	4	4	3	3	2	1	2	2	2	2	2	2	2	2	1	1	1	1	3	3	3	3	2	2	3	1	2	2	3	3	2	2	2	1	2	2	2	2	2	2	3	3	3	3	2	2	3	2	4	3	3	1	2	2	3	2	3	3	3	1	3	3	3	3	3	3	2	1	3	3	2	2	4	4	2	2	1	1	2	1	2	2	2	1	2	2	3	3	2	1	1	1	3	3	2	2	4	2	3	3	3	2	3	3	2	1	1	1	2	2	4	2	3	1	2	1	2	1	2	2	4	1	4	4	4	2	2	2	2	1	3	3	5	3	2	2	3	2	3	1	4	3	3	2	3	1	3	1	4	2	3	2	3	3	1	1	3	3	3	2	3	3	3	2	4	4	3	3	3	3	3	3	1	1	2	1	3	3	2	2	2	2
21G.0281	1	1	3	3	1	1	3	3	2	2	1	1	4	4	3	3	2	2	2	2	2	1	3	3	2	1	4	4	4	1	3	3	2	2	2	2	4	1	3	2	3	3	3	3	3	3	3	3	1	1	3	3	2	2	2	2	2	2	2	2	2	2	3	3	2	2	1	1	3	3	2	2	3	3	3	3	3	2	3	3	3	3	2	2	2	2	4	4	3	1	2	2	3	3	3	3	4	4	2	2	2	2	2	2	3	2	2	2	2	1	3	3	3	3	1	1	3	2	4	1	2	1	1	1	1	1	3	3	4	1	2	2	3	2	1	1	4	4	3	2	1	1	2	1	3	2	1	1	1	1	2	2	3	3	2	2	2	2	1	1	2	2	2	2	2	2	3	1	3	3	2	1	3	3	2	2	2	2	2	2	2	1	3	3	2	1	1	1	2	2	1	1	7	4	3	3	1	1	2	2	3	3	2	2	3	3	4	2	2	1	4	2	3	3	1	1	2	1	4	4	2	1	4	4	3	1	2	2	2	1	3	3	2	1	3	3	1	1	2	1	2	2	3	3	2	2	2	2	4	4	3	3	2	2	3	3	2	2	2	2	4	4	3	2	3	3	3	2	4	4	1	1	3	3	2	2	2	2	2	2	3	2	3	3	2	2	3	3	4	3	1	1	3	1	3	3	2	2	3	3	2	2	2	2	2	2	3	1	3	2	3	3	2	2	2	2	2	2	2	2	4	4	2	1	1	1	3	3	5	1	3	3	3	1	4	1	3	3	2	2	2	2	2	1	1	1	3	3	2	2	3	3	4	4	1	1	2	1	2	1	2	2	3	3	3	3	3	3	4	3	3	3	2	2	3	3	3	2	5	5	1	1	2	2	1	1	2	1	2	2	3	2	3	3	2	2	2	2	2	1	2	2	3	2	3	3	3	2	2	2	2	2	2	1	3	2	2	2	1	1	4	4	2	2	3	3	4	3	2	1	2	1	3	3	2	2	3	3	3	3	2	2	3	3	2	2	3	1	4	3	2	2	2	2	2	2	1	1	2	2	2	1	1	1	2	2	2	1	1	1	4	3	5	5	4	4	4	4	3	3	2	1	2	2	1	1	2	2	4	4	3	2	1	1	2	2	2	2	3	3	4	4	2	2	2	2	2	2	3	1	4	4	2	1	3	3	3	3	3	2	3	3	3	1	2	1	4	3	3	3	3	1	2	1	4	2	2	1	3	3	2	1	2	2	2	1	2	2	3	1	3	3	2	1	3	1	3	2	1	1
21G.0282	2	1	3	3	1	1	3	2	1	1	3	3	4	3	4	4	2	1	3	3	3	3	1	1	3	1	4	4	4	4	3	3	2	2	2	2	3	3	2	1	3	3	3	3	3	3	3	2	1	1	3	3	1	1	2	1	2	1	1	1	2	2	4	1	3	3	2	1	2	2	3	3	3	3	3	3	2	2	1	1	3	3	1	1	2	1	5	3	1	1	2	2	3	3	3	3	4	2	2	1	2	2	3	3	2	2	2	1	2	2	3	3	2	2	1	1	3	2	4	4	1	1	2	1	2	1	3	3	4	2	3	1	3	3	2	1	4	3	2	2	2	2	2	1	3	3	3	3	3	2	2	2	3	3	2	2	2	2	1	1	2	2	2	1	2	2	1	1	3	3	2	1	3	3	3	1	2	2	2	2	2	2	3	3	2	2	2	2	2	2	1	1	7	6	3	3	1	1	2	2	3	3	2	1	3	1	4	2	3	3	2	2	2	1	2	2	1	1	4	2	3	3	4	4	3	3	2	2	1	1	3	3	2	2	3	3	1	1	2	2	2	2	3	1	2	2	2	2	4	4	3	1	1	1	2	2	2	2	2	2	4	4	3	2	2	2	3	2	5	5	1	1	3	3	2	2	0	0	2	2	3	3	3	3	2	2	3	3	4	3	1	1	3	1	3	3	3	2	3	3	2	1	2	2	3	2	3	1	2	2	2	2	1	1	2	2	2	1	2	2	4	4	2	1	2	2	3	1	5	2	3	3	5	3	4	2	3	3	2	2	2	1	2	2	3	3	3	3	2	2	3	2	4	2	1	1	2	1	2	2	2	2	3	3	3	3	3	3	3	3	3	2	2	2	3	3	3	3	5	5	3	1	2	2	1	1	2	1	2	2	3	2	3	3	2	2	2	2	1	1	2	1	3	2	3	3	3	3	2	2	2	2	3	3	3	2	2	2	3	3	4	4	2	2	3	3	3	2	3	3	2	2	2	2	2	2	3	3	3	3	3	3	3	1	2	2	3	3	4	4	2	2	3	3	1	1	1	1	2	2	2	2	1	1	1	1	1	1	2	1	3	3	4	2	4	4	4	4	3	3	3	3	2	2	2	1	2	2	4	2	3	3	2	1	2	2	2	2	3	3	4	1	2	2	2	2	2	2	2	2	1	1	2	2	3	3	3	3	3	3	3	2	1	1	3	3	3	2	2	2	3	3	2	1	4	1	2	2	1	1	4	1	2	2	2	2	2	2	3	3	3	2	2	1	3	3	2	2	2	2
21G.0298	2	1	1	1	4	4	3	3	1	1	1	1	4	4	4	4	2	2	3	1	3	3	2	1	2	2	4	4	1	1	2	2	3	3	2	2	3	3	3	1	3	3	3	3	3	1	2	2	2	1	3	3	2	2	2	2	2	2	2	2	2	2	5	5	2	2	2	2	3	2	2	2	3	2	3	3	3	2	2	2	3	3	2	1	3	3	2	2	3	3	2	2	1	1	1	1	4	4	2	1	3	3	2	1	3	3	2	1	4	4	2	1	3	1	2	1	2	2	4	4	3	3	3	3	3	2	2	2	2	2	3	3	3	3	2	2	3	3	2	2	1	1	2	2	2	2	1	1	1	1	2	2	3	1	4	1	2	2	2	2	2	2	3	2	2	2	2	1	3	3	1	1	3	3	3	3	2	2	2	2	2	2	1	1	3	3	2	2	2	2	2	2	7	4	3	2	2	2	2	2	3	2	3	3	3	2	3	2	2	1	2	2	3	3	2	2	1	1	3	1	3	3	4	4	4	4	2	2	1	1	2	1	1	1	3	3	1	1	2	2	3	3	1	1	2	2	3	3	4	4	1	1	3	1	2	2	1	1	2	1	2	2	2	1	3	3	2	2	4	4	1	1	1	1	2	2	0	0	2	2	2	2	3	3	1	1	3	2	4	1	2	1	4	1	3	3	3	3	1	1	2	2	2	2	3	2	3	3	2	2	2	1	3	1	2	2	2	1	2	1	3	3	1	1	2	2	3	2	5	5	3	2	3	3	2	1	2	2	1	1	2	2	2	2	2	2	2	2	1	1	3	3	5	5	1	1	2	2	2	1	2	2	3	3	3	1	2	1	4	2	3	1	2	1	4	4	3	3	4	4	3	3	1	1	2	2	2	2	2	2	2	2	1	1	2	2	3	3	3	3	1	1	3	1	3	3	3	3	1	1	1	1	2	1	2	2	2	2	3	2	4	4	3	3	3	3	3	3	3	2	2	2	2	2	3	1	3	3	3	3	2	2	3	3	2	1	5	2	4	4	2	1	3	1	3	1	1	1	2	1	2	2	2	2	1	1	2	2	1	1	4	4	2	2	4	2	4	2	3	3	1	1	2	1	1	1	2	1	2	2	2	1	2	2	2	1	1	1	4	3	3	3	2	2	2	2	1	1	3	3	3	1	2	1	3	3	3	3	2	1	3	3	2	2	1	1	4	4	3	3	3	3	3	3	3	2	2	1	3	1	3	1	4	4	2	2	3	3	3	3	3	2	3	2	3	2	2	1	2	1
21G.0299	2	1	3	3	4	4	3	3	1	1	3	3	4	1	4	3	2	1	3	1	2	2	2	2	2	1	4	4	2	2	3	3	2	2	2	2	3	3	3	1	3	3	3	1	3	1	2	2	1	1	3	3	2	1	2	1	2	1	1	1	3	2	5	5	2	2	4	2	2	2	2	2	3	3	4	4	3	3	1	1	3	3	2	2	2	2	5	1	2	1	1	1	1	1	1	1	4	4	2	2	3	3	2	2	3	3	2	2	4	4	2	2	3	1	2	2	2	1	4	4	2	2	1	1	3	1	3	3	4	2	3	1	3	3	2	2	3	3	2	2	1	1	2	2	2	2	5	5	2	2	2	1	3	1	4	4	1	1	2	2	3	1	3	2	3	2	3	1	3	1	1	1	3	1	3	2	1	1	2	2	2	2	1	1	3	3	2	2	2	2	2	2	7	7	3	3	1	1	2	2	3	2	3	2	3	1	4	1	3	3	4	2	1	1	2	2	1	1	3	3	3	3	4	1	3	1	1	1	2	2	2	2	2	2	2	1	3	3	2	1	2	2	3	3	2	2	3	3	4	3	3	2	1	1	3	3	1	1	1	1	3	3	2	2	3	1	3	3	4	4	3	3	1	1	1	1	2	2	1	1	3	2	3	3	2	1	3	2	3	3	2	1	5	4	1	1	3	3	2	2	1	1	2	2	3	2	3	1	2	2	1	1	3	3	2	2	2	2	1	1	3	3	1	1	2	2	3	3	2	2	3	3	4	4	5	1	2	2	1	1	2	2	1	1	2	2	2	2	1	1	1	1	4	1	1	1	2	1	2	1	1	1	3	1	3	1	2	2	4	4	3	3	2	2	5	5	3	3	4	4	1	1	2	2	1	1	2	2	2	2	1	1	1	1	2	2	3	1	1	1	2	1	2	2	2	2	2	2	2	1	2	2	2	2	2	2	3	2	3	1	4	4	3	3	3	1	3	3	2	2	2	2	3	3	2	2	3	1	3	2	3	2	2	2	3	2	5	5	4	2	3	2	2	2	3	1	2	2	2	1	2	2	2	2	3	1	2	2	1	1	3	2	5	2	2	2	2	2	3	2	3	1	1	1	5	1	2	2	5	5	3	3	2	2	1	1	1	1	4	4	4	1	2	2	1	1	1	1	3	3	3	3	2	1	3	3	3	1	3	3	2	2	3	3	3	3	4	2	3	3	3	3	2	2	4	3	3	3	1	1	3	3	2	2	2	1	3	3	3	3	4	4	3	3	3	3	2	2	1	1
21G.0303	2	2	1	1	1	1	3	3	2	2	3	1	3	3	4	4	2	2	2	2	3	3	1	1	1	1	4	4	4	4	2	2	2	2	2	2	4	4	3	3	3	3	3	3	3	3	3	3	2	2	3	3	2	2	2	2	2	2	2	1	3	1	5	3	3	2	1	1	3	1	2	2	3	3	4	4	3	3	1	1	3	3	2	1	3	2	5	5	3	3	2	2	2	2	3	2	4	3	1	1	3	2	3	3	3	1	2	2	4	2	3	3	2	1	2	1	3	3	4	4	2	2	3	3	3	2	3	2	4	1	2	2	3	2	2	1	4	4	2	2	2	2	1	1	1	1	5	5	3	2	2	2	3	1	2	2	2	1	1	1	3	3	3	2	2	2	3	3	3	1	1	1	3	3	3	3	2	2	2	1	2	2	1	1	2	2	2	2	2	1	2	1	6	4	2	2	1	1	2	2	2	2	4	4	3	1	4	1	1	1	1	1	2	2	1	1	2	2	3	3	3	3	3	3	4	4	2	2	2	1	3	1	2	1	2	2	2	1	2	2	3	3	3	2	2	2	3	3	3	3	3	1	2	2	3	3	1	1	2	2	4	1	2	2	3	1	3	2	4	4	1	1	2	2	1	1	2	2	2	1	3	2	3	2	1	1	3	3	1	1	2	2	4	1	1	1	3	2	2	2	2	1	2	2	2	2	3	3	2	2	3	3	2	2	1	1	2	2	2	1	4	3	2	1	1	1	3	3	5	3	1	1	3	3	2	2	2	2	1	1	2	2	1	1	2	2	3	2	1	1	3	1	5	5	1	1	2	2	1	1	3	2	3	3	2	2	2	2	3	3	3	2	2	2	3	3	2	1	4	4	3	3	2	2	2	1	1	1	2	2	3	3	3	3	2	2	3	2	3	1	2	2	2	2	3	3	3	3	2	1	2	2	2	1	3	2	3	3	3	3	4	4	2	2	3	3	4	2	3	3	2	1	3	3	2	2	3	3	3	3	2	2	3	3	1	1	3	1	4	1	5	5	2	1	1	1	2	2	1	1	2	2	2	2	3	2	2	1	2	2	3	2	5	2	5	5	3	3	3	3	2	2	2	1	1	1	2	2	5	5	3	2	3	3	2	2	2	1	4	2	2	1	4	4	2	2	1	1	2	2	3	1	2	2	3	3	2	2	4	3	3	3	3	3	3	1	2	2	2	2	3	3	3	1	4	2	2	2	2	2	4	4	4	2	3	3	3	3	3	3	1	1	1	1	3	3	2	2	1	1
21G.0316	2	1	1	1	4	4	2	2	2	2	2	1	3	3	4	4	2	2	3	3	2	1	2	2	2	2	4	4	1	1	2	2	2	2	2	2	3	3	3	1	3	3	3	1	3	1	3	2	2	2	3	3	2	2	2	1	2	2	2	1	3	1	4	4	3	3	1	1	3	3	3	2	3	3	3	3	3	3	3	3	3	3	2	2	2	2	5	4	2	1	2	2	3	3	2	2	3	3	2	1	1	1	3	3	3	1	1	1	4	4	3	3	2	2	2	2	2	2	4	3	1	1	2	2	2	1	3	3	4	4	2	2	3	3	2	2	2	2	2	2	2	2	2	1	3	1	5	5	1	1	2	1	2	2	2	1	3	3	2	2	3	2	2	2	3	3	1	1	1	1	2	2	2	2	3	3	2	2	4	1	2	2	3	2	3	3	2	1	2	2	2	1	7	4	3	3	1	1	1	1	4	4	4	4	3	3	3	1	2	1	2	1	2	2	2	2	2	1	3	3	2	1	4	3	4	4	2	2	2	2	2	2	2	2	3	2	2	1	2	2	2	1	2	1	3	3	3	3	3	3	2	1	1	1	2	2	1	1	2	2	2	2	2	1	1	1	3	3	4	2	2	1	2	1	2	2	3	3	1	1	3	2	3	1	2	2	2	2	3	2	2	2	4	3	3	3	3	3	3	1	2	1	2	2	2	2	3	3	3	3	2	2	3	3	2	1	3	3	1	1	4	1	2	2	2	2	3	3	5	5	3	3	4	4	2	1	2	2	2	1	2	2	1	1	3	3	3	2	1	1	3	3	5	1	2	1	2	1	2	2	1	1	3	3	3	3	3	3	4	4	3	2	1	1	3	3	3	3	4	4	3	3	2	2	2	2	2	2	2	2	2	1	3	3	2	2	3	3	1	1	2	2	2	2	2	2	3	2	2	1	2	1	1	1	4	3	2	2	2	2	3	1	3	1	3	1	3	2	3	3	2	2	3	2	2	2	3	1	3	3	3	3	2	2	1	1	3	3	4	2	5	2	2	2	3	2	2	2	2	1	2	2	2	2	3	3	1	1	2	2	4	4	5	5	4	4	4	3	3	3	3	1	1	1	3	1	1	1	5	4	2	2	4	4	2	2	2	2	4	4	2	2	4	4	3	1	2	1	2	2	3	1	2	1	3	3	3	3	3	2	3	3	3	3	1	1	2	2	2	2	2	1	3	3	4	3	2	2	3	3	1	1	4	4	3	1	3	3	3	3	4	4	2	1	3	3	2	2	2	1
21G.0321	2	2	2	1	4	4	2	2	2	2	3	1	3	3	4	3	2	2	5	5	3	3	2	2	2	2	4	4	4	4	2	2	2	1	2	1	3	3	1	1	2	1	2	2	1	1	3	3	2	2	3	2	2	2	2	2	2	2	1	1	2	2	5	4	3	2	1	1	3	2	2	1	3	3	3	3	1	1	2	2	3	3	2	1	3	2	4	3	2	2	2	2	3	3	2	2	3	2	3	1	2	2	2	2	3	1	2	2	4	4	1	1	2	2	2	2	2	2	2	1	3	3	2	2	3	3	3	3	2	2	3	3	3	3	2	1	2	2	3	3	1	1	2	2	2	1	5	5	2	1	2	1	3	3	2	1	3	1	2	2	2	2	2	2	2	2	3	3	3	3	1	1	3	3	3	3	1	1	4	4	2	2	3	3	3	1	1	1	2	2	2	2	4	4	3	1	2	1	2	2	4	4	1	1	2	1	4	2	2	2	2	2	3	3	2	2	2	1	3	3	3	3	3	3	4	4	2	1	2	2	2	1	2	2	2	2	1	1	2	2	2	2	2	2	2	2	3	3	4	1	3	2	2	1	3	2	1	1	2	2	4	2	3	2	3	3	3	2	4	1	1	1	3	3	2	2	3	3	2	2	3	3	3	3	2	2	3	3	3	3	2	2	3	3	3	3	2	1	2	2	2	2	1	1	2	2	3	3	2	2	3	3	2	2	2	2	3	3	2	2	2	1	2	2	2	2	3	3	5	2	3	2	4	2	2	2	2	2	1	1	2	2	1	1	2	2	3	3	1	1	3	3	4	4	1	1	2	2	2	2	2	2	3	3	3	1	2	2	4	2	3	3	2	2	1	1	3	2	4	4	3	1	2	2	2	1	2	2	2	1	2	1	2	1	2	1	3	2	3	1	2	2	3	1	3	3	3	2	2	2	1	1	2	1	2	1	2	2	3	3	4	4	2	2	3	3	3	3	3	3	2	2	3	2	3	3	3	1	3	3	2	2	2	2	3	3	3	3	4	1	5	1	1	1	3	2	2	2	1	1	2	2	1	1	3	3	2	1	2	1	3	3	2	2	4	4	3	3	3	1	2	2	2	2	1	1	2	1	4	4	2	2	1	1	2	2	2	2	2	1	4	4	4	1	3	3	2	2	2	2	3	3	1	1	3	3	3	3	4	3	3	2	3	3	1	1	2	2	2	1	3	3	1	1	4	4	2	2	3	3	4	1	4	4	3	3	3	3	3	2	3	3	2	1	3	3	3	3	2	2
21G.0322	2	2	2	1	4	4	2	2	2	1	3	1	4	4	4	4	2	2	3	3	2	1	2	2	2	2	4	1	1	1	2	2	2	2	2	2	3	1	3	3	3	1	3	1	1	1	3	3	2	2	2	2	2	2	2	1	1	1	2	2	2	1	4	4	3	3	4	4	2	1	2	2	3	3	3	3	2	2	3	3	3	3	2	2	2	2	4	2	1	1	2	2	3	3	2	2	3	2	2	1	2	2	3	1	3	1	2	2	4	4	3	3	2	2	1	1	3	3	3	3	1	1	3	3	1	1	2	2	4	4	2	2	3	3	2	2	4	3	3	3	2	1	2	2	3	3	3	3	2	2	2	1	3	1	3	2	3	3	2	1	3	3	2	2	2	1	1	1	1	1	2	1	3	3	3	1	1	1	2	2	3	3	2	2	3	3	2	1	2	2	2	2	4	3	3	3	1	1	1	1	2	2	3	3	3	2	2	2	1	1	2	1	2	2	2	2	2	2	3	3	3	2	4	3	4	1	2	2	2	2	3	3	2	2	2	2	1	1	1	1	2	2	1	1	2	1	3	3	4	4	3	3	1	1	2	2	1	1	2	1	4	1	3	2	2	2	3	3	4	4	2	1	3	3	2	1	3	3	2	1	3	3	3	1	2	2	2	2	3	3	2	2	4	1	1	1	2	2	2	1	2	1	2	1	3	1	4	4	2	2	3	3	2	2	2	2	3	2	1	1	3	3	2	2	2	2	3	2	2	2	3	3	2	2	2	2	2	2	3	2	2	2	3	1	3	2	3	3	1	1	3	3	5	1	2	1	2	1	1	1	2	2	3	3	3	3	3	3	4	4	2	1	2	2	2	1	3	3	4	3	1	1	2	2	2	2	2	2	2	1	2	1	2	1	2	2	2	2	1	1	2	2	3	2	2	2	2	1	2	2	1	1	1	1	4	4	2	1	3	3	4	4	3	2	3	2	3	2	3	1	2	1	2	2	3	3	3	1	3	3	3	3	3	3	3	2	5	5	2	2	3	2	3	3	3	1	3	2	2	2	2	2	1	1	1	1	2	2	2	1	3	3	5	5	4	4	4	4	3	3	3	3	1	1	5	5	2	2	5	3	3	2	3	1	2	2	2	1	4	4	3	2	2	2	2	2	2	2	2	2	1	1	2	2	3	3	3	3	2	2	3	3	3	3	1	1	2	2	2	2	3	3	1	1	4	4	2	2	3	1	2	1	4	4	2	1	3	3	2	2	3	2	3	1	2	2	2	2	1	1
21G.0323	2	1	3	3	4	1	3	2	2	2	3	1	4	4	4	4	3	3	3	3	3	1	2	1	1	1	4	4	2	1	3	3	2	2	0	0	3	3	2	2	3	3	3	3	3	3	2	2	1	1	3	3	2	2	1	1	1	1	1	1	3	2	4	4	3	3	1	1	3	3	1	1	3	3	0	0	3	3	2	1	3	3	1	1	3	2	4	2	2	2	2	1	3	3	3	1	4	3	2	1	3	1	2	2	3	3	1	1	4	4	3	1	3	3	2	2	1	1	4	4	3	3	3	1	3	3	3	3	2	1	2	2	3	1	2	1	3	3	3	3	2	2	2	2	2	2	3	3	1	1	1	1	3	3	4	4	2	2	1	1	2	2	3	2	2	2	3	2	3	3	2	2	0	0	3	2	2	1	2	2	2	2	2	1	3	3	1	1	2	2	1	1	4	4	3	3	0	0	2	2	3	3	4	1	1	1	3	2	2	2	2	2	2	2	2	2	2	1	3	2	3	3	4	2	4	4	2	2	2	2	3	2	1	1	3	3	1	1	2	2	3	2	2	1	2	2	0	0	2	1	3	2	1	1	3	3	1	1	2	2	3	3	2	2	3	1	3	3	5	5	2	1	1	1	1	1	2	1	0	0	2	2	2	2	1	1	3	3	3	2	2	2	2	2	3	2	0	0	0	0	2	2	2	1	2	2	1	1	2	2	1	1	1	1	0	0	3	1	1	1	3	2	2	1	2	2	3	3	4	4	3	3	4	4	0	0	2	2	1	1	2	2	1	1	2	2	0	0	1	1	3	1	2	1	1	1	2	2	2	2	2	1	3	3	1	1	2	2	4	4	3	3	2	2	2	1	1	1	5	4	3	3	2	2	2	2	2	1	2	2	2	1	1	1	2	2	1	1	3	3	1	1	1	1	3	3	2	2	0	0	1	1	3	2	2	2	3	3	3	3	0	0	3	2	3	3	4	4	2	2	2	2	3	2	3	1	3	1	3	3	0	0	3	2	2	2	3	1	4	2	4	2	1	1	3	1	1	1	0	0	2	2	2	1	3	3	2	2	2	1	3	3	5	5	5	4	3	2	3	3	2	1	2	2	0	0	2	2	5	5	3	3	3	1	2	2	2	2	4	1	4	4	2	2	3	3	2	2	3	1	3	3	2	1	2	1	3	2	2	2	2	1	3	3	3	1	4	2	3	2	1	1	3	1	3	2	2	1	3	3	3	3	4	2	3	3	3	3	2	1	4	4	2	2	2	2	2	2	1	1
21G.0334	2	2	2	1	4	1	1	1	2	2	2	2	1	1	4	3	2	2	3	3	3	3	1	1	2	2	4	4	4	1	3	2	2	2	3	1	1	1	2	2	1	1	3	3	3	3	2	2	1	1	3	3	2	2	2	2	2	2	1	1	2	2	4	4	3	3	3	3	3	3	3	3	3	3	3	3	3	3	3	3	3	3	1	1	3	2	4	4	1	1	2	1	1	1	1	1	4	4	3	3	3	2	2	2	3	3	2	1	4	4	3	3	2	2	2	2	1	1	4	4	1	1	2	2	1	1	2	1	4	4	3	2	3	3	1	1	2	2	3	2	2	2	2	2	2	2	3	3	2	1	2	1	3	3	2	2	3	3	2	2	3	3	1	1	3	3	1	1	3	3	1	1	3	2	3	2	2	2	4	2	2	2	3	3	1	1	1	1	2	2	1	1	4	1	2	2	2	2	2	2	4	2	4	4	2	1	4	4	1	1	4	4	2	2	2	1	2	2	3	2	3	3	4	4	4	4	1	1	1	1	2	1	2	1	2	2	2	2	2	2	2	2	2	2	2	2	3	3	4	4	3	3	1	1	3	3	2	2	2	2	3	3	2	1	3	3	3	2	4	1	2	2	3	3	2	1	3	3	2	2	2	2	3	2	2	2	3	3	3	2	2	2	4	4	3	3	2	1	3	3	2	2	2	2	3	2	1	1	3	1	2	2	3	2	1	1	2	2	2	2	3	3	2	2	2	1	3	3	5	5	3	3	5	5	5	5	3	2	2	1	2	2	2	1	2	2	2	1	1	1	3	3	5	2	2	1	2	2	2	1	3	1	2	2	3	3	3	3	4	4	3	2	2	1	2	2	2	2	4	4	3	3	2	2	2	1	2	2	2	1	2	1	2	2	1	1	3	3	1	1	2	2	2	1	3	2	3	3	2	2	1	1	2	1	3	2	2	2	3	2	3	3	2	2	3	3	4	3	3	3	2	2	3	3	2	2	3	1	3	3	3	2	3	2	2	1	3	3	4	4	2	1	2	2	2	2	2	1	2	2	2	1	2	2	3	3	2	1	1	1	3	3	4	4	5	4	1	1	3	3	3	3	2	1	1	1	2	1	5	4	2	2	3	1	2	1	2	1	4	2	4	3	2	2	2	2	2	2	2	2	1	1	2	2	2	1	3	3	2	2	3	3	2	2	3	1	3	3	3	2	3	3	3	3	4	4	3	3	3	2	3	3	4	4	3	3	3	1	3	1	1	1	2	2	3	1	3	3	1	1
21G.0338	2	2	3	3	4	1	3	1	2	2	1	1	4	3	4	4	2	2	3	3	3	3	1	1	2	1	4	2	3	3	2	2	2	2	2	2	1	1	3	3	4	3	3	3	3	1	2	2	2	2	4	1	2	2	3	3	2	2	1	1	2	2	4	4	3	2	3	2	2	2	2	2	3	3	3	3	3	3	3	1	3	3	2	2	3	2	3	3	1	1	1	1	1	1	3	3	4	4	1	1	3	2	2	2	3	3	2	2	1	1	3	3	3	3	2	1	1	1	2	1	2	1	3	2	3	3	3	2	2	1	2	1	3	3	2	2	4	4	3	3	2	1	1	1	1	1	3	3	2	2	2	2	3	3	2	2	1	1	1	1	2	2	2	2	2	2	3	3	1	1	2	2	3	3	3	3	2	2	2	2	3	3	2	1	3	1	2	1	2	2	2	1	4	4	2	2	2	2	2	2	2	2	3	2	3	1	4	4	1	1	3	3	3	2	1	1	2	2	3	2	3	3	4	4	2	2	2	2	2	1	2	2	2	2	2	1	1	1	2	2	3	3	3	3	3	3	3	3	4	4	2	2	3	1	2	2	2	2	2	2	4	4	3	3	3	3	1	1	4	4	3	3	1	1	2	1	3	3	2	1	2	2	3	2	2	2	3	3	2	1	2	2	4	1	1	1	3	2	3	1	2	1	2	1	3	3	3	1	2	1	3	1	2	2	2	2	1	1	1	1	3	3	2	2	2	2	3	1	3	1	3	3	4	4	4	4	1	1	2	1	1	1	2	2	2	1	2	2	2	2	3	3	4	4	2	2	2	1	1	1	3	3	3	3	1	1	3	3	2	2	3	2	2	1	1	1	3	2	4	4	3	3	2	2	2	1	2	2	2	1	2	2	3	3	2	1	2	1	1	1	2	1	2	2	3	2	3	2	2	2	2	1	2	2	3	2	3	3	3	3	3	3	3	3	1	1	4	4	3	3	2	2	4	4	2	2	3	3	3	3	3	2	3	3	2	1	5	5	4	4	3	3	2	2	3	3	2	1	2	2	2	2	1	1	3	1	2	2	2	2	4	4	5	2	2	2	4	4	3	3	1	1	1	1	1	1	1	1	5	5	1	1	3	3	1	1	2	2	4	4	3	3	2	2	2	2	2	2	2	2	3	3	2	2	3	3	2	2	3	3	2	2	2	2	3	3	4	4	3	3	3	1	3	3	4	3	2	1	3	3	3	3	4	4	1	1	3	2	3	3	1	1	3	3	3	3	2	2	1	1
21G.0342	2	2	3	3	4	4	3	1	2	2	3	3	4	1	4	4	2	2	3	3	1	1	2	1	3	3	4	4	2	1	3	3	2	1	2	2	3	1	2	2	2	2	3	3	3	1	3	2	2	1	4	4	2	1	3	3	1	1	1	1	2	2	5	5	3	2	4	4	2	2	2	1	3	3	3	3	3	2	3	3	3	3	2	1	3	3	4	4	2	1	1	1	3	1	3	2	4	2	2	2	3	3	1	1	3	3	2	2	4	4	3	3	3	3	2	2	3	3	4	4	1	1	2	2	1	1	3	3	1	1	2	2	3	1	2	2	3	3	2	2	2	1	2	2	2	1	5	1	1	1	1	1	2	1	4	2	3	3	2	2	2	2	2	2	3	3	3	2	3	3	2	1	3	3	3	1	1	1	2	1	2	2	2	2	3	3	2	2	2	1	2	1	7	7	3	2	2	2	2	1	3	2	4	4	1	1	4	3	3	2	2	2	2	1	2	2	2	2	3	3	3	1	2	2	4	3	2	2	2	2	3	3	2	1	3	1	2	2	2	2	2	2	3	3	2	2	2	2	3	3	2	2	1	1	3	3	2	2	1	1	2	2	2	2	3	3	2	2	1	1	3	3	3	3	2	2	3	1	1	1	2	2	3	1	2	1	3	2	3	2	2	1	1	1	3	2	3	3	1	1	2	2	2	1	2	1	4	2	2	2	3	1	3	3	1	1	2	1	1	1	3	2	2	1	2	2	3	3	3	1	3	1	5	2	4	4	2	2	1	1	2	1	2	1	2	1	1	1	1	1	3	3	4	2	1	1	2	1	2	2	2	2	2	2	3	1	4	4	4	3	3	2	2	2	3	3	3	3	4	4	1	1	2	2	2	2	2	2	2	2	2	2	3	3	2	2	3	3	1	1	2	2	2	2	3	3	3	3	2	2	1	1	3	3	2	1	2	2	3	1	4	3	3	3	1	1	4	3	2	2	1	1	2	2	2	2	2	2	2	2	3	3	3	2	2	2	3	3	4	2	5	4	1	1	3	3	2	1	1	1	2	2	3	1	3	3	2	2	2	2	3	3	5	5	2	2	4	4	3	2	2	2	2	2	1	1	2	1	5	5	2	2	2	2	2	2	2	2	4	1	3	3	2	1	2	2	1	1	3	3	3	1	2	2	2	2	3	3	2	2	2	1	3	2	3	3	4	2	3	3	3	3	3	3	3	3	2	2	2	2	4	4	4	4	3	3	2	2	2	2	1	1	3	3	3	2	2	2	3	3
21G.0364	2	2	3	1	4	4	3	3	2	2	3	3	3	3	4	4	2	2	1	1	3	3	3	3	1	1	4	4	2	2	3	3	2	2	2	2	3	3	2	2	3	2	3	3	3	3	3	2	2	2	2	2	2	1	3	3	2	1	2	2	3	3	4	4	2	2	1	1	3	2	3	2	3	2	3	3	3	3	3	1	3	2	1	1	2	2	4	4	3	3	2	2	1	1	2	2	4	3	1	1	2	1	2	2	3	2	2	2	4	3	3	3	3	3	2	2	3	2	2	1	3	1	3	2	3	3	3	3	4	4	2	2	3	1	2	2	3	3	2	2	2	1	2	2	3	2	3	3	2	2	1	1	3	3	1	1	2	2	2	1	2	1	3	3	2	2	3	1	3	3	1	1	3	2	2	2	2	2	2	1	2	2	3	1	2	1	2	2	1	1	2	2	7	7	3	3	2	1	2	1	3	3	4	4	1	1	4	4	3	3	2	2	2	2	2	1	1	1	3	2	2	2	4	3	4	3	2	2	2	2	2	2	1	1	2	2	2	2	2	2	3	3	3	3	2	1	3	3	4	4	2	1	1	1	3	3	1	1	2	1	3	3	2	2	3	3	2	2	4	1	3	3	1	1	1	1	3	3	2	2	2	2	3	2	1	1	3	2	4	2	2	2	2	2	3	1	2	2	1	1	2	2	2	2	2	1	4	1	2	2	1	1	3	1	1	1	2	2	1	1	3	3	2	1	2	1	3	2	5	5	3	3	4	4	2	2	2	2	1	1	2	2	1	1	2	2	3	3	1	1	3	1	4	2	1	1	2	2	2	2	2	2	3	2	1	1	3	3	3	3	3	3	2	2	2	2	2	2	4	3	1	1	2	2	1	1	2	2	2	1	1	1	3	1	2	2	2	2	1	1	2	2	2	2	3	1	3	3	2	2	1	1	3	1	2	2	2	1	2	2	3	3	3	3	3	3	4	4	3	2	2	2	2	1	2	2	3	3	3	2	2	2	2	2	3	1	3	2	4	4	5	5	1	1	1	1	2	1	2	1	2	2	3	2	3	3	2	2	2	2	3	3	5	2	4	2	2	2	3	3	3	3	2	2	1	1	1	1	2	2	2	2	1	1	2	1	2	2	4	4	2	2	4	4	3	3	2	2	2	2	4	4	2	2	3	2	2	2	3	3	2	2	3	3	3	3	2	2	3	3	3	3	3	2	4	4	2	2	3	3	3	3	4	1	2	2	3	3	2	2	3	3	3	2	3	1	2	2	2	2
21G.0368	1	1	3	3	1	1	3	3	2	2	3	1	1	1	4	4	3	2	5	1	3	2	2	1	2	2	2	2	2	2	2	2	2	2	3	3	3	1	3	3	1	1	3	3	3	3	2	2	1	1	4	3	2	1	3	3	2	2	2	2	3	3	2	2	3	3	1	1	2	2	3	2	3	2	3	3	2	1	3	3	3	3	2	2	3	3	3	3	3	3	2	2	1	1	3	3	4	3	2	1	3	3	2	2	3	3	2	1	4	4	2	2	3	3	2	2	3	3	4	4	1	1	3	3	2	1	3	3	2	2	2	2	3	3	2	2	3	3	3	3	2	2	2	2	3	2	3	3	2	2	2	1	3	1	4	4	3	2	2	1	3	2	1	1	3	3	2	2	3	3	1	1	3	3	3	2	2	1	4	4	3	2	2	2	1	1	2	2	1	1	2	1	4	4	3	1	1	1	2	2	2	2	1	1	1	1	4	4	2	2	4	4	2	1	2	2	1	1	3	3	3	2	3	3	3	3	1	1	2	2	2	2	2	2	3	3	1	1	2	2	3	3	3	3	3	2	3	3	4	4	3	3	1	1	3	2	2	2	2	2	4	4	2	2	3	3	3	3	4	4	1	1	1	1	2	2	2	2	2	1	3	1	3	2	1	1	3	3	3	2	2	2	5	5	3	1	3	3	3	3	2	2	2	2	3	2	4	4	3	3	3	3	3	2	2	1	2	2	1	1	3	2	2	2	2	2	3	3	4	4	2	2	4	4	3	2	2	2	2	1	2	2	1	1	2	2	2	1	1	1	3	1	4	2	1	1	1	1	2	2	2	1	3	3	1	1	3	3	4	4	3	2	1	1	2	1	3	3	5	5	3	3	2	1	1	1	2	2	1	1	2	2	1	1	2	2	3	3	1	1	1	1	2	1	3	1	3	3	2	2	2	2	3	3	3	2	1	1	3	3	3	3	2	1	1	1	3	3	3	2	2	2	3	3	3	3	3	1	3	3	2	2	3	3	2	2	5	5	3	2	5	3	1	1	2	1	2	2	1	1	2	1	1	1	3	3	2	1	2	2	4	3	5	5	2	2	4	2	3	3	2	2	2	2	2	1	2	2	4	4	2	2	1	1	2	2	2	2	4	4	1	1	2	2	2	2	2	2	2	2	3	1	2	1	3	3	3	3	3	2	3	2	3	2	3	1	2	2	3	2	3	1	3	1	4	2	3	3	1	1	4	4	4	4	1	1	3	2	2	2	4	4	3	2	3	3	2	2	1	1
21G.0373	2	1	3	2	4	4	3	3	2	1	3	1	3	3	3	3	1	1	2	2	3	2	2	2	2	1	4	2	2	2	3	2	3	2	1	1	3	1	3	3	2	2	3	1	3	3	2	2	1	1	3	3	2	1	1	1	1	1	2	1	2	2	4	4	3	3	4	1	2	2	2	1	3	2	3	3	2	2	1	1	3	3	2	1	3	2	3	3	3	1	2	1	3	3	3	3	3	3	2	2	3	3	2	2	3	2	2	2	4	4	3	3	3	3	2	1	3	3	4	3	1	1	3	3	3	3	3	3	4	4	2	2	3	3	2	2	3	3	2	2	1	1	2	2	2	2	1	1	1	1	2	2	3	3	4	4	2	1	2	2	3	3	2	2	2	2	1	1	3	3	1	1	2	1	3	3	2	1	1	1	2	2	3	1	3	2	2	2	2	2	2	2	7	7	3	3	2	2	2	1	3	2	4	1	1	1	4	4	3	3	2	2	2	2	2	2	2	2	3	2	3	3	4	1	3	1	2	1	2	2	2	2	2	2	3	3	1	1	2	2	2	2	2	1	2	2	3	3	4	1	2	2	2	2	2	2	2	2	2	1	4	4	3	3	3	3	2	1	4	4	2	2	1	1	2	2	3	3	2	2	2	1	2	2	1	1	2	2	2	2	2	2	5	5	1	1	3	3	2	2	2	2	2	2	3	3	3	3	3	2	1	1	3	3	2	1	3	2	1	1	3	3	2	2	2	1	3	3	2	1	3	1	5	4	5	5	2	1	2	2	2	2	2	1	2	2	2	2	1	1	3	1	4	4	1	1	2	2	2	2	3	1	3	3	1	1	3	3	4	3	3	2	1	1	1	1	2	2	5	4	3	3	1	1	2	2	2	2	2	2	3	3	3	1	2	1	3	3	1	1	2	2	2	2	3	2	3	3	2	2	1	1	3	3	2	2	3	2	2	2	4	4	3	3	3	1	4	4	2	2	2	2	3	3	1	1	3	3	3	3	3	3	3	3	2	2	3	2	4	4	5	5	2	1	3	3	2	2	1	1	2	2	2	1	2	1	2	2	2	1	4	3	5	2	4	4	3	1	3	3	1	1	1	1	1	1	1	1	2	2	2	2	2	1	2	2	2	1	4	1	1	1	2	2	2	2	2	2	3	3	3	3	2	1	3	3	3	3	3	3	3	1	3	3	1	1	4	2	3	3	3	1	3	2	5	2	2	1	3	1	3	2	4	4	1	1	3	2	2	2	4	4	3	3	3	3	2	2	1	1
21G.0375	2	2	3	3	4	4	3	3	2	2	3	3	4	4	3	3	3	3	3	3	3	3	1	1	2	2	4	2	2	1	3	3	2	1	2	2	1	1	4	4	4	2	3	3	3	3	2	2	2	2	4	4	2	2	2	1	2	1	1	1	2	2	4	4	3	3	4	4	3	2	1	1	3	3	3	3	2	2	1	1	3	3	2	2	2	1	3	2	3	3	2	2	3	3	3	1	3	2	1	1	2	2	2	2	3	1	2	2	4	4	3	1	3	3	2	2	3	3	4	3	3	1	2	1	2	2	3	3	2	2	3	2	3	3	2	2	3	3	2	1	2	1	2	2	2	2	3	1	3	1	1	1	3	1	2	2	3	3	2	2	3	2	2	1	3	3	2	1	1	1	1	1	3	3	2	1	2	2	2	1	2	2	2	1	3	3	2	2	2	1	2	2	4	4	3	3	2	2	2	2	2	2	2	1	2	2	3	2	2	2	2	2	2	2	2	2	1	1	3	2	1	1	4	1	3	2	1	1	2	2	2	2	1	1	3	3	2	1	2	2	3	2	3	3	2	2	3	3	1	1	3	3	2	2	2	2	1	1	2	2	3	3	2	2	3	1	2	2	4	4	1	1	2	1	2	2	3	3	1	1	3	2	3	3	1	1	3	2	3	2	2	2	5	5	3	1	2	1	2	2	2	2	2	2	3	3	4	4	2	2	1	1	3	1	2	2	2	1	2	2	4	3	2	2	1	1	3	3	5	2	2	2	4	4	5	4	2	2	2	1	2	2	2	2	2	2	3	3	1	1	4	1	4	4	1	1	2	2	2	2	2	1	3	3	3	3	3	3	4	4	3	3	1	1	3	3	1	1	5	1	3	3	2	2	2	2	2	1	2	2	3	1	3	3	1	1	3	2	3	1	2	1	2	2	3	2	2	2	2	1	1	1	2	1	3	2	3	3	2	2	4	4	2	2	1	1	3	3	3	3	2	1	3	3	2	2	3	3	3	3	3	3	2	2	2	1	5	3	4	4	5	5	2	1	3	1	2	1	1	1	2	2	3	3	2	2	2	2	1	1	4	3	5	2	4	2	3	2	3	3	1	1	1	1	1	1	2	2	2	2	3	3	2	1	1	1	2	2	1	1	3	3	2	2	2	2	2	1	2	2	3	3	2	2	3	3	3	3	3	3	3	1	2	2	3	3	4	4	3	3	2	2	2	2	5	4	2	1	2	1	3	3	4	2	3	3	3	2	3	3	4	4	2	2	3	3	3	3	1	1
21G.0391	2	1	2	2	4	4	2	2	1	1	3	3	1	1	4	4	2	2	1	1	3	3	2	2	2	1	4	4	2	2	3	3	2	2	3	3	1	1	1	1	3	3	3	3	3	1	2	2	1	1	2	2	2	2	1	1	2	2	2	2	2	2	4	4	3	3	2	2	3	3	2	2	3	3	3	3	2	2	1	1	3	3	2	2	3	3	3	3	3	1	2	1	3	3	2	2	4	3	1	1	3	3	2	2	3	3	2	2	4	4	1	1	3	1	2	2	1	1	1	1	1	1	2	2	2	2	3	3	4	1	3	3	3	3	2	2	3	3	2	2	2	1	2	1	2	2	3	3	2	2	2	1	3	3	2	1	3	3	1	1	2	2	3	3	2	2	3	3	3	3	1	1	3	3	3	3	2	2	1	1	3	3	2	2	1	1	2	2	2	2	2	1	7	4	2	1	2	1	2	2	2	2	2	2	3	1	4	4	3	3	2	2	3	2	2	1	2	1	2	2	2	1	2	2	4	4	1	1	2	2	2	2	1	1	3	3	1	1	2	2	2	2	2	2	2	2	3	3	4	2	3	3	1	1	3	3	1	1	2	1	3	1	2	2	1	1	2	1	4	4	2	2	1	1	2	2	2	2	2	1	3	3	2	2	1	1	2	2	3	3	2	2	1	1	3	3	2	1	3	3	2	1	2	2	2	2	3	3	2	2	1	1	3	3	2	1	3	3	2	2	3	3	2	2	2	2	3	3	4	4	3	3	4	4	4	4	3	3	2	2	2	1	2	1	2	2	3	2	2	2	4	1	4	2	1	1	2	2	2	1	1	1	3	3	3	1	2	1	4	4	3	3	2	1	2	2	2	2	4	4	3	3	2	1	1	1	2	2	2	1	2	2	2	2	2	2	3	3	3	1	2	2	1	1	3	3	3	2	2	2	2	2	1	1	3	2	3	3	3	3	3	1	2	2	3	3	3	3	3	3	2	2	3	3	2	1	3	3	3	2	3	3	2	2	2	2	3	1	4	2	4	2	1	1	3	1	1	1	1	1	2	2	1	1	3	3	2	2	1	1	4	4	5	5	5	1	3	3	3	3	2	1	2	2	1	1	1	1	5	5	2	1	1	1	2	2	2	2	2	2	3	3	2	1	2	2	1	1	3	3	3	3	2	2	3	1	3	3	2	2	1	1	2	2	2	1	2	2	3	3	3	3	2	2	2	2	1	1	3	3	4	4	4	4	2	1	2	1	1	1	4	4	2	2	3	3	2	2	1	1
21G.0392	2	2	3	1	4	4	3	1	2	2	3	3	3	3	3	3	3	2	1	1	3	3	2	1	2	1	4	4	1	1	3	2	2	1	3	3	3	3	1	1	3	3	3	3	3	3	3	2	2	1	4	2	2	2	3	3	2	1	1	1	2	2	4	4	2	2	2	1	2	2	2	2	3	2	2	2	2	2	1	1	3	3	2	1	2	1	3	3	3	3	2	1	3	1	2	2	3	2	3	3	3	3	2	2	3	3	2	2	4	2	3	3	3	2	2	1	3	2	4	4	1	1	2	2	3	2	3	3	2	1	2	2	3	1	2	2	4	4	3	2	2	1	2	2	3	2	3	1	2	1	1	1	3	3	2	2	2	1	2	2	3	2	3	3	2	2	1	1	3	3	1	1	3	3	3	2	2	2	2	2	3	3	3	3	3	3	2	1	2	2	1	1	7	4	2	2	2	2	1	1	2	2	1	1	3	1	4	2	2	2	2	1	3	3	1	1	2	1	3	3	3	3	4	2	4	4	2	1	1	1	2	2	2	2	3	2	2	1	2	2	3	3	3	2	2	2	3	3	2	2	3	2	2	2	3	1	1	1	2	2	3	3	2	2	3	2	2	1	4	2	2	1	2	1	2	2	2	2	1	1	3	3	2	2	1	1	3	3	3	1	1	1	1	1	3	1	3	3	2	2	2	2	2	1	3	3	4	4	2	2	3	1	2	1	2	2	3	2	2	1	3	3	1	1	1	1	3	3	3	3	3	3	4	4	4	2	2	2	2	2	1	1	3	1	2	2	3	3	1	1	1	1	2	2	1	1	2	2	2	2	3	3	1	1	3	1	3	3	3	2	3	3	2	2	2	2	3	1	4	1	3	1	2	2	2	2	2	1	2	1	2	2	2	2	2	1	2	2	3	3	2	2	3	1	3	3	2	2	1	1	1	1	2	1	2	2	1	1	3	2	3	3	3	2	1	1	3	3	3	3	2	2	4	2	3	2	3	3	3	2	3	2	3	3	2	2	3	3	4	4	5	5	2	2	1	1	2	1	2	2	2	2	2	1	2	2	2	2	2	2	2	2	5	2	5	1	3	3	3	1	1	1	1	1	1	1	1	1	2	2	3	3	3	1	2	2	1	1	4	4	4	4	4	4	3	2	2	2	2	2	4	4	2	2	3	3	3	3	2	2	2	1	3	2	3	1	4	2	2	2	3	1	3	3	3	3	1	1	3	3	4	4	2	1	3	1	1	1	3	1	4	4	3	2	2	2	3	2	3	3
21G.0396	2	2	3	3	2	2	3	1	2	1	1	1	4	4	4	4	2	2	1	1	3	2	2	1	2	2	2	2	1	1	3	3	3	2	2	1	3	3	2	2	3	3	1	1	3	1	3	1	2	2	3	3	1	1	3	2	1	1	2	2	3	3	2	2	3	3	4	1	2	2	3	3	3	1	3	3	3	1	3	1	3	3	2	1	2	2	3	2	3	3	2	2	3	3	3	1	3	3	2	2	2	2	3	1	3	3	2	2	3	3	3	3	2	2	2	1	3	3	3	1	3	3	3	3	2	2	2	1	4	4	3	3	3	3	1	1	4	1	2	2	2	1	1	1	2	2	5	1	2	1	2	1	3	2	4	1	1	1	2	2	3	3	1	1	2	2	1	1	1	1	1	1	3	3	2	2	1	1	2	2	2	1	3	3	3	3	1	1	2	2	2	1	6	4	3	3	1	1	2	1	2	2	4	2	1	1	2	2	1	1	4	4	3	1	2	2	2	1	3	3	3	3	4	4	3	3	2	2	2	2	2	2	1	1	2	2	1	1	2	2	2	1	3	3	1	1	2	2	4	3	3	3	1	1	3	3	2	2	2	2	3	3	2	1	3	3	3	2	4	4	3	3	3	3	2	1	3	3	2	1	3	3	3	3	2	1	2	2	2	1	1	1	4	1	3	3	3	2	3	3	1	1	2	2	2	1	3	3	2	2	1	1	3	2	1	1	2	1	1	1	4	4	2	2	2	1	3	3	5	5	3	3	3	3	5	5	3	2	2	2	1	1	2	2	3	3	3	3	2	2	2	2	5	4	2	2	2	2	2	2	2	2	3	3	3	3	3	1	4	4	2	2	2	2	3	3	2	2	5	5	3	3	2	1	2	1	1	1	2	1	3	3	3	3	2	2	3	3	3	3	2	2	3	3	3	3	3	2	1	1	1	1	1	1	2	2	2	1	3	3	4	4	2	2	3	3	2	2	3	3	2	1	2	2	3	2	3	3	3	3	3	2	3	3	3	3	4	4	2	2	5	5	3	3	1	1	2	1	2	1	2	2	2	1	1	1	1	1	1	1	3	3	5	5	5	4	4	4	3	2	1	1	2	1	5	2	2	2	2	2	2	2	3	1	2	2	2	2	4	4	4	3	3	3	2	2	2	1	3	1	4	1	2	2	3	3	1	1	3	3	2	2	3	3	2	2	2	2	2	2	3	3	2	2	3	1	2	2	2	2	3	3	3	1	3	3	3	3	2	2	4	4	3	3	3	3	3	3	1	1
21G.0398	1	1	2	2	4	4	3	3	2	1	2	2	2	1	4	4	3	2	5	2	3	3	2	2	2	2	2	2	1	1	2	2	2	2	3	3	4	1	3	3	3	1	1	1	3	1	3	3	2	2	3	1	2	2	2	1	1	1	2	2	3	2	4	1	3	2	1	1	3	1	2	2	3	3	4	3	3	1	1	1	3	3	2	2	2	2	3	3	1	1	2	2	1	1	2	2	3	3	2	2	3	3	2	2	3	3	2	2	2	2	2	2	2	2	2	2	1	1	4	4	1	1	2	2	2	2	3	3	4	4	2	2	3	3	1	1	4	4	2	2	2	2	1	1	3	3	5	3	3	2	1	1	3	1	2	1	3	2	2	2	3	3	2	1	2	1	3	1	1	1	1	1	3	3	2	2	2	1	1	1	3	2	3	3	3	3	2	1	2	2	1	1	7	7	2	2	1	1	2	2	2	2	3	3	3	3	1	1	1	1	2	2	2	2	2	2	2	2	3	3	3	2	4	4	3	1	2	1	2	2	1	1	2	2	1	1	1	1	1	1	3	3	2	2	2	1	2	2	4	2	3	3	1	1	2	2	2	1	2	1	2	1	2	2	3	3	2	2	4	4	2	2	3	3	2	2	3	3	1	1	3	2	3	2	2	2	2	2	3	3	2	2	3	3	1	1	3	1	3	2	2	2	1	1	3	2	3	3	3	3	2	1	2	2	1	1	1	1	1	1	4	4	2	1	2	1	3	3	3	1	3	3	2	2	2	2	2	2	2	1	2	2	2	2	1	1	3	1	2	1	2	1	5	5	2	2	2	1	2	1	3	3	3	3	3	3	3	2	3	3	2	1	2	2	5	3	3	3	3	3	3	3	2	2	2	2	2	1	2	1	2	2	3	1	2	2	3	3	1	1	2	2	2	1	3	3	3	2	2	2	2	2	3	2	2	2	3	3	3	1	3	3	3	2	3	3	4	4	2	2	1	1	2	2	2	2	1	1	3	3	3	3	2	2	3	2	4	3	4	4	2	2	1	1	1	1	1	1	2	2	2	2	1	1	3	3	2	2	2	1	3	3	5	5	4	2	3	3	3	3	2	2	1	1	1	1	2	2	5	5	3	3	2	1	2	1	1	1	4	4	4	4	2	2	2	2	2	2	3	3	1	1	2	2	3	2	2	1	2	2	3	3	2	2	1	1	2	2	2	2	3	3	3	3	3	3	2	1	3	1	4	4	1	1	3	2	2	2	2	2	3	3	3	2	2	2	3	3	1	1
21G.0403	1	1	2	2	4	4	1	1	2	1	3	1	3	3	4	2	3	3	5	1	3	3	2	1	1	1	2	2	1	1	2	2	2	2	2	2	1	1	1	1	3	3	1	1	3	3	3	3	2	2	4	4	2	2	2	2	2	2	2	2	2	2	4	4	2	2	4	2	2	2	2	2	3	3	3	3	3	3	2	1	3	1	2	2	3	3	5	5	3	2	2	1	2	2	3	3	4	4	1	1	3	2	2	2	3	3	2	1	4	4	2	1	2	1	2	2	2	2	4	1	2	1	3	3	3	1	2	2	2	1	3	2	3	3	2	1	3	3	2	2	1	1	2	2	2	2	3	3	2	2	2	1	3	1	3	3	1	1	2	2	3	1	1	1	3	3	3	3	3	3	1	1	3	3	3	3	1	1	2	1	2	1	1	1	2	2	2	1	2	2	2	2	4	4	2	2	2	1	2	2	3	3	4	2	3	1	4	4	3	2	2	2	3	3	2	1	1	1	3	2	3	1	4	3	1	1	2	1	2	1	2	1	2	2	1	1	1	1	2	2	3	1	3	3	2	2	3	3	4	4	1	1	1	1	2	2	2	1	2	1	3	2	1	1	3	3	3	2	4	4	1	1	2	2	2	2	3	2	2	2	2	2	3	3	1	1	3	3	4	4	1	1	1	1	3	3	3	3	3	3	2	2	2	1	3	3	3	3	3	1	2	2	3	3	1	1	1	1	2	1	3	3	2	2	1	1	3	2	4	4	3	1	4	4	2	2	2	2	1	1	2	2	1	1	2	2	2	2	2	1	3	3	4	4	1	1	2	2	2	1	1	1	3	3	3	1	2	1	3	2	2	2	2	1	3	3	3	1	4	3	3	3	2	2	2	1	2	2	2	2	2	2	1	1	2	2	3	3	1	1	1	1	2	1	3	3	3	3	2	1	1	1	1	1	2	2	2	2	3	3	3	1	3	3	3	3	3	3	3	3	2	2	2	2	3	1	3	1	3	3	3	3	3	2	1	1	5	3	4	4	4	1	1	1	3	3	2	1	2	1	2	2	2	2	3	1	2	1	2	1	4	4	5	5	4	4	2	1	2	2	1	1	1	1	5	5	2	2	3	2	3	2	2	1	2	2	2	1	3	3	4	3	2	2	2	2	1	1	2	1	3	3	2	2	3	3	2	2	4	4	3	3	3	3	3	1	2	2	2	2	3	3	1	1	4	2	2	1	2	1	2	2	4	4	3	2	3	3	3	3	4	4	3	2	2	2	2	1	2	2
21G.0405	1	1	2	1	4	4	1	1	2	1	1	1	3	3	4	1	2	2	2	1	3	3	1	1	3	2	4	4	1	1	2	2	2	1	3	3	3	1	3	3	3	1	3	1	3	3	3	2	2	1	3	2	2	2	3	3	2	2	2	1	3	3	5	2	4	3	3	3	2	2	2	1	3	3	3	3	2	2	3	3	3	3	2	2	2	2	4	4	2	2	2	2	3	3	2	2	3	2	3	1	2	2	2	2	3	3	2	2	4	1	3	1	3	1	1	1	2	2	4	4	1	1	2	2	3	3	3	3	4	4	2	2	3	2	2	1	3	3	2	2	2	2	2	2	2	2	1	1	1	1	1	1	3	2	1	1	1	1	2	1	3	1	2	2	2	2	2	1	1	1	2	1	3	1	3	3	1	1	2	2	2	2	2	2	3	3	2	2	2	2	1	1	7	7	3	3	1	1	2	1	3	3	4	3	2	2	4	2	1	1	2	2	3	3	2	2	2	1	3	3	3	3	4	4	3	3	2	2	2	1	2	2	2	2	2	1	2	1	2	2	2	2	1	1	2	2	3	3	4	4	3	2	1	1	3	3	2	2	2	2	3	3	2	2	3	2	3	3	4	4	1	1	1	1	2	2	2	2	2	2	2	2	3	3	2	1	3	2	3	3	2	2	1	1	3	1	3	3	3	3	2	1	2	2	2	1	3	2	2	2	2	1	3	2	2	1	2	2	1	1	4	2	2	1	2	1	3	3	4	4	3	1	4	4	4	4	2	1	2	1	2	1	3	3	3	3	2	2	2	2	3	3	4	4	1	1	2	2	2	2	3	3	2	2	3	2	3	2	4	4	3	3	2	2	3	1	3	3	4	4	3	1	2	1	2	2	2	2	2	2	2	2	1	1	2	2	3	2	3	3	2	2	3	1	3	3	3	3	2	2	2	1	3	3	2	2	2	2	2	2	1	1	3	2	1	1	4	4	3	3	2	2	3	2	3	3	1	1	3	2	3	3	2	2	1	1	3	3	2	2	2	2	3	1	3	2	2	2	2	1	2	2	2	2	3	3	2	2	2	2	4	4	5	2	2	2	5	1	3	2	3	1	2	1	1	1	1	1	3	3	3	3	2	1	2	2	2	2	4	4	4	2	4	4	3	3	2	1	2	2	3	3	2	2	2	2	3	1	3	3	3	2	3	3	1	1	2	2	2	2	3	3	3	3	4	3	2	1	3	2	1	1	4	4	1	1	3	3	3	3	4	4	1	1	3	3	2	2	2	2
21G.0410	2	2	2	2	2	2	3	1	2	1	3	3	3	3	4	2	2	2	3	1	3	2	2	1	3	3	4	4	1	1	3	3	2	2	1	1	1	1	3	3	2	2	3	3	3	3	2	1	2	2	3	3	2	2	2	2	2	2	2	1	2	2	5	1	3	3	1	1	3	2	3	2	2	1	3	3	3	3	1	1	3	3	1	1	2	1	5	3	1	1	2	2	3	3	3	3	2	2	3	3	3	1	2	2	3	3	2	2	4	2	3	1	2	2	2	1	2	2	3	1	2	2	2	1	2	1	2	2	2	2	3	2	2	1	2	2	2	2	2	1	2	2	2	1	3	3	3	3	2	2	2	2	3	2	1	1	1	1	2	2	1	1	2	2	2	2	2	2	1	1	2	2	2	2	2	1	1	1	2	2	2	1	2	1	2	1	2	2	2	2	2	1	6	6	2	2	1	1	2	2	2	1	3	3	3	2	2	2	1	1	4	4	3	3	2	1	2	2	3	3	3	3	3	3	4	1	2	1	1	1	2	2	2	1	1	1	1	1	2	2	3	3	3	3	1	1	3	3	3	2	3	2	1	1	3	2	1	1	2	2	1	1	2	2	3	1	3	3	5	4	2	2	3	3	2	1	3	3	2	1	3	3	3	3	2	2	2	2	3	2	1	1	3	3	3	3	3	3	2	2	2	1	2	2	1	1	3	1	3	3	2	2	3	3	2	1	2	1	1	1	4	4	1	1	2	2	2	2	2	1	3	3	3	2	5	5	2	2	2	2	1	1	2	2	3	1	3	2	1	1	1	1	5	5	2	2	2	2	2	2	3	3	2	2	2	1	3	2	4	3	3	2	1	1	2	2	1	1	5	5	3	1	2	1	2	2	1	1	1	1	3	3	2	2	2	2	2	2	3	3	2	1	1	1	3	3	3	3	2	2	2	2	3	1	2	2	3	2	1	1	3	3	2	2	3	1	3	3	3	2	2	2	3	3	1	1	3	2	3	2	2	2	3	3	3	3	5	5	4	4	4	1	2	2	2	1	3	3	1	1	2	2	2	1	1	1	1	1	2	1	3	3	5	2	4	4	3	3	3	2	2	2	2	2	2	2	1	1	3	2	2	2	1	1	2	2	2	1	4	4	2	2	2	2	2	2	2	2	3	3	1	1	2	2	3	3	3	1	2	1	3	3	2	2	2	2	4	4	2	2	1	1	3	1	3	1	3	3	3	2	3	1	4	4	3	3	2	2	3	2	3	3	3	3	3	3	3	3	1	1
21G.0414	1	1	3	3	4	4	2	2	2	1	1	1	4	3	4	2	2	2	3	1	2	2	2	2	3	2	4	4	1	1	3	3	3	3	1	1	3	3	3	2	3	3	3	3	3	3	2	2	2	2	4	4	2	2	2	1	1	1	2	1	2	2	5	5	3	3	3	1	3	3	2	1	2	2	4	4	3	2	3	1	3	3	2	1	2	2	4	3	1	1	2	2	3	3	3	1	4	3	2	2	2	1	3	2	1	1	2	2	2	1	3	3	2	2	1	1	3	3	4	4	3	1	3	3	2	1	3	1	3	2	2	2	3	1	2	1	4	1	2	1	1	1	2	2	3	3	1	1	3	3	1	1	3	1	4	2	2	2	1	1	2	2	2	2	2	2	2	1	3	3	1	1	3	3	3	3	2	2	2	1	2	2	3	2	1	1	1	1	2	2	2	2	4	2	3	3	1	1	2	2	3	3	4	1	2	2	2	2	1	1	4	4	3	1	2	2	2	1	3	3	3	3	4	3	3	3	2	1	1	1	3	3	2	1	2	1	1	1	2	2	3	2	2	1	2	1	3	3	1	1	3	3	2	1	3	2	2	2	2	2	4	4	3	3	2	2	3	2	4	4	2	2	3	3	2	2	2	2	2	2	2	2	3	3	1	1	3	3	2	2	1	1	4	4	3	2	2	2	3	2	2	2	1	1	2	2	2	2	2	2	3	1	1	1	1	1	2	2	2	2	4	3	2	2	2	1	3	3	1	1	3	3	2	1	2	1	3	3	2	1	2	2	2	2	2	1	3	2	0	0	3	1	5	5	2	1	2	2	1	1	3	1	3	3	3	3	3	3	4	3	3	3	1	1	2	2	2	2	5	3	3	1	2	2	2	2	2	2	2	2	1	1	3	3	2	2	2	2	1	1	2	2	3	3	3	3	3	3	2	2	2	2	3	3	3	2	2	1	3	3	4	4	3	3	3	3	4	3	2	2	2	2	3	3	2	1	3	3	3	3	3	3	3	3	2	1	3	3	2	2	4	2	3	1	1	1	1	1	2	1	2	2	1	1	1	1	2	2	1	1	4	3	4	2	3	3	2	2	3	2	2	2	2	2	3	3	1	1	4	4	2	2	2	2	2	1	2	2	4	3	4	4	2	2	2	2	2	2	2	2	3	1	2	2	3	1	1	1	3	3	3	3	3	1	1	1	3	2	2	2	3	3	2	1	4	4	2	2	3	2	3	3	4	4	2	2	2	2	3	3	4	3	3	3	3	3	2	2	2	2
21G.0418	1	1	2	2	4	4	2	2	1	1	2	1	3	3	2	2	3	3	5	2	3	3	2	2	2	1	4	4	3	3	2	2	3	3	3	3	1	1	1	1	3	3	3	3	3	3	3	3	2	1	4	2	2	2	2	2	1	1	1	1	2	2	5	4	2	2	3	1	2	2	2	2	3	3	4	4	3	3	3	2	3	3	2	2	2	2	4	4	1	1	2	1	3	1	1	1	4	3	3	1	1	1	3	2	3	3	2	1	1	1	3	3	2	2	2	2	3	3	4	4	3	3	3	1	2	2	2	2	2	1	3	1	3	3	2	2	2	2	2	2	2	1	2	2	3	3	3	3	2	2	2	1	3	2	2	2	3	2	2	2	3	2	2	2	2	2	3	1	3	3	2	1	3	3	3	3	2	2	4	4	3	3	2	1	2	2	2	1	2	2	1	1	7	4	3	2	1	1	2	1	2	2	3	3	3	1	3	3	2	2	2	1	3	1	1	1	2	2	4	1	1	1	4	3	2	2	1	1	2	2	2	2	2	2	3	2	2	2	2	1	2	2	3	3	2	2	3	3	2	2	3	3	1	1	2	2	2	1	1	1	3	2	1	1	3	1	3	2	4	4	1	1	3	1	2	2	3	3	2	2	3	3	3	3	2	1	2	2	3	3	2	2	5	3	1	1	3	1	3	3	2	1	2	2	2	2	3	3	2	2	2	2	1	1	2	2	3	3	2	1	2	2	2	2	2	2	2	2	2	1	3	3	5	1	2	1	3	3	2	2	1	1	1	1	2	2	1	1	1	1	3	3	5	5	2	2	2	2	2	2	2	1	3	3	3	3	3	3	4	4	3	3	1	1	1	1	2	2	5	5	3	1	2	2	2	2	2	2	1	1	2	1	2	2	2	1	2	2	3	3	2	2	3	3	3	3	2	2	2	2	2	2	1	1	4	4	2	2	2	2	1	1	3	3	3	1	3	3	3	3	2	2	3	1	2	2	1	1	3	1	3	3	3	3	3	1	5	3	4	4	2	1	2	2	3	2	2	2	1	1	2	2	2	2	1	1	2	1	2	1	3	3	2	2	4	3	2	2	3	2	3	1	2	2	1	1	1	1	3	3	2	2	4	1	2	2	2	1	3	1	3	3	4	2	2	2	2	2	2	2	4	4	1	1	3	3	2	2	4	4	3	3	3	3	1	1	2	2	2	2	3	3	1	1	4	4	2	1	3	1	4	3	2	2	2	1	2	1	1	1	4	4	3	2	3	3	2	2	1	1
21G.0426	2	1	2	2	4	4	2	2	2	1	2	2	3	3	4	2	2	2	2	2	3	3	2	1	2	2	2	2	4	1	2	1	2	1	1	1	3	3	3	3	3	2	3	3	1	1	3	3	1	1	3	2	2	2	3	1	2	2	1	1	3	3	5	5	2	2	4	4	3	1	2	2	3	2	4	3	3	2	3	3	3	3	2	2	1	1	2	2	3	3	2	2	3	3	2	2	2	1	3	3	1	1	2	2	3	3	2	2	4	4	3	1	2	2	2	2	3	2	4	1	3	3	2	2	3	1	3	2	2	2	2	2	3	3	2	2	3	2	3	2	1	1	2	2	2	2	3	3	1	1	1	1	3	3	2	2	3	3	2	2	3	2	3	3	2	2	3	3	4	3	3	1	3	3	2	2	2	1	4	4	2	2	2	2	2	2	1	1	2	2	1	1	4	4	3	3	1	1	2	2	2	2	2	2	3	1	3	2	1	1	2	1	3	1	1	1	1	1	3	3	3	1	4	4	2	2	2	2	2	2	2	1	2	2	3	3	2	2	2	2	2	2	2	1	2	1	3	3	4	1	2	1	1	1	3	3	2	1	2	2	3	3	2	2	3	3	3	3	4	2	2	2	2	2	2	2	2	2	2	1	3	3	2	2	1	1	2	1	3	3	1	1	4	4	2	2	3	2	1	1	2	1	2	2	3	3	3	1	2	2	2	1	1	1	2	2	3	2	2	2	2	1	2	2	2	2	3	3	5	4	3	2	4	4	4	2	3	2	2	2	2	2	3	1	3	2	2	2	1	1	3	3	5	2	2	1	2	2	2	1	2	1	3	2	3	3	2	2	4	4	3	3	2	2	2	1	3	3	4	3	3	3	2	2	2	2	2	2	2	2	2	2	2	2	2	2	3	1	3	1	2	1	2	2	3	3	3	3	2	2	2	2	2	2	3	3	1	1	3	2	1	1	2	2	1	1	3	3	3	3	2	2	3	2	3	3	1	1	3	3	2	2	2	2	3	3	5	2	4	1	4	4	3	3	2	2	2	2	1	1	2	2	2	2	3	3	1	1	2	2	4	4	5	5	4	1	2	2	2	2	3	3	2	2	3	3	2	2	5	5	3	3	2	1	2	2	2	2	4	3	3	3	2	2	2	2	2	2	2	2	3	3	1	1	3	3	3	3	4	2	3	3	3	3	1	1	2	2	2	2	3	3	3	3	4	4	2	1	1	1	4	4	2	1	1	1	2	2	3	3	4	4	3	3	3	3	3	2	2	2
21G.0434	1	1	3	3	1	1	3	3	2	2	1	1	4	4	4	4	3	2	3	3	1	1	2	1	3	3	4	4	4	4	2	1	2	2	1	1	3	3	1	1	3	3	1	1	3	3	3	3	2	2	4	3	2	2	2	2	2	2	2	1	2	2	4	3	2	2	2	1	3	2	2	2	2	2	4	4	3	3	3	3	3	3	2	2	2	2	3	1	1	1	2	1	3	3	2	1	3	3	2	1	3	1	3	2	2	2	2	2	4	3	3	1	2	2	1	1	3	2	4	4	3	3	3	2	2	2	3	3	4	4	4	4	3	1	1	1	4	4	2	2	2	2	2	1	3	3	5	5	2	2	2	2	3	2	4	4	3	1	2	2	3	3	3	1	2	2	1	1	1	1	2	2	3	3	2	1	2	1	1	1	3	3	3	3	2	2	2	2	2	1	1	1	4	4	3	1	1	1	2	1	2	2	4	2	2	2	2	2	1	1	4	2	3	1	2	2	1	1	2	2	1	1	3	3	3	3	1	1	1	1	3	3	2	2	3	3	2	2	2	2	3	3	3	3	2	2	3	3	1	1	3	3	2	2	3	2	2	1	2	2	3	3	2	2	3	3	3	3	4	1	2	1	3	3	2	1	3	1	1	1	3	3	3	3	2	2	3	3	3	3	2	2	4	4	3	1	2	2	3	1	2	2	2	2	3	3	3	3	2	2	3	3	1	1	1	1	2	2	2	2	4	4	2	2	2	1	3	3	2	2	3	3	4	1	2	1	3	3	2	1	2	1	1	1	1	1	3	3	2	2	1	1	5	5	2	1	1	1	2	2	1	1	3	3	3	1	2	2	4	4	3	2	2	2	2	1	3	3	5	1	2	1	2	2	1	1	2	1	2	1	1	1	3	1	1	1	2	2	1	1	2	1	2	1	3	3	3	2	2	2	2	2	2	1	3	2	3	3	1	1	4	4	2	2	3	1	3	3	3	3	2	2	3	3	3	1	2	2	3	3	3	3	3	1	2	1	4	3	2	2	4	2	3	3	3	3	2	1	2	2	2	2	3	1	3	3	2	2	2	2	3	2	5	2	2	2	4	3	3	2	2	1	2	2	2	2	2	2	3	3	2	2	3	3	2	2	2	2	4	4	4	4	2	2	3	3	2	2	3	3	3	3	2	1	3	1	2	2	3	3	3	3	3	2	1	1	3	3	2	2	3	3	2	2	3	3	2	2	3	3	4	1	2	2	3	2	3	3	3	3	4	1	2	1	2	2	2	2	1	1
21G.0436	1	1	1	1	4	4	3	1	2	1	3	1	4	1	4	2	2	2	3	2	3	3	2	1	1	1	4	4	4	4	3	2	2	2	3	3	1	1	3	1	1	1	3	3	1	1	2	2	2	1	3	3	2	2	1	1	1	1	2	1	2	1	4	3	2	2	1	1	3	2	2	2	3	2	4	3	3	3	3	3	3	3	2	2	2	2	3	3	1	1	2	1	3	3	1	1	4	4	1	1	2	1	1	1	3	3	2	2	4	4	2	2	3	3	2	2	1	1	4	3	3	3	3	3	2	2	2	1	4	4	2	2	3	3	2	2	3	3	3	2	2	2	2	2	3	3	5	3	2	2	2	2	3	3	4	4	2	1	2	2	2	2	1	1	2	1	1	1	3	3	2	1	3	2	3	3	1	1	2	2	2	2	1	1	3	3	2	2	2	2	2	2	7	7	3	3	1	1	2	1	3	2	4	2	3	3	4	4	3	3	2	2	2	2	1	1	2	1	3	2	3	3	4	1	2	1	2	1	1	1	2	1	1	1	1	1	1	1	2	2	3	3	3	3	2	2	3	3	4	3	2	2	2	1	2	2	1	1	2	2	4	2	2	2	2	2	2	2	2	1	1	1	1	1	2	2	2	2	2	2	2	2	2	1	1	1	3	1	1	1	2	2	4	4	2	1	3	3	3	3	2	2	2	2	3	3	3	3	3	2	2	1	3	1	2	1	2	1	2	2	3	3	2	2	3	1	3	1	5	5	3	3	1	1	5	5	3	2	2	2	1	1	1	1	2	2	3	3	2	1	1	1	4	4	1	1	2	2	2	2	3	3	2	2	2	1	3	2	3	2	3	2	2	2	1	1	3	3	4	4	3	1	2	1	2	2	2	2	1	1	3	1	2	2	2	2	3	3	3	3	2	2	3	2	3	2	3	3	1	1	2	2	2	1	2	2	1	1	3	2	3	3	3	3	3	3	4	4	1	1	1	1	2	2	1	1	3	3	3	3	3	2	3	3	3	3	3	2	4	4	2	2	3	2	3	1	2	1	2	2	2	1	1	1	1	1	2	2	1	1	3	2	2	2	4	2	4	1	3	3	3	2	2	2	1	1	1	1	4	4	3	3	1	1	2	2	2	1	4	1	4	3	2	2	3	3	2	1	2	2	3	1	2	2	3	1	1	1	4	4	3	3	3	3	3	1	2	2	3	3	2	2	3	1	4	4	1	1	1	1	2	2	4	2	2	1	2	1	3	3	1	1	1	1	2	2	2	1	2	2
21G.0440	2	2	1	1	4	4	2	2	2	2	1	1	3	3	4	2	3	3	1	1	2	2	2	2	1	1	4	2	1	1	2	2	2	1	2	2	3	3	3	1	3	3	3	3	3	3	3	3	2	2	3	3	2	2	1	1	2	2	2	2	3	3	5	4	3	3	3	3	2	2	2	1	3	3	4	4	3	3	1	1	3	3	2	1	3	3	5	5	3	3	2	1	2	1	3	3	4	3	1	1	3	2	3	2	3	3	2	2	2	2	3	3	2	1	1	1	2	2	4	1	2	1	2	2	1	1	3	3	4	2	3	2	3	3	1	1	2	1	2	2	2	2	1	1	2	2	5	5	3	2	1	1	3	3	2	1	1	1	2	2	3	3	2	2	2	1	3	3	3	3	2	2	2	2	2	2	1	1	2	2	2	1	3	3	3	1	2	1	2	1	2	2	6	6	3	2	1	1	1	1	4	3	4	2	3	1	4	1	1	1	1	1	2	1	2	1	2	2	3	3	3	2	4	4	4	4	2	1	2	2	3	2	2	2	2	1	3	2	2	1	3	2	3	3	3	2	3	3	3	1	3	1	2	2	3	3	1	1	2	2	1	1	2	1	3	3	3	3	4	4	2	2	1	1	2	2	3	2	2	2	3	1	3	3	2	2	3	2	3	3	1	1	1	1	3	3	2	1	2	2	2	2	1	1	2	2	3	3	2	2	3	1	2	1	1	1	2	1	2	2	4	3	1	1	3	3	3	3	5	5	3	1	3	3	2	1	2	2	2	2	2	2	2	2	2	1	3	2	1	1	3	3	5	5	2	1	2	2	2	2	2	2	3	3	1	1	3	3	4	2	2	2	2	2	3	1	3	3	4	4	1	1	2	2	2	2	2	1	2	1	1	1	3	1	2	2	3	1	3	1	2	2	3	2	3	2	3	3	2	2	2	2	2	1	2	2	2	1	3	3	4	4	2	2	3	3	4	4	1	1	2	1	3	3	2	1	3	2	3	3	3	2	3	2	2	1	3	1	4	2	5	5	3	3	3	3	2	2	1	1	2	2	3	2	3	1	2	2	2	2	3	3	5	1	4	3	2	2	3	2	3	3	1	1	1	1	2	2	5	5	2	2	2	1	1	1	2	1	3	3	2	2	2	2	2	1	2	1	2	2	3	1	2	2	3	3	2	2	3	3	2	1	3	3	1	1	2	2	2	2	3	3	3	3	3	3	1	1	3	2	1	1	4	4	2	2	3	2	3	3	3	3	1	1	3	3	2	2	1	1
21G.0443	2	1	2	2	3	1	3	3	2	1	2	1	3	3	4	2	2	1	3	1	3	3	1	1	2	1	4	4	2	1	2	2	2	1	2	2	3	3	3	2	4	3	3	3	3	1	2	2	2	2	2	2	2	1	3	3	1	1	2	1	2	2	4	4	2	2	4	4	2	2	2	2	3	2	4	4	3	1	1	1	3	3	2	2	2	2	2	2	1	1	2	2	3	3	2	2	3	3	3	3	3	2	2	2	3	2	2	2	4	4	3	3	3	3	2	1	2	1	3	1	3	2	2	2	3	3	3	3	3	1	3	3	2	1	2	1	3	3	2	2	2	2	2	1	2	2	5	5	2	2	3	2	3	3	1	1	1	1	1	1	3	3	2	1	3	2	2	2	3	3	1	1	0	0	2	1	1	1	2	2	3	3	2	2	3	3	2	2	2	2	1	1	7	7	3	3	1	1	2	1	3	2	2	2	1	1	4	4	3	3	2	2	3	1	1	1	2	2	4	4	3	3	4	4	3	3	1	1	2	1	2	1	1	1	2	2	2	1	2	2	2	2	3	1	1	1	3	3	3	3	1	1	1	1	2	2	1	1	2	2	4	2	3	2	3	3	2	1	4	1	3	3	2	2	1	1	2	2	2	2	2	2	3	3	2	1	2	2	3	3	1	1	4	3	3	1	3	1	3	2	2	2	2	2	3	3	1	1	2	2	3	3	3	3	1	1	3	3	2	2	4	3	2	2	1	1	3	1	1	1	3	1	5	5	4	4	2	2	2	1	1	1	2	2	2	2	3	3	2	2	3	1	4	4	1	1	2	1	2	2	3	3	2	2	3	3	3	3	4	3	3	3	2	2	2	2	3	3	4	4	3	3	2	1	2	2	1	1	2	1	3	3	1	1	2	1	3	3	1	1	1	1	1	1	3	3	3	1	2	2	1	1	2	2	3	3	3	3	2	2	4	3	3	3	3	3	3	3	3	3	2	2	2	2	2	2	3	3	3	3	0	0	3	2	2	2	1	1	1	1	2	2	1	1	1	1	3	1	2	1	2	2	2	2	1	1	1	1	2	2	3	3	2	2	3	3	5	3	2	2	1	1	2	1	5	5	2	1	4	3	3	1	3	3	1	1	2	2	4	4	4	4	2	2	2	2	2	1	2	2	1	1	2	2	3	3	2	2	3	3	3	3	3	2	3	1	3	2	3	3	1	1	3	3	4	4	2	2	3	3	2	2	2	1	1	1	2	2	2	2	4	4	2	2	3	2	2	2	1	1
21G.0444	2	1	3	3	4	1	2	2	1	1	3	2	3	3	4	3	2	2	3	3	3	3	1	1	2	2	4	4	1	1	2	2	2	1	2	2	3	3	3	1	2	2	3	3	3	3	2	2	1	1	4	1	1	1	2	2	2	2	1	1	2	2	4	4	2	1	4	1	2	2	2	1	3	2	3	3	2	2	3	1	3	3	2	1	3	3	4	4	3	2	2	2	3	1	2	1	4	3	1	1	2	1	2	2	2	2	2	2	3	2	3	3	3	3	2	1	3	3	1	1	3	3	2	2	1	1	2	1	1	1	3	3	2	1	2	2	2	1	2	2	2	1	2	2	3	1	5	5	2	2	2	2	3	3	2	2	3	1	2	2	3	1	3	3	2	2	3	3	1	1	1	1	3	3	3	3	1	1	4	1	2	1	2	1	3	1	2	2	2	1	2	2	4	4	3	3	2	1	2	2	3	3	4	4	1	1	4	4	3	1	4	2	2	1	2	2	1	1	3	3	3	3	3	3	3	3	2	2	2	2	2	2	2	1	3	3	1	1	2	2	3	3	2	1	2	1	2	2	4	1	3	3	1	1	3	3	1	1	2	2	3	3	2	2	3	2	2	1	4	4	1	1	1	1	2	1	2	2	2	1	2	2	3	3	1	1	3	3	2	2	2	1	4	1	3	3	2	2	1	1	2	2	2	2	3	3	3	3	2	2	1	1	2	1	2	2	2	2	1	1	3	3	1	1	2	2	3	3	2	1	3	1	5	5	3	2	2	1	2	2	2	2	2	2	2	2	1	1	1	1	3	3	4	4	1	1	1	1	1	1	1	1	3	2	3	3	3	3	3	1	3	3	2	2	5	5	3	2	4	4	3	3	2	1	2	1	1	1	2	2	3	3	3	1	2	2	3	3	1	1	2	2	3	2	3	3	3	2	1	1	2	2	2	2	2	2	1	1	3	2	3	1	3	3	1	1	3	3	3	3	2	2	3	3	3	2	1	1	3	2	3	3	3	3	2	2	3	3	4	4	4	2	1	1	3	3	1	1	2	1	2	2	1	1	3	3	2	2	2	1	3	3	5	2	4	4	3	1	2	2	3	3	1	1	1	1	2	1	2	2	3	2	2	1	1	1	2	2	4	1	4	4	2	2	2	2	1	1	3	3	3	3	2	2	3	3	3	1	3	3	2	1	3	3	1	1	4	4	2	2	3	3	3	3	4	4	2	2	3	1	2	2	4	4	1	1	3	1	2	1	3	3	3	3	2	1	2	2	1	1
21G.0445	2	2	3	3	4	3	3	1	1	1	1	1	3	3	3	3	2	2	2	2	1	1	2	2	2	2	4	4	4	4	3	2	2	2	3	2	4	4	3	3	3	3	3	3	3	3	3	3	2	2	4	4	2	2	1	1	2	2	1	1	3	2	4	4	3	3	1	1	3	3	2	1	3	3	4	2	3	3	3	3	3	3	2	2	2	2	4	4	1	1	2	2	3	1	3	3	4	4	2	2	3	3	2	2	3	1	2	2	4	4	3	3	2	2	2	1	3	3	4	4	3	3	3	2	2	2	2	1	2	2	1	1	1	1	2	2	4	3	1	1	2	2	1	1	3	3	5	5	2	2	2	1	1	1	2	2	3	3	2	2	2	2	2	2	2	2	1	1	3	3	1	1	3	3	2	1	2	2	2	2	2	2	3	3	2	2	2	2	2	2	2	1	4	4	3	2	1	1	2	2	1	1	2	2	2	1	2	2	3	1	4	4	3	1	1	1	2	2	4	3	3	3	3	2	3	3	2	2	2	2	3	3	2	1	2	2	1	1	2	1	3	3	3	3	2	2	2	2	3	2	3	3	2	2	2	2	1	1	2	2	2	2	1	1	3	3	2	2	2	1	2	2	1	1	2	1	2	2	2	2	3	2	3	3	2	2	2	2	4	3	2	2	3	3	3	1	3	1	3	3	2	2	2	1	3	3	3	1	3	3	2	2	1	1	1	1	2	2	2	1	4	4	1	1	2	1	3	3	5	5	3	3	1	1	5	1	2	2	2	2	2	2	2	2	3	2	3	1	2	1	1	1	5	5	2	2	2	2	2	2	2	2	3	3	3	3	2	2	4	4	3	3	2	2	3	3	1	1	4	4	1	1	2	1	2	1	2	1	2	1	3	3	3	2	2	1	1	1	3	3	1	1	1	1	3	2	3	2	2	2	2	2	3	3	2	2	2	2	1	1	4	4	2	2	3	3	4	4	3	3	2	1	3	3	2	1	3	2	3	3	2	2	3	3	3	3	5	3	4	4	1	1	2	2	3	3	2	2	2	1	1	1	2	1	2	2	2	2	2	2	2	2	2	2	5	4	2	2	3	2	1	1	2	1	2	2	1	1	4	3	2	2	2	2	2	1	2	2	2	2	4	3	2	2	3	3	2	1	3	2	1	1	2	2	3	3	3	3	3	3	3	3	1	1	2	2	3	3	3	3	3	3	2	2	1	1	2	2	2	2	1	1	4	4	3	3	3	2	3	3	3	1	1	1	3	2	1	1	2	1
21G.0449	1	1	1	1	4	1	3	3	2	2	1	1	1	1	4	4	2	2	3	2	3	2	2	1	1	1	2	2	1	1	3	3	2	2	2	2	3	3	3	1	4	4	1	1	3	1	2	2	2	1	3	3	2	2	3	3	1	1	2	2	3	2	4	4	4	4	1	1	2	2	3	3	3	1	3	3	3	3	1	1	3	1	2	1	3	3	5	5	2	1	2	1	3	3	3	3	4	4	2	2	3	2	2	2	3	2	2	2	2	2	3	3	2	2	1	1	2	2	1	1	2	2	3	3	2	1	2	1	4	4	3	3	3	1	2	2	2	2	2	2	2	2	2	2	3	3	3	1	2	2	2	2	2	1	2	2	3	1	2	2	3	3	1	1	3	3	1	1	3	3	2	1	3	3	3	2	2	1	2	2	1	1	2	2	3	3	2	2	2	2	1	1	2	1	2	2	1	1	2	2	3	1	1	1	1	1	4	4	3	2	2	1	2	1	2	2	2	1	3	2	2	2	4	3	3	3	1	1	1	1	3	1	1	1	1	1	3	3	1	1	2	2	3	3	3	3	3	3	3	3	2	2	2	2	3	3	1	1	2	2	3	3	3	3	2	2	3	3	4	4	2	2	2	1	2	2	3	3	2	2	2	2	3	3	2	2	3	2	3	3	2	2	4	3	3	3	3	3	3	3	2	1	2	2	3	1	3	3	2	2	2	2	3	1	2	2	2	2	2	2	4	3	2	2	1	1	3	2	2	2	3	3	2	2	5	5	2	2	2	2	2	1	2	2	3	2	3	3	1	1	1	1	5	5	2	2	2	1	2	1	3	2	3	2	1	1	3	3	2	2	3	3	2	2	5	3	3	2	3	3	3	3	1	1	1	1	2	2	2	2	3	2	3	3	2	2	3	1	3	3	1	1	2	1	3	2	3	3	2	2	2	1	3	3	2	2	2	2	3	3	4	4	2	1	3	3	3	2	3	1	1	1	2	2	3	3	3	1	3	3	3	3	3	1	2	1	3	2	4	2	4	4	3	2	1	1	2	1	2	2	2	2	1	1	3	3	1	1	2	2	4	4	5	5	3	3	3	3	2	1	3	2	1	1	1	1	2	1	4	3	3	2	3	3	2	2	2	2	4	4	3	3	2	2	2	2	1	1	3	2	3	3	2	1	3	2	3	1	2	1	3	3	2	1	2	2	3	3	2	2	3	1	2	2	4	3	3	3	2	2	3	2	3	3	3	3	3	3	3	3	4	1	1	1	3	1	2	2	1	1
21G.0454	1	1	3	3	1	1	3	3	2	1	3	1	3	3	4	4	2	2	3	1	3	3	2	1	3	1	4	4	1	1	3	2	3	3	2	2	3	3	3	3	3	2	2	1	3	3	2	2	2	2	3	3	2	2	3	2	2	2	2	1	2	1	5	3	3	2	3	3	3	2	3	2	3	3	4	3	1	1	3	3	3	3	2	2	2	2	3	3	3	3	2	1	3	3	3	3	3	3	2	2	3	1	2	2	3	3	2	2	2	2	3	2	3	1	2	2	2	2	1	1	2	1	2	2	3	3	3	1	1	1	3	3	3	3	2	1	2	2	2	2	2	2	2	1	3	3	3	3	2	2	3	3	1	1	4	2	1	1	2	2	3	3	2	1	3	2	2	2	3	3	1	1	3	3	2	2	2	2	1	1	2	2	3	3	3	3	2	2	1	1	1	1	7	7	3	2	2	2	2	1	3	3	1	1	1	1	4	4	3	3	2	2	2	2	2	2	1	1	3	2	3	2	4	4	4	1	2	2	1	1	3	1	1	1	3	3	2	2	2	1	2	2	3	3	2	2	3	2	4	3	1	1	2	2	2	2	1	1	2	1	3	3	3	3	3	1	3	3	4	2	2	2	2	2	2	2	3	3	2	2	3	2	3	3	2	2	3	3	3	3	2	2	4	1	3	3	3	3	3	1	2	2	2	1	3	3	3	3	3	3	3	1	1	1	2	2	3	2	2	1	4	4	1	1	1	1	3	3	2	1	3	3	4	1	5	2	2	2	1	1	1	1	1	1	2	2	3	3	1	1	2	2	5	5	2	2	2	2	2	1	3	1	3	3	1	1	3	3	4	4	3	3	2	2	5	3	2	1	4	4	1	1	2	1	2	1	2	2	2	2	3	3	2	2	2	2	3	3	3	1	1	1	2	2	3	1	3	3	2	2	1	1	2	2	3	3	2	2	3	3	4	4	3	2	3	3	4	4	2	1	1	1	2	2	2	2	3	3	3	3	3	3	3	3	2	2	4	4	4	2	4	2	3	1	2	2	2	1	2	2	1	1	1	1	3	3	1	1	2	1	4	3	5	5	4	3	3	2	3	3	1	1	2	2	5	5	2	2	5	5	2	2	1	1	2	2	2	2	4	4	4	3	2	2	2	2	2	2	2	2	3	3	2	1	1	1	1	1	3	3	3	3	3	2	1	1	2	2	2	2	3	1	3	1	4	4	2	1	3	2	3	1	2	2	3	3	3	3	2	2	3	3	3	3	3	2	3	3	2	1
21G.0463	1	1	3	3	4	4	3	2	1	1	2	1	4	4	4	3	2	2	3	3	3	1	1	1	1	1	4	4	3	3	3	3	2	2	2	2	3	3	1	1	2	1	1	1	3	1	3	3	2	1	4	3	2	1	3	3	2	2	1	1	2	2	4	3	3	3	2	1	3	2	3	3	3	3	3	3	2	2	3	1	3	3	2	2	2	2	5	4	1	1	2	2	3	1	3	3	4	3	2	2	3	3	2	1	3	2	2	1	4	4	3	3	3	3	2	1	2	2	4	3	1	1	3	3	2	1	3	3	3	3	2	2	3	1	2	2	4	1	2	1	2	2	1	1	3	3	1	1	1	1	2	1	3	3	2	1	2	1	2	2	2	2	2	2	2	2	3	3	3	3	1	1	3	2	2	1	2	2	2	2	3	2	2	1	2	1	2	2	2	2	1	1	7	6	3	3	2	2	2	1	2	2	2	1	2	2	2	2	2	1	4	4	1	1	2	2	2	1	2	2	3	3	4	4	2	1	2	1	1	1	3	3	1	1	3	2	2	1	2	2	2	2	1	1	3	3	3	3	3	1	3	3	1	1	3	3	2	2	1	1	3	3	2	2	3	1	3	3	4	4	2	2	3	3	1	1	3	3	2	1	3	2	3	3	2	2	3	2	4	2	2	2	4	4	3	3	2	2	3	2	1	1	2	1	2	2	3	1	2	2	2	2	1	1	2	1	3	1	2	2	4	4	2	1	2	2	3	3	2	2	2	2	3	2	3	1	3	3	2	2	2	2	3	2	3	1	3	3	2	1	3	1	5	2	2	2	2	2	2	2	3	3	3	3	1	1	3	2	4	4	3	3	1	1	3	3	2	2	4	3	2	2	2	2	2	2	2	1	1	1	3	3	3	3	2	2	2	1	1	1	2	1	2	1	3	3	3	3	2	2	2	1	2	2	3	2	2	2	3	3	4	4	2	2	3	3	4	4	1	1	2	2	4	4	2	2	3	1	2	1	3	3	3	3	3	2	3	3	4	2	5	1	3	3	3	3	2	1	2	1	2	1	2	1	1	1	1	1	1	1	3	3	4	4	4	4	3	3	3	3	2	1	2	2	5	1	2	1	3	3	3	3	1	1	2	2	2	1	4	1	4	1	2	1	3	2	2	2	2	2	1	1	2	2	3	2	3	2	3	3	3	3	3	3	1	1	4	3	2	2	3	3	3	1	3	3	2	1	3	1	1	1	2	2	3	2	3	3	3	3	2	2	3	3	3	3	1	1	2	1
21G.0474	2	2	3	3	4	4	3	2	2	1	2	2	3	3	4	4	1	1	3	3	3	1	1	1	3	2	4	2	1	1	2	2	2	1	3	2	4	3	3	1	3	2	1	1	1	1	2	2	2	2	4	4	2	2	2	1	2	1	2	1	3	2	5	4	3	2	2	1	3	3	3	3	3	2	3	3	3	3	3	3	2	2	2	1	3	2	2	2	3	3	2	2	3	3	3	2	4	4	1	1	3	1	3	3	1	1	2	2	4	4	3	3	3	3	2	2	2	2	3	1	3	3	3	3	3	2	2	2	4	4	2	2	3	1	2	2	4	3	2	2	1	1	2	1	2	2	5	1	2	2	2	2	3	3	2	2	3	3	2	2	3	3	3	3	3	3	3	3	3	3	1	1	1	1	3	3	1	1	1	1	2	2	1	1	2	1	2	1	2	2	2	1	6	6	3	3	2	1	2	2	4	1	1	1	2	2	4	2	2	2	2	2	1	1	2	1	2	2	4	4	3	3	4	4	2	2	2	1	1	1	3	3	1	1	1	1	1	1	2	2	3	3	3	3	1	1	3	3	2	2	3	2	2	2	2	2	2	2	2	2	1	1	2	2	3	3	2	2	2	1	1	1	3	3	2	2	3	3	2	1	3	2	3	3	1	1	3	3	4	2	1	1	4	4	3	1	2	2	2	2	2	2	2	1	2	1	4	4	2	2	2	2	1	1	2	1	3	2	2	2	2	2	2	2	2	1	3	3	2	1	3	3	1	1	2	1	3	3	2	1	2	2	2	2	2	2	3	2	2	2	3	3	2	2	1	1	2	2	1	1	3	3	3	3	3	2	2	2	4	4	3	2	2	1	2	1	3	3	4	4	3	3	2	1	2	2	2	1	2	2	2	2	3	3	1	1	3	3	3	1	2	1	3	1	1	1	3	3	2	2	1	1	2	1	2	1	2	1	3	2	3	3	3	3	3	3	4	4	3	3	2	2	3	2	2	2	3	3	3	3	3	3	3	2	2	1	3	3	4	2	4	4	2	1	1	1	2	2	2	2	2	2	2	2	1	1	2	2	2	1	3	3	5	2	2	2	2	2	3	3	3	3	1	1	5	1	2	2	4	3	3	3	3	3	2	2	2	1	1	1	4	3	4	2	2	2	1	1	2	1	3	3	2	1	3	3	3	3	3	3	3	3	1	1	3	3	2	1	3	3	3	3	1	1	4	3	2	1	3	1	4	4	1	1	2	2	2	2	3	1	1	1	2	2	3	2	2	1	2	1
21G.0476	2	1	1	1	4	4	3	2	2	2	2	1	3	3	3	3	3	2	2	2	3	3	2	2	2	1	2	2	1	1	2	2	2	2	3	2	2	2	3	3	3	1	3	3	3	3	2	2	2	1	4	1	2	2	2	2	2	2	2	1	3	3	5	5	3	2	2	1	3	3	2	2	3	2	3	3	2	2	3	1	3	3	2	2	2	1	3	2	1	1	2	2	3	3	3	2	4	4	3	1	2	2	2	2	3	2	1	1	1	1	3	3	2	1	1	1	3	2	4	2	3	3	3	3	2	2	2	1	4	4	2	2	3	3	2	2	3	3	3	2	2	2	1	1	3	3	3	3	2	2	2	2	3	3	1	1	1	1	1	1	3	3	2	2	2	2	1	1	3	3	2	2	3	1	3	3	2	2	4	1	2	2	3	1	3	3	2	1	2	2	2	1	4	4	3	2	1	1	2	1	4	4	2	2	2	2	2	2	2	2	2	1	2	1	1	1	1	1	2	1	3	3	3	3	4	1	2	2	2	2	2	2	2	2	2	1	2	1	1	1	2	2	2	1	2	2	3	3	4	1	3	2	2	1	2	2	1	1	2	2	2	2	1	1	3	3	2	2	4	4	1	1	3	3	2	2	3	3	1	1	3	3	3	3	2	2	2	2	3	3	2	1	4	2	3	1	2	1	3	1	2	2	2	2	3	3	1	1	2	2	2	1	1	1	2	2	3	3	1	1	2	1	2	2	2	2	3	1	5	3	3	3	1	1	4	1	2	2	2	2	2	2	3	1	3	3	2	2	1	1	3	1	4	4	1	1	2	2	2	1	2	2	3	3	3	1	2	2	3	3	2	1	2	2	3	1	3	3	4	3	3	3	2	2	1	1	2	1	1	1	3	3	2	2	2	1	3	1	3	3	2	2	2	2	3	3	3	3	2	2	2	2	2	2	3	2	3	3	3	2	3	1	3	3	3	1	3	1	2	2	2	2	2	1	3	1	3	1	3	3	3	3	2	2	2	2	2	2	4	4	4	2	2	1	2	2	1	1	2	1	2	2	2	2	3	3	2	2	2	1	4	4	2	2	4	4	3	1	3	3	1	1	1	1	1	1	2	1	5	5	3	2	1	1	2	2	2	2	4	4	2	2	4	4	2	1	2	2	2	1	3	1	2	2	3	3	1	1	4	4	3	3	3	3	3	1	2	2	3	2	2	2	2	1	4	4	3	1	2	1	3	3	4	4	3	3	3	3	3	1	3	1	1	1	3	3	2	2	2	2
21G.0480	2	2	2	1	4	4	3	1	1	1	1	1	3	3	4	3	3	2	5	5	3	3	2	1	2	2	4	4	2	2	3	3	3	2	3	1	3	2	2	1	3	3	3	3	3	3	2	2	2	1	3	3	2	2	1	1	2	2	2	2	3	3	4	1	3	3	4	4	3	2	2	1	3	3	4	4	3	3	1	1	3	2	2	2	2	2	4	4	3	1	2	2	2	2	3	3	4	4	1	1	3	2	3	3	3	1	2	2	4	2	3	3	2	2	2	2	3	3	4	1	1	1	3	3	3	2	3	2	2	2	2	2	1	1	1	1	4	4	2	2	2	2	2	2	3	3	3	3	1	1	1	1	3	3	2	2	3	2	1	1	2	2	2	2	3	3	3	3	3	1	2	2	3	3	3	3	2	2	2	2	3	2	2	1	3	3	2	1	1	1	2	2	7	7	2	2	1	1	2	1	2	2	3	3	3	3	1	1	2	2	4	1	1	1	2	2	1	1	3	2	3	3	4	4	1	1	2	2	2	2	3	3	2	2	1	1	1	1	2	2	3	3	2	2	2	1	3	2	3	3	0	0	1	1	2	2	1	1	2	2	4	2	2	2	2	1	3	2	4	2	1	1	1	1	2	2	3	3	2	2	2	2	3	3	2	1	2	2	4	4	1	1	3	3	1	1	3	3	3	3	2	2	1	1	3	3	3	1	2	1	3	3	2	1	2	1	1	1	2	2	4	4	2	1	1	1	3	3	4	2	3	3	3	3	2	2	2	2	1	1	1	1	3	2	3	3	3	2	1	1	3	3	4	2	2	2	2	1	1	1	3	3	2	2	1	1	3	3	4	4	2	1	2	2	5	5	3	1	3	3	3	3	1	1	1	1	2	2	2	2	3	2	2	2	2	2	3	2	3	1	2	1	3	3	3	3	3	2	2	2	2	2	2	1	2	2	3	3	3	3	3	1	3	3	3	1	2	1	3	1	2	2	3	2	2	2	3	3	3	2	2	2	2	1	3	3	3	3	4	2	5	2	3	3	1	1	2	2	2	2	2	2	3	3	3	3	1	1	1	1	3	3	5	5	5	2	4	4	3	3	1	1	1	1	1	1	2	2	5	4	2	2	2	2	1	1	2	2	2	1	4	3	2	2	3	2	2	2	2	2	3	3	1	1	3	3	1	1	3	2	3	3	3	3	3	1	2	1	2	2	1	1	3	3	3	3	1	1	2	2	4	3	2	1	2	2	3	3	3	2	4	3	3	2	2	2	3	2	1	1
21G.0486	2	2	3	3	4	4	3	3	2	2	3	3	3	1	4	3	2	1	2	1	3	3	1	1	3	3	4	4	1	1	3	2	3	2	2	1	4	3	3	3	3	3	3	1	3	1	3	3	1	1	4	4	2	2	3	3	2	2	1	1	3	3	2	1	3	3	1	1	0	0	2	2	2	1	3	3	1	1	3	1	3	3	2	2	2	2	4	3	1	1	2	2	3	3	3	3	2	2	1	1	2	1	3	3	1	1	2	2	3	2	3	3	2	1	2	2	2	2	4	1	2	2	3	3	0	0	2	2	4	4	3	3	3	3	1	1	1	1	2	2	2	2	0	0	2	1	5	5	3	2	1	1	3	3	2	2	1	1	2	1	2	2	2	1	2	2	3	3	3	1	1	1	3	2	2	2	2	2	2	2	3	2	2	2	2	1	2	1	2	1	1	1	7	7	3	3	2	2	2	1	3	2	2	2	3	1	3	3	2	2	4	2	3	3	2	1	2	2	3	3	3	3	3	1	3	3	2	2	1	1	3	3	2	2	2	1	2	2	2	2	2	2	3	3	1	1	3	3	1	1	3	1	2	2	3	3	1	1	2	2	4	4	2	2	2	1	2	2	2	2	2	2	3	1	2	2	2	2	2	2	2	2	3	3	2	1	3	3	4	2	2	2	2	2	1	1	3	3	0	0	1	1	1	1	2	2	3	3	3	3	3	1	2	1	2	2	2	1	2	2	4	4	2	2	1	1	3	3	3	1	3	2	2	2	3	3	3	3	2	1	1	1	1	1	2	2	3	3	1	1	3	1	5	5	2	2	2	2	2	2	3	2	3	3	1	1	3	1	0	0	3	2	2	2	1	1	3	3	4	4	3	1	2	1	2	2	1	1	2	2	3	3	3	3	2	2	3	2	1	1	2	2	3	1	2	2	3	3	2	2	2	1	2	1	3	1	2	2	3	3	4	4	1	1	3	3	4	3	3	3	2	2	4	4	2	2	2	2	3	3	3	3	3	2	2	2	3	3	4	2	2	2	3	1	3	3	2	2	2	1	2	2	1	1	2	2	2	2	2	2	3	2	2	2	3	3	3	3	3	3	1	1	1	1	2	2	1	1	5	5	2	2	2	2	2	1	2	2	4	4	3	3	2	2	2	2	2	2	3	3	4	3	2	2	3	3	2	1	3	3	3	2	3	3	2	2	3	3	2	2	3	3	2	2	3	1	2	2	2	2	2	1	4	4	0	0	3	3	3	3	3	3	3	2	3	3	2	2	2	2
21G.0514	2	2	3	2	4	4	3	3	2	2	3	1	3	3	4	3	3	2	5	5	1	1	2	1	2	2	4	2	2	1	3	3	2	2	3	3	1	1	2	2	3	3	3	3	3	1	2	2	2	1	4	3	2	2	3	3	2	1	2	1	2	2	4	4	3	3	2	2	3	3	3	3	3	3	3	3	3	2	1	1	3	3	1	1	3	3	4	4	1	1	2	2	3	3	1	1	4	3	1	1	2	2	2	1	3	3	2	2	4	4	3	3	1	1	2	2	3	3	1	1	3	3	3	1	3	3	3	2	2	2	3	2	1	1	2	1	3	3	2	2	1	1	2	2	2	2	3	3	1	1	1	1	3	3	2	2	2	2	1	1	2	2	2	1	3	3	3	1	1	1	1	1	3	3	3	2	2	1	2	2	2	1	1	1	2	2	2	2	2	2	2	2	4	4	3	2	1	1	2	1	2	2	2	2	1	1	4	3	3	3	4	2	2	2	2	2	1	1	3	3	3	3	3	3	4	4	1	1	1	1	2	1	2	2	3	3	2	2	2	2	2	2	1	1	2	2	3	2	4	4	3	2	1	1	3	3	2	1	2	1	3	3	2	2	3	3	2	2	4	2	3	1	3	2	2	1	2	2	2	2	2	1	3	2	1	1	2	2	3	2	2	2	1	1	3	2	3	3	3	3	2	2	2	2	2	2	3	3	3	2	1	1	3	1	2	1	2	2	2	2	4	4	2	2	2	1	3	3	2	2	3	3	3	3	4	2	3	2	1	1	2	2	2	2	2	2	3	2	2	1	1	1	4	1	2	2	2	2	2	2	1	1	3	3	1	1	2	1	4	4	2	2	1	1	3	3	2	2	4	4	3	3	1	1	1	1	2	2	2	2	2	2	3	3	2	2	2	1	3	3	2	2	1	1	3	3	3	3	2	2	2	2	3	3	3	3	3	2	3	3	4	4	3	1	3	3	4	4	2	1	2	2	4	4	2	1	3	3	3	3	3	3	3	3	2	2	3	3	4	4	4	2	1	1	3	3	1	1	1	1	2	2	3	3	3	3	1	1	1	1	3	3	2	1	4	1	3	1	3	3	3	3	2	2	2	2	1	1	5	3	2	2	2	2	2	1	2	1	4	4	3	3	2	2	3	2	1	1	3	3	3	3	2	2	2	2	3	2	3	3	2	2	3	3	3	1	2	2	2	2	3	3	3	3	4	4	2	1	3	3	4	4	2	2	2	1	2	2	2	2	4	3	3	3	2	2	2	2	1	1
21G.0520	2	1	3	3	4	4	2	1	1	1	3	3	3	3	2	2	2	2	2	1	2	2	3	3	2	2	4	4	4	4	3	2	2	2	3	1	3	3	3	3	2	1	3	3	1	1	2	2	1	1	4	4	2	2	3	3	2	2	1	1	3	3	4	4	2	2	4	4	3	2	2	2	3	2	4	4	2	2	1	1	3	2	2	2	3	2	5	2	3	3	2	2	3	3	1	1	3	2	2	2	2	1	2	2	3	1	2	1	4	4	2	2	3	3	2	2	3	1	4	4	3	3	2	2	2	2	3	1	2	2	2	2	3	3	2	2	2	2	3	1	2	2	2	2	2	2	5	5	3	3	2	2	3	1	2	2	3	1	2	1	3	3	2	1	3	2	3	2	3	1	1	1	3	3	3	3	2	2	4	1	3	2	2	2	2	1	2	2	2	1	1	1	6	6	3	3	1	1	2	1	3	2	4	4	1	1	4	4	3	1	2	2	3	3	1	1	2	2	3	3	3	3	4	4	3	3	2	2	2	2	3	3	2	2	3	3	1	1	2	2	2	2	3	1	2	2	3	2	3	1	3	3	2	2	3	3	2	1	2	2	3	2	3	3	3	3	2	1	1	1	1	1	2	2	2	2	2	2	2	1	3	2	3	3	2	2	3	3	3	3	2	1	4	3	3	3	3	3	3	3	2	2	2	2	3	3	3	3	3	2	2	1	2	1	1	1	3	2	2	2	3	3	1	1	1	1	3	1	5	5	3	3	4	1	2	2	3	3	2	2	2	1	2	1	2	2	2	2	2	2	3	1	5	5	2	1	2	2	2	2	3	3	3	2	3	1	3	1	4	4	3	3	2	1	3	1	2	1	3	3	3	3	2	1	2	2	2	2	2	2	3	2	2	2	2	2	2	2	3	3	2	2	3	2	3	3	2	2	1	1	1	1	1	1	3	3	3	3	3	1	4	1	2	2	3	1	4	4	2	2	2	2	3	3	2	2	3	3	3	3	2	2	3	2	2	2	5	5	3	3	4	4	3	1	1	1	1	1	2	1	2	1	1	1	1	1	1	1	1	1	3	3	4	2	4	3	3	3	3	3	1	1	2	2	5	5	1	1	3	2	2	2	1	1	2	2	1	1	3	2	4	4	2	1	2	2	2	2	3	3	3	3	2	2	3	3	3	3	3	3	3	3	3	1	1	1	2	2	3	3	3	3	1	1	4	4	2	2	3	3	1	1	4	4	1	1	3	1	3	3	3	1	2	2	3	2	3	2	2	2
21G.0524	1	1	3	2	4	4	2	2	2	2	3	3	3	1	4	2	3	2	5	5	3	3	2	1	3	2	4	4	1	1	3	3	2	2	1	1	1	1	3	3	3	2	3	1	3	1	2	2	2	1	4	2	2	2	2	2	2	1	2	1	2	2	4	2	3	2	2	2	2	2	1	1	3	3	3	3	3	3	3	1	3	3	2	2	3	3	2	2	2	2	2	2	3	3	3	3	4	4	2	1	3	3	2	1	3	3	2	2	4	4	3	2	2	2	2	2	2	1	4	1	3	3	2	1	3	3	3	3	2	2	1	1	3	3	2	2	3	3	3	3	1	1	2	2	2	2	1	1	1	1	1	1	3	1	2	2	3	3	2	2	3	3	1	1	3	3	3	3	3	3	3	3	3	2	3	3	2	2	4	1	2	1	3	3	1	1	1	1	2	2	2	2	4	4	3	3	2	2	2	1	3	2	4	4	3	3	4	3	3	3	2	2	2	2	2	2	2	2	4	4	3	1	4	1	4	4	2	1	2	2	2	2	2	2	2	2	2	2	2	2	1	1	1	1	2	2	3	3	4	4	3	2	1	1	3	3	2	2	2	2	4	4	2	2	3	3	3	3	4	2	1	1	2	1	2	2	3	3	2	1	3	3	2	2	2	2	3	3	3	2	2	2	4	1	3	2	3	2	2	2	2	1	2	2	3	2	1	1	2	2	2	2	3	3	2	1	3	3	2	1	4	2	2	2	2	2	3	3	3	1	3	3	2	1	3	2	3	3	2	2	1	1	1	1	3	3	2	2	2	1	2	1	5	5	1	1	2	1	1	1	3	3	3	2	2	2	3	2	4	4	2	1	2	2	3	3	3	2	5	5	3	1	2	2	2	2	2	2	2	2	2	2	1	1	2	1	3	3	3	1	2	1	2	2	3	2	3	2	2	2	2	2	3	3	3	3	1	1	3	2	3	1	2	2	3	3	3	3	3	3	2	2	3	3	2	2	3	3	3	3	3	2	3	1	1	1	3	2	1	1	4	2	3	1	2	1	3	3	1	1	2	2	1	1	3	3	1	1	2	2	4	3	5	5	5	5	3	3	3	3	3	3	2	2	1	1	2	2	5	2	3	2	1	1	2	2	2	2	2	1	3	2	4	2	2	2	2	1	2	2	3	3	1	1	3	1	2	1	3	3	3	3	3	3	3	1	2	2	3	3	3	3	3	3	4	4	1	1	2	1	4	3	2	2	2	2	3	3	3	1	4	4	1	1	3	3	3	3	2	2
21G.0533	2	2	3	3	4	4	2	2	2	2	2	2	3	3	4	4	2	2	2	2	3	3	1	1	3	2	4	1	3	3	3	2	2	1	2	2	3	1	1	1	3	3	3	3	3	3	3	3	1	1	3	3	2	1	3	3	2	2	1	1	2	2	4	4	3	3	2	1	0	0	2	2	3	1	3	3	1	1	3	1	3	3	2	2	2	2	4	4	2	2	2	2	3	1	3	3	3	3	2	2	3	3	2	2	3	3	2	2	5	5	2	1	2	2	2	2	3	1	4	4	3	1	3	2	2	1	3	2	4	4	3	2	3	3	2	1	4	4	3	3	1	1	0	0	2	2	3	3	0	0	2	2	3	3	3	3	3	3	2	2	3	2	2	2	3	2	3	3	1	1	2	2	3	2	2	1	2	1	2	1	3	3	2	2	2	2	2	2	2	2	1	1	6	6	3	2	1	1	2	2	3	1	2	2	2	2	4	4	2	1	2	2	3	2	2	2	2	1	3	3	3	1	3	3	4	1	1	1	1	1	2	2	2	2	2	2	2	1	2	2	3	3	3	2	2	2	3	3	3	2	3	3	2	1	2	2	2	1	2	2	2	2	1	1	3	3	2	2	4	1	2	2	1	1	2	2	3	1	2	2	3	1	3	2	2	2	2	2	3	3	2	2	1	1	3	3	3	1	3	3	2	2	2	1	1	1	4	1	2	2	2	1	3	3	1	1	2	2	2	2	3	1	2	1	1	1	3	2	2	2	2	2	4	4	5	4	2	2	2	1	1	1	2	1	2	1	2	1	1	1	1	1	5	5	2	2	2	2	1	1	2	2	3	3	3	3	2	2	4	4	2	2	2	2	2	1	3	3	3	3	3	1	2	2	1	1	2	2	1	1	1	1	2	2	2	1	3	3	3	3	2	2	1	1	3	2	2	2	2	2	2	1	2	1	3	2	3	3	3	3	4	4	2	1	3	3	3	2	1	1	2	2	3	2	2	2	3	3	3	3	2	2	3	3	2	2	2	2	4	4	4	4	3	2	2	1	1	1	2	2	2	2	2	2	3	3	1	1	1	1	3	3	5	5	4	4	3	3	3	3	1	1	2	1	1	1	2	2	5	5	2	2	2	1	2	2	2	2	4	1	3	2	4	2	3	3	2	2	3	3	3	3	2	2	3	3	2	2	3	3	3	3	2	2	1	1	2	2	3	3	3	3	2	2	4	4	1	1	3	3	4	4	2	2	3	3	3	3	3	3	1	1	2	1	2	2	3	3	1	1
21G.0535	1	1	1	1	4	2	2	1	2	1	1	1	4	3	4	4	3	2	3	3	3	3	2	1	2	2	4	4	2	1	2	2	2	2	3	3	3	3	3	3	3	2	3	3	3	3	3	2	2	1	3	2	1	1	2	2	2	2	2	2	2	1	5	4	3	3	2	1	3	3	3	2	3	1	4	2	3	2	3	3	3	3	2	1	2	1	4	2	1	1	2	2	3	3	3	3	3	2	2	1	2	1	3	1	3	1	2	2	4	4	2	2	2	2	2	2	3	2	3	1	2	1	3	3	2	2	1	1	2	1	3	3	3	1	2	1	4	4	2	2	2	1	2	1	3	3	3	3	2	2	1	1	3	1	2	2	1	1	2	2	3	3	2	2	3	3	3	1	3	3	1	1	3	3	3	3	1	1	1	1	3	2	2	1	3	1	1	1	2	1	1	1	7	1	2	1	1	1	2	2	2	2	4	1	2	1	2	2	1	1	4	4	2	1	2	2	2	2	3	2	3	3	2	2	4	4	1	1	1	1	2	2	1	1	3	1	1	1	2	2	3	3	3	3	2	2	3	3	1	1	3	3	2	1	3	2	2	2	2	2	2	2	1	1	3	3	2	2	4	4	2	2	1	1	1	1	3	3	2	2	2	2	3	3	1	1	3	2	4	2	1	1	2	2	3	2	3	2	3	3	2	2	2	2	3	3	3	1	2	2	3	1	2	1	2	2	3	2	2	2	4	3	2	1	2	1	2	1	4	2	3	1	4	4	2	2	2	2	2	2	2	1	2	2	2	2	3	3	2	2	2	2	5	5	2	2	2	2	2	2	1	1	2	2	1	1	3	3	3	3	3	3	2	2	3	3	2	1	5	4	1	1	2	2	2	2	2	2	2	1	3	3	2	1	2	2	3	1	3	1	2	2	1	1	3	1	3	3	2	2	2	2	3	1	2	2	3	3	3	3	3	3	3	3	3	3	3	2	3	2	2	2	3	3	3	1	3	1	3	3	3	2	3	3	3	1	3	3	4	4	5	5	3	3	3	1	1	1	2	1	2	1	3	3	3	1	2	2	1	1	4	3	4	4	4	4	2	2	2	2	1	1	2	1	5	5	2	2	3	3	3	3	1	1	2	2	2	2	4	2	4	3	2	2	3	2	1	1	3	3	4	4	2	2	1	1	3	2	3	3	3	3	2	2	2	1	3	3	3	2	3	3	2	2	4	4	2	2	2	2	4	4	2	2	3	2	3	3	3	2	3	3	3	3	3	3	3	3	2	2
21G.0541	2	2	2	2	4	4	2	2	1	1	3	3	4	4	3	3	1	1	3	3	3	1	2	2	2	2	4	2	1	1	2	2	2	1	2	1	3	1	3	3	3	1	3	1	3	3	2	2	2	2	2	2	2	2	3	3	2	1	1	1	3	3	5	4	3	3	4	4	3	2	3	3	3	3	3	3	3	3	1	1	3	3	2	2	2	2	3	1	2	1	2	2	3	1	2	2	4	3	2	1	3	2	2	1	3	3	2	2	4	4	2	2	3	3	2	2	3	3	3	3	2	1	1	1	3	1	3	2	4	2	4	4	1	1	2	1	3	1	2	2	2	1	0	0	3	3	5	5	1	1	2	2	3	3	4	2	3	1	2	2	3	3	2	2	3	3	2	1	3	3	1	1	3	3	3	3	2	2	2	2	1	1	2	2	2	2	2	1	2	2	2	2	7	7	3	3	2	1	2	2	3	3	4	4	3	3	4	1	3	1	4	2	2	1	2	1	1	1	3	2	3	3	4	4	3	1	1	1	2	2	2	2	1	1	2	1	1	1	2	1	2	1	3	3	2	2	2	2	4	3	3	2	2	2	3	3	2	2	2	2	2	2	1	1	3	3	3	3	4	4	3	1	2	2	2	2	2	2	2	1	3	1	3	3	1	1	3	2	3	3	2	2	5	5	1	1	3	2	1	1	2	2	2	2	3	2	3	3	3	2	1	1	2	1	2	2	2	2	2	1	3	3	2	1	2	2	3	3	1	1	3	1	5	5	1	1	2	2	2	2	2	2	1	1	2	2	1	1	1	1	3	1	2	2	1	1	2	2	2	2	1	1	2	2	1	1	3	3	2	2	2	2	1	1	2	1	3	2	4	4	3	3	1	1	2	2	1	1	2	1	3	3	3	3	2	1	3	2	3	1	2	2	2	2	3	3	3	3	2	2	2	1	3	1	3	3	2	2	3	1	4	1	3	3	3	1	3	3	2	2	2	2	3	1	2	1	1	1	3	3	3	3	3	2	2	2	3	3	3	2	5	1	1	1	3	1	2	2	2	1	2	2	1	1	3	1	2	2	2	2	4	4	5	2	4	4	3	1	3	3	1	1	1	1	2	1	2	2	5	5	2	2	2	1	1	1	2	2	4	4	4	3	4	4	3	1	1	1	1	1	3	3	2	2	1	1	3	3	2	2	1	1	3	3	2	1	4	4	2	2	3	3	3	1	4	4	3	3	3	3	3	3	4	2	3	3	2	2	3	3	4	4	2	1	3	2	2	2	1	1
21G.0543	2	2	3	3	4	4	3	2	2	1	2	1	3	3	3	2	3	3	5	5	3	2	3	2	2	2	4	4	2	2	3	2	3	3	1	1	4	4	3	1	3	3	2	1	3	3	3	2	2	2	4	3	2	2	3	3	2	1	1	1	3	2	4	2	2	1	3	3	2	2	2	1	2	2	4	3	2	1	3	3	1	1	2	2	2	2	3	3	3	3	2	2	3	1	2	1	4	4	1	1	2	2	2	2	3	3	2	2	4	4	2	1	2	1	2	1	2	1	1	1	3	3	2	2	3	3	3	3	4	4	3	1	2	2	2	2	2	2	2	2	2	1	2	2	2	2	3	1	1	1	2	2	3	3	4	2	3	1	2	2	3	3	3	3	2	2	3	1	3	3	1	1	2	2	3	2	2	1	2	2	2	2	2	1	3	1	2	2	2	2	2	1	4	4	3	3	1	1	2	2	3	3	4	4	2	1	4	4	1	1	4	2	3	2	1	1	1	1	3	3	2	1	4	1	3	3	1	1	2	2	3	2	1	1	3	1	3	2	2	2	2	1	2	1	2	2	3	2	4	4	2	2	1	1	3	3	2	2	2	2	4	4	2	2	3	3	2	2	4	4	1	1	2	1	2	2	3	3	1	1	3	3	2	2	1	1	2	2	3	3	2	2	4	3	3	1	3	2	2	2	2	2	2	2	1	1	2	2	2	2	3	1	2	1	2	2	3	1	2	2	3	3	2	2	2	2	3	3	4	1	3	2	4	4	2	2	2	2	1	1	2	1	3	3	3	2	3	2	1	1	2	1	5	5	2	2	2	2	1	1	2	2	3	3	3	1	3	3	4	4	3	3	2	1	5	5	3	3	4	4	3	1	2	1	2	2	2	1	1	1	2	2	2	2	2	2	3	3	3	1	2	1	3	2	3	2	3	3	2	2	2	1	2	2	2	2	2	2	3	1	4	4	3	2	3	1	4	3	3	3	2	2	3	3	3	3	3	1	3	3	3	2	2	2	2	2	3	3	4	2	4	4	1	1	1	1	2	1	1	1	2	2	2	2	3	3	2	2	2	1	4	4	5	2	4	2	5	2	3	3	3	3	2	1	1	1	2	2	4	3	2	2	2	2	1	1	2	2	4	4	4	4	4	4	1	1	1	1	3	3	3	3	2	2	3	3	3	3	2	2	3	3	2	2	1	1	2	2	2	2	3	3	3	3	4	3	3	3	3	3	3	2	4	2	3	3	3	3	2	2	3	3	3	1	3	2	3	2	2	2
21G.0550	1	1	1	1	4	4	1	1	2	2	1	1	1	1	4	2	2	2	3	3	3	2	2	1	3	3	4	2	1	1	2	2	2	1	2	2	3	3	2	1	3	3	3	3	3	3	2	2	2	2	4	4	2	1	1	1	2	2	2	2	2	2	5	4	2	2	2	2	3	2	3	3	2	2	3	3	3	3	2	2	3	3	1	1	3	2	3	3	1	1	2	2	3	3	2	2	3	2	2	2	1	1	3	3	1	1	2	1	4	4	3	1	2	1	2	2	2	2	3	3	3	3	1	1	3	3	3	3	2	2	3	3	1	1	2	2	3	1	2	2	2	2	0	0	3	2	3	3	3	3	2	2	3	1	4	4	2	2	1	1	3	2	1	1	2	2	1	1	3	3	1	1	3	3	2	2	1	1	4	2	2	1	3	3	3	3	1	1	2	2	2	2	6	6	3	3	1	1	1	1	2	2	4	2	3	1	4	2	1	1	4	4	2	1	1	1	2	2	3	2	3	1	3	1	3	3	1	1	1	1	3	3	2	1	1	1	1	1	1	1	2	2	3	3	1	1	3	3	4	4	2	2	1	1	3	1	2	2	2	2	4	4	3	3	1	1	3	3	5	2	2	2	1	1	2	2	2	2	2	1	3	2	3	3	2	2	2	2	2	1	2	2	4	4	3	3	3	3	2	1	2	2	1	1	3	1	3	3	3	2	3	3	3	1	2	1	3	3	2	2	4	2	2	2	2	2	3	2	2	1	2	2	4	4	5	5	2	2	2	2	1	1	2	2	3	1	3	3	2	2	1	1	5	5	2	2	1	1	2	2	2	1	3	3	3	3	3	2	4	4	2	2	1	1	2	2	3	3	5	1	1	1	2	2	1	1	1	1	2	2	3	3	3	1	2	2	1	1	3	3	1	1	2	1	3	2	3	1	2	2	2	2	2	2	2	2	2	1	3	3	4	4	2	1	3	1	3	3	3	3	2	1	3	3	3	1	2	1	3	3	3	2	3	3	3	3	5	5	4	4	1	1	2	2	3	2	1	1	1	1	2	2	1	1	3	3	2	1	2	1	3	3	5	2	3	2	3	3	3	3	2	2	1	1	5	5	2	2	5	5	2	2	3	3	2	2	2	1	4	3	4	2	2	2	3	3	2	2	3	3	3	1	2	2	2	1	2	2	3	3	2	1	3	3	2	2	3	2	2	2	1	1	2	2	1	1	1	1	3	3	3	1	2	2	1	1	2	2	3	3	2	2	1	1	3	3	3	1	2	2
21G.0559	2	1	2	2	4	1	3	1	2	2	1	1	4	4	3	3	1	1	3	3	3	2	2	2	1	1	4	2	2	1	3	3	2	2	3	2	4	4	3	3	3	3	3	3	1	1	2	2	1	1	3	3	2	2	2	2	2	2	1	1	2	2	3	2	3	2	2	1	3	2	2	2	3	3	4	4	3	3	1	1	3	3	2	2	3	3	4	4	3	3	2	2	2	2	3	3	4	4	1	1	3	2	2	2	3	3	2	2	4	4	2	2	3	1	1	1	1	1	3	3	1	1	1	1	1	1	2	2	4	3	2	2	3	1	2	1	3	2	2	2	2	2	1	1	3	3	3	3	2	2	2	2	1	1	2	2	3	1	2	2	3	3	3	3	3	2	1	1	3	1	2	1	3	3	3	3	2	2	2	2	3	1	2	2	2	2	2	2	1	1	2	2	7	7	3	3	1	1	2	2	2	2	3	3	3	3	3	3	2	2	2	1	2	2	2	2	2	2	3	3	3	2	3	2	3	1	2	1	2	2	2	1	2	1	2	2	2	2	1	1	2	2	2	2	2	2	3	3	1	1	3	3	2	2	3	2	1	1	2	2	4	3	2	2	3	2	3	2	4	4	1	1	1	1	2	2	3	2	2	1	3	2	3	3	2	1	2	2	3	2	2	1	4	4	1	1	3	3	2	1	2	2	1	1	3	3	3	3	2	2	3	3	2	1	2	1	2	2	1	1	4	3	2	2	2	2	3	3	5	3	3	3	3	1	2	2	2	1	2	1	2	2	2	1	3	1	3	3	2	1	2	1	5	5	2	2	2	2	2	2	3	3	2	2	3	3	3	2	3	2	3	3	2	2	3	3	1	1	4	4	3	3	2	2	1	1	1	1	2	2	3	3	3	1	2	2	3	2	3	1	2	1	2	2	3	3	3	3	2	2	2	2	3	3	3	3	3	3	3	3	3	1	3	1	3	1	4	4	1	1	2	2	2	2	3	3	3	1	3	3	3	2	3	3	3	1	3	3	2	2	5	5	1	1	2	1	2	1	2	1	2	2	1	1	3	1	1	1	2	1	4	3	5	2	4	2	3	3	3	3	1	1	1	1	1	1	2	2	5	5	3	3	2	1	2	2	1	1	4	4	4	2	4	3	2	2	1	1	3	2	3	3	2	2	3	1	1	1	4	4	3	3	3	3	3	3	2	2	2	2	2	2	3	3	2	2	2	2	2	2	1	1	4	4	2	2	3	3	3	2	1	1	1	1	3	1	2	2	1	1
21G.0577	1	1	2	2	4	4	3	3	2	1	1	1	3	3	4	3	2	2	2	2	3	1	2	1	2	2	4	4	4	4	3	3	2	2	1	1	3	2	3	3	4	3	3	1	3	1	2	2	1	1	1	1	2	1	3	3	2	1	2	2	2	2	5	3	3	3	1	1	3	3	3	3	2	2	4	3	3	3	3	1	3	3	2	1	2	1	5	5	3	1	2	2	3	1	3	3	3	3	2	2	3	3	2	2	3	3	2	2	4	4	1	1	3	1	1	1	3	3	4	3	1	1	3	2	2	2	2	2	1	1	2	2	2	2	2	2	2	1	2	2	2	1	2	2	3	3	5	5	2	1	2	1	3	3	4	1	1	1	2	2	2	2	3	3	2	2	2	1	3	3	2	1	3	3	3	3	1	1	2	1	3	2	2	2	3	2	2	2	2	1	2	2	7	7	3	1	2	1	2	1	2	2	4	4	3	3	4	2	1	1	4	1	1	1	2	1	2	1	3	2	3	3	3	3	3	1	2	1	1	1	3	3	1	1	1	1	1	1	1	1	3	3	2	2	2	2	3	3	3	3	3	2	2	1	3	3	2	2	2	1	2	2	3	1	3	3	2	2	2	1	2	1	1	1	2	1	3	2	2	2	3	2	3	3	2	2	3	3	4	4	1	1	4	4	3	3	3	3	3	3	1	1	1	1	3	2	1	1	2	2	3	3	3	3	2	2	3	1	2	2	4	4	2	2	2	1	2	2	1	1	3	3	4	1	5	5	2	2	1	1	1	1	1	1	1	1	3	3	2	1	2	1	4	4	1	1	1	1	2	2	3	2	2	2	3	1	3	3	4	3	2	2	2	2	3	3	3	2	4	3	3	3	1	1	2	1	1	1	2	1	3	3	3	2	2	1	3	3	1	1	1	1	2	1	3	3	3	3	0	0	2	2	2	2	2	2	3	2	2	2	3	1	2	2	3	3	2	1	1	1	2	1	3	1	2	2	3	1	3	3	2	2	3	1	3	3	4	3	4	4	4	2	2	1	3	1	2	2	2	2	2	2	3	2	3	3	1	1	2	2	4	4	5	5	2	1	2	1	2	2	3	3	2	2	2	2	2	1	5	2	2	2	2	2	2	1	2	2	4	4	2	2	4	2	2	2	2	2	3	2	1	1	2	2	3	1	2	2	3	3	3	3	2	2	1	1	2	2	2	2	3	3	2	1	3	3	2	2	2	1	4	1	4	4	3	3	2	2	3	2	3	3	3	3	3	1	2	2	2	1
21G.0580	2	2	2	1	4	4	2	1	2	2	3	3	3	3	3	3	1	1	3	2	3	1	2	2	2	1	4	4	4	2	2	2	2	2	2	2	4	4	3	3	3	3	2	1	1	1	2	2	2	2	3	3	2	2	3	3	2	2	1	1	2	1	5	4	4	4	2	2	2	2	3	3	3	1	4	4	3	1	2	2	3	3	2	2	3	3	4	4	3	3	2	2	1	1	1	1	3	2	1	1	2	2	2	2	3	3	2	2	4	4	1	1	2	1	2	2	3	3	4	3	3	1	3	3	2	2	2	1	4	4	3	3	3	1	1	1	2	2	2	2	1	1	2	2	2	2	3	3	2	2	1	1	2	2	1	1	1	1	2	2	2	1	2	1	2	2	3	1	3	3	1	1	3	2	3	3	2	1	2	1	2	2	2	2	3	3	2	1	2	2	1	1	6	6	2	2	2	2	2	1	3	2	4	2	3	3	4	1	3	1	2	1	2	1	2	2	2	2	3	2	3	3	4	1	3	1	2	2	1	1	3	2	1	1	3	3	1	1	2	1	3	2	3	3	3	1	3	3	3	3	2	2	2	2	3	2	1	1	1	1	2	1	3	1	3	1	2	2	4	4	3	3	1	1	1	1	2	2	1	1	3	3	3	3	2	2	3	3	2	1	2	2	3	1	1	1	2	2	1	1	1	1	1	1	1	1	1	1	2	2	2	2	3	2	1	1	2	1	1	1	4	4	1	1	2	2	3	3	5	5	3	1	4	3	4	4	3	3	2	2	1	1	1	1	3	2	3	3	2	1	1	1	4	4	1	1	2	1	2	2	2	2	3	3	1	1	3	3	4	2	3	3	2	2	3	1	1	1	4	4	1	1	2	2	2	1	1	1	2	1	2	1	2	1	2	2	3	1	3	3	2	2	2	2	2	2	2	2	2	2	2	1	1	1	3	3	3	2	3	3	4	3	2	2	3	3	4	4	2	1	2	2	3	2	3	3	3	1	3	3	2	2	2	2	1	1	3	3	4	4	5	2	2	2	3	3	2	2	1	1	2	2	2	2	1	1	2	1	2	2	3	2	2	1	4	3	4	4	2	2	1	1	2	1	1	1	2	2	3	3	3	3	2	1	2	1	2	2	4	3	3	3	4	4	3	3	2	2	3	1	3	3	2	2	3	3	2	2	3	3	3	3	2	2	1	1	2	2	3	3	3	3	1	1	4	4	3	3	2	1	3	2	1	1	1	1	3	1	2	1	1	1	3	3	2	2	3	3	1	1
21G.0581	1	1	2	1	4	2	1	1	2	1	1	1	3	1	4	1	3	3	5	1	3	2	3	3	2	2	4	2	4	4	3	3	2	2	3	1	3	1	3	2	3	3	3	3	3	3	3	3	2	1	2	2	2	2	2	1	2	2	1	1	2	2	5	5	2	2	3	3	3	3	2	2	2	2	4	4	3	3	3	3	3	1	2	1	2	2	3	3	1	1	1	1	3	3	3	2	3	3	2	2	2	1	2	2	3	3	2	2	3	1	1	1	3	1	2	1	1	1	3	3	3	3	2	2	2	2	3	3	4	4	2	2	3	3	2	1	4	4	2	2	2	2	1	1	3	2	5	3	3	1	1	1	3	3	2	2	3	3	2	1	3	3	1	1	2	2	2	2	3	3	1	1	3	2	3	3	2	1	2	2	2	1	2	1	3	3	2	2	2	2	2	2	7	7	3	3	1	1	2	1	2	1	4	1	2	2	4	4	3	1	2	2	2	1	2	2	2	2	3	2	3	3	4	4	2	2	2	2	2	2	3	3	2	1	2	1	3	3	2	1	3	3	1	1	1	1	3	2	3	1	3	3	2	2	3	1	2	1	2	2	3	3	2	1	3	3	2	2	2	2	3	1	1	1	2	2	3	3	2	2	3	3	3	3	2	2	2	2	3	3	2	1	4	4	3	1	3	1	2	2	1	1	2	2	3	3	3	3	3	3	2	1	3	3	1	1	2	2	1	1	4	4	2	2	1	1	2	2	5	5	3	1	4	2	5	3	2	2	2	2	2	1	2	2	3	3	3	3	2	2	2	1	4	4	1	1	2	1	2	2	3	3	2	2	3	2	3	2	3	3	3	3	2	2	1	1	3	3	5	4	3	3	1	1	2	2	2	2	2	2	3	1	3	3	2	1	3	3	1	1	2	2	3	3	3	3	3	3	2	2	1	1	2	2	4	2	2	2	1	1	4	4	2	2	3	1	3	3	3	1	1	1	2	2	2	1	3	1	3	3	3	2	3	2	3	2	2	2	4	2	4	2	3	1	3	1	2	2	2	2	1	1	2	1	1	1	2	1	2	2	3	2	2	1	5	4	4	3	3	3	3	3	2	2	1	1	1	1	5	5	3	3	4	4	2	2	2	2	2	1	4	4	1	1	1	1	1	1	3	1	4	1	2	2	2	2	2	1	3	1	2	2	3	2	1	1	4	4	3	2	3	3	3	3	4	4	2	2	2	2	4	4	2	2	3	3	3	2	2	2	2	2	3	3	3	3	3	1	2	2
21G.0587	1	1	2	2	4	4	1	1	2	1	1	1	3	3	4	4	2	2	3	2	2	2	2	2	1	1	4	4	3	3	2	2	2	2	2	2	4	3	3	3	3	3	2	2	1	1	3	3	2	2	3	3	2	1	3	1	1	1	1	1	3	3	5	4	2	2	2	1	2	2	2	1	3	3	4	4	3	3	3	3	3	3	2	1	2	2	3	3	3	1	2	2	3	1	1	1	3	3	1	1	3	2	2	1	3	3	2	1	4	4	2	2	3	1	2	1	3	3	4	4	3	3	2	2	3	2	3	3	4	4	2	2	3	3	2	2	4	4	3	2	2	2	2	2	3	3	5	5	2	2	1	1	3	1	2	1	3	3	2	2	3	3	2	2	3	3	3	1	3	1	2	2	3	3	3	3	2	2	4	4	3	3	1	1	3	2	2	1	2	2	1	1	7	7	2	2	1	1	2	2	3	2	4	3	1	1	4	4	3	3	2	2	2	2	2	2	1	1	3	2	2	2	3	1	3	3	2	1	2	2	3	3	2	2	2	1	2	1	2	2	3	2	2	2	3	3	3	2	3	2	3	1	1	1	3	3	1	1	2	1	3	3	1	1	3	3	3	2	4	4	2	1	2	2	2	2	3	3	2	1	3	1	3	3	2	1	2	2	2	2	2	1	3	3	3	3	3	3	3	1	2	1	2	2	2	2	3	1	2	2	2	2	2	1	1	1	2	2	1	1	2	1	2	2	2	2	3	3	2	1	3	2	5	4	2	1	2	2	2	2	2	2	1	1	3	2	3	2	1	1	3	3	4	2	1	1	2	1	1	1	3	3	3	3	2	1	3	3	4	4	2	2	2	2	3	1	3	3	5	3	3	3	1	1	2	2	2	1	1	1	3	1	2	1	2	2	2	1	1	1	2	2	3	2	2	2	3	3	2	1	2	2	1	1	4	4	2	2	3	3	4	4	3	3	1	1	4	4	1	1	2	2	2	2	2	2	3	1	3	3	2	2	3	3	2	2	4	3	4	4	2	2	1	1	3	2	1	1	2	2	2	2	2	2	3	3	1	1	2	1	4	4	2	2	5	5	2	2	3	2	3	3	2	1	1	1	1	1	3	3	2	2	2	1	2	2	1	1	4	4	2	2	2	2	2	2	2	2	3	2	4	4	2	2	3	1	3	3	3	3	3	3	2	2	1	1	4	2	3	3	3	2	3	1	4	3	2	2	2	1	4	4	4	2	3	3	3	3	1	1	4	4	3	2	3	2	2	1	1	1
21G.0589	2	2	2	2	4	4	3	3	2	2	1	1	4	4	4	3	3	2	3	3	3	2	2	1	1	1	4	4	4	4	2	2	2	2	2	2	3	1	3	3	3	3	3	3	3	1	3	3	2	2	4	2	2	1	1	1	2	2	2	2	2	2	4	3	2	2	2	1	3	3	2	2	3	3	3	3	3	3	3	3	3	3	2	2	2	1	4	1	1	1	2	1	3	1	2	1	3	3	2	1	3	3	3	2	3	3	2	2	3	3	3	3	2	2	1	1	3	2	4	4	3	3	3	3	2	2	2	2	2	2	3	1	1	1	2	2	4	3	2	2	1	1	2	2	2	2	5	1	2	2	1	1	3	3	2	2	3	3	2	2	3	3	3	3	2	1	1	1	1	1	2	2	3	2	3	3	2	2	2	1	2	2	2	2	1	1	1	1	2	1	1	1	7	4	3	3	2	2	2	1	2	2	2	2	2	2	2	2	1	1	2	2	3	3	2	2	2	2	3	3	3	3	3	3	3	3	2	1	1	1	3	3	2	2	3	1	1	1	2	2	3	2	3	3	3	3	3	3	3	1	3	3	2	2	3	3	2	2	1	1	3	3	2	1	3	3	3	3	4	1	3	3	1	1	2	2	2	2	1	1	3	3	3	2	2	1	2	2	3	3	2	2	4	1	3	3	3	1	2	2	2	2	2	2	2	2	3	1	2	2	2	2	1	1	1	1	2	2	2	2	4	4	2	2	2	2	3	3	1	1	3	1	3	3	5	2	3	2	2	2	2	1	2	2	1	1	3	2	2	1	1	1	5	4	2	2	1	1	2	2	2	2	3	2	3	3	3	3	4	4	3	3	2	1	3	3	2	2	5	3	3	3	2	1	2	2	2	2	2	2	2	2	3	1	2	2	3	3	2	1	2	2	2	2	3	3	3	3	2	2	1	1	2	1	3	3	3	2	1	1	4	4	2	2	3	3	4	3	1	1	2	1	4	2	2	2	3	1	3	3	3	3	3	3	2	1	3	1	2	2	2	2	3	2	3	2	2	2	2	1	2	1	2	1	3	1	2	1	2	2	4	2	5	2	4	4	2	1	3	2	2	2	2	2	2	1	1	1	5	5	3	2	2	2	2	2	2	2	4	4	4	4	2	2	2	2	2	2	2	2	1	1	2	1	1	1	3	3	3	3	3	3	3	2	1	1	4	2	2	2	3	3	2	2	3	1	3	1	2	1	1	1	2	2	3	1	3	3	3	3	1	1	3	3	3	1	3	3	1	1
21G.0591	2	1	3	1	3	2	1	1	2	2	1	1	4	3	4	4	2	1	3	3	3	1	2	2	2	2	4	4	4	4	3	3	3	2	2	2	3	1	3	3	3	3	3	3	3	3	2	2	2	1	3	2	2	1	3	2	2	1	2	2	1	1	4	4	2	2	1	1	3	3	2	2	3	3	4	3	3	3	3	3	3	1	2	2	3	2	5	5	3	3	2	2	3	2	3	3	3	2	2	1	3	2	2	2	3	3	2	2	4	4	3	1	2	2	2	1	2	1	3	3	1	1	3	2	2	2	3	3	2	1	3	3	1	1	2	2	3	3	2	1	2	2	1	1	3	2	5	5	0	0	2	2	3	3	2	2	2	2	2	2	3	3	2	2	2	2	3	3	3	1	2	2	3	3	2	2	2	2	4	2	3	3	3	3	2	2	2	1	2	2	1	1	7	7	3	3	2	1	2	2	2	2	2	2	1	1	2	2	1	1	2	1	3	1	1	1	2	2	4	4	2	1	4	4	3	1	1	1	2	2	3	3	2	2	3	3	2	2	2	2	3	2	3	3	1	1	3	2	4	4	3	1	2	1	3	3	2	2	2	2	2	2	1	1	3	1	2	2	1	1	1	1	1	1	2	1	3	3	2	2	2	1	3	3	2	1	3	3	3	3	2	2	4	3	3	3	3	3	3	2	1	1	2	2	3	3	3	3	2	1	3	2	3	1	2	1	2	2	2	1	4	4	2	2	1	1	3	3	5	1	3	1	4	4	4	4	2	2	2	2	2	1	2	1	3	3	3	1	2	1	3	1	5	5	1	1	2	1	2	2	3	3	2	2	1	1	0	0	0	0	3	2	2	1	2	1	3	1	5	4	2	2	2	2	2	2	1	1	2	2	2	2	2	2	2	1	3	3	1	1	2	1	2	1	3	2	2	2	1	1	2	1	1	1	2	2	3	3	3	3	4	4	3	1	3	1	3	3	2	2	2	2	2	2	2	1	3	3	3	3	2	2	3	3	2	2	4	4	4	4	5	5	2	2	3	1	2	1	2	1	1	1	1	1	2	1	2	1	1	1	3	3	2	2	4	3	4	4	3	3	2	2	2	1	5	1	2	2	5	3	3	2	3	1	2	2	2	2	4	4	4	3	2	2	2	2	1	1	2	2	5	5	2	2	3	3	3	3	4	4	3	3	3	3	1	1	4	2	3	2	3	3	2	2	5	3	2	2	3	1	3	3	2	1	2	2	2	2	3	2	3	2	3	3	3	3	3	3	2	1
21G.0592	2	1	2	1	0	0	3	2	0	0	3	3	3	1	3	2	1	1	0	0	3	3	2	1	1	1	4	4	2	1	2	2	2	2	1	1	3	3	2	2	1	1	3	3	3	3	2	2	2	2	4	4	2	2	2	2	2	2	1	1	3	3	4	1	3	2	2	1	3	2	3	2	3	3	3	3	2	2	3	1	2	1	1	1	3	3	5	5	3	2	2	2	3	3	2	2	4	4	1	1	3	3	2	1	3	3	2	2	4	4	2	2	3	3	2	2	3	2	4	4	3	2	3	2	2	2	3	3	4	4	2	2	3	3	2	2	3	3	2	2	2	2	2	2	3	3	5	5	2	2	2	2	3	3	2	2	3	3	2	2	3	3	1	1	3	3	3	1	3	3	1	1	0	0	3	1	1	1	2	2	2	2	3	3	2	2	2	1	2	2	2	1	6	4	3	2	0	0	2	1	3	1	4	1	2	1	4	2	1	1	4	4	3	2	2	2	2	2	3	3	3	3	4	3	4	3	2	2	2	1	3	3	2	2	1	1	1	1	2	2	2	2	3	2	1	1	3	3	2	1	3	2	2	2	2	2	1	1	0	0	2	2	3	2	3	1	3	1	5	4	2	2	2	2	2	2	3	3	0	0	3	3	3	3	2	1	2	2	4	2	2	1	3	1	1	1	3	3	0	0	2	1	2	1	3	3	3	3	3	2	2	2	3	3	0	0	2	2	2	2	3	3	2	1	2	2	3	3	2	1	3	3	4	1	2	1	3	3	2	1	2	1	2	2	3	2	3	2	1	1	3	3	5	5	1	1	2	2	2	2	3	2	3	2	3	3	3	2	4	1	3	2	2	2	3	1	1	1	5	3	3	3	2	2	1	1	1	1	2	2	2	2	2	2	1	1	3	3	3	3	2	2	3	3	3	2	3	3	2	2	2	2	2	2	2	2	3	3	3	1	3	1	2	2	3	3	4	3	3	3	2	2	3	3	2	2	3	3	3	3	0	0	3	3	3	2	3	3	4	4	4	4	3	3	3	2	2	2	0	0	2	1	2	1	2	2	2	2	1	1	4	2	5	5	2	2	2	2	3	3	3	3	1	1	5	5	2	2	3	3	2	2	2	2	1	1	2	2	4	4	4	1	2	2	3	3	1	1	2	2	3	1	2	2	3	2	3	3	4	1	3	3	3	3	3	1	2	2	3	3	3	3	2	2	4	3	2	2	1	1	4	1	4	2	3	2	3	3	2	2	3	3	2	1	3	3	2	2	1	1
21G.0595	2	1	2	1	4	4	2	2	2	1	3	3	3	3	3	3	2	1	2	2	3	3	1	1	2	1	4	4	3	1	2	1	3	2	3	3	3	3	3	1	4	4	3	3	3	1	3	2	1	1	3	3	2	2	2	2	2	2	1	1	2	2	4	4	4	4	2	1	2	2	2	2	3	3	3	3	3	3	3	3	3	3	2	2	2	2	3	3	3	3	2	2	3	3	3	3	4	3	2	1	2	2	3	3	3	3	2	2	4	4	3	3	3	1	2	2	1	1	4	4	1	1	2	1	2	2	3	3	4	4	3	3	3	1	1	1	2	1	3	3	2	2	1	1	3	2	1	1	3	2	2	1	3	3	4	4	2	2	1	1	2	2	3	2	2	2	1	1	3	1	2	1	3	3	3	2	2	2	4	2	3	3	2	2	3	2	2	2	2	2	1	1	7	7	3	3	2	2	2	2	4	4	1	1	2	2	4	2	2	2	2	2	3	2	2	2	2	2	3	3	3	3	3	3	3	3	2	2	2	1	3	3	2	2	2	1	1	1	2	2	2	2	1	1	2	2	3	2	4	2	2	2	1	1	3	2	1	1	2	2	4	3	3	3	3	3	2	2	2	1	1	1	2	2	2	2	1	1	2	2	3	1	2	2	1	1	3	3	3	3	2	2	3	3	3	3	3	3	1	1	2	2	2	2	2	2	1	1	2	2	1	1	1	1	2	2	3	3	2	2	4	4	2	1	2	2	3	3	4	4	2	2	4	4	2	2	3	3	2	2	2	2	2	2	2	1	3	3	1	1	3	3	2	1	1	1	2	2	2	2	2	2	3	3	1	1	3	3	4	3	3	3	2	2	3	3	2	1	4	3	3	3	2	2	2	2	2	2	2	2	2	2	3	3	2	2	3	2	3	1	2	2	2	2	3	3	3	2	2	2	2	2	3	3	3	2	2	2	2	2	4	4	2	2	3	3	3	3	2	2	2	2	3	3	2	2	3	3	3	3	3	3	3	1	2	1	3	3	4	4	2	2	3	1	1	1	1	1	2	2	2	1	1	1	1	1	2	2	2	1	3	3	2	2	3	3	2	2	3	3	3	3	2	1	1	1	2	2	5	2	3	2	4	4	2	2	2	1	4	2	4	4	4	1	2	2	2	1	2	2	4	3	2	2	2	1	3	3	3	3	3	2	3	1	3	1	3	1	2	2	3	3	2	2	4	4	2	1	3	3	4	3	4	4	2	1	3	2	3	3	4	2	2	1	3	3	2	1	1	1
21G.0596	2	2	2	1	4	2	1	1	2	2	3	3	3	3	3	3	1	1	2	2	2	2	2	2	2	2	4	4	1	1	3	3	2	2	2	2	3	2	3	3	2	1	3	3	1	1	2	2	2	2	3	3	2	2	3	3	2	2	2	1	2	2	5	4	3	2	2	2	2	1	1	1	3	2	3	2	3	3	3	3	3	3	2	2	2	2	4	3	2	2	2	2	3	3	3	3	4	3	2	2	2	2	2	2	3	3	1	1	4	4	1	1	2	1	2	2	2	2	4	4	3	3	2	2	3	2	3	3	4	1	3	3	3	1	2	2	3	3	2	1	2	1	2	1	2	2	1	1	1	1	1	1	2	2	2	2	1	1	1	1	3	2	1	1	3	3	3	3	3	1	2	2	3	2	3	3	1	1	2	1	2	2	3	2	3	1	1	1	2	2	2	2	7	7	3	1	1	1	2	2	4	4	4	4	2	2	4	4	2	2	2	2	3	3	2	2	2	2	3	3	3	3	3	3	3	3	2	2	1	1	2	2	2	2	3	3	2	2	2	2	2	2	1	1	2	2	3	2	4	1	2	1	2	2	3	3	2	1	2	2	3	1	2	1	3	3	3	3	4	4	1	1	1	1	2	2	2	2	2	1	3	3	3	3	2	2	2	2	3	1	2	2	4	3	1	1	2	2	2	2	2	1	2	2	2	2	3	3	2	2	3	3	2	2	2	1	3	3	2	2	4	4	1	1	2	1	3	3	1	1	3	2	4	3	1	1	2	2	2	2	2	2	1	1	2	2	2	1	1	1	3	3	4	1	1	1	1	1	2	1	2	1	3	3	2	2	3	3	4	4	2	2	2	2	2	2	3	2	4	4	1	1	2	2	2	1	2	2	2	1	2	1	3	3	2	2	2	1	1	1	2	2	2	2	3	3	3	2	0	0	2	2	2	1	4	2	2	2	3	3	4	4	3	2	1	1	3	3	3	3	2	2	2	2	1	1	3	3	2	2	3	2	3	2	1	1	4	3	4	4	2	1	1	1	3	3	1	1	1	1	2	2	2	2	2	2	2	2	2	1	3	2	2	2	4	4	4	2	2	2	3	3	2	2	5	5	2	2	5	4	2	2	1	1	2	2	2	2	4	4	2	2	4	2	2	2	2	2	2	2	1	1	2	2	3	3	2	2	3	2	3	3	2	2	1	1	4	2	3	3	3	2	2	2	3	1	1	1	3	3	4	3	4	4	3	3	3	3	3	1	3	3	2	1	3	3	2	2	1	1
21G.0621	2	2	2	1	4	2	2	1	0	0	1	1	4	4	4	4	2	2	2	2	3	3	2	2	3	3	4	2	1	1	2	2	2	2	2	1	3	3	2	1	3	3	3	2	1	1	2	2	2	2	4	4	2	2	3	3	2	1	2	1	3	2	4	4	4	2	1	1	3	2	2	2	3	3	4	4	3	3	1	1	3	3	2	2	3	3	2	2	3	1	2	2	3	1	1	1	4	3	1	1	2	2	2	2	2	1	2	2	3	3	3	3	1	1	2	2	3	3	4	4	2	2	2	2	2	2	3	3	4	4	3	3	3	3	2	1	3	1	2	2	2	2	2	1	2	1	5	5	3	3	2	1	3	1	2	1	3	1	2	1	2	1	2	2	2	2	3	3	3	3	1	1	3	3	3	3	2	1	2	2	2	2	2	1	3	1	2	2	2	2	1	1	7	4	2	2	0	0	2	2	4	4	2	1	2	2	2	2	1	1	4	1	1	1	2	2	2	2	4	2	3	3	4	3	1	1	2	1	1	1	3	1	2	2	1	1	2	1	2	2	3	1	3	3	3	3	3	3	3	3	2	2	2	2	3	2	2	2	2	2	4	4	2	2	3	3	2	2	4	4	2	2	1	1	2	2	2	2	1	1	3	3	3	3	1	1	3	3	3	2	2	2	3	3	3	3	3	3	3	2	2	1	2	2	3	3	3	3	3	2	3	1	1	1	2	2	3	3	2	2	3	3	2	2	2	2	3	3	5	5	3	1	5	4	2	2	3	3	2	1	2	2	2	1	3	2	2	2	2	2	1	1	5	5	1	1	2	2	2	2	2	1	3	2	2	2	3	2	3	3	1	1	2	2	5	5	2	2	4	4	1	1	2	2	2	1	1	1	1	1	3	3	3	2	2	2	3	3	3	3	2	2	3	3	3	3	3	3	2	2	1	1	2	2	2	2	3	1	3	3	4	4	3	3	3	3	3	1	1	1	2	2	4	4	1	1	2	2	3	3	3	3	2	2	1	1	3	2	4	1	4	4	3	1	1	1	2	2	2	2	2	2	2	1	2	1	2	2	2	1	2	2	4	2	5	4	4	4	3	2	2	2	1	1	5	5	1	1	5	5	2	2	3	1	2	2	2	2	4	1	4	2	4	2	2	2	2	1	2	2	1	1	2	2	1	1	2	2	3	3	3	1	3	3	2	2	2	2	2	2	3	1	2	2	5	5	1	1	1	1	4	4	2	1	2	2	3	2	1	1	4	4	3	2	2	2	3	3	2	2
21G.0626	1	1	2	2	4	4	1	1	1	1	2	2	1	1	4	4	2	2	1	1	3	2	2	2	2	2	4	1	2	2	3	2	2	1	3	3	2	2	3	3	2	1	3	3	3	3	3	1	2	2	3	2	2	2	1	1	1	1	2	1	3	3	3	3	3	2	1	1	3	3	3	2	2	2	3	3	3	3	3	3	3	3	2	2	2	1	2	2	1	1	2	2	1	1	2	1	4	3	2	1	3	2	3	3	2	1	2	1	4	4	1	1	2	1	2	1	2	1	4	3	3	1	2	2	2	2	3	3	2	2	2	1	3	3	2	1	3	3	3	3	1	1	2	1	2	2	5	5	2	2	2	2	3	3	4	4	1	1	2	1	3	2	2	2	2	2	2	2	3	3	1	1	3	3	3	1	2	1	4	4	3	2	2	2	3	2	2	1	2	2	2	2	7	7	3	2	1	1	1	1	4	2	4	2	3	3	3	2	1	1	2	2	2	1	1	1	2	2	3	2	3	1	4	4	3	1	2	2	2	1	2	2	2	2	2	2	2	2	2	2	2	2	3	3	2	2	3	2	1	1	3	3	2	2	2	2	2	1	2	2	3	3	2	2	3	3	2	2	2	2	1	1	1	1	2	2	2	2	2	2	3	3	3	3	2	1	3	3	3	2	2	1	3	3	3	1	3	3	3	3	2	1	1	1	3	3	3	3	3	3	1	1	3	3	1	1	2	2	1	1	4	1	2	1	1	1	3	3	3	3	3	3	1	1	2	2	3	3	2	2	2	2	2	1	2	1	3	3	2	1	3	3	5	2	2	2	2	1	2	2	2	2	3	3	1	1	3	1	4	4	3	2	2	1	5	5	2	2	5	5	3	3	1	1	2	2	2	2	2	2	3	3	3	2	2	2	3	2	1	1	2	2	3	2	3	2	3	2	2	2	2	1	3	1	3	2	3	1	3	3	4	1	3	3	3	1	1	1	3	1	2	1	4	4	3	2	1	1	3	3	2	2	3	3	3	2	5	4	4	4	3	3	3	3	3	3	1	1	2	2	2	1	2	2	1	1	2	1	2	1	3	2	2	2	4	4	3	3	2	2	3	1	2	2	1	1	2	1	4	4	2	2	1	1	2	2	2	1	3	3	4	2	2	2	3	2	2	2	3	3	3	1	2	1	3	3	1	1	4	4	3	3	3	3	3	3	2	1	2	2	3	3	1	1	4	4	2	2	3	2	2	2	4	4	3	1	2	1	2	2	1	1	3	3	3	3	2	1	2	1
21G.0630	2	1	1	1	4	2	1	1	2	2	1	1	4	4	4	3	2	1	3	3	2	1	2	2	2	2	4	2	2	1	3	3	2	1	2	2	3	3	2	2	3	2	3	3	1	1	2	1	2	2	4	4	2	2	2	2	2	2	2	1	2	2	4	4	2	1	1	1	3	3	2	2	3	3	4	4	3	3	1	1	3	3	2	2	2	2	5	5	1	1	1	1	3	1	2	1	4	4	1	1	2	2	2	2	3	3	2	2	4	4	1	1	2	2	2	1	3	1	4	1	3	3	3	3	2	1	2	2	2	2	2	1	3	2	1	1	1	1	3	3	2	2	1	1	3	1	5	5	3	3	2	2	3	3	2	2	3	1	2	2	3	2	2	2	2	2	3	1	3	3	2	2	3	2	3	3	1	1	2	2	2	2	3	1	3	1	2	2	2	2	2	1	7	2	3	1	1	1	2	1	3	3	1	1	1	1	4	4	3	3	2	2	2	1	2	2	2	2	3	3	3	1	4	4	3	3	2	2	2	1	2	2	2	2	3	3	1	1	2	1	3	3	3	3	3	3	3	3	3	3	3	2	2	2	3	2	2	2	2	2	4	4	2	2	3	1	2	2	4	4	2	1	1	1	2	1	3	3	1	1	3	3	3	3	1	1	3	3	3	1	2	2	4	1	1	1	2	2	2	2	1	1	1	1	2	2	3	3	2	2	3	3	2	2	2	1	3	2	2	2	3	2	1	1	2	2	3	3	4	1	1	1	4	4	2	2	2	2	2	2	1	1	1	1	3	2	2	1	2	1	3	1	4	4	2	1	2	2	2	1	3	3	2	2	3	2	3	2	3	3	2	2	2	2	3	2	3	1	1	1	1	1	2	2	2	2	2	2	2	2	3	1	2	1	2	2	3	3	3	1	2	2	3	1	2	2	3	2	2	2	2	2	2	2	2	2	2	2	1	1	3	3	2	1	3	3	4	4	2	2	2	2	3	2	2	2	2	2	3	1	2	2	2	2	2	2	3	3	4	4	5	4	2	2	1	1	1	1	2	2	2	2	2	1	3	3	1	1	2	1	3	3	5	2	3	3	4	2	3	3	3	3	2	2	1	1	2	2	3	2	3	2	3	3	2	2	2	1	4	3	4	4	2	2	2	2	1	1	3	2	3	3	2	2	3	3	3	2	3	1	3	2	2	2	3	3	4	2	3	2	3	1	2	1	4	3	2	2	2	1	4	4	2	2	3	1	3	3	2	2	1	1	2	1	2	2	3	2	2	2
21G.0631	2	2	2	1	4	4	2	2	1	1	3	1	3	1	4	4	2	2	2	2	3	3	2	2	2	2	4	1	2	1	2	2	2	1	2	2	1	1	3	1	3	3	1	1	3	3	2	2	2	2	4	2	2	2	3	2	2	1	2	2	2	2	5	5	3	3	1	1	3	3	2	2	3	3	4	4	3	3	1	1	3	2	2	2	2	2	4	3	2	2	2	2	1	1	3	3	4	3	2	2	1	1	2	2	3	1	2	1	4	4	3	3	2	1	2	2	3	1	4	4	1	1	2	2	3	1	3	3	4	1	3	1	3	3	2	2	4	3	3	3	1	1	2	2	3	3	5	1	2	2	2	2	3	2	2	2	3	3	2	2	3	1	2	1	3	3	3	3	3	3	1	1	3	3	2	1	2	1	1	1	2	2	2	2	1	1	2	1	1	1	2	2	4	4	3	3	2	2	2	2	4	4	4	4	3	1	4	4	3	1	2	2	2	2	1	1	2	2	3	2	3	3	4	4	2	1	2	2	2	2	2	2	2	2	3	3	2	2	2	2	2	2	3	3	2	2	3	3	3	3	3	3	1	1	2	2	1	1	2	2	3	3	3	1	3	3	3	3	4	4	2	2	1	1	1	1	2	2	2	1	3	3	3	3	1	1	2	2	4	4	2	2	5	1	3	3	3	3	1	1	2	2	2	2	2	1	4	3	2	2	1	1	3	1	2	1	2	1	2	1	4	4	2	2	2	2	3	3	5	2	3	1	4	4	2	2	2	2	2	1	2	2	1	1	2	2	2	2	2	1	3	1	2	2	2	1	2	1	2	1	1	1	3	3	1	1	3	3	4	3	3	3	1	1	3	3	2	2	4	3	3	3	1	1	2	2	2	2	2	2	3	3	3	3	2	2	2	2	3	1	2	2	2	2	3	3	3	3	2	1	1	1	3	1	4	1	2	2	1	1	4	4	3	3	3	3	3	3	2	2	2	1	3	3	2	2	3	3	3	3	3	3	3	2	3	3	5	5	4	4	5	5	1	1	3	3	2	1	2	2	2	2	3	1	1	1	2	2	2	1	3	2	2	2	5	2	3	2	3	1	3	1	1	1	1	1	1	1	4	4	2	2	2	2	1	1	2	2	4	4	3	1	4	4	2	2	1	1	3	3	3	1	2	2	3	3	2	1	3	3	3	3	3	2	1	1	4	2	3	3	3	3	3	2	4	4	3	1	3	3	4	3	4	2	2	1	3	3	1	1	3	3	2	2	2	2	2	1	2	2
21G.0633	2	2	3	3	4	4	3	3	2	2	2	1	4	4	3	3	1	1	2	1	3	3	1	1	2	2	4	1	4	4	2	2	2	2	2	2	4	1	3	1	2	2	3	1	3	3	2	2	2	2	4	3	2	2	2	2	2	1	1	1	3	2	4	4	3	2	1	1	3	3	2	2	3	2	4	4	3	3	1	1	3	3	2	2	3	1	2	2	3	2	1	1	1	1	1	1	4	2	1	1	2	2	2	1	2	1	2	1	2	1	3	3	2	1	2	2	3	1	3	3	3	3	3	2	2	2	3	3	4	1	3	1	3	3	2	2	4	4	2	2	2	2	2	2	2	1	5	5	2	2	2	1	2	1	2	2	1	1	2	2	3	2	2	2	2	2	3	3	3	1	1	1	3	2	3	3	2	1	4	2	2	2	3	3	2	2	2	2	2	2	1	1	7	7	2	2	2	2	2	2	4	4	2	2	1	1	4	4	2	1	4	4	1	1	2	2	2	2	2	2	3	1	3	3	3	3	2	2	1	1	3	2	2	2	2	1	1	1	2	2	3	2	3	3	3	3	3	3	3	3	3	3	2	1	2	2	1	1	2	2	3	2	2	2	1	1	2	2	4	4	2	2	2	1	2	2	2	2	2	1	3	3	3	3	2	2	2	2	3	3	2	2	3	3	1	1	3	3	3	3	2	2	2	2	2	2	3	3	2	2	2	1	2	2	2	1	2	2	2	2	3	3	2	1	2	1	3	3	5	5	3	3	5	5	5	5	2	2	3	3	2	1	3	1	3	3	3	3	1	1	3	3	5	5	2	2	2	2	2	2	3	3	2	2	3	3	3	3	4	3	2	2	2	2	3	2	3	2	3	3	3	2	2	2	2	2	2	2	1	1	3	3	1	1	2	2	3	3	3	1	2	1	3	2	2	2	3	2	1	1	2	1	2	2	2	2	1	1	3	3	3	1	3	3	1	1	4	3	3	1	2	2	2	2	1	1	3	3	2	2	3	2	3	1	2	2	3	3	4	4	4	4	2	2	3	1	2	1	2	1	2	2	1	1	3	3	2	1	2	2	3	3	5	2	4	4	4	1	3	2	2	2	2	1	5	1	2	1	5	3	2	2	2	2	2	1	2	2	4	1	4	4	1	1	3	3	2	2	2	2	3	1	2	1	3	3	3	3	3	3	3	3	3	3	2	1	3	2	2	1	3	3	3	3	4	3	2	2	3	3	4	1	4	4	2	2	2	2	2	2	1	1	2	1	2	2	3	3	2	2
21G.0634	2	1	2	1	4	1	3	2	1	1	2	2	4	3	4	4	3	1	5	5	2	1	2	2	1	1	4	4	3	1	2	2	2	1	3	3	4	4	3	3	3	3	2	2	1	1	2	2	2	1	4	4	2	2	3	3	1	1	1	1	2	2	5	4	3	3	1	1	3	2	3	2	3	3	4	4	3	2	1	1	3	1	2	2	2	1	5	5	2	1	1	1	1	1	1	1	4	2	1	1	2	2	3	1	1	1	2	1	4	2	3	1	1	1	2	2	2	2	2	1	2	1	2	2	2	2	1	1	4	4	1	1	3	3	2	2	2	1	2	1	2	2	1	1	1	1	5	5	2	2	2	1	3	3	4	2	2	1	2	1	3	3	2	1	2	1	1	1	3	1	2	1	3	3	3	2	2	1	2	1	2	2	1	1	3	3	2	2	2	2	1	1	7	7	2	2	2	2	2	2	2	2	3	3	3	3	4	3	2	2	2	2	3	2	1	1	2	1	4	2	3	3	4	4	4	4	2	2	1	1	2	2	2	2	1	1	1	1	2	2	3	2	1	1	3	3	3	3	4	4	3	2	2	2	2	2	1	1	2	2	2	2	1	1	3	3	2	2	4	4	2	2	3	3	2	1	2	2	2	1	3	2	3	2	2	1	3	3	3	3	2	2	3	3	2	2	2	2	3	3	2	1	2	2	2	2	3	3	3	3	2	1	2	1	2	1	3	3	2	2	4	3	2	2	2	1	3	3	5	5	3	3	5	3	2	1	3	3	3	3	2	2	3	3	3	3	3	2	2	1	1	1	5	5	2	2	1	1	2	2	2	1	3	3	1	1	3	2	4	4	3	3	2	1	5	3	2	2	3	3	3	1	2	2	2	1	2	2	1	1	3	1	3	3	2	1	3	3	3	1	2	2	3	2	3	3	3	3	2	1	2	1	2	1	2	2	1	1	3	3	3	1	3	3	1	1	4	4	3	3	2	2	2	2	1	1	3	3	2	2	3	3	3	2	2	1	3	2	4	4	4	4	3	1	3	1	2	1	2	2	2	2	2	2	3	3	2	2	2	2	3	3	5	5	4	4	3	1	3	3	2	2	2	2	1	1	2	1	5	2	3	2	1	1	1	1	2	2	3	1	3	3	2	1	3	3	2	1	2	2	3	3	2	1	3	3	3	3	2	2	3	1	2	1	2	1	4	3	3	3	3	3	2	2	3	3	2	2	1	1	4	1	4	2	2	2	2	2	3	2	1	1	2	1	3	2	2	2	2	1
21G.0636	2	1	2	1	4	4	2	2	2	1	1	1	0	0	3	3	2	1	2	2	3	3	3	3	2	2	4	2	4	1	3	2	2	2	3	3	3	1	3	1	3	1	3	3	1	1	3	3	1	1	3	3	2	2	3	3	2	2	1	1	2	2	1	1	3	3	3	3	3	3	2	2	3	1	4	4	3	3	3	3	3	1	2	2	1	1	2	2	2	1	2	2	3	1	3	3	4	4	1	1	2	2	3	3	1	1	2	1	2	2	3	3	2	1	2	2	3	1	4	3	1	1	2	1	1	1	2	1	2	2	3	3	2	1	2	1	4	4	2	1	1	1	2	2	2	2	5	5	1	1	2	1	2	1	2	2	2	2	2	1	2	2	2	1	2	2	1	1	3	3	3	3	2	2	3	3	2	2	4	2	2	2	3	3	1	1	1	1	2	1	1	1	4	4	3	3	2	1	1	1	2	2	2	1	2	2	2	2	1	1	4	4	3	3	2	2	2	2	3	3	3	3	4	4	3	3	2	2	1	1	3	3	2	2	1	1	2	1	2	2	2	2	2	2	1	1	3	3	3	1	3	2	1	1	3	3	2	1	2	1	3	2	3	3	3	3	3	2	4	4	2	2	1	1	1	1	2	1	1	1	3	3	3	3	1	1	2	2	2	2	2	1	3	3	3	3	3	3	3	3	1	1	2	2	2	2	3	1	3	3	1	1	2	2	2	1	3	2	2	1	3	3	2	2	1	1	2	1	3	1	3	3	4	1	5	5	2	1	2	2	2	1	2	2	3	2	2	2	2	2	3	3	4	2	1	1	2	1	2	2	3	3	3	3	3	3	3	3	2	2	2	2	2	1	1	1	3	1	5	5	3	3	2	2	1	1	1	1	2	1	3	3	2	2	2	2	3	3	1	1	2	2	3	3	3	2	3	2	2	2	1	1	3	3	3	3	3	3	3	3	3	3	3	1	3	3	4	3	2	1	2	1	2	2	2	1	3	3	3	3	2	2	3	3	3	3	1	1	3	2	5	2	3	3	3	1	2	1	2	2	2	1	2	1	2	2	2	2	1	1	3	3	5	2	4	4	4	4	3	3	3	1	2	2	3	1	2	1	5	5	2	2	2	2	2	2	2	2	4	2	4	4	1	1	3	3	2	2	3	3	1	1	2	2	3	2	3	3	2	2	1	1	3	3	1	1	4	4	3	2	3	3	3	3	5	5	3	3	3	2	4	2	2	1	2	1	2	2	2	2	3	3	2	2	3	3	3	3	2	2
21G.0646	1	1	2	2	4	1	3	3	2	1	2	2	3	1	4	4	2	2	3	3	3	3	2	2	2	2	4	2	1	1	2	2	2	2	0	0	2	2	2	1	3	2	3	3	1	1	2	1	1	1	3	1	2	2	3	2	2	1	2	2	3	3	4	4	3	3	1	1	3	3	2	2	3	2	4	4	1	1	3	1	3	3	1	1	3	3	5	5	3	1	2	1	3	3	3	1	3	2	1	1	3	3	2	2	3	3	2	2	2	2	3	2	2	2	2	2	1	1	4	4	1	1	2	2	2	1	1	1	4	1	2	1	3	1	2	1	4	4	2	2	2	2	2	1	2	2	3	3	2	2	1	1	1	1	3	2	3	3	2	2	3	3	2	2	3	2	2	2	3	1	2	2	0	0	3	3	2	1	1	1	2	2	3	3	2	1	2	2	2	2	1	1	7	7	3	2	1	1	1	1	3	3	2	1	1	1	4	2	2	1	4	4	1	1	2	1	1	1	2	1	3	3	4	3	1	1	1	1	2	1	3	3	1	1	3	2	2	1	2	2	2	2	3	2	3	3	0	0	4	4	2	1	1	1	3	3	2	2	2	1	2	2	2	1	3	3	2	2	4	1	1	1	2	2	2	1	3	3	0	0	3	3	3	3	2	2	2	2	3	2	2	2	3	1	3	3	3	3	2	1	2	2	2	1	3	3	3	3	3	3	3	3	3	2	2	1	3	2	1	1	4	4	2	2	1	1	3	3	4	1	2	2	4	4	4	2	2	2	1	1	1	1	1	1	3	1	3	3	1	1	1	1	5	5	2	2	1	1	1	1	3	1	3	2	3	2	3	2	3	2	2	1	2	2	5	3	2	2	3	3	3	3	2	1	2	1	2	2	2	2	3	2	3	1	2	2	2	2	1	1	1	1	2	2	3	3	3	3	1	1	2	2	1	1	2	2	3	2	3	3	4	4	2	2	3	3	3	1	3	2	2	2	3	3	1	1	3	1	3	1	0	0	3	1	2	2	5	5	4	2	4	1	2	1	2	2	2	1	1	1	2	2	1	1	3	3	2	2	2	2	3	2	5	5	3	3	3	3	2	2	1	1	2	1	0	0	2	2	5	5	3	1	3	2	2	1	2	2	4	1	4	4	2	2	2	2	2	2	3	3	3	3	2	2	2	1	2	1	2	1	2	2	3	3	2	2	2	2	2	2	3	1	2	2	4	3	2	1	3	3	4	3	4	2	3	2	2	2	3	1	3	1	3	2	3	3	3	3	2	1
21G.0648	2	1	2	1	4	4	1	1	2	1	3	1	3	2	4	4	2	1	3	3	3	2	2	2	2	2	4	4	1	1	3	2	3	3	0	0	3	3	2	1	3	3	1	1	3	1	2	1	2	1	3	3	2	1	2	1	2	1	2	2	3	2	5	4	3	3	3	3	3	2	2	2	3	3	3	3	3	3	3	3	3	3	1	1	3	3	5	5	3	1	2	2	3	1	2	2	4	4	1	1	2	2	3	3	1	1	2	2	4	4	3	3	2	1	2	2	2	1	4	4	1	1	2	2	2	1	1	1	4	1	2	1	3	3	2	2	4	4	2	2	2	2	2	1	2	2	5	5	0	0	1	1	3	3	3	1	3	3	2	2	2	2	2	2	3	3	2	1	3	3	2	2	0	0	3	2	2	2	4	4	3	3	3	3	2	2	2	2	2	1	1	1	7	7	2	2	1	1	1	1	2	2	2	2	1	1	3	3	2	1	4	4	3	1	1	1	2	2	4	3	2	2	4	4	1	1	1	1	2	1	3	3	1	1	2	2	2	1	2	1	2	1	3	3	2	2	3	2	4	4	2	2	1	1	3	3	2	2	2	2	3	3	2	2	3	1	3	2	4	4	2	1	1	1	2	2	2	1	2	1	2	2	3	3	2	2	3	3	3	3	2	1	3	1	3	3	3	3	3	1	2	1	1	1	2	2	3	1	2	2	2	1	3	2	2	2	2	2	1	1	4	2	2	2	1	1	3	3	1	1	3	3	4	4	4	2	2	2	2	1	1	1	1	1	3	1	3	3	2	1	1	1	5	1	2	2	1	1	2	1	1	1	3	2	3	3	3	3	3	2	3	3	1	1	5	2	1	1	4	4	1	1	2	1	2	1	2	2	2	2	3	2	3	1	2	2	3	3	1	1	2	1	3	3	3	3	3	2	2	2	2	2	2	2	3	2	2	1	2	2	4	3	3	3	3	3	3	1	3	2	2	2	3	3	1	1	3	3	3	3	0	0	3	3	3	1	5	1	4	1	2	1	2	2	2	1	2	2	2	1	2	2	1	1	0	0	2	2	2	2	3	3	5	2	3	3	5	5	3	3	1	1	2	1	1	1	1	1	3	3	1	1	3	2	2	2	1	1	4	4	4	4	4	2	2	2	2	2	3	3	3	3	2	1	3	3	3	3	2	2	2	2	2	2	2	1	4	1	3	2	3	3	2	2	4	4	2	1	3	3	2	2	4	1	2	2	3	2	3	1	3	3	3	2	3	3	3	1	2	1
21G.0657	2	1	2	1	1	1	3	3	2	2	3	1	3	3	4	3	1	1	2	2	3	1	2	2	2	1	4	1	4	1	3	3	2	2	2	2	2	2	1	1	3	2	1	1	3	1	3	3	2	1	3	3	2	2	3	1	2	2	1	1	2	1	4	4	2	2	2	2	3	2	3	2	3	3	4	3	3	3	2	2	3	3	2	2	2	2	4	4	1	1	2	2	3	1	3	1	3	3	2	2	2	2	1	1	1	1	2	2	4	4	3	3	2	1	2	1	2	2	3	1	2	1	3	3	1	1	3	3	4	4	3	3	3	1	1	1	4	2	2	2	2	2	2	2	3	2	3	3	2	2	2	2	3	3	4	2	1	1	2	2	2	2	2	2	2	2	1	1	3	1	1	1	3	2	3	3	2	2	2	2	3	3	2	2	2	1	2	2	2	1	1	1	6	6	3	3	1	1	1	1	2	2	3	3	3	3	4	4	2	1	4	2	3	3	1	1	2	2	4	2	1	1	4	4	3	3	1	1	1	1	2	2	1	1	1	1	2	1	2	2	2	2	3	1	1	1	3	3	4	4	3	1	2	1	3	1	1	1	2	2	3	2	3	3	3	2	2	2	4	4	2	1	2	2	2	1	3	3	2	2	3	3	3	2	2	2	2	2	3	3	2	1	1	1	2	2	3	3	2	2	1	1	2	2	2	2	3	3	2	1	2	2	3	1	2	2	2	1	2	2	4	3	2	2	1	1	3	3	3	3	2	2	2	2	5	5	2	2	1	1	2	1	1	1	2	2	2	2	2	2	1	1	5	5	2	2	2	2	2	2	2	2	2	2	3	3	3	3	4	4	2	1	2	2	3	3	3	3	3	3	3	3	2	2	1	1	2	2	1	1	3	1	3	2	1	1	1	1	3	2	1	1	1	1	1	1	3	3	2	2	1	1	2	1	2	2	2	1	3	3	4	4	3	3	3	3	4	4	3	3	2	1	3	3	3	3	1	1	3	3	2	2	3	3	2	2	2	2	2	2	4	2	3	3	1	1	1	1	2	2	2	1	1	1	3	3	2	2	2	2	3	3	5	5	3	2	3	3	3	3	3	3	2	1	3	3	2	1	3	3	2	2	1	1	2	2	2	2	4	1	4	4	1	1	3	3	2	2	3	3	4	1	1	1	3	2	3	3	2	2	3	3	1	1	2	2	3	3	3	3	3	3	2	2	3	3	2	1	2	2	4	1	2	2	3	3	3	3	3	1	2	2	3	3	3	3	3	3	2	2
21G.0660	2	1	2	2	4	4	1	1	2	1	2	2	3	1	3	3	2	2	2	1	3	3	2	2	2	1	2	2	1	1	2	2	1	1	2	1	3	3	2	1	3	3	3	3	3	1	2	1	2	1	3	3	2	1	2	2	2	2	2	2	2	2	4	4	2	2	2	2	2	2	2	2	3	2	4	3	3	2	1	1	2	1	2	2	3	2	5	5	3	1	2	2	2	2	3	3	3	3	1	1	2	2	2	2	3	3	1	1	4	1	3	3	2	2	2	2	2	2	1	1	2	1	3	3	3	3	3	3	3	3	3	2	3	3	2	2	4	4	2	2	2	1	2	1	3	3	5	1	1	1	2	2	3	3	4	4	2	2	1	1	2	1	2	2	3	3	2	1	3	3	1	1	3	3	3	3	1	1	2	2	3	2	3	2	3	3	2	2	2	2	2	2	6	6	3	3	1	1	2	2	4	4	4	1	1	1	4	4	3	3	2	1	2	2	1	1	2	2	4	4	3	3	4	4	4	4	2	1	2	2	3	3	1	1	2	2	1	1	1	1	3	2	3	3	2	2	3	2	4	4	3	3	1	1	3	2	1	1	2	2	2	2	1	1	3	3	3	2	4	4	1	1	2	2	2	2	3	3	2	2	2	1	2	2	1	1	2	2	3	3	2	1	3	1	3	2	3	3	1	1	2	1	2	1	3	3	3	3	3	2	3	1	1	1	2	2	3	2	2	1	3	3	2	2	2	2	3	3	4	3	3	1	4	1	3	3	2	2	2	2	2	2	2	2	2	2	3	2	1	1	1	1	4	4	1	1	2	2	2	2	2	1	2	2	3	3	3	3	4	4	3	3	2	2	3	3	3	2	4	4	3	3	1	1	2	2	1	1	2	2	2	2	1	1	2	2	3	3	3	3	1	1	2	2	3	2	3	2	1	1	2	1	2	1	2	2	2	1	3	3	4	3	2	2	3	3	2	1	3	3	2	2	2	2	2	2	3	3	3	2	3	3	2	2	2	1	4	4	3	1	5	1	1	1	1	1	2	2	2	2	1	1	2	2	3	3	2	1	2	1	4	4	5	2	4	3	4	4	3	3	1	1	2	1	1	1	2	2	2	2	2	1	1	1	2	2	2	2	4	3	3	3	4	4	2	1	2	1	3	3	1	1	2	2	3	3	3	3	3	3	3	2	3	3	1	1	4	4	3	3	3	3	1	1	3	3	2	2	2	2	3	3	2	2	2	2	3	3	3	3	3	3	3	1	2	2	2	2	2	2
21G.0673	1	1	2	1	4	1	3	1	2	2	1	1	3	3	4	1	3	3	5	1	2	2	2	2	1	1	4	4	3	3	2	2	2	2	2	2	3	3	3	1	3	3	3	1	1	1	3	3	2	2	2	2	2	1	2	2	1	1	2	1	2	1	3	2	2	2	4	4	3	3	2	2	3	3	3	3	3	3	3	3	3	3	1	1	3	2	4	4	1	1	2	1	3	3	3	1	2	2	2	1	3	1	3	3	3	3	2	2	4	1	3	3	2	2	1	1	3	3	4	4	3	1	3	3	2	2	2	2	4	4	3	3	3	3	2	2	4	4	3	1	1	1	2	2	2	2	3	3	2	1	2	2	3	3	3	3	3	1	2	1	3	2	1	1	2	1	1	1	1	1	2	1	2	2	3	2	2	2	2	1	3	3	2	2	3	2	2	2	2	2	2	1	7	4	3	3	1	1	1	1	2	2	3	3	3	2	2	1	1	1	2	1	2	2	2	2	2	2	3	3	3	2	4	4	1	1	2	2	2	1	3	3	1	1	2	2	1	1	2	2	3	3	2	2	2	1	3	2	1	1	3	3	1	1	3	3	1	1	1	1	4	4	1	1	3	3	3	2	4	1	3	1	3	1	1	1	3	3	1	1	3	3	3	3	2	2	3	2	3	2	2	1	4	4	1	1	2	2	2	2	2	1	2	2	3	3	3	3	3	2	3	3	2	1	2	1	3	3	2	2	4	4	2	2	1	1	3	2	3	3	3	3	4	1	4	4	2	2	3	3	2	2	3	3	3	3	3	1	1	1	3	3	1	1	2	2	2	2	1	1	2	2	3	3	3	3	3	2	4	4	3	3	2	1	5	3	3	2	4	3	1	1	2	2	2	1	2	2	2	2	2	1	3	3	2	2	3	3	1	1	2	1	2	2	3	3	3	3	2	2	2	2	1	1	2	2	2	2	3	3	3	3	3	3	1	1	3	3	3	3	2	2	3	2	1	1	3	2	2	2	3	3	3	3	2	2	4	1	4	2	2	2	1	1	3	3	3	3	2	2	2	1	1	1	3	3	2	1	2	1	4	4	2	2	4	4	3	3	3	3	3	1	1	1	1	1	2	1	4	3	3	2	1	1	2	1	2	2	4	4	3	3	2	2	2	2	2	2	3	3	3	1	2	2	3	2	2	2	3	3	3	2	3	3	1	1	2	1	3	3	3	3	3	3	4	3	3	2	2	1	3	1	4	4	2	2	3	2	2	1	3	3	3	3	3	2	2	1	1	1
21G.0700	2	1	2	2	4	4	1	1	1	1	1	1	1	1	3	1	3	3	5	5	3	2	3	1	2	2	4	2	4	1	2	2	2	2	2	2	3	3	3	3	3	3	3	1	1	1	3	3	2	2	2	2	2	2	2	1	2	1	1	1	2	2	4	3	4	3	1	1	2	2	3	3	3	2	3	3	3	2	3	1	3	3	2	2	2	2	5	3	1	1	2	1	3	1	2	1	4	2	2	2	2	2	2	2	3	3	2	2	4	4	3	3	2	1	2	2	3	3	4	4	2	1	3	2	2	2	1	1	1	1	2	2	3	3	2	2	3	3	2	2	2	1	2	2	3	3	5	5	1	1	2	2	1	1	2	2	1	1	2	2	3	3	1	1	3	3	3	3	3	1	2	2	3	3	3	3	2	1	4	1	3	2	2	2	3	3	2	1	2	2	1	1	7	7	3	2	1	1	2	1	4	2	2	2	2	1	4	2	2	1	2	2	3	2	2	2	2	1	3	3	3	3	3	3	3	1	2	2	1	1	2	2	1	1	3	2	1	1	2	2	2	2	1	1	3	3	3	2	1	1	3	2	1	1	3	3	2	1	2	2	3	3	2	2	3	3	3	3	5	4	1	1	1	1	2	1	3	3	2	2	3	3	3	3	2	2	3	3	3	3	2	2	4	4	3	3	2	1	1	1	1	1	2	2	3	3	3	3	2	2	2	1	3	1	2	2	3	1	1	1	3	3	2	2	2	2	3	3	2	1	3	3	2	1	2	1	2	2	2	2	2	1	1	1	2	2	3	3	1	1	1	1	5	1	2	2	2	2	1	1	2	2	3	3	2	1	3	3	4	4	3	2	1	1	3	3	3	2	4	4	3	1	2	2	2	1	2	1	2	2	2	2	2	2	2	2	3	3	3	1	2	1	2	2	2	2	3	3	2	1	2	2	1	1	2	2	1	1	3	3	3	3	3	3	3	3	4	2	3	1	2	2	3	2	2	2	3	3	3	3	2	2	3	3	2	1	4	2	2	1	4	1	3	1	3	3	2	1	2	1	2	1	1	1	3	3	2	1	2	2	4	3	2	2	4	4	3	3	3	3	3	3	2	2	1	1	2	2	5	3	3	2	3	3	2	2	2	2	4	2	2	2	4	2	2	2	2	2	2	2	3	1	2	1	3	3	2	1	3	3	3	3	3	3	1	1	2	1	3	3	2	1	2	2	4	3	2	1	3	3	2	2	2	2	3	3	3	1	2	2	3	1	1	1	3	2	2	1	1	1
21G.0711	2	2	2	2	1	1	3	1	2	2	3	3	3	3	3	3	2	2	3	3	2	1	2	2	3	3	4	2	1	1	3	2	2	2	2	2	1	1	1	1	3	3	3	3	3	1	3	3	2	1	4	2	2	2	3	3	2	2	1	1	3	3	5	5	2	2	4	4	3	3	3	3	2	2	3	2	3	2	3	2	3	3	1	1	2	2	5	5	2	2	2	2	3	3	2	2	4	4	3	1	2	1	2	2	3	3	2	1	4	4	1	1	2	2	2	2	3	3	4	4	3	1	2	2	2	2	2	1	1	1	3	3	3	1	2	2	4	2	2	2	2	2	1	1	1	1	5	5	2	1	2	2	3	3	2	2	3	3	2	1	3	2	2	1	3	3	2	2	1	1	2	1	3	3	3	3	1	1	2	2	2	2	1	1	3	3	2	2	1	1	1	1	7	7	2	2	2	1	1	1	2	2	2	1	3	3	4	4	2	2	4	1	1	1	2	2	2	1	3	3	3	2	3	2	3	1	2	2	1	1	3	2	2	1	2	1	3	3	2	2	3	3	3	3	2	2	3	2	1	1	2	2	1	1	3	3	2	2	2	2	2	1	1	1	3	3	2	2	4	4	2	2	1	1	2	2	3	3	2	2	3	1	2	2	2	2	2	2	3	2	2	1	4	4	3	3	3	3	3	3	2	1	2	2	2	2	3	3	3	3	2	1	2	1	2	2	3	1	1	1	4	4	2	1	2	1	3	3	5	1	3	3	4	1	4	3	2	1	2	1	2	2	2	1	2	2	3	3	2	2	3	1	5	5	1	1	2	2	2	2	3	3	2	2	3	3	3	2	4	3	2	1	2	1	3	3	1	1	5	5	3	3	2	1	2	1	2	1	2	1	2	1	2	2	1	1	3	2	1	1	2	2	2	2	3	2	3	3	2	2	2	2	3	1	3	2	2	2	3	3	4	3	3	2	1	1	3	3	3	3	2	2	3	3	3	1	3	3	3	3	2	2	3	2	1	1	3	3	4	4	5	5	2	1	3	1	2	2	1	1	2	2	2	2	2	1	2	2	1	1	4	2	2	2	3	3	4	1	3	3	1	1	2	2	1	1	2	2	3	3	2	2	2	1	2	1	2	2	4	4	3	2	2	2	2	2	2	2	3	3	3	3	2	2	3	3	3	1	2	2	3	1	2	1	1	1	4	4	3	2	3	3	2	2	4	4	2	2	1	1	4	1	4	4	1	1	3	3	2	1	4	3	3	3	2	2	2	2	1	1
21G.0713	2	1	2	2	4	4	2	2	2	2	3	2	3	3	4	4	3	3	5	5	3	3	2	1	2	2	4	4	4	4	3	2	3	1	1	1	4	4	3	1	3	2	2	2	3	3	3	3	2	2	4	3	2	2	2	2	2	2	2	2	2	2	2	2	2	2	4	4	2	1	3	3	3	1	3	3	2	2	3	3	3	3	2	2	1	1	5	5	2	1	1	1	3	3	2	2	4	4	3	3	3	3	2	2	3	3	2	1	4	4	1	1	2	1	2	2	2	2	4	4	3	1	2	2	3	3	3	3	4	4	3	2	1	1	2	2	3	2	2	2	1	1	2	2	3	2	3	3	2	1	1	1	2	1	4	4	2	1	2	1	2	2	3	3	2	2	1	1	3	3	2	2	3	3	3	3	1	1	1	1	2	2	3	3	3	3	1	1	2	2	2	2	4	1	3	3	1	1	2	2	4	4	4	4	1	1	4	4	3	3	2	2	3	2	2	1	2	1	3	3	3	2	2	2	4	4	2	2	2	2	2	2	2	2	2	1	1	1	2	2	3	3	2	1	3	3	3	2	4	1	2	2	2	1	3	3	2	2	2	2	3	3	2	2	3	1	2	2	4	4	2	2	2	2	2	2	3	2	2	2	3	1	2	1	2	2	2	1	4	4	2	1	5	3	3	3	2	2	3	3	2	2	2	2	2	2	3	3	2	2	1	1	2	2	2	2	2	2	1	1	4	2	2	2	1	1	3	3	3	3	3	3	4	3	2	2	2	2	1	1	2	2	1	1	2	2	2	2	2	1	3	3	5	5	1	1	2	1	2	2	3	2	3	3	3	1	2	2	4	4	3	3	2	1	2	1	3	2	5	3	3	3	2	2	2	2	1	1	2	2	2	1	1	1	2	2	3	3	3	3	1	1	3	1	3	2	2	2	2	2	2	1	3	2	2	2	1	1	3	3	3	3	2	2	3	3	4	4	2	2	2	2	3	2	3	1	3	1	3	3	2	2	2	2	3	3	3	3	4	4	5	5	1	1	3	3	2	1	2	1	2	2	2	1	2	2	2	2	1	1	4	4	2	2	4	4	3	3	3	3	3	1	1	1	1	1	1	1	5	5	3	3	1	1	2	2	2	2	4	3	4	4	2	1	3	1	2	2	2	1	3	3	1	1	3	2	3	3	3	3	3	1	3	3	1	1	2	2	2	2	3	3	1	1	3	2	2	2	3	3	3	3	4	4	3	3	3	3	2	2	4	1	1	1	3	3	2	2	1	1
21G.0726	2	2	3	3	4	4	3	2	2	2	2	1	4	4	4	3	3	1	3	1	3	3	1	1	3	2	4	2	2	2	3	2	3	2	2	1	3	3	3	3	3	2	3	2	1	1	2	2	1	1	2	2	2	2	2	2	2	1	1	1	3	3	4	4	3	1	1	1	2	2	2	2	3	3	4	4	3	1	2	2	3	3	2	2	2	1	5	2	2	2	1	1	3	3	1	1	3	3	2	2	2	1	2	2	3	1	2	2	4	4	1	1	2	2	2	2	3	1	1	1	1	1	2	2	2	1	3	3	2	2	2	2	3	3	2	2	3	3	2	2	1	1	2	2	2	2	3	3	2	1	2	1	3	3	4	1	1	1	1	1	1	1	3	3	2	2	3	2	3	3	1	1	3	3	2	2	1	1	1	1	2	2	1	1	3	3	2	2	2	2	2	2	7	7	3	3	1	1	2	1	2	1	1	1	2	1	4	2	1	1	3	3	3	1	2	2	2	2	4	4	3	3	3	1	3	3	1	1	2	2	3	2	1	1	3	3	2	2	2	1	3	2	3	1	1	1	3	3	3	1	3	3	1	1	3	3	2	2	2	1	4	3	2	2	3	3	2	2	5	1	1	1	2	1	2	2	2	2	2	1	2	2	3	3	1	1	3	3	3	3	2	2	5	5	3	1	3	2	3	2	2	2	2	2	2	2	3	3	2	2	2	2	2	1	2	2	2	2	2	2	3	1	2	2	2	1	3	1	4	4	2	1	3	3	2	1	2	2	2	2	2	2	2	2	2	2	2	2	1	1	1	1	5	5	1	1	2	2	2	2	2	1	3	3	1	1	3	2	1	1	3	1	2	1	5	1	2	2	4	4	3	3	2	2	2	2	2	2	2	2	2	2	1	1	2	2	3	3	3	1	2	2	3	3	3	3	3	3	1	1	1	1	3	3	3	2	3	2	3	3	4	4	3	3	3	3	3	3	3	3	2	2	3	3	3	1	3	1	3	3	3	2	2	2	3	3	5	5	4	4	3	2	2	2	3	3	1	1	2	2	2	1	3	3	3	1	2	1	2	2	3	3	5	5	4	4	3	3	2	2	1	1	1	1	1	1	1	1	3	3	2	2	3	2	2	1	2	2	4	1	4	3	2	2	2	2	2	2	3	3	3	1	2	1	3	3	2	1	3	3	3	3	3	2	1	1	4	4	2	2	3	3	3	2	3	3	1	1	2	2	4	2	4	4	2	2	3	3	3	3	3	1	3	3	3	3	3	3	2	1
21G.0734	2	1	2	2	4	4	2	2	1	1	1	1	1	1	4	4	2	2	2	1	3	3	3	3	2	2	4	4	2	1	2	2	1	1	2	2	2	1	3	3	3	3	3	3	3	3	3	3	2	2	4	2	2	2	3	2	2	2	2	2	3	2	4	4	3	2	2	1	2	2	2	1	3	3	4	4	3	2	3	1	3	3	2	2	3	3	5	2	3	1	2	2	2	1	3	1	3	3	2	1	1	1	2	2	2	1	2	2	4	4	1	1	2	2	2	2	1	1	4	4	1	1	3	2	2	1	3	1	4	1	3	2	2	1	1	1	1	1	2	2	2	2	1	1	3	2	5	2	3	2	1	1	2	2	4	4	1	1	2	2	2	2	2	1	2	2	1	1	3	3	3	1	3	3	3	3	2	2	1	1	3	3	3	3	3	2	1	1	2	1	2	2	4	4	3	3	1	1	2	2	4	4	2	2	3	3	3	3	1	1	2	2	2	2	1	1	2	2	3	3	3	1	3	3	4	1	2	1	2	1	2	1	1	1	2	2	1	1	2	2	2	2	3	1	2	2	3	2	4	4	3	1	1	1	2	2	2	1	2	1	3	3	2	2	3	3	3	2	4	2	2	2	1	1	2	2	3	2	2	1	3	3	3	3	2	1	3	2	4	2	1	1	4	3	3	3	3	3	2	1	2	2	2	2	3	3	3	3	2	2	2	2	3	3	1	1	1	1	2	2	4	3	2	2	2	1	3	3	5	5	3	1	4	4	2	1	3	3	2	2	2	1	2	2	2	1	3	3	2	2	3	3	2	2	1	1	2	2	1	1	3	2	3	2	2	1	2	1	4	4	2	2	2	1	5	5	3	3	4	4	3	1	2	2	2	2	2	2	2	2	2	2	3	2	2	2	3	3	3	3	2	2	2	2	2	2	3	1	2	1	1	1	3	3	4	2	2	2	3	1	4	3	3	3	3	1	3	1	3	3	2	2	4	4	2	2	3	3	3	3	3	2	3	3	3	3	4	4	4	4	4	4	2	1	1	1	2	2	1	1	2	2	1	1	1	1	2	2	2	2	3	2	2	2	5	5	2	1	3	3	2	1	2	2	2	1	1	1	3	3	3	2	4	3	2	2	2	2	4	4	4	1	2	2	3	3	1	1	3	2	3	3	2	2	3	3	2	2	3	1	3	3	2	2	1	1	2	2	3	3	3	1	2	2	4	1	2	2	3	3	4	2	4	4	3	3	3	3	3	3	3	1	1	1	3	3	3	3	1	1
21G.0738	1	1	2	2	4	4	3	1	1	1	3	3	3	1	3	2	2	1	2	2	3	2	2	2	2	2	2	2	1	1	3	2	2	1	3	2	1	1	3	1	3	1	3	3	3	3	2	1	2	2	2	2	2	2	2	2	2	1	2	1	2	1	5	5	3	3	1	1	3	1	2	1	3	3	3	3	3	3	3	3	3	3	2	1	3	3	3	2	3	3	2	2	3	1	3	3	4	4	1	1	2	1	3	3	1	1	1	1	4	4	1	1	3	1	2	2	1	1	4	1	3	3	3	3	2	2	3	3	2	2	2	2	3	3	2	2	3	3	2	1	2	2	1	1	3	3	5	1	2	2	1	1	3	3	2	2	3	1	2	1	3	3	2	1	2	2	1	1	3	3	1	1	3	3	3	3	2	1	4	4	2	2	3	3	1	1	2	2	2	2	2	1	7	6	3	3	1	1	1	1	4	4	4	1	2	1	4	2	3	3	2	2	3	3	2	2	2	2	3	3	3	1	4	4	2	1	2	2	2	2	2	1	2	2	2	2	2	2	2	2	2	2	3	1	1	1	3	3	1	1	3	3	2	2	3	3	2	1	2	1	3	3	2	2	3	3	2	2	4	2	3	1	2	2	2	2	3	3	2	2	3	1	3	3	2	2	2	2	3	3	2	2	4	4	3	1	3	3	3	3	2	2	2	2	3	3	3	3	3	2	1	1	3	1	2	1	3	3	2	1	3	3	2	1	3	3	3	3	3	1	3	1	4	1	2	1	3	1	2	2	1	1	3	1	3	3	3	2	2	2	3	3	4	4	1	1	2	1	2	1	3	1	3	2	3	3	3	2	3	3	3	2	2	2	1	1	3	3	5	4	3	3	2	1	2	2	2	2	2	2	3	3	3	3	2	2	3	3	1	1	2	2	3	3	2	2	3	3	2	2	1	1	2	2	4	2	3	2	3	1	4	1	2	1	3	1	4	3	2	2	2	2	4	4	1	1	3	3	3	3	3	3	3	3	3	3	5	1	2	1	3	2	3	1	3	3	2	2	2	2	2	2	2	1	1	1	2	1	2	2	4	2	2	2	5	4	4	4	3	1	3	1	2	1	1	1	1	1	3	3	2	1	4	1	2	2	2	2	4	4	4	4	4	1	3	3	1	1	2	2	3	3	1	1	1	1	2	1	3	3	3	1	2	1	1	1	4	2	3	1	3	3	1	1	4	4	2	2	2	2	4	1	4	4	3	3	3	3	3	2	3	3	3	3	2	1	2	2	2	2
21G.0743	1	1	2	2	4	4	3	1	2	2	1	1	3	3	4	4	2	2	2	2	3	3	2	2	2	1	4	4	4	4	2	1	2	2	1	1	3	1	3	1	4	4	1	1	3	3	3	2	1	1	2	1	2	2	3	1	1	1	1	1	2	1	3	1	2	2	3	3	3	2	3	2	2	2	3	3	3	2	3	1	3	3	2	2	3	3	5	5	2	2	2	2	3	3	2	2	4	3	2	1	2	2	2	2	1	1	2	2	4	4	3	3	2	2	1	1	3	2	3	1	2	1	2	2	2	1	3	2	4	1	2	2	3	3	2	2	4	3	2	2	2	2	1	1	3	2	3	1	2	2	2	2	2	1	2	1	1	1	2	2	3	3	3	3	2	2	3	2	3	1	2	1	3	3	3	2	1	1	4	2	2	2	2	2	3	1	1	1	2	2	2	1	7	7	2	1	1	1	1	1	2	2	2	2	3	2	4	4	1	1	4	4	3	1	2	2	2	2	3	3	3	3	3	3	4	4	2	1	2	1	3	3	1	1	1	1	1	1	2	1	3	2	1	1	3	3	3	3	2	2	3	2	1	1	3	3	2	2	2	1	2	1	3	1	3	2	3	1	4	4	3	3	3	3	2	1	3	3	2	1	3	3	3	3	1	1	3	2	4	4	1	1	4	1	3	3	2	2	3	2	1	1	2	2	2	2	3	3	2	2	3	1	3	3	1	1	1	1	2	1	4	3	2	1	2	2	3	3	5	1	1	1	4	4	5	5	3	3	2	2	2	2	3	3	3	3	3	2	1	1	3	2	4	4	1	1	1	1	2	2	3	1	3	3	3	3	2	2	4	3	3	2	2	1	5	5	2	2	5	4	3	3	1	1	2	1	2	1	2	2	2	1	3	3	2	1	3	3	1	1	1	1	2	2	3	3	3	3	0	0	2	2	3	2	3	3	3	3	3	3	3	3	3	2	3	3	4	4	1	1	2	2	3	3	3	1	3	1	3	3	3	3	1	1	3	1	3	3	4	1	2	2	1	1	2	1	3	3	2	2	1	1	2	2	3	3	2	1	2	2	3	3	5	5	4	3	4	3	3	2	3	3	2	2	2	2	1	1	5	5	2	2	3	3	2	2	2	2	4	2	4	4	1	1	3	2	2	1	2	2	1	1	2	1	3	3	3	1	3	2	3	2	1	1	3	2	3	3	3	3	3	3	1	1	3	3	2	2	1	1	3	1	4	4	3	2	3	2	2	2	3	1	2	1	3	3	2	2	2	2
21G.0745	2	1	2	2	4	4	3	1	2	1	3	1	3	3	4	3	2	2	3	3	3	3	1	1	2	2	4	4	4	4	2	2	2	1	1	1	3	3	3	3	3	2	3	3	1	1	2	1	2	1	3	2	2	2	2	1	2	2	1	1	3	3	4	4	3	3	1	1	3	3	2	2	3	3	4	4	3	2	1	1	3	2	2	2	3	3	5	2	3	3	2	2	2	1	3	1	3	3	2	2	2	2	2	2	1	1	2	2	4	4	1	1	2	2	2	2	3	3	4	4	1	1	2	2	3	3	3	3	4	4	2	1	3	1	2	2	3	3	2	1	2	2	1	1	3	3	1	1	1	1	2	2	3	1	2	2	3	2	2	1	2	2	2	2	2	2	2	1	3	1	3	2	3	3	3	3	1	1	2	2	3	1	2	2	2	2	1	1	2	2	2	1	6	6	3	2	1	1	2	2	4	2	2	1	1	1	3	2	2	1	2	2	3	2	1	1	2	2	3	3	3	3	4	3	3	3	1	1	1	1	3	3	2	2	2	1	2	2	2	2	3	2	3	3	3	2	3	3	3	1	3	1	2	2	3	3	2	2	2	2	2	2	2	2	3	3	2	2	2	2	2	2	3	1	1	1	2	2	2	1	3	3	3	3	2	2	3	3	2	2	1	1	5	5	3	3	2	2	3	1	2	2	2	1	2	2	3	3	3	2	2	1	1	1	1	1	2	1	2	2	3	3	2	1	2	2	3	2	1	1	3	3	2	1	5	5	2	2	2	2	2	2	2	2	3	3	3	2	2	2	3	3	5	5	1	1	2	2	2	2	3	1	2	2	3	3	3	3	4	4	3	2	2	2	3	3	3	3	5	5	3	3	2	1	2	2	2	2	2	2	2	2	3	2	2	2	3	3	3	1	2	2	3	2	3	3	3	2	2	2	1	1	3	1	3	3	3	1	3	3	3	3	3	3	3	3	2	2	1	1	2	2	4	4	2	1	3	3	3	3	3	2	3	3	2	2	2	1	4	4	2	2	1	1	1	1	1	1	2	2	2	2	1	1	1	1	2	2	2	2	3	3	2	2	3	3	4	4	3	3	1	1	2	1	1	1	2	1	5	5	2	2	3	2	2	2	2	2	4	4	4	4	2	1	3	3	2	2	3	3	3	3	2	1	2	2	1	1	3	3	3	3	3	3	1	1	2	1	3	3	3	3	2	2	1	1	1	1	2	2	1	1	1	1	3	3	3	2	3	3	4	4	3	1	3	3	2	1	2	1
21G.0746	2	2	2	2	4	4	3	2	2	1	3	1	4	3	4	4	2	1	3	3	1	1	2	2	3	3	4	4	1	1	2	2	2	2	3	2	3	3	3	3	3	1	1	1	1	1	3	3	2	2	4	4	1	1	3	2	2	1	1	1	2	2	5	5	3	2	3	3	2	2	2	2	2	2	3	3	1	1	3	3	3	1	2	2	2	2	3	3	2	2	2	2	3	1	1	1	3	3	1	1	2	2	3	3	3	1	2	1	4	1	3	2	2	2	2	2	3	2	4	4	3	3	3	2	3	2	3	3	4	4	2	2	3	3	2	2	3	3	2	2	2	1	2	2	3	2	3	3	1	1	1	1	3	3	2	2	3	3	2	2	2	2	2	2	2	2	3	3	4	4	2	1	3	3	3	2	2	2	1	1	2	2	3	3	3	3	2	2	2	1	2	2	4	4	3	2	1	1	1	1	4	2	3	1	2	1	3	2	2	1	2	2	2	2	2	2	2	1	3	3	3	3	4	3	3	3	2	1	2	1	2	2	2	2	2	1	1	1	2	2	2	2	1	1	2	2	3	3	2	1	3	3	2	1	2	2	2	1	2	2	4	4	2	2	3	3	3	3	4	4	2	1	3	3	1	1	3	3	2	2	3	1	3	3	2	2	3	2	3	3	2	2	3	3	3	3	2	2	3	1	2	1	2	2	2	2	3	3	2	2	3	3	2	2	2	2	3	3	1	1	3	3	2	2	2	2	3	3	4	4	3	2	5	4	4	2	2	2	2	1	2	1	1	1	2	2	3	3	1	1	3	3	4	4	1	1	2	2	2	2	2	1	3	2	3	2	2	2	4	4	3	2	2	1	1	1	3	2	4	4	3	1	2	2	2	2	2	2	2	2	2	2	3	3	2	2	3	1	3	3	2	1	2	2	3	2	3	1	2	2	1	1	3	3	3	3	2	2	3	1	4	3	2	2	3	3	2	2	2	1	2	2	3	3	2	2	3	3	3	3	3	2	3	1	1	1	3	3	4	4	2	1	1	1	3	3	1	1	2	2	2	2	2	2	1	1	2	2	2	1	3	2	2	2	3	3	3	2	3	2	3	2	2	2	3	3	1	1	5	2	2	2	2	1	2	1	2	2	2	2	4	4	2	1	3	3	1	1	2	2	3	1	2	2	3	3	3	3	4	4	3	3	3	2	1	1	2	2	2	2	3	3	3	3	3	3	2	1	2	2	4	4	4	4	3	3	2	2	3	3	3	1	1	1	3	3	2	2	1	1
21G.0749	2	2	3	2	4	4	2	2	2	1	3	3	4	4	4	4	2	2	3	1	3	3	2	1	2	2	4	4	4	4	3	3	2	2	3	3	3	3	3	3	2	1	3	3	1	1	2	2	2	2	4	4	2	2	3	2	2	1	2	1	2	2	4	4	2	2	3	2	2	2	1	1	3	3	3	3	3	1	2	1	3	3	2	2	3	2	3	3	2	2	2	2	3	3	3	3	3	3	3	1	2	1	2	2	3	1	2	2	4	4	1	1	3	2	2	2	1	1	4	3	3	3	2	1	3	3	3	3	1	1	3	2	3	3	2	2	3	3	3	2	2	2	2	2	3	3	5	5	2	1	1	1	3	3	1	1	1	1	2	2	3	3	2	2	2	2	2	1	3	1	2	2	3	3	2	2	2	2	1	1	2	2	2	2	3	2	2	2	2	2	2	1	7	7	3	3	1	1	2	2	2	2	2	2	3	1	4	3	3	1	4	1	1	1	2	2	2	2	3	2	3	3	3	2	4	4	2	2	2	2	2	2	2	2	1	1	2	2	2	1	3	2	1	1	2	1	3	3	4	4	3	3	2	2	3	2	1	1	2	2	3	2	2	2	1	1	2	2	4	2	1	1	2	1	2	2	2	2	1	1	2	2	3	3	1	1	3	2	3	3	2	2	5	5	3	1	2	2	3	3	2	2	2	2	2	2	3	3	2	2	2	2	3	3	2	2	2	2	1	1	4	3	2	2	2	2	3	3	4	4	3	1	5	4	2	1	2	2	2	1	2	2	1	1	2	2	1	1	1	1	1	1	4	2	1	1	1	1	2	2	2	1	3	3	1	1	2	2	4	4	3	3	2	1	5	1	3	3	5	4	3	3	1	1	2	2	2	2	2	2	2	1	1	1	2	1	3	2	3	1	2	1	1	1	3	3	3	3	1	1	1	1	3	1	2	1	3	3	3	3	4	4	2	1	3	1	3	3	3	2	2	1	3	2	3	3	3	1	3	3	2	1	3	2	3	3	3	3	2	2	5	5	2	2	3	1	2	1	1	1	2	2	2	2	2	2	2	2	2	2	4	2	5	5	4	2	5	3	0	0	3	3	1	1	5	5	2	2	5	5	2	2	3	3	2	2	2	1	4	1	2	1	4	4	2	2	2	2	3	3	3	3	2	2	3	3	1	1	3	2	2	2	3	3	1	1	2	2	3	3	3	3	3	2	4	3	1	1	3	3	3	3	4	4	2	2	3	3	3	3	4	1	2	2	3	3	2	2	1	1
21G.0754	2	2	2	2	4	4	2	2	1	1	1	1	4	4	4	4	3	3	5	3	2	1	2	2	3	3	4	4	2	1	2	2	2	1	3	2	3	1	3	1	3	3	1	1	3	3	3	3	2	2	3	3	2	2	2	2	2	2	1	1	3	2	5	1	2	1	1	1	3	2	3	1	3	3	4	4	2	2	3	1	3	2	2	1	3	1	2	2	1	1	1	1	3	3	3	3	4	3	2	2	3	3	2	2	3	2	2	2	4	3	3	3	3	2	2	1	2	1	1	1	3	3	2	2	3	3	3	3	2	2	4	4	3	3	2	1	4	1	2	2	1	1	2	1	3	3	5	3	2	1	1	1	1	1	2	2	1	1	2	1	3	3	2	2	2	2	3	3	3	1	1	1	3	3	3	3	2	2	4	4	2	2	2	2	2	2	2	2	2	1	2	1	7	7	3	3	2	1	2	1	3	3	4	1	2	2	4	2	3	3	2	2	2	2	2	1	2	2	2	2	3	3	4	2	4	2	2	2	2	2	2	2	2	2	1	1	1	1	2	1	3	3	1	1	2	2	3	3	4	1	3	3	1	1	3	3	2	2	2	2	2	2	3	3	3	3	3	3	4	4	1	1	2	1	2	1	3	2	1	1	3	1	3	3	2	2	3	3	4	4	2	2	5	5	2	2	3	3	3	3	2	1	2	2	2	2	3	3	2	2	3	3	2	2	2	2	2	2	1	1	3	3	2	2	1	1	3	3	1	1	2	2	4	3	2	1	2	2	3	1	2	1	2	1	2	2	2	2	1	1	3	3	5	4	2	1	2	1	2	1	3	3	3	3	3	3	2	2	4	4	3	3	1	1	1	1	1	1	5	5	1	1	2	2	2	2	2	2	2	2	3	3	3	3	2	2	1	1	1	1	2	1	2	1	3	3	3	3	2	2	2	2	1	1	2	2	1	1	3	3	4	4	3	2	3	3	3	3	2	2	2	2	3	2	1	1	3	3	3	3	2	2	3	3	3	2	2	2	4	2	5	1	1	1	3	3	2	2	2	2	2	2	2	2	3	3	2	1	2	2	3	3	5	5	4	4	3	3	2	2	3	3	2	2	1	1	2	2	3	3	3	3	3	3	2	2	2	1	4	2	3	3	4	2	2	2	2	1	3	1	3	3	2	1	3	3	3	3	2	2	2	1	3	2	3	3	2	2	2	2	3	3	3	1	3	3	1	1	3	1	3	2	4	4	2	2	3	3	2	2	4	4	3	3	3	3	2	2	1	1
21G.0765	2	1	2	2	4	1	3	3	1	1	3	3	3	3	4	4	1	1	2	2	3	3	3	1	1	1	4	4	4	4	3	3	2	2	1	1	2	2	3	3	4	4	3	1	3	1	2	2	2	1	3	1	2	2	2	2	2	2	2	2	2	2	4	1	2	2	3	2	2	2	2	2	3	3	3	3	3	3	1	1	3	3	1	1	3	2	5	5	3	1	2	2	3	2	3	3	4	4	1	1	3	3	2	2	3	3	2	1	4	4	3	3	2	2	2	1	3	2	1	1	1	1	2	2	2	1	3	1	4	2	3	3	3	3	2	2	2	2	2	2	2	2	2	2	3	3	5	3	3	1	2	1	3	3	2	2	2	2	1	1	2	2	2	2	2	2	3	3	3	3	1	1	3	2	3	3	2	2	1	1	2	2	3	2	3	3	2	1	2	2	2	2	6	4	3	2	1	1	2	1	2	2	3	2	3	3	3	3	3	1	2	1	3	3	2	2	2	1	4	3	3	3	3	3	4	3	2	2	1	1	3	2	1	1	3	1	1	1	2	2	3	3	3	3	2	2	3	3	4	2	3	3	2	1	3	3	2	1	2	2	2	1	3	3	3	3	2	2	4	1	2	2	2	2	2	2	3	2	2	1	3	3	3	2	2	2	3	2	3	3	1	1	1	1	1	1	3	3	3	2	1	1	2	1	2	2	3	3	2	1	2	1	2	1	1	1	3	3	2	2	4	4	1	1	2	2	3	3	5	1	3	3	3	3	3	3	2	2	2	2	2	1	3	1	2	1	3	3	2	2	3	3	5	5	1	1	2	1	2	2	1	1	3	3	1	1	3	3	4	4	3	3	2	2	5	5	3	3	4	4	1	1	2	2	1	1	2	2	1	1	1	1	2	2	2	2	2	1	1	1	2	2	2	2	3	2	3	3	2	2	1	1	1	1	4	4	3	3	2	2	1	1	2	2	3	1	3	3	2	1	2	2	4	4	2	1	3	3	3	3	3	3	3	2	3	3	3	3	4	3	4	2	3	2	3	3	2	2	2	1	2	2	2	2	3	3	2	1	2	2	3	3	5	4	4	4	4	3	3	3	2	1	1	1	1	1	2	2	3	3	2	2	1	1	2	1	2	2	4	2	4	4	2	1	2	2	1	1	2	2	3	3	1	1	3	3	1	1	4	4	3	1	3	2	3	3	3	3	3	2	3	2	2	2	3	3	1	1	2	2	4	4	2	1	2	1	3	3	3	2	3	3	2	2	3	1	2	2	3	1
21G.0767	1	1	2	1	4	4	3	2	1	1	3	1	3	3	4	4	2	2	2	2	3	2	2	1	1	1	4	4	4	4	3	2	1	1	2	1	3	3	3	1	3	3	3	1	3	3	3	3	2	1	3	3	2	2	2	1	2	1	1	1	3	2	5	4	3	2	1	1	3	3	3	2	3	3	3	3	3	3	3	3	3	3	2	2	3	3	4	4	1	1	2	2	3	3	1	1	4	1	3	3	2	1	3	2	3	1	2	1	4	4	3	3	2	2	1	1	3	2	4	4	3	1	3	2	2	2	2	2	2	1	3	3	2	1	2	2	4	4	2	1	1	1	0	0	2	2	5	1	1	1	2	1	2	2	4	1	1	1	2	2	3	2	2	2	2	2	1	1	2	1	1	1	3	3	2	1	2	2	2	2	2	2	2	1	2	2	2	2	2	2	1	1	7	3	2	2	1	1	1	1	4	4	4	2	3	3	2	1	1	1	1	1	1	1	2	1	2	1	3	2	2	1	4	1	3	3	1	1	1	1	3	2	2	2	1	1	1	1	2	2	2	2	3	1	2	2	3	3	3	3	3	3	2	1	3	3	1	1	2	2	3	2	3	1	3	1	3	2	4	4	2	2	1	1	2	2	3	3	2	2	3	3	3	3	2	2	3	2	4	4	2	1	1	1	3	3	2	1	3	3	2	1	1	1	3	1	3	3	3	2	3	1	3	3	2	1	3	1	2	2	4	3	2	1	2	1	3	3	1	1	3	2	2	2	5	5	2	2	3	3	2	2	3	3	3	3	3	3	2	1	2	2	5	5	2	2	2	2	1	1	3	2	3	3	3	1	3	3	4	4	2	2	1	1	2	2	3	1	4	4	1	1	2	2	2	2	2	2	2	2	3	1	3	1	2	2	3	3	3	1	2	2	3	1	3	2	3	2	1	1	1	1	3	3	2	2	3	1	3	1	4	4	3	3	3	1	4	4	1	1	2	2	4	2	3	3	2	2	3	3	2	2	3	3	2	1	2	2	4	4	1	1	3	2	2	1	1	1	2	2	2	2	3	2	3	1	2	1	2	2	2	2	2	1	4	4	4	3	3	2	3	2	1	1	5	1	2	2	5	4	2	2	2	2	1	1	1	1	4	4	4	4	4	4	3	3	2	2	2	2	4	4	2	2	3	3	3	1	3	2	3	3	3	1	1	1	2	2	3	3	3	3	2	2	3	3	2	2	2	2	1	1	4	4	3	3	3	2	3	3	3	3	1	1	3	2	3	3	2	2
21G.0773	2	1	2	1	4	4	3	3	1	1	3	1	3	3	4	3	2	2	2	2	3	3	1	1	3	3	2	2	4	4	2	2	2	2	2	2	1	1	2	2	2	1	3	1	3	3	2	2	2	2	4	4	2	2	3	2	2	1	1	1	3	2	4	4	3	3	1	1	3	3	3	3	3	2	3	3	3	3	3	1	3	1	2	1	3	2	5	4	2	2	2	2	3	1	2	1	3	3	1	1	2	2	2	1	2	1	2	1	4	2	3	1	2	2	1	1	3	1	4	3	3	3	3	2	2	2	2	2	4	2	3	3	3	2	2	2	2	2	3	2	2	2	0	0	3	2	5	5	3	1	2	2	1	1	4	4	1	1	2	2	2	2	2	2	2	1	3	3	3	3	1	1	3	2	3	2	2	2	1	1	3	3	3	3	1	1	2	1	2	2	2	2	7	7	3	3	1	1	2	2	2	2	3	2	3	3	3	3	1	1	2	2	1	1	2	1	2	1	3	2	3	3	3	3	3	3	2	2	1	1	3	3	2	2	3	3	1	1	2	1	2	2	3	2	2	1	2	2	4	4	3	2	2	1	2	2	1	1	2	1	4	1	3	3	3	3	2	2	4	1	2	2	2	1	2	2	2	2	2	1	3	3	3	3	2	2	2	2	3	3	2	2	4	4	3	3	3	3	2	2	2	2	2	2	3	1	3	3	3	2	2	1	3	3	1	1	2	2	2	1	4	3	2	2	2	2	3	3	5	4	1	1	4	4	3	3	2	2	2	1	2	2	3	1	3	3	3	3	1	1	3	1	5	5	2	2	2	1	2	2	1	1	3	3	1	1	3	3	2	2	3	3	1	1	3	3	1	1	5	3	3	3	2	2	2	2	2	2	2	2	3	1	3	3	2	1	3	1	1	1	2	1	2	2	3	3	3	2	2	2	2	2	3	1	3	2	3	3	3	3	4	3	3	2	3	1	4	4	3	3	2	2	3	2	2	1	3	3	3	3	2	2	3	3	2	2	3	2	2	2	0	0	3	3	3	3	2	2	2	1	2	1	3	3	3	1	2	2	2	2	3	3	5	5	4	4	3	2	3	3	2	2	2	1	2	2	2	1	5	2	2	2	2	1	2	1	2	2	4	4	4	4	2	2	2	2	1	1	2	2	1	1	2	2	2	1	1	1	3	3	3	3	3	2	1	1	4	1	2	1	3	3	1	1	5	5	2	2	3	2	4	4	4	4	3	3	3	3	3	3	3	3	3	1	3	2	2	2	1	1
21G.0774	2	1	2	2	4	4	2	2	2	2	3	1	1	1	2	2	3	2	2	2	3	2	2	1	2	1	2	2	1	1	3	2	3	1	3	2	1	1	2	2	1	1	3	3	3	1	2	2	2	2	4	4	2	2	3	3	2	1	1	1	2	1	4	2	3	3	1	1	3	1	2	2	2	2	3	3	3	2	1	1	3	3	2	2	3	3	5	5	3	3	2	2	3	3	3	1	2	2	3	1	3	3	2	2	3	2	2	2	4	4	3	3	3	2	1	1	2	1	4	1	2	2	2	2	2	2	1	1	4	4	2	2	3	3	2	1	4	3	2	2	1	1	2	1	2	2	5	5	4	2	1	1	1	1	4	1	2	1	1	1	3	3	3	2	2	2	3	3	3	3	2	2	3	3	3	3	1	1	4	4	3	2	2	2	1	1	2	2	2	2	2	2	4	4	3	3	2	1	1	1	4	4	3	3	3	3	3	3	1	1	4	2	2	1	2	2	2	1	2	2	3	3	2	2	4	3	1	1	2	2	3	3	1	1	2	1	2	1	2	1	3	3	2	2	2	2	3	3	2	2	3	2	1	1	2	2	1	1	2	2	4	4	3	3	2	1	3	2	4	2	1	1	3	1	2	1	3	3	2	2	2	2	3	1	2	2	3	3	4	4	2	2	4	3	3	3	3	2	3	3	1	1	2	2	3	3	3	3	3	2	2	1	3	2	2	2	2	2	2	2	3	2	2	2	2	1	3	1	3	3	3	3	1	1	2	1	2	2	2	2	2	2	2	1	2	1	3	1	2	1	3	3	5	1	2	1	1	1	2	1	1	1	3	3	3	3	3	3	4	2	2	1	2	1	3	3	2	2	3	3	3	3	2	1	2	1	2	2	2	2	3	3	3	2	2	1	3	2	1	1	2	2	2	2	2	2	3	3	2	2	2	1	2	2	3	3	3	2	3	3	3	3	3	3	1	1	4	4	3	3	2	2	3	3	3	3	3	1	3	3	2	2	3	3	3	3	3	2	3	2	5	4	1	1	3	3	3	2	1	1	2	2	2	1	1	1	2	1	2	1	3	3	5	2	4	4	1	1	2	1	3	1	1	1	1	1	2	2	5	4	3	3	4	4	2	2	2	2	4	4	4	4	3	1	3	2	2	1	3	3	3	1	2	2	2	2	3	1	3	3	3	1	2	2	2	1	4	4	2	2	3	1	2	2	4	4	3	3	2	1	1	1	2	2	3	3	3	3	3	1	1	1	2	2	3	3	3	1	2	2
21G.0775	2	1	3	3	4	4	2	2	2	1	2	1	3	3	4	4	2	2	5	3	3	3	1	1	2	2	4	2	1	1	2	2	2	2	2	2	3	3	3	1	3	3	3	3	3	3	3	3	2	2	3	1	2	1	3	1	1	1	2	2	3	3	4	4	4	4	2	2	3	3	3	2	3	2	3	3	3	2	3	3	3	3	2	2	2	2	4	2	2	2	2	2	3	3	2	1	4	2	2	2	2	2	2	2	3	2	2	2	4	3	3	3	1	1	2	1	3	3	1	1	2	1	3	3	3	3	3	1	1	1	2	1	3	1	2	2	4	1	2	2	1	1	2	2	2	2	3	1	2	2	1	1	2	2	2	1	3	3	2	1	3	3	3	1	2	2	1	1	3	3	2	1	3	3	3	3	2	1	2	1	3	3	2	2	3	3	2	1	2	2	2	1	7	7	2	2	1	1	1	1	4	2	2	1	3	3	2	2	1	1	4	4	2	2	2	2	1	1	4	1	3	3	3	2	3	3	2	2	1	1	1	1	2	1	3	2	1	1	2	2	3	2	2	1	3	1	3	3	2	1	3	3	1	1	3	2	2	1	2	2	3	3	3	3	3	1	3	3	5	1	2	1	1	1	2	2	3	3	2	2	2	2	3	3	1	1	2	2	4	4	2	2	3	3	3	1	3	3	3	1	1	1	2	1	2	1	1	1	2	2	2	2	3	3	2	2	3	3	1	1	1	1	2	2	2	2	3	3	5	2	3	3	3	3	4	1	2	2	2	2	2	2	1	1	3	3	3	2	1	1	1	1	5	4	2	1	1	1	2	2	2	1	3	3	2	1	2	2	4	4	3	2	1	1	3	2	3	3	4	1	1	1	2	2	2	2	2	2	2	1	2	1	2	1	2	2	3	3	3	3	2	2	2	2	2	2	2	2	2	2	2	1	1	1	2	2	3	3	3	3	3	1	3	2	3	3	3	2	1	1	2	2	4	2	3	2	3	3	3	3	3	2	2	2	2	2	3	3	3	3	4	4	1	1	3	3	2	2	2	1	2	2	2	1	3	1	2	2	2	1	4	2	2	2	4	4	3	3	3	2	3	3	2	1	1	1	2	1	5	5	2	2	1	1	2	2	2	1	4	3	4	4	2	2	2	2	2	1	2	2	1	1	2	1	2	2	2	2	3	2	3	3	3	2	1	1	2	2	3	3	3	2	2	2	3	3	2	2	3	1	4	4	4	4	3	3	3	3	2	1	3	1	1	1	3	3	2	2	2	2
21G.0778	1	1	3	2	4	4	2	2	1	1	3	3	4	4	4	4	2	2	3	3	3	3	1	1	3	3	4	4	1	1	2	1	1	1	1	1	3	3	3	3	3	3	3	1	1	1	3	2	2	2	3	3	2	1	2	1	2	2	2	1	3	2	5	5	2	1	4	4	2	2	3	3	3	3	3	3	3	2	3	1	3	2	2	2	2	2	4	3	3	3	2	2	3	3	1	1	4	4	2	2	3	3	2	2	3	3	2	2	4	4	3	3	3	3	2	2	2	2	4	4	1	1	3	3	3	3	3	3	4	4	2	1	3	3	1	1	2	1	3	3	1	1	2	1	3	3	5	1	2	2	2	2	2	1	4	4	2	2	1	1	2	2	2	1	2	2	1	1	3	1	2	2	3	3	3	3	2	2	2	1	3	2	2	1	3	3	2	2	2	2	2	2	7	7	3	3	2	2	2	2	3	3	2	2	3	1	4	4	3	3	4	4	3	2	2	2	2	2	3	3	3	3	4	4	2	2	2	2	1	1	3	2	1	1	1	1	3	3	2	2	2	2	3	2	2	2	3	2	4	1	3	1	1	1	3	2	2	1	2	1	2	2	2	2	3	1	2	2	4	4	2	1	1	1	2	1	1	1	2	2	3	2	3	2	2	1	3	3	4	1	2	2	5	1	3	1	3	3	3	3	2	2	2	1	2	2	4	4	2	2	2	1	3	1	1	1	1	1	2	2	4	4	1	1	2	2	3	3	2	1	2	1	4	4	1	1	3	3	2	2	2	2	2	1	2	1	3	3	2	2	3	3	5	1	2	1	2	2	2	2	3	1	3	2	2	2	2	2	4	4	3	3	1	1	2	1	2	2	4	4	3	3	2	1	2	2	2	2	1	1	2	2	1	1	2	1	3	2	1	1	2	2	3	2	2	2	3	3	2	2	1	1	2	1	4	4	3	2	3	3	4	4	3	3	3	3	3	3	2	2	2	2	4	4	2	2	1	1	3	1	2	2	3	3	2	2	5	5	3	2	2	2	3	1	2	2	2	1	2	2	2	2	1	1	3	3	1	1	2	1	4	4	5	4	2	2	3	3	3	2	3	3	2	1	5	5	2	2	5	5	2	2	3	2	2	1	2	2	4	4	4	2	4	4	2	1	2	2	2	2	3	1	2	2	3	1	3	3	3	3	3	3	3	3	1	1	4	4	2	2	3	1	2	1	4	4	2	2	1	1	3	3	2	2	2	2	3	2	3	3	4	1	3	3	3	3	2	1	1	1
21G.0793	2	1	2	2	4	4	3	3	2	1	1	1	3	3	4	4	2	2	3	2	3	3	2	1	3	2	4	1	2	1	3	3	2	1	2	1	1	1	3	3	3	3	3	3	3	1	3	3	2	2	4	3	2	2	2	2	2	2	1	1	2	1	5	5	3	2	2	1	3	3	2	2	3	2	3	3	3	2	1	1	3	2	2	1	2	2	3	2	3	3	2	2	3	1	3	2	4	3	2	2	3	1	1	1	3	1	2	2	4	4	3	3	3	2	2	1	3	2	4	4	2	2	2	2	2	2	3	3	4	2	2	2	3	3	2	2	3	2	3	2	2	2	2	2	2	2	5	5	3	3	2	2	3	3	4	4	3	3	2	2	2	1	2	2	2	2	2	2	3	3	3	3	3	3	3	3	2	2	1	1	3	2	2	2	2	2	2	2	2	1	2	2	7	7	3	3	1	1	2	1	2	2	2	2	1	1	4	2	1	1	4	4	2	2	2	2	2	2	3	2	3	1	4	1	3	3	1	1	2	2	3	2	1	1	2	2	2	2	2	2	2	2	3	3	2	2	3	3	4	4	3	2	2	2	2	2	2	1	2	1	3	3	2	2	3	3	3	3	4	4	2	1	2	1	2	1	2	2	2	2	3	2	3	3	2	2	3	1	3	3	2	1	4	3	3	3	3	1	3	3	2	1	1	1	2	2	3	3	3	3	1	1	3	1	2	1	2	2	2	2	3	2	2	1	2	2	3	3	5	2	3	1	3	3	4	4	2	2	2	1	2	2	2	1	2	1	3	2	1	1	1	1	5	1	2	2	2	1	2	2	1	1	2	2	1	1	3	3	2	2	3	2	1	1	3	3	3	3	4	3	3	3	2	1	1	1	2	2	2	2	3	2	2	1	2	2	3	3	2	2	2	2	2	1	3	3	3	2	0	0	2	2	2	1	4	4	3	1	3	3	3	3	3	3	3	3	4	3	1	1	2	2	2	2	1	1	2	1	3	3	2	2	3	3	2	2	2	2	4	4	5	1	2	2	3	1	2	2	1	1	2	1	2	1	2	1	2	1	2	2	2	2	2	2	4	4	4	1	3	2	1	1	2	1	5	5	2	2	4	4	2	2	3	3	2	2	2	1	4	2	4	4	2	1	2	2	2	1	2	1	3	3	2	2	3	3	1	1	3	1	3	2	3	2	1	1	2	2	3	3	3	3	1	1	4	4	2	1	1	1	2	1	1	1	2	2	2	2	3	2	3	3	1	1	3	3	2	2	2	2
21G.0794	2	2	2	2	4	1	3	3	2	2	2	1	3	1	3	3	2	2	3	1	3	1	3	3	2	1	4	2	4	4	3	3	2	2	3	1	1	1	3	3	3	3	3	1	3	3	3	2	2	1	3	3	2	1	2	2	2	1	2	1	3	3	5	5	3	3	1	1	3	3	3	1	3	1	4	4	3	2	3	3	2	2	2	2	2	2	2	2	2	2	2	2	3	3	1	1	4	3	2	1	2	1	1	1	3	3	2	2	4	4	3	1	3	3	2	2	3	2	3	3	2	2	3	1	3	1	3	2	4	2	3	3	3	3	2	2	4	2	3	3	2	1	2	2	2	2	5	5	2	2	2	2	3	3	2	2	3	3	2	2	1	1	2	2	2	2	2	2	3	1	2	1	3	2	3	3	2	1	2	1	3	3	2	2	2	2	2	2	1	1	2	2	7	7	3	3	2	2	2	2	3	2	1	1	1	1	4	4	3	2	2	2	3	3	2	1	2	2	1	1	3	1	4	4	3	1	2	1	2	2	2	1	1	1	2	2	2	2	2	2	2	2	3	2	2	2	3	1	4	4	2	1	2	2	3	2	1	1	2	2	3	3	3	2	3	3	2	2	4	4	2	2	2	1	2	2	3	3	2	2	3	2	2	2	2	2	3	3	3	3	2	2	3	3	1	1	3	3	2	1	1	1	2	1	1	1	3	1	3	3	3	1	3	2	2	1	2	2	2	1	3	3	2	2	2	2	3	3	5	3	3	3	5	4	2	2	2	1	2	2	2	2	2	2	2	2	3	3	1	1	3	3	4	1	1	1	2	2	2	2	3	3	3	2	3	3	3	2	2	2	3	3	2	1	3	1	1	1	3	3	3	3	1	1	2	1	2	2	2	2	3	1	3	3	2	2	3	3	2	2	2	1	2	2	3	3	3	3	2	2	2	2	3	2	3	2	3	3	3	3	3	3	3	3	3	3	4	4	3	3	2	2	3	3	2	1	1	1	3	1	2	2	3	3	2	1	2	1	3	3	2	1	1	1	3	3	2	2	2	1	1	1	1	1	2	2	2	2	2	1	3	3	2	2	4	2	3	3	3	3	1	1	1	1	1	1	1	1	5	3	3	3	3	3	2	1	2	1	4	4	4	4	2	2	2	2	2	1	3	3	3	3	2	2	3	3	3	3	2	1	3	3	2	2	1	1	4	4	2	2	3	1	2	1	2	2	2	2	2	2	2	2	2	1	3	2	2	2	3	2	3	3	3	2	3	2	2	2	1	1
21G.0802	2	2	3	1	4	4	3	3	2	1	3	2	4	1	4	4	2	2	3	3	2	1	2	2	2	1	4	4	1	1	2	2	2	1	2	2	1	1	2	2	2	1	3	3	3	3	2	2	1	1	3	3	2	2	3	3	2	1	2	2	3	3	5	4	2	2	4	2	2	2	1	1	2	2	2	1	3	3	2	2	3	3	2	1	2	1	5	1	2	2	2	2	3	3	2	1	4	4	3	3	2	2	2	2	3	3	2	2	4	4	3	3	2	1	2	2	3	2	1	1	1	1	2	2	3	3	3	3	4	4	3	3	3	3	2	2	2	2	3	2	1	1	2	2	2	2	3	1	2	1	2	2	2	1	4	4	1	1	2	2	3	2	3	3	2	2	3	3	3	3	3	1	3	2	3	3	2	1	2	2	2	2	2	2	2	2	1	1	2	2	1	1	7	7	3	2	1	1	2	2	4	2	4	2	3	3	4	4	2	2	2	2	2	1	2	2	2	2	3	3	3	3	4	4	4	4	1	1	2	2	2	2	2	2	2	1	2	2	2	2	2	2	1	1	2	1	3	3	1	1	3	2	1	1	3	3	2	1	2	2	2	2	3	2	3	1	3	3	4	4	1	1	3	3	2	1	0	0	2	2	3	3	3	2	2	2	2	2	3	3	1	1	2	1	3	3	3	1	2	2	2	2	2	1	3	3	3	3	3	3	3	2	3	3	2	2	1	1	1	1	4	4	2	2	1	1	2	1	3	1	3	3	2	2	3	3	2	2	1	1	2	2	1	1	2	2	2	1	1	1	3	1	5	5	2	2	2	2	1	1	3	3	3	3	3	1	3	2	4	4	3	1	2	1	3	2	3	2	3	3	3	3	2	2	2	2	2	2	2	1	3	3	3	1	2	1	3	3	2	1	2	2	2	2	3	3	3	3	2	2	2	2	3	3	3	3	3	3	2	1	3	1	2	2	1	1	4	4	3	3	2	2	2	2	3	1	3	1	3	3	3	3	3	3	2	2	4	3	4	4	5	1	3	2	2	2	3	3	2	1	2	1	2	2	1	1	2	2	1	1	2	2	2	2	5	5	3	2	3	3	3	3	1	1	1	1	2	2	5	5	2	2	4	4	2	2	2	1	4	3	4	4	4	2	2	2	1	1	3	2	3	3	2	2	3	3	3	3	2	2	3	3	3	3	1	1	2	1	3	3	3	3	3	3	3	3	2	2	1	1	4	4	1	1	2	1	2	2	2	1	3	1	2	1	3	3	2	2	1	1
21G.0805	2	2	3	3	4	4	2	1	1	1	2	2	4	4	4	3	3	1	5	5	3	3	1	1	2	2	4	4	1	1	3	3	3	3	2	2	3	3	4	4	4	4	3	3	3	3	3	3	2	2	3	1	2	2	2	1	2	2	2	1	2	2	4	4	4	2	2	2	2	2	2	2	3	3	3	3	3	3	1	1	3	3	2	1	2	2	3	2	3	3	2	1	3	3	2	1	4	4	1	1	2	2	2	2	3	3	2	2	2	2	3	3	2	1	2	2	3	3	4	4	1	1	3	2	2	2	3	2	4	4	3	3	3	3	2	2	4	4	2	1	2	1	2	2	3	3	3	3	2	1	2	2	3	3	2	2	3	1	2	2	3	2	2	1	2	2	3	3	3	3	1	1	3	2	3	2	2	1	4	2	2	2	1	1	3	3	2	2	2	2	2	2	7	7	3	3	1	1	2	1	4	3	4	4	1	1	4	4	3	2	2	2	2	2	2	2	1	1	3	2	3	3	4	3	4	1	2	2	2	2	3	3	2	1	3	3	1	1	2	2	3	2	1	1	2	2	2	2	4	4	3	1	1	1	3	3	2	1	2	2	1	1	1	1	3	3	3	3	4	4	2	2	3	3	2	2	2	2	1	1	3	1	3	2	1	1	2	2	3	3	2	2	4	3	3	3	2	2	1	1	2	2	2	1	3	1	3	3	3	3	2	1	3	3	2	2	2	2	1	1	4	4	2	2	2	2	3	3	4	2	3	1	5	4	2	2	2	2	1	1	2	2	1	1	2	2	3	3	1	1	1	1	5	5	2	2	2	2	2	2	1	1	3	3	3	1	3	3	4	4	3	2	2	1	3	3	2	2	3	3	3	3	1	1	2	1	1	1	2	2	3	1	3	3	2	2	3	3	3	1	1	1	2	2	2	2	3	2	2	2	2	1	3	3	2	2	3	1	3	3	3	1	3	2	3	3	4	4	3	3	2	2	2	1	2	1	3	1	3	2	3	3	3	3	3	3	5	5	2	2	3	2	2	2	3	3	1	1	1	1	2	2	1	1	1	1	2	2	1	1	4	2	2	2	5	2	3	2	3	3	2	2	1	1	1	1	2	2	2	2	3	3	4	3	2	2	2	2	2	1	4	4	4	4	2	2	1	1	3	3	4	4	1	1	3	3	3	3	3	3	3	3	3	1	3	1	2	1	2	2	3	3	3	3	3	2	2	2	1	1	3	1	4	4	3	2	3	3	2	2	4	2	3	3	3	2	3	3	1	1
21G.0811	2	1	1	1	4	1	3	3	2	1	3	2	4	4	4	2	2	2	3	1	2	1	2	1	3	1	4	2	1	1	3	2	2	2	2	2	1	1	4	4	3	1	3	3	3	3	3	3	2	2	4	1	2	2	3	3	2	2	2	2	2	2	4	4	4	4	3	3	2	2	2	1	2	2	3	3	3	3	3	3	3	2	2	2	2	2	4	4	2	2	2	2	3	3	3	1	4	4	1	1	3	3	2	2	3	3	2	2	4	4	2	1	3	3	1	1	2	2	1	1	3	2	3	3	3	3	3	2	4	4	3	2	3	3	2	2	2	2	2	2	2	2	2	2	3	2	5	5	3	3	2	2	2	2	3	3	2	1	1	1	2	2	2	2	3	3	2	2	3	2	2	1	3	3	3	3	2	2	4	2	1	1	2	2	2	2	2	2	2	2	2	2	4	4	3	2	2	1	2	2	2	2	2	2	2	1	2	2	1	1	4	4	1	1	2	2	2	2	3	1	1	1	3	3	3	3	2	2	1	1	3	3	2	2	3	3	1	1	2	1	3	3	1	1	2	2	3	2	4	1	3	1	3	1	3	3	2	1	2	2	2	2	2	2	3	2	2	2	4	4	2	1	2	2	2	2	3	3	2	2	2	2	3	3	1	1	2	2	2	1	1	1	4	4	1	1	3	1	3	2	2	1	2	1	3	2	1	1	2	2	2	2	3	3	2	1	1	1	2	2	3	3	2	2	2	2	3	3	5	3	1	1	4	4	1	1	2	2	1	1	2	2	1	1	2	2	2	2	2	2	3	3	4	1	2	2	2	2	2	2	1	1	3	3	1	1	2	2	4	4	3	3	2	2	1	1	3	3	5	4	3	3	1	1	2	1	2	2	2	1	3	3	3	3	2	1	3	3	3	3	1	1	3	1	3	2	3	3	2	2	2	2	3	2	2	2	2	2	3	3	3	3	2	2	3	1	3	3	2	2	2	1	1	1	2	1	3	3	3	3	3	3	3	2	1	1	5	1	4	4	2	2	1	1	3	3	2	1	2	1	2	2	2	2	2	2	2	1	1	1	3	2	4	4	4	4	2	2	2	2	3	2	1	1	1	1	1	1	5	5	2	2	3	1	2	2	2	1	4	4	4	3	2	2	2	2	1	1	3	2	3	3	2	2	3	3	3	3	3	3	3	2	2	1	3	3	4	4	3	2	3	3	2	2	5	5	2	2	1	1	4	2	2	1	3	1	2	2	3	3	4	4	3	3	3	2	3	2	2	1
21G.0814	2	2	2	1	1	1	3	1	2	2	2	2	3	1	4	4	2	1	3	3	3	1	2	2	2	2	4	2	4	4	2	2	2	2	2	1	3	1	3	3	3	2	3	1	3	3	2	2	2	1	3	2	2	2	3	2	2	2	1	1	2	1	5	5	3	2	2	1	3	3	2	2	3	3	4	4	3	3	1	1	3	2	2	2	2	2	4	1	1	1	2	2	3	1	3	2	3	3	1	1	2	2	2	2	3	3	2	2	4	4	3	3	3	2	2	2	3	2	4	4	3	3	2	2	3	2	3	3	4	4	3	3	3	1	2	2	4	4	2	2	2	1	2	2	2	2	5	5	2	1	2	2	3	3	2	2	3	1	2	2	3	2	1	1	2	1	3	3	3	1	3	1	3	1	3	3	1	1	4	4	2	2	3	1	3	3	2	1	2	2	2	1	4	4	3	3	1	1	2	2	4	4	1	1	1	1	4	4	2	2	2	2	2	2	2	2	2	2	2	1	3	2	3	3	4	4	1	1	2	1	2	1	2	2	3	3	2	2	2	2	2	2	3	3	2	1	3	2	4	4	2	1	2	1	2	1	1	1	2	2	2	2	3	1	3	3	2	2	4	4	1	1	2	1	2	2	2	1	2	1	3	3	3	3	2	2	3	3	3	3	2	1	3	1	2	2	3	3	1	1	1	1	2	1	1	1	1	1	3	3	2	2	2	2	2	2	3	2	1	1	4	4	2	1	2	2	1	1	3	2	3	3	4	4	2	2	2	2	2	1	2	1	1	1	3	2	3	3	1	1	2	2	5	5	1	1	2	2	2	2	1	1	3	3	3	3	3	3	2	2	3	3	2	2	3	3	2	2	4	3	3	3	2	2	2	1	2	2	2	2	3	3	3	1	2	2	3	3	3	3	2	2	3	3	3	3	3	2	2	2	2	1	2	1	2	2	2	2	3	2	4	1	2	2	3	3	4	3	3	1	2	2	3	2	2	2	3	3	3	3	2	2	3	2	3	3	3	3	4	4	2	1	3	1	3	3	2	1	2	1	2	2	2	1	1	1	2	2	1	1	4	4	4	2	4	4	4	2	2	2	3	2	1	1	5	1	2	1	4	3	2	2	1	1	2	2	2	1	4	4	4	4	4	4	3	3	2	1	3	3	1	1	2	2	3	3	2	2	3	3	2	2	3	3	1	1	4	4	3	3	3	3	1	1	4	2	2	2	2	1	1	1	4	4	2	1	2	1	2	1	4	4	3	3	3	3	2	2	1	1
21G.0817	2	1	3	3	4	4	3	1	1	1	3	1	4	4	3	3	3	3	5	2	3	3	1	1	2	2	2	2	1	1	3	3	3	3	3	2	2	1	2	2	2	2	3	1	1	1	3	2	2	2	3	3	2	2	1	1	2	2	1	1	3	3	1	1	3	1	3	3	3	3	3	3	3	3	3	3	3	3	1	1	3	2	2	2	2	2	3	3	1	1	2	2	1	1	2	1	3	3	2	2	3	2	2	2	3	1	2	2	4	4	2	1	2	2	2	2	2	2	4	1	3	3	2	2	3	3	3	3	4	2	2	2	3	3	2	1	3	1	2	2	2	2	1	1	3	3	3	3	2	2	2	2	3	3	1	1	3	3	1	1	3	2	2	2	2	2	3	1	3	3	2	2	3	3	3	3	1	1	4	4	3	2	2	2	2	2	2	2	2	1	1	1	7	3	2	2	1	1	2	1	3	3	4	1	1	1	4	3	3	2	2	2	3	2	2	1	1	1	4	4	2	1	3	3	3	3	1	1	2	2	1	1	2	2	3	3	2	2	1	1	2	2	3	2	3	3	3	3	4	4	2	2	1	1	3	2	1	1	2	2	1	1	2	2	3	3	3	3	4	4	2	2	3	3	2	2	3	3	2	2	3	3	2	2	2	2	2	2	3	3	1	1	3	3	3	3	3	1	3	3	2	2	1	1	2	2	3	3	3	2	1	1	3	3	1	1	2	2	2	1	2	2	1	1	2	1	3	3	3	1	3	3	4	4	3	2	2	2	2	1	1	1	3	3	1	1	2	2	2	2	3	3	1	1	2	1	1	1	2	2	2	2	3	2	3	3	4	4	4	4	2	1	2	1	5	3	2	1	4	3	3	3	2	1	1	1	2	2	2	2	2	2	1	1	2	2	3	3	3	3	2	2	3	3	2	2	3	3	2	2	2	1	2	1	2	2	3	3	1	1	4	2	3	3	3	3	3	1	2	2	2	2	2	2	1	1	3	3	2	2	3	3	2	1	2	1	2	2	2	2	1	1	1	1	2	1	2	2	2	1	2	2	2	2	3	3	2	1	2	2	3	3	5	5	3	3	5	5	3	3	3	3	2	1	2	1	1	1	5	5	3	2	2	2	2	2	1	1	3	3	4	4	2	2	2	2	2	1	3	3	3	3	2	2	3	3	3	1	2	2	3	2	3	1	3	1	2	2	3	3	3	3	2	2	4	4	1	1	3	3	4	3	4	4	1	1	2	2	3	3	3	1	3	3	2	2	3	3	1	1
21G.0833	2	1	2	2	4	4	2	2	1	1	3	3	3	3	4	4	3	2	5	1	3	3	1	1	2	2	4	2	1	1	3	3	2	2	3	2	1	1	2	1	3	2	3	3	3	3	2	2	2	2	3	2	2	2	2	2	2	2	2	1	2	2	5	5	2	2	2	2	2	2	3	3	2	2	4	4	3	3	2	1	3	3	2	2	3	3	3	3	3	3	2	1	3	1	1	1	4	4	2	1	3	3	2	2	3	3	2	1	4	4	3	3	3	3	2	2	3	3	4	3	1	1	3	2	2	1	3	3	4	4	3	2	3	3	2	1	3	3	3	3	2	2	2	2	2	2	3	3	2	1	1	1	3	3	2	1	2	2	1	1	2	2	3	1	3	2	3	3	1	1	1	1	3	1	3	3	2	2	1	1	2	2	2	1	1	1	2	2	2	2	1	1	6	4	3	2	1	1	2	1	4	3	4	1	1	1	3	3	2	2	2	2	2	1	2	2	1	1	3	1	3	3	3	3	3	3	2	2	2	2	3	2	2	2	3	3	2	2	2	2	3	2	3	1	1	1	2	2	4	4	3	3	1	1	3	3	1	1	2	1	3	3	2	2	1	1	2	2	4	4	3	3	2	1	2	2	3	1	2	2	3	1	3	3	1	1	3	3	3	2	2	2	2	2	3	3	2	2	2	2	2	2	2	2	2	1	4	4	2	2	2	2	1	1	2	1	2	2	1	1	3	3	2	1	2	2	3	3	2	1	3	3	3	2	5	5	2	2	2	2	2	2	2	1	2	2	2	2	1	1	3	3	2	2	1	1	2	2	2	2	2	1	3	3	1	1	2	2	4	4	3	3	2	2	5	2	2	2	4	4	3	3	1	1	2	1	1	1	2	2	1	1	1	1	2	1	3	3	3	3	1	1	1	1	3	1	3	3	2	2	2	2	2	2	3	2	3	2	3	3	4	4	2	1	3	3	4	4	3	3	2	2	2	2	3	3	3	1	3	3	2	2	3	3	2	2	3	3	4	4	5	5	2	2	3	1	2	1	2	2	2	2	2	2	3	1	2	1	2	1	3	3	5	5	5	5	3	3	3	2	3	3	2	2	2	1	1	1	5	2	3	3	3	3	1	1	2	2	4	1	3	3	2	2	3	3	2	1	3	3	3	3	2	2	3	1	3	3	2	2	2	1	3	3	3	1	2	2	2	2	3	1	3	3	4	4	2	2	3	3	3	3	2	2	2	2	2	2	3	1	4	1	3	3	3	3	2	1	1	1
21G.0834	2	2	3	2	4	4	3	2	2	2	3	2	4	4	4	4	3	2	5	5	3	1	2	2	1	1	4	4	1	1	3	3	2	2	3	2	2	2	3	1	3	3	3	3	1	1	2	2	2	2	2	2	2	2	3	3	2	2	1	1	2	2	4	4	1	1	1	1	3	3	3	1	2	2	1	1	3	3	1	1	3	1	1	1	2	2	3	3	3	1	2	2	3	3	3	1	4	3	1	1	3	3	3	3	3	1	2	2	4	4	3	3	3	1	2	2	3	1	3	3	1	1	2	2	2	2	3	3	4	4	2	2	3	3	2	2	2	2	3	2	2	2	2	2	2	2	3	3	3	2	2	2	1	1	4	4	2	1	2	1	2	2	2	2	3	3	3	1	3	1	1	1	3	3	3	2	2	1	2	2	2	2	2	1	3	3	1	1	2	2	2	2	7	7	3	3	2	2	1	1	2	2	2	1	1	1	3	3	2	2	2	2	2	2	2	2	1	1	2	1	1	1	3	2	4	3	1	1	2	2	3	3	2	2	2	2	1	1	2	1	3	3	3	3	3	2	3	2	4	4	3	1	1	1	3	3	1	1	2	2	1	1	1	1	2	1	2	1	4	1	1	1	2	2	1	1	2	2	2	1	2	1	3	3	1	1	3	3	4	4	2	1	1	1	3	3	3	3	3	3	2	1	2	2	2	1	3	3	2	2	2	1	2	2	2	2	2	2	1	1	3	3	1	1	2	2	3	3	3	3	3	3	2	2	2	2	2	1	2	2	2	2	2	1	2	2	2	2	1	1	1	1	2	1	1	1	2	1	2	2	2	1	3	3	1	1	3	1	4	2	3	2	2	2	5	5	2	2	3	3	3	1	2	2	1	1	2	2	2	2	2	1	1	1	2	2	3	3	1	1	2	2	2	2	3	1	3	3	2	2	2	2	1	1	3	2	3	2	3	3	4	4	2	2	3	3	4	4	2	2	2	2	4	3	2	2	3	3	3	3	2	2	3	3	2	2	3	3	4	4	4	2	2	1	1	1	1	1	2	2	2	2	3	1	3	3	1	1	2	2	3	3	5	5	5	5	4	4	3	3	2	2	2	2	2	2	2	1	5	2	2	2	3	1	2	1	2	2	4	4	3	2	4	4	1	1	2	1	3	3	5	3	2	2	3	3	3	3	2	2	2	2	3	2	1	1	4	4	3	3	3	3	2	1	4	4	2	2	3	3	3	3	2	2	2	2	3	3	1	1	1	1	3	3	3	3	2	2	1	1
21G.0841	2	2	3	3	4	4	3	3	2	2	3	3	4	1	4	4	2	2	1	1	3	3	1	1	3	2	4	4	2	1	3	3	3	3	2	1	1	1	3	3	4	3	3	3	3	1	2	2	2	2	4	2	2	2	2	2	2	1	2	2	2	2	5	5	2	2	3	3	2	2	3	3	2	1	3	3	3	2	2	2	3	3	1	1	2	1	4	4	3	1	2	2	3	1	3	3	4	4	2	1	2	2	3	2	3	1	2	2	2	2	3	3	2	2	1	1	2	2	1	1	2	2	3	1	3	1	3	3	2	2	2	1	2	2	2	1	3	1	2	2	2	2	2	1	2	2	1	1	2	2	2	2	3	3	2	2	2	1	2	1	2	2	1	1	2	2	3	3	3	1	2	2	3	3	3	2	2	1	2	2	2	1	3	1	3	3	2	2	2	2	1	1	7	7	3	2	1	1	2	1	4	4	3	2	1	1	3	3	2	1	4	2	3	3	2	2	2	2	3	3	3	2	4	1	3	3	1	1	2	2	3	2	2	2	1	1	1	1	2	2	2	1	3	3	1	1	2	2	4	4	2	2	1	1	3	3	1	1	2	1	3	3	3	3	1	1	3	2	5	4	2	2	1	1	2	2	2	2	1	1	3	2	2	2	2	1	3	2	3	3	2	1	1	1	3	3	3	2	3	2	1	1	2	2	2	2	3	3	2	2	3	3	3	3	2	2	2	2	2	2	4	4	2	2	1	1	2	2	2	2	1	1	4	4	4	4	3	3	2	2	2	2	1	1	3	1	3	2	1	1	2	2	5	5	1	1	2	2	2	2	2	2	2	2	3	3	3	3	4	4	3	3	2	2	1	1	2	1	5	5	3	3	2	2	2	2	1	1	2	1	2	2	2	2	2	2	3	2	3	2	2	1	2	1	3	1	3	3	2	2	1	1	2	2	4	4	2	2	2	2	3	1	2	2	1	1	4	4	2	2	2	2	2	1	2	2	3	3	3	3	2	2	3	3	2	1	4	2	4	2	1	1	2	2	1	1	1	1	2	1	2	2	2	2	1	1	1	1	1	1	3	3	5	5	4	4	3	2	3	3	2	2	2	1	1	1	2	2	5	3	3	3	3	1	2	2	2	2	3	3	4	4	2	2	2	2	2	2	3	3	3	3	2	2	3	3	3	3	4	4	3	3	3	3	1	1	2	2	2	2	3	3	2	1	5	1	1	1	2	2	4	1	4	4	3	3	3	3	2	2	2	1	3	3	3	2	3	2	2	2
21G.0842	2	2	2	1	4	4	2	1	2	2	1	1	3	3	3	3	2	2	2	1	3	3	1	1	2	1	4	4	4	1	3	2	2	2	1	1	3	1	3	2	3	2	3	1	1	1	3	3	2	1	2	2	1	1	1	1	2	2	2	1	2	2	4	4	2	1	4	4	2	2	2	2	1	1	4	2	2	2	1	1	2	1	2	1	2	2	5	5	3	2	2	2	3	3	3	3	3	3	1	1	3	2	2	2	3	3	2	2	4	4	3	2	2	1	2	2	2	2	4	3	1	1	2	2	3	3	2	1	4	4	3	1	3	3	2	1	3	3	3	3	2	2	0	0	3	3	3	3	2	2	2	2	3	3	2	1	2	1	2	2	2	1	1	1	3	3	1	1	3	3	2	2	3	3	3	3	2	1	2	1	2	2	2	1	3	1	2	2	2	2	2	1	4	2	3	1	2	2	2	2	3	3	4	4	1	1	4	4	3	3	2	2	3	2	2	2	2	2	3	2	2	2	4	4	3	3	2	2	2	2	3	3	2	1	3	3	1	1	2	1	3	3	3	3	2	2	3	3	1	1	3	2	1	1	3	2	1	1	2	2	2	2	3	3	3	3	2	1	4	4	2	2	1	1	2	2	2	2	2	1	2	2	3	3	2	1	3	3	2	2	2	1	5	5	3	1	3	3	3	3	2	2	2	2	3	2	3	3	3	1	2	1	2	1	2	2	2	1	1	1	4	4	2	1	2	1	3	2	2	1	3	3	5	4	4	1	2	2	1	1	2	1	2	1	2	2	3	1	1	1	3	2	4	2	1	1	2	1	2	1	3	3	3	1	3	3	3	2	3	3	3	2	1	1	5	5	2	2	5	4	3	3	2	2	1	1	2	1	2	2	3	3	1	1	1	1	3	3	3	2	2	2	3	3	2	2	3	3	2	2	1	1	2	2	3	2	3	2	3	3	4	4	3	3	3	1	3	3	3	2	2	2	3	3	1	1	3	3	3	3	2	2	2	2	2	1	3	3	4	4	4	4	2	1	1	1	2	1	2	2	2	2	2	1	3	2	1	1	2	2	4	4	5	2	4	2	2	2	3	2	3	3	2	2	5	5	2	2	3	2	3	3	4	4	2	2	2	2	4	4	4	3	4	4	2	1	2	2	2	1	3	1	2	1	3	3	1	1	2	2	3	3	3	3	3	2	2	2	2	2	1	1	2	1	5	5	2	2	2	1	2	2	4	1	1	1	2	1	2	2	4	4	3	3	3	3	3	3	2	1
21G.0843	2	1	2	2	4	4	2	1	2	2	1	1	3	3	3	3	3	3	5	2	3	1	2	2	2	2	4	2	1	1	2	2	2	2	2	1	3	3	3	3	4	3	3	3	3	3	3	2	1	1	3	1	1	1	3	2	2	2	1	1	2	2	5	5	3	3	3	3	2	2	2	2	3	3	4	4	3	3	1	1	3	3	1	1	3	3	5	4	3	3	2	1	3	3	1	1	4	3	2	2	2	2	2	2	2	2	2	2	4	2	3	1	2	1	1	1	1	1	4	4	1	1	3	1	2	2	2	2	1	1	3	1	2	2	2	2	4	4	2	2	2	2	1	1	2	2	3	2	2	1	1	1	3	3	3	3	1	1	2	2	3	2	2	2	2	2	2	2	3	3	2	1	2	1	3	3	2	2	2	2	3	3	2	1	3	3	1	1	2	2	1	1	7	7	2	2	2	2	1	1	2	2	3	2	3	3	2	1	1	1	3	2	3	3	1	1	1	1	3	1	3	3	4	3	4	2	2	1	1	1	2	2	2	2	2	2	1	1	2	1	3	2	1	1	2	2	3	3	3	3	0	0	2	2	3	3	2	2	2	2	4	4	3	2	3	3	3	3	5	5	2	2	3	3	2	2	3	3	2	1	3	3	3	2	2	2	3	3	3	3	1	1	4	4	3	2	2	2	3	3	2	1	1	1	3	3	3	3	3	3	3	3	2	2	2	1	2	2	2	1	4	4	1	1	2	2	3	3	2	1	2	1	2	2	5	4	3	3	2	2	2	2	3	1	3	3	2	1	1	1	3	3	5	1	2	2	1	1	2	2	3	1	3	3	1	1	3	3	3	1	3	2	2	2	3	3	1	1	4	2	3	3	2	2	2	1	2	2	2	1	3	3	2	2	2	2	3	1	3	3	2	1	3	1	2	1	3	3	2	2	1	1	2	2	3	2	2	2	3	1	4	4	3	1	3	1	2	2	3	1	2	2	3	3	2	2	3	1	3	1	3	2	3	3	2	2	3	3	2	2	5	5	3	1	1	1	2	2	2	2	2	2	2	2	3	1	2	1	1	1	3	2	2	2	2	2	3	3	2	2	2	2	2	2	2	1	1	1	2	2	2	2	1	1	2	2	2	2	4	1	4	4	4	2	2	2	2	2	3	3	1	1	2	2	2	2	2	2	3	3	3	3	3	3	1	1	2	2	3	1	3	3	2	1	3	3	2	2	3	3	4	4	2	2	3	3	3	3	3	3	3	1	2	2	2	2	3	2	2	2
21G.0846	2	1	3	3	4	1	2	1	2	1	2	2	3	3	4	3	2	1	3	3	3	2	2	2	2	2	4	4	4	4	2	2	2	2	1	1	3	3	1	1	3	3	3	3	3	3	3	2	2	2	3	3	2	2	3	1	1	1	2	1	3	2	5	4	2	2	4	4	2	2	2	1	3	3	4	4	3	3	3	1	3	3	2	1	3	2	4	4	3	2	2	2	3	3	2	1	3	2	3	1	3	2	2	2	3	3	2	1	3	1	3	3	3	1	2	2	3	2	3	1	1	1	2	2	2	1	3	2	4	4	3	3	3	3	2	1	4	1	2	2	2	1	2	2	3	2	3	1	2	1	2	2	3	2	2	1	1	1	1	1	3	3	3	3	2	2	2	2	3	3	2	2	3	3	3	3	2	2	4	4	2	2	1	1	3	2	2	2	2	2	1	1	7	4	2	2	1	1	2	1	4	4	4	4	2	2	4	4	3	3	2	2	3	3	2	2	2	2	4	4	3	3	3	3	3	3	2	1	1	1	3	3	2	1	2	2	1	1	2	2	3	3	2	1	3	3	3	3	2	1	3	3	2	1	3	3	2	2	2	1	2	1	1	1	3	3	3	2	2	1	2	2	3	3	2	2	3	3	2	1	2	2	3	3	2	1	2	2	4	3	2	2	4	1	3	1	2	2	3	3	2	2	2	1	3	2	1	1	3	3	1	1	3	1	2	1	3	3	2	2	4	3	2	1	1	1	3	3	4	4	3	3	3	3	4	3	2	2	2	2	2	2	1	1	3	3	3	2	2	2	2	2	5	5	2	2	2	1	2	2	3	3	2	2	1	1	3	3	4	4	3	2	2	2	3	3	2	2	4	4	3	1	2	2	2	2	2	1	2	2	2	2	1	1	2	2	3	1	1	1	2	2	3	3	3	3	3	3	2	2	2	2	2	2	2	2	2	2	3	3	4	4	2	2	3	1	3	3	3	3	2	2	4	4	3	1	3	3	3	3	3	3	3	3	3	3	5	3	4	2	4	4	1	1	3	3	2	1	1	1	2	2	3	3	1	1	2	2	1	1	3	2	2	2	5	1	1	1	2	2	1	1	1	1	3	1	1	1	2	2	3	3	2	2	2	2	2	1	4	4	4	4	2	2	2	1	2	1	2	2	3	1	2	2	3	2	3	3	2	2	3	3	2	1	2	2	4	4	2	2	3	1	3	1	3	3	2	2	1	1	2	2	4	2	3	3	2	2	2	2	3	3	2	1	3	2	3	3	3	3
21G.0847	2	2	3	3	4	1	3	1	2	2	1	1	3	3	4	4	3	3	5	5	3	3	3	3	2	1	4	2	4	4	3	2	3	1	3	3	3	1	3	1	3	2	1	1	3	3	3	3	2	2	4	4	2	1	3	3	2	2	2	1	3	3	4	2	2	2	3	3	2	2	2	1	3	2	3	3	3	3	3	3	2	1	2	1	3	3	3	3	3	3	2	2	3	3	2	2	3	3	3	1	2	2	2	1	3	3	2	2	4	4	2	1	2	1	2	2	3	3	1	1	3	1	2	2	2	2	3	1	4	4	3	3	2	1	1	1	1	1	2	2	2	2	2	2	3	3	5	3	2	2	1	1	3	2	2	2	1	1	2	2	2	2	3	3	2	2	3	1	3	3	1	1	3	3	3	2	1	1	2	2	3	3	3	1	1	1	2	2	1	1	1	1	7	7	2	2	2	2	2	2	3	3	2	2	1	1	4	2	3	3	2	2	3	3	1	1	1	1	3	3	3	2	4	1	3	2	1	1	2	2	2	2	1	1	2	1	2	2	2	2	3	2	2	1	2	2	3	3	4	4	2	1	1	1	3	2	2	1	2	1	4	4	2	2	3	1	2	2	4	4	2	1	2	2	2	2	2	2	2	2	1	1	3	3	2	2	2	1	3	3	2	1	4	4	3	3	2	2	2	1	1	1	2	2	2	2	3	3	2	2	2	1	3	2	2	2	2	2	1	1	4	2	2	1	2	2	3	1	4	1	3	3	4	4	2	2	3	2	1	1	2	2	2	2	2	2	3	3	2	2	2	1	5	5	2	1	2	2	1	1	2	2	3	3	3	3	3	3	4	4	3	3	1	1	2	2	2	2	5	4	3	3	2	2	1	1	1	1	2	2	2	1	2	1	2	1	3	2	1	1	2	2	2	2	3	2	3	3	2	2	2	1	2	1	3	3	2	2	3	3	4	4	2	2	1	1	3	3	3	3	2	1	3	2	2	1	3	3	2	2	3	3	2	2	2	2	3	3	4	2	4	2	2	2	3	2	1	1	2	1	2	2	2	2	3	3	2	2	2	1	3	2	5	5	4	2	5	2	3	3	3	1	1	1	1	1	1	1	5	4	3	3	2	2	2	2	1	1	4	4	4	2	4	1	2	1	2	1	3	3	3	3	2	1	3	3	3	3	2	1	3	1	2	2	1	1	4	2	2	2	3	3	3	3	3	3	2	2	3	3	3	2	4	4	3	1	3	3	2	2	3	3	2	2	3	3	3	3	2	1
21G.0860	1	1	3	3	1	1	3	2	2	2	3	1	4	4	4	3	2	2	2	2	3	3	3	1	2	1	4	4	1	1	2	2	2	2	2	2	3	1	3	3	3	3	3	3	3	3	2	2	2	1	4	3	2	1	1	1	2	1	1	1	2	2	5	4	2	2	4	4	3	2	2	1	2	2	3	3	3	3	3	3	3	2	1	1	3	2	3	3	3	3	2	2	3	3	1	1	3	3	1	1	2	1	2	2	3	3	2	1	4	2	2	1	3	1	2	2	3	3	4	4	3	3	2	2	3	2	1	1	2	1	2	2	3	3	2	2	4	4	2	2	2	1	2	2	3	2	1	1	2	2	1	1	3	3	1	1	1	1	1	1	3	3	3	1	3	2	1	1	3	3	1	1	3	1	3	3	1	1	2	2	2	2	2	2	3	3	2	1	2	2	2	2	7	7	2	1	2	1	2	2	3	3	4	4	3	1	4	2	2	1	2	1	2	1	2	2	1	1	4	4	3	3	2	2	4	4	2	2	2	2	3	2	1	1	2	1	3	2	2	2	3	3	3	1	1	1	3	3	3	1	3	3	1	1	3	3	2	2	2	1	3	3	2	1	3	3	2	2	1	1	3	2	2	2	2	1	3	3	1	1	3	3	3	3	1	1	3	3	4	2	2	2	4	4	3	3	3	3	2	2	2	2	2	2	2	2	3	3	3	2	3	2	1	1	2	1	3	3	2	2	3	3	2	2	2	1	1	1	3	2	3	1	4	4	2	2	2	2	2	1	2	1	2	2	3	3	3	3	1	1	3	3	4	4	1	1	1	1	2	1	3	3	3	3	3	3	3	3	4	4	3	3	2	1	5	1	2	2	4	4	3	3	1	1	2	2	2	1	2	2	2	2	3	3	1	1	2	2	1	1	2	2	2	2	3	3	3	3	1	1	2	2	2	2	2	1	2	1	3	3	3	1	3	3	3	1	4	3	2	2	2	2	3	3	2	2	3	1	3	2	3	3	2	2	2	1	3	3	4	4	5	5	3	1	2	1	2	1	1	1	2	2	3	1	3	3	2	2	2	2	3	3	5	5	1	1	3	2	3	1	3	2	2	2	1	1	1	1	5	5	2	2	1	1	2	2	2	2	3	3	3	3	2	2	2	2	2	2	2	1	3	3	2	2	3	3	3	3	2	2	2	2	2	2	3	3	2	2	3	3	3	3	3	3	5	5	2	2	3	3	4	4	4	4	2	2	2	2	2	2	1	1	2	1	3	3	2	2	2	2
21G.0867	2	1	3	3	4	1	3	2	2	2	1	1	4	4	4	4	2	1	3	3	3	3	1	1	2	1	4	4	4	1	3	2	2	1	2	1	3	1	3	1	3	1	1	1	3	3	3	3	2	2	4	2	2	2	2	2	2	2	1	1	2	2	4	4	1	1	1	1	2	2	3	2	2	2	3	3	2	2	3	3	3	1	2	2	2	2	2	2	1	1	2	1	3	1	3	1	3	3	2	2	2	1	2	2	2	2	2	1	4	4	3	3	3	3	2	1	3	3	1	1	1	1	2	1	3	1	3	3	2	2	2	2	3	3	2	2	3	1	2	2	2	2	2	2	3	2	3	3	1	1	1	1	3	3	1	1	1	1	2	2	2	1	3	1	2	2	3	1	3	3	1	1	3	2	3	3	2	2	4	2	2	2	2	2	3	3	2	2	2	2	2	2	7	7	3	3	1	1	2	2	3	3	4	4	1	1	4	1	1	1	4	2	3	1	2	2	1	1	2	2	3	1	4	4	2	2	2	2	2	2	2	1	2	1	3	1	1	1	2	2	3	3	3	3	2	2	3	3	4	3	3	3	2	1	3	3	1	1	2	2	3	3	2	2	3	3	2	1	4	1	1	1	2	2	2	2	2	2	2	2	3	3	3	3	1	1	3	2	2	2	2	1	3	1	3	3	3	2	3	3	2	2	2	2	2	2	3	3	2	2	3	3	3	3	2	2	2	2	1	1	3	2	2	2	2	2	3	3	2	1	2	2	4	3	3	3	2	1	2	2	2	2	2	2	2	2	2	1	1	1	1	1	4	1	1	1	2	2	2	2	3	3	3	3	3	3	2	2	4	4	3	2	1	1	2	1	2	1	5	5	3	3	2	2	2	1	2	2	2	2	2	1	1	1	2	2	3	1	3	1	1	1	2	2	3	3	3	3	2	2	1	1	3	3	2	2	3	3	3	3	4	4	2	2	3	1	3	3	3	2	2	2	3	3	1	1	3	3	3	3	2	2	2	2	3	1	2	2	4	2	5	2	2	1	3	3	2	1	2	2	2	2	3	3	3	1	2	2	2	2	3	3	5	5	4	2	4	4	0	0	2	1	1	1	1	1	2	2	2	2	2	2	3	2	2	2	2	2	1	1	4	3	4	2	2	2	2	2	3	2	3	3	2	2	3	3	3	3	2	2	3	3	3	3	2	1	2	2	2	2	3	1	3	3	3	3	1	1	3	3	3	2	4	2	3	3	3	3	2	2	4	1	1	1	3	3	2	2	1	1
21G.0868	2	2	2	2	4	4	2	1	1	1	2	1	3	3	4	4	3	3	5	5	3	3	1	1	2	1	2	2	1	1	2	2	2	2	2	1	3	1	3	1	3	3	3	3	3	3	3	3	2	2	4	3	2	2	2	2	2	2	2	2	2	2	4	4	2	2	3	2	2	2	2	2	3	3	3	3	3	2	3	3	3	2	2	1	2	2	2	2	2	2	2	2	3	3	3	3	4	3	2	1	3	3	2	2	3	3	2	1	4	4	2	1	3	3	2	1	3	3	1	1	3	3	3	3	3	3	3	3	2	2	3	2	3	3	2	1	3	2	2	2	1	1	2	2	2	2	3	3	2	1	2	2	3	3	2	2	3	1	2	2	2	2	3	3	2	2	2	1	3	1	1	1	3	1	3	3	1	1	2	2	3	2	2	2	3	3	2	2	2	2	2	2	7	4	3	3	1	1	2	2	3	2	3	3	3	1	4	4	3	2	2	2	3	3	2	1	1	1	3	2	3	3	4	4	1	1	1	1	2	2	2	2	1	1	3	2	1	1	1	1	3	3	3	3	2	2	3	2	4	4	1	1	2	2	2	2	2	2	2	1	2	2	2	1	3	3	2	2	4	4	1	1	1	1	1	1	2	2	2	2	2	2	2	2	1	1	3	3	1	1	1	1	4	4	2	1	3	3	1	1	2	1	2	2	2	2	3	3	2	2	2	1	3	3	2	1	2	1	1	1	3	2	1	1	2	2	3	3	5	1	3	3	4	4	4	4	2	2	2	2	2	2	2	2	2	2	3	2	1	1	3	1	1	1	2	1	2	2	2	1	2	2	3	2	3	1	2	1	4	3	3	2	2	2	3	3	3	3	5	5	3	1	2	1	2	1	2	2	2	2	3	2	2	1	2	2	3	3	1	1	2	1	1	1	3	3	3	3	2	2	1	1	2	2	3	2	2	1	3	3	4	3	3	3	3	3	3	3	3	2	2	2	2	2	3	1	3	1	3	3	3	3	3	2	3	3	2	2	3	1	2	2	1	1	3	3	2	1	2	2	2	2	3	3	1	1	2	2	1	1	4	4	2	2	4	4	3	2	3	3	3	1	2	2	1	1	2	2	2	2	2	2	2	1	2	1	2	2	4	4	4	4	2	2	2	1	1	1	3	3	1	1	2	2	3	3	2	2	3	2	3	1	2	2	1	1	4	4	3	3	3	1	2	1	3	2	2	1	1	1	3	2	2	2	3	3	2	2	3	3	2	2	2	2	3	3	2	2	2	1
21G.0870	2	2	3	3	4	4	3	1	1	1	3	1	4	4	3	3	1	1	3	3	3	3	2	2	2	1	4	4	2	2	3	3	2	2	2	2	3	3	3	3	3	2	3	3	1	1	2	2	2	1	2	1	2	1	3	3	2	1	1	1	3	2	4	1	2	1	4	2	2	2	2	2	3	2	3	3	3	3	1	1	2	2	2	2	2	2	5	3	3	3	2	2	3	3	1	1	4	3	2	1	2	1	3	2	3	3	2	2	4	4	1	1	3	3	2	2	3	3	4	1	3	2	2	1	2	1	3	3	2	2	4	1	3	1	2	1	3	1	3	3	1	1	1	1	3	3	3	3	2	1	2	2	3	3	4	1	1	1	2	2	2	2	2	2	3	2	2	2	3	3	1	1	3	3	2	2	2	1	2	2	2	2	2	2	1	1	1	1	2	2	2	2	4	4	3	3	1	1	2	2	3	3	4	1	3	1	4	4	3	3	2	2	2	2	2	2	2	1	3	3	3	3	2	2	3	3	1	1	2	2	2	2	1	1	1	1	3	3	2	1	3	3	3	3	1	1	2	2	4	4	3	2	2	2	2	2	2	2	2	2	1	1	1	1	3	3	3	2	4	4	1	1	2	2	2	1	2	1	2	1	3	3	3	3	1	1	3	2	3	3	2	2	5	5	1	1	3	2	3	1	2	1	2	2	2	2	3	3	2	2	2	1	1	1	1	1	2	2	1	1	1	1	2	2	2	2	3	3	4	1	2	1	4	4	4	2	2	2	1	1	2	2	1	1	2	2	2	1	1	1	1	1	2	2	1	1	1	1	2	2	1	1	2	2	1	1	3	3	4	1	3	3	2	2	5	5	3	3	5	4	1	1	2	2	1	1	2	2	2	2	1	1	1	1	2	1	3	1	1	1	2	1	2	1	3	3	3	3	2	2	2	2	1	1	2	2	3	3	2	2	4	1	3	3	3	3	3	3	2	2	2	2	3	3	1	1	1	1	3	3	3	2	3	3	2	2	5	5	3	1	5	5	3	1	1	1	2	2	2	1	2	2	3	3	3	3	2	2	2	2	3	3	5	2	4	4	3	1	3	3	2	2	1	1	5	5	2	1	5	5	3	3	1	1	1	1	2	2	4	4	3	3	2	2	3	3	2	1	3	1	3	3	2	1	2	1	3	1	3	3	2	1	3	3	1	1	4	4	3	3	3	3	3	3	4	4	3	3	2	1	3	1	4	2	2	2	3	3	2	2	2	2	2	2	3	3	2	2	1	1
21G.0880	2	2	2	2	4	4	2	2	1	1	3	3	3	3	3	3	2	2	3	2	3	3	2	1	2	1	4	4	1	1	2	2	1	1	2	1	3	3	3	3	2	1	3	3	1	1	2	2	2	2	4	3	2	2	2	2	2	2	2	2	3	3	4	4	3	3	2	2	2	2	2	2	3	3	4	4	3	1	1	1	3	3	2	2	2	2	3	3	3	1	2	1	3	1	3	1	3	3	2	2	2	1	2	1	3	2	2	2	4	4	3	1	3	3	2	2	3	2	4	1	2	2	2	1	1	1	2	2	2	2	2	2	3	3	2	2	3	3	2	2	2	1	2	1	3	3	5	5	2	1	2	1	3	3	4	4	2	2	2	1	3	3	3	3	2	2	3	1	3	1	1	1	3	3	3	3	1	1	2	2	2	2	2	1	2	1	2	2	2	2	2	2	7	7	3	3	1	1	2	2	3	3	4	4	3	1	4	1	3	3	4	2	2	2	2	2	2	2	3	1	3	1	4	4	3	3	1	1	2	2	2	1	2	2	3	2	1	1	2	2	3	3	3	3	1	1	2	2	4	4	1	1	2	2	3	3	1	1	1	1	3	2	2	2	3	3	3	2	4	4	3	3	2	1	1	1	2	2	2	2	2	2	3	2	2	2	3	2	3	3	1	1	1	1	3	2	3	3	3	3	2	2	2	2	2	2	3	1	2	2	2	2	2	1	2	2	2	2	1	1	3	3	2	2	2	2	3	3	4	4	1	1	5	5	2	1	2	2	2	1	2	2	3	3	3	2	2	2	1	1	3	1	4	2	1	1	1	1	1	1	3	3	3	2	3	1	2	2	4	1	3	3	2	1	5	5	2	2	4	4	3	3	2	1	1	1	2	1	2	2	3	2	3	1	2	2	1	1	1	1	2	2	2	2	3	3	3	3	2	1	2	2	3	3	2	2	3	3	2	2	1	1	1	1	3	3	3	3	2	2	2	2	3	3	3	1	3	1	3	3	3	3	2	2	2	2	5	3	4	4	3	3	1	1	3	3	2	2	2	2	2	2	3	3	3	2	2	1	2	2	4	4	5	5	5	1	3	3	3	3	2	2	1	1	1	1	1	1	5	2	2	2	2	1	2	1	2	1	4	4	4	4	4	2	2	2	2	2	3	3	3	3	2	2	3	3	3	3	2	2	3	3	3	3	1	1	2	2	3	3	3	3	1	1	4	4	2	2	1	1	3	3	4	2	1	1	3	3	3	1	4	1	3	3	3	2	2	2	1	1
21G.0883	2	2	3	3	4	1	1	1	2	1	2	1	3	3	4	4	2	2	3	3	3	3	2	2	2	2	4	4	2	1	2	2	3	3	3	3	4	4	3	1	3	2	3	3	3	3	2	2	2	1	3	3	2	2	3	3	2	1	1	1	3	3	4	4	2	2	2	2	2	2	2	2	3	2	3	3	3	1	3	1	3	3	1	1	3	3	4	4	3	2	2	2	1	1	2	2	3	3	1	1	3	3	2	2	3	2	2	2	4	3	3	3	3	1	2	2	3	1	1	1	1	1	2	2	1	1	3	1	2	2	4	2	3	3	2	1	3	1	2	2	1	1	2	1	3	2	5	5	2	2	2	1	3	2	1	1	1	1	2	2	2	2	2	1	3	2	2	2	3	3	1	1	0	0	3	3	2	1	2	2	2	1	2	2	3	3	2	2	2	2	1	1	4	4	2	2	1	1	2	2	2	2	4	4	3	3	4	1	3	1	2	2	2	2	2	2	1	1	4	1	3	3	2	2	4	3	2	2	2	2	3	1	2	2	2	1	1	1	1	1	3	3	3	1	1	1	3	3	1	1	3	3	2	1	3	2	2	2	2	2	1	1	1	1	3	3	3	2	4	4	1	1	2	1	2	2	3	2	0	0	2	2	3	3	2	2	2	2	3	1	2	2	4	2	3	3	3	3	1	1	2	2	2	2	3	2	3	3	2	2	1	1	3	3	1	1	1	1	1	1	3	2	2	2	1	1	3	3	2	1	3	2	2	2	3	3	2	2	2	2	2	2	1	1	2	2	3	3	1	1	3	3	5	2	2	2	2	1	2	2	3	3	2	2	3	3	3	3	4	4	3	3	2	2	3	3	3	2	5	1	1	1	2	2	2	1	2	2	2	2	2	2	2	2	2	2	3	3	1	1	2	1	1	1	2	1	2	2	2	2	2	2	2	1	3	2	2	2	3	3	4	4	3	2	3	1	4	3	3	3	2	2	4	4	1	1	3	3	2	2	0	0	3	3	2	1	3	2	4	1	2	2	3	3	2	2	1	1	2	2	2	2	2	2	1	1	2	2	1	1	4	2	2	2	4	3	4	3	0	0	1	1	1	1	5	5	2	1	5	5	2	2	2	2	2	2	2	2	4	4	4	3	4	2	3	2	1	1	3	2	3	3	2	1	3	3	2	2	3	3	3	3	3	3	1	1	2	1	3	3	3	1	3	3	3	3	2	1	3	1	4	4	4	4	3	3	3	3	2	2	4	1	3	3	3	3	3	2	2	2
21G.0885	2	2	3	3	4	4	3	3	2	1	3	3	1	1	3	3	1	1	2	2	2	2	2	2	1	1	4	4	1	1	3	2	2	2	3	2	1	1	1	1	1	1	3	3	3	3	2	2	1	1	3	1	2	2	2	1	2	2	1	1	2	2	4	4	3	3	4	4	2	2	2	1	3	3	3	3	1	1	2	2	3	3	1	1	3	2	4	2	3	2	2	2	3	3	3	2	4	4	1	1	3	2	2	2	3	3	2	1	4	2	2	1	3	3	2	2	2	2	4	1	1	1	2	2	2	2	1	1	4	2	2	2	3	2	1	1	4	4	3	3	2	2	2	1	2	2	1	1	3	3	1	1	2	1	4	4	2	1	2	2	3	2	2	2	2	2	1	1	3	3	1	1	3	2	3	2	2	1	2	1	2	2	2	1	3	3	2	2	2	2	2	2	4	4	3	3	2	2	2	2	4	4	4	4	3	1	4	4	3	1	3	2	2	2	2	2	1	1	3	2	3	3	3	1	3	3	2	2	2	2	2	2	2	1	3	3	2	2	2	1	2	1	3	1	2	1	3	2	3	3	3	3	1	1	3	3	1	1	1	1	3	3	2	2	3	3	2	1	4	4	1	1	2	2	2	2	3	2	2	1	2	2	2	2	1	1	2	2	3	3	1	1	4	1	3	2	3	1	1	1	2	2	2	2	2	2	4	4	3	2	2	1	2	2	2	2	2	2	1	1	3	2	2	2	2	2	3	3	5	5	3	3	2	2	2	2	2	2	1	1	2	2	1	1	2	2	2	2	1	1	3	1	2	2	1	1	1	1	2	2	2	2	3	2	1	1	3	3	4	4	3	3	2	2	5	5	3	1	3	1	3	3	2	1	2	2	1	1	1	1	1	1	1	1	2	1	3	3	1	1	2	1	2	2	3	3	3	3	2	2	2	2	3	3	3	2	3	2	3	3	4	4	2	1	3	3	3	3	3	3	2	2	2	1	3	2	3	3	3	3	2	2	3	3	2	2	3	3	4	4	5	1	2	2	2	2	1	1	1	1	2	2	1	1	1	1	2	1	1	1	4	3	2	1	5	5	3	1	3	3	3	1	2	1	1	1	2	1	2	2	2	2	1	1	2	2	2	2	4	4	4	4	4	2	2	1	2	2	3	2	1	1	2	1	3	3	3	3	2	2	3	3	3	3	1	1	2	2	3	3	3	1	3	3	3	3	3	3	3	3	1	1	4	2	3	2	3	3	2	2	1	1	3	3	3	3	2	2	1	1
21G.0891	2	1	3	3	4	4	3	3	2	2	3	3	3	3	4	4	2	1	5	5	3	3	1	1	1	1	4	2	1	1	3	3	2	2	3	3	3	3	3	2	3	3	3	3	3	3	3	2	2	1	3	3	2	2	1	1	2	1	2	1	2	2	4	4	3	2	4	1	3	2	3	1	3	3	3	3	2	2	1	1	2	2	2	2	3	3	4	2	3	3	2	1	3	3	1	1	3	3	1	1	2	2	2	2	3	3	2	2	4	4	2	2	3	3	2	2	1	1	4	1	1	1	2	1	1	1	2	2	4	4	2	2	3	3	1	1	2	2	3	3	1	1	2	2	2	2	5	5	2	2	2	1	3	3	2	2	1	1	2	2	3	3	3	3	3	2	1	1	1	1	1	1	3	3	3	1	1	1	4	1	3	2	2	1	3	3	2	2	2	2	1	1	7	7	3	3	2	2	2	2	3	3	4	1	1	1	4	3	3	3	3	3	2	1	2	2	1	1	2	2	3	2	3	3	4	3	1	1	2	2	2	2	1	1	3	3	1	1	2	2	2	2	1	1	2	1	3	2	4	4	3	3	2	2	3	3	1	1	2	1	3	2	2	2	2	1	2	2	5	4	3	3	2	1	2	2	3	3	2	2	1	1	3	2	1	1	2	2	2	2	2	2	5	5	3	3	3	3	2	1	2	2	2	2	3	2	3	3	2	2	2	1	3	3	1	1	2	2	2	2	4	4	1	1	2	1	3	3	2	2	2	2	3	3	5	5	2	1	1	1	2	1	3	3	3	2	2	2	2	2	1	1	4	2	1	1	1	1	2	2	2	1	3	3	1	1	3	1	4	4	3	3	2	2	2	2	3	2	3	3	3	3	2	2	2	2	2	2	2	1	2	2	1	1	2	2	3	3	3	3	1	1	2	2	3	2	2	2	1	1	2	2	1	1	2	2	3	1	3	2	3	1	2	1	3	3	3	3	3	2	2	2	2	2	3	3	3	3	3	3	2	2	3	3	2	1	3	2	4	2	5	2	2	2	3	1	2	2	1	1	2	2	2	2	3	2	2	2	2	2	3	3	2	2	5	5	3	3	3	2	3	1	2	2	1	1	2	2	5	5	3	1	2	1	2	2	2	2	1	1	4	3	2	2	2	2	1	1	3	3	3	1	2	1	3	3	3	1	2	2	1	1	3	2	3	1	4	4	3	3	3	1	3	2	2	2	2	2	3	1	3	1	2	2	2	1	2	2	2	2	1	1	2	1	3	3	2	2	1	1
21G.0893	2	2	3	3	4	4	3	3	2	2	3	1	4	3	4	4	3	1	3	3	3	2	2	1	2	2	2	1	1	1	3	3	2	1	3	3	3	3	3	2	3	1	3	3	3	3	2	2	2	2	2	2	2	1	2	2	2	2	1	1	2	2	5	5	3	2	1	1	3	3	2	1	2	2	3	1	2	2	3	1	3	3	2	1	3	2	3	2	3	2	2	2	3	1	2	2	4	4	1	1	2	2	1	1	3	3	1	1	4	4	3	3	1	1	2	2	1	1	4	4	3	3	1	1	1	1	2	2	4	4	3	2	3	3	2	2	4	4	3	3	1	1	2	2	2	2	1	1	3	3	1	1	3	1	3	3	3	1	2	2	2	1	3	3	2	2	3	1	4	4	1	1	3	3	3	3	1	1	2	1	2	2	2	1	3	3	2	1	2	1	2	2	7	7	3	3	2	2	2	2	4	4	4	4	1	1	4	4	3	3	2	2	2	2	2	2	1	1	3	1	3	3	3	3	3	3	2	2	2	1	2	1	2	2	3	3	1	1	2	1	3	3	2	2	1	1	3	2	4	4	3	3	2	2	2	2	2	2	2	2	3	3	2	2	3	3	3	2	4	4	3	1	2	2	2	2	2	2	2	1	3	2	2	2	1	1	3	3	3	2	2	2	4	4	2	2	3	3	2	2	2	2	2	2	2	2	3	1	2	2	1	1	2	2	2	2	2	2	2	1	4	3	1	1	2	2	2	2	4	4	3	3	4	4	2	2	3	2	1	1	2	2	2	2	2	2	3	2	1	1	3	3	4	2	1	1	2	2	2	2	1	1	2	2	1	1	3	2	4	1	3	1	1	1	4	2	2	1	5	3	3	3	1	1	1	1	2	1	1	1	2	2	1	1	2	2	3	3	3	1	1	1	3	3	3	3	3	3	2	2	2	1	2	2	3	3	2	2	1	1	3	3	3	3	3	3	4	3	3	3	2	2	3	3	3	3	3	3	3	2	2	2	3	3	2	1	5	3	4	3	4	2	1	1	1	1	1	1	2	2	2	2	2	1	3	2	2	2	2	1	4	3	5	5	2	2	4	4	3	3	3	1	2	2	3	1	2	1	2	2	2	2	1	1	2	2	2	2	4	4	3	3	4	2	1	1	2	1	3	3	4	4	2	1	3	1	3	2	3	2	1	1	2	2	2	2	4	4	2	2	3	2	2	2	4	2	2	2	3	3	3	3	4	2	2	1	3	3	3	3	4	4	2	2	3	3	2	2	1	1
21G.0902	2	2	1	1	4	4	2	1	2	1	1	1	3	1	3	3	2	2	2	2	3	3	1	1	3	1	4	4	4	4	2	2	2	2	2	2	3	3	1	1	3	3	2	2	1	1	3	2	2	2	3	3	2	2	3	3	2	2	2	2	3	3	4	2	2	1	1	1	3	2	3	3	2	1	3	3	2	1	1	1	3	3	2	2	2	2	5	3	1	1	1	1	3	3	2	1	3	2	2	2	2	2	2	2	3	3	2	2	4	4	3	1	2	1	2	2	2	2	3	3	2	1	3	3	3	1	3	2	4	4	2	2	3	2	2	1	3	1	2	1	2	2	1	1	3	3	5	5	2	2	2	2	3	3	2	1	2	1	2	1	3	1	2	2	3	3	3	3	3	1	2	2	3	2	3	3	2	1	4	2	2	2	1	1	1	1	2	1	2	1	1	1	4	4	2	1	1	1	1	1	3	3	1	1	2	1	4	2	3	3	2	2	1	1	2	2	2	2	3	3	1	1	3	1	4	3	2	1	1	1	2	2	2	2	3	3	1	1	1	1	3	1	3	2	2	1	3	3	3	3	2	2	2	2	2	2	2	2	2	2	3	1	1	1	3	3	3	3	4	1	2	2	3	3	1	1	2	2	2	2	3	2	3	2	2	2	3	3	3	2	2	1	4	4	1	1	3	3	3	2	1	1	2	2	2	2	3	1	2	2	2	1	2	1	2	1	2	2	2	1	3	3	2	2	1	1	3	3	5	5	2	1	4	4	2	2	2	2	1	1	2	1	1	1	2	2	3	3	1	1	1	1	5	5	2	2	2	2	2	2	3	2	3	3	3	1	3	3	4	3	2	2	2	2	3	3	3	1	3	3	2	2	2	2	2	2	2	2	1	1	1	1	2	1	2	2	3	3	3	3	2	2	3	3	2	2	3	3	2	2	1	1	1	1	2	2	2	1	3	3	3	3	2	2	1	1	4	2	2	2	2	2	3	3	3	3	3	1	3	3	3	3	3	3	2	1	3	3	4	4	5	5	2	2	3	1	2	1	2	2	2	1	2	2	1	1	1	1	1	1	3	3	5	5	4	3	2	2	2	2	3	2	2	1	5	5	2	2	5	2	2	2	3	1	1	1	2	2	3	3	3	2	2	2	2	1	2	2	3	3	3	1	2	2	1	1	2	1	3	3	3	3	3	2	1	1	2	2	3	3	3	3	3	2	3	3	2	1	3	3	3	3	4	4	3	2	2	2	3	2	3	1	3	1	3	3	3	3	2	2
21G.0904	2	2	1	1	4	4	1	1	2	2	1	1	3	3	3	3	2	2	2	2	1	1	1	1	1	1	4	4	3	1	2	2	3	3	3	3	3	1	1	1	3	1	1	1	3	3	3	3	2	2	4	2	2	1	2	1	2	2	1	1	2	1	5	3	3	2	3	1	3	3	3	2	2	2	4	4	3	3	3	3	3	3	2	2	2	2	4	4	3	1	2	2	3	3	1	1	4	4	1	1	2	1	3	2	3	1	2	2	3	2	3	3	2	2	1	1	1	1	4	1	3	3	3	3	2	2	3	3	2	2	2	2	3	1	2	1	4	4	2	1	2	1	2	2	3	2	5	5	2	2	2	2	3	1	4	4	1	1	2	2	2	2	2	2	2	2	1	1	3	3	3	2	3	3	3	2	2	2	2	2	2	2	3	2	2	2	2	2	2	2	1	1	6	6	3	3	1	1	2	2	3	3	4	4	2	1	4	4	3	3	2	2	3	2	2	2	2	2	3	3	3	3	3	3	3	3	2	1	1	1	3	2	1	1	3	3	1	1	2	2	2	2	3	3	1	1	3	3	1	1	3	3	2	2	3	3	2	2	1	1	3	2	2	2	3	1	2	2	2	2	3	3	3	3	1	1	2	2	2	1	3	3	3	3	2	1	3	3	4	2	2	2	5	5	3	3	3	2	3	3	2	1	2	1	1	1	2	1	2	2	3	1	1	1	1	1	2	2	2	1	4	3	2	2	2	2	3	3	2	2	3	3	3	3	5	3	3	2	2	2	1	1	1	1	2	2	3	3	2	1	1	1	5	5	2	1	1	1	2	2	2	1	3	2	1	1	3	2	4	2	3	3	2	2	3	3	3	2	5	5	2	2	2	2	2	1	2	2	2	1	3	3	3	3	2	1	3	2	1	1	2	2	2	2	3	2	3	1	2	2	2	1	3	2	3	1	2	2	2	2	4	4	3	2	3	1	3	2	2	2	2	2	2	2	2	2	3	3	3	3	3	3	3	1	1	1	3	3	2	1	5	2	3	1	2	1	1	1	2	2	2	2	1	1	3	1	2	2	2	2	3	3	4	1	4	4	4	4	3	3	2	2	2	2	2	2	2	1	5	4	2	2	1	1	2	2	1	1	3	3	4	4	3	3	3	3	2	2	2	2	1	1	2	2	3	1	1	1	3	3	3	3	3	3	1	1	4	4	2	2	3	3	2	1	3	3	2	2	2	2	1	1	2	1	2	1	3	1	3	3	2	1	2	2	3	3	3	3	2	2
21G.0906	2	2	1	1	2	1	3	1	2	2	1	1	4	4	3	3	1	1	2	2	3	3	2	1	2	2	4	4	1	1	3	3	3	2	3	3	1	1	1	1	2	2	3	1	3	3	3	2	1	1	3	2	2	2	3	3	1	1	2	1	2	1	5	4	3	3	1	1	3	3	2	2	2	2	3	3	3	3	3	3	3	3	2	2	3	3	3	2	3	3	2	2	3	2	1	1	3	2	2	1	3	2	2	1	3	3	2	1	4	2	3	3	3	1	2	2	3	3	4	1	3	3	3	2	2	1	3	3	4	2	2	1	3	3	2	2	3	1	1	1	2	2	2	1	3	2	3	1	2	1	2	2	3	3	4	4	2	1	2	1	3	2	2	2	2	2	1	1	3	3	2	1	3	2	3	3	2	1	2	2	2	2	3	3	3	3	2	2	2	2	2	2	6	6	3	2	1	1	1	1	4	4	2	2	3	3	4	4	1	1	4	4	2	2	2	2	2	2	4	4	2	2	4	4	3	1	1	1	1	1	2	2	1	1	1	1	1	1	2	2	3	2	1	1	3	1	3	3	3	3	3	2	2	2	3	1	1	1	2	2	3	3	1	1	3	3	2	2	4	2	2	1	2	1	1	1	3	3	1	1	3	3	3	3	2	1	3	2	3	3	2	1	3	3	3	3	3	2	3	2	1	1	2	2	2	2	3	1	2	2	2	1	3	2	1	1	2	2	2	2	3	3	2	1	2	1	3	3	5	5	3	3	4	4	4	4	3	3	2	2	1	1	2	2	3	3	3	2	1	1	1	1	5	5	1	1	2	2	2	2	2	1	2	2	3	3	3	3	4	3	2	2	1	1	2	1	3	2	3	1	1	1	2	2	2	2	1	1	1	1	3	2	2	2	2	1	3	3	3	3	1	1	3	1	2	2	3	3	2	1	2	2	2	1	2	2	1	1	3	3	3	3	3	3	3	3	3	3	1	1	2	2	3	3	1	1	2	2	3	3	2	2	3	3	3	3	3	3	4	4	2	1	2	2	1	1	2	2	2	2	2	2	1	1	3	1	2	1	2	2	3	3	5	5	4	2	4	3	3	3	2	1	2	1	5	5	1	1	3	3	3	3	1	1	2	1	2	2	4	4	4	4	2	2	3	2	2	1	2	2	4	4	1	1	3	3	3	3	2	2	3	3	2	2	2	2	4	4	3	2	3	3	2	2	3	3	2	2	3	1	3	3	2	2	3	3	2	2	3	3	3	1	3	1	3	2	2	1	1	1
21G.0908	1	1	2	2	4	4	2	1	1	1	1	1	3	1	2	1	3	2	5	5	3	2	2	2	2	1	2	2	1	1	3	2	2	2	3	3	3	1	2	2	3	1	3	3	3	3	3	2	2	2	3	3	2	2	2	1	2	2	1	1	2	2	5	5	3	2	3	3	3	2	2	2	2	2	3	3	3	1	3	1	3	2	2	2	3	3	5	2	1	1	2	1	3	1	3	3	3	3	2	2	2	2	2	2	3	1	2	2	4	4	1	1	3	3	2	2	1	1	3	3	3	3	2	2	2	2	3	1	2	1	3	3	1	1	1	1	4	3	2	2	2	1	2	2	3	3	5	3	2	2	2	2	3	3	2	2	1	1	1	1	3	3	2	1	2	1	2	2	3	3	1	1	2	2	3	3	2	2	2	2	2	1	3	3	1	1	2	2	2	2	1	1	7	4	3	2	1	1	2	2	3	3	4	1	1	1	4	4	3	1	2	1	3	1	2	1	2	2	3	3	3	3	4	4	2	1	2	2	2	2	3	3	1	1	2	2	3	3	1	1	2	2	3	3	3	1	3	3	4	4	3	1	1	1	2	2	1	1	2	2	3	3	2	2	3	3	2	2	4	2	1	1	1	1	2	2	3	2	2	2	3	2	3	3	2	1	2	2	4	4	2	2	4	4	3	1	3	3	3	3	2	1	2	1	3	2	3	3	3	2	1	1	2	2	2	2	3	2	2	1	4	3	2	2	1	1	3	3	3	2	2	1	4	3	2	2	3	2	2	2	1	1	2	2	3	3	3	3	2	1	3	2	4	2	2	2	2	2	2	2	1	1	3	2	3	1	3	2	3	3	3	3	1	1	2	1	3	3	4	4	3	3	1	1	2	1	2	2	2	2	3	3	2	2	2	2	2	2	3	1	2	2	3	3	3	2	3	2	2	2	1	1	2	1	3	3	2	2	1	1	4	2	3	2	3	1	4	4	3	3	1	1	3	3	2	2	3	3	3	2	2	2	3	3	3	2	2	2	4	4	4	2	3	3	3	3	2	1	2	1	1	1	1	1	1	1	2	2	2	2	2	2	4	2	4	4	4	4	3	3	3	3	1	1	3	2	2	1	4	4	2	2	2	2	2	2	2	2	2	1	2	2	4	2	3	3	2	2	3	2	1	1	2	2	2	2	3	3	2	1	2	2	3	3	1	1	4	2	2	1	3	3	1	1	4	4	2	2	2	2	4	4	4	4	2	2	3	2	2	2	4	2	2	2	3	1	3	2	2	2
21G.0913	2	2	3	2	4	4	1	1	1	1	3	3	4	3	4	3	3	3	5	5	2	2	2	2	2	1	4	4	2	2	3	3	2	2	2	2	1	1	4	1	3	3	3	3	1	1	2	2	2	2	2	1	2	2	3	3	2	2	1	1	3	3	5	5	3	2	4	4	3	1	3	3	3	3	3	3	3	3	1	1	3	3	2	1	2	2	3	3	3	3	2	2	3	3	1	1	4	4	3	3	3	3	2	2	3	3	2	2	4	4	1	1	3	1	2	2	3	3	4	1	3	3	2	1	2	1	3	3	2	2	4	2	3	1	1	1	2	2	2	2	1	1	2	1	3	2	3	3	2	2	2	2	3	3	2	2	3	3	2	2	3	3	2	2	3	3	1	1	3	3	1	1	3	3	3	3	1	1	2	2	2	1	2	2	2	2	2	2	2	2	2	2	7	7	3	3	2	2	2	2	3	3	4	4	1	1	4	4	3	3	4	4	1	1	2	1	2	1	3	2	3	3	4	3	3	3	1	1	2	2	2	2	1	1	1	1	1	1	2	2	3	2	3	1	1	1	2	2	4	4	3	2	1	1	2	2	2	2	2	2	2	1	1	1	3	3	3	3	4	4	3	1	1	1	1	1	2	2	1	1	2	2	3	2	1	1	3	2	3	1	2	1	5	5	3	3	2	2	1	1	2	2	2	2	3	2	3	1	3	3	1	1	3	1	2	2	2	2	1	1	3	3	1	1	2	2	3	3	5	1	3	1	5	4	3	3	2	1	2	2	2	2	2	1	2	2	3	1	1	1	1	1	4	1	1	1	2	1	2	1	1	1	3	1	1	1	2	1	4	4	3	3	2	1	5	5	2	1	5	5	3	3	2	1	1	1	1	1	2	2	2	2	1	1	2	1	3	3	1	1	2	2	2	2	2	2	3	2	2	2	2	1	3	2	3	2	3	3	3	3	4	1	2	1	3	3	3	3	3	2	2	2	1	1	2	2	3	3	3	3	3	3	3	3	2	2	3	3	4	1	4	4	3	3	3	1	2	1	1	1	2	1	1	1	3	2	1	1	2	2	4	3	5	5	4	1	3	2	3	3	2	1	2	2	2	2	2	2	5	5	3	2	3	3	2	2	2	2	4	4	4	4	2	2	2	2	1	1	3	3	3	3	2	2	3	3	3	3	3	3	2	2	3	1	3	3	2	2	2	2	3	1	3	3	4	4	2	2	2	1	4	4	4	4	1	1	2	2	2	2	4	4	3	3	3	3	2	2	1	1
21G.0920	2	2	3	3	4	4	2	2	2	2	2	1	3	3	4	4	2	2	2	2	3	3	3	1	2	2	4	4	4	3	3	3	2	2	2	1	3	3	3	3	3	1	3	3	3	1	3	3	2	2	4	3	2	1	3	1	2	2	2	2	3	2	1	1	3	3	1	1	3	3	2	2	3	3	3	2	3	2	3	3	3	3	2	2	2	2	3	3	1	1	2	1	3	1	1	1	3	3	2	2	2	1	2	1	3	2	2	1	4	4	3	1	2	1	2	2	3	3	3	3	3	2	3	3	2	2	2	2	2	2	2	2	2	2	2	1	4	1	3	3	2	2	1	1	3	1	3	3	3	3	2	2	3	3	2	1	2	1	2	2	3	3	2	2	2	2	1	1	4	4	2	1	3	3	2	2	2	2	2	1	2	2	2	2	1	1	2	2	2	2	2	1	4	4	2	2	2	1	2	2	3	3	1	1	2	2	4	4	2	2	4	4	3	1	2	2	2	1	2	2	3	3	3	3	4	3	1	1	1	1	3	3	2	1	2	2	2	1	2	2	3	3	3	3	2	2	2	2	3	3	3	2	2	1	2	2	1	1	2	2	2	2	1	1	3	3	2	2	2	2	2	2	2	2	2	2	3	2	2	2	3	2	2	2	2	2	2	2	2	2	2	1	3	3	3	3	3	3	3	1	2	2	2	2	3	1	3	3	3	2	2	1	3	3	1	1	2	2	2	1	4	4	1	1	2	1	3	2	2	2	3	3	4	4	5	1	2	2	2	1	2	1	3	2	3	3	3	3	1	1	1	1	5	1	2	2	1	1	2	2	2	2	3	2	3	3	3	3	3	3	3	3	1	1	3	2	2	2	3	3	3	1	2	1	2	2	2	1	2	1	2	1	2	2	2	2	2	2	3	3	2	1	1	1	3	3	2	2	2	2	2	1	1	1	3	3	2	2	3	3	4	4	2	1	3	2	3	3	1	1	2	2	2	2	3	1	2	2	3	3	2	2	3	2	1	1	3	3	2	2	4	4	3	1	3	1	1	1	1	1	2	1	2	2	2	2	2	2	2	1	3	3	2	2	4	4	3	3	3	2	1	1	2	2	2	1	2	2	5	2	2	2	2	2	2	2	2	2	4	4	4	4	1	1	3	3	2	2	3	3	3	1	2	2	3	3	3	1	3	3	3	3	2	2	2	2	3	3	3	3	3	3	2	2	4	3	2	1	3	2	4	1	4	4	3	2	2	2	3	3	1	1	1	1	3	3	2	1	2	2
21G.0924	2	1	2	2	4	4	1	1	2	1	2	1	1	1	2	2	2	2	2	2	2	2	2	2	2	1	4	4	4	4	2	2	2	2	3	3	4	4	3	3	3	3	3	3	3	3	3	3	2	2	4	4	2	2	2	2	2	2	2	2	3	3	5	5	3	3	1	1	3	3	2	2	3	3	4	3	3	2	3	3	3	3	2	2	3	2	4	2	3	3	2	2	3	1	2	2	4	2	1	1	2	2	2	2	1	1	1	1	4	4	1	1	2	1	2	1	2	1	3	3	2	1	3	3	2	1	3	3	2	2	2	2	2	2	1	1	2	2	2	2	2	1	2	2	1	1	3	3	3	2	2	2	3	3	2	2	3	3	2	1	3	2	2	2	2	2	2	1	4	4	2	2	3	3	2	2	2	1	2	2	3	3	2	2	2	2	2	2	2	2	2	2	4	4	3	3	1	1	1	1	2	2	3	3	3	3	1	1	1	1	2	1	2	1	2	2	2	2	3	3	3	2	4	4	3	1	2	2	2	2	3	3	1	1	2	1	2	1	2	2	3	3	3	3	3	3	3	3	2	1	3	3	1	1	2	2	1	1	2	2	3	3	2	2	3	3	3	3	4	4	2	2	3	1	1	1	3	2	1	1	3	3	3	3	2	2	3	2	3	3	2	2	3	3	1	1	2	2	3	2	2	2	2	2	3	1	3	2	3	3	3	3	3	3	2	1	1	1	2	1	4	4	2	1	2	1	3	3	2	1	3	3	4	4	2	2	2	2	2	1	1	1	1	1	2	2	2	2	2	2	3	3	5	5	2	2	2	2	2	2	1	1	3	2	3	1	3	3	2	2	3	3	2	2	3	3	3	2	5	5	3	1	2	1	2	1	1	1	2	2	3	3	1	1	2	2	3	2	1	1	2	1	3	3	3	2	3	3	2	1	2	2	2	1	4	2	3	3	3	3	3	3	2	1	3	3	3	3	2	2	2	2	3	2	2	1	3	3	3	3	3	3	3	3	3	3	3	3	1	1	5	5	1	1	3	1	2	2	1	1	2	1	2	2	2	2	1	1	2	2	3	3	5	5	5	2	3	3	3	3	3	3	2	1	1	1	2	1	4	2	2	2	2	1	2	2	2	1	4	1	4	4	4	1	3	3	2	2	3	3	1	1	2	2	2	2	1	1	3	3	3	2	3	3	1	1	2	2	3	3	3	3	1	1	4	3	2	2	3	2	4	1	4	2	2	2	3	3	3	2	2	1	3	1	3	3	2	2	2	2
21G.0928	2	1	2	2	1	1	3	3	2	2	3	2	3	3	4	4	1	1	3	3	2	2	2	2	2	2	2	1	2	2	3	2	2	1	2	2	3	3	3	3	3	3	3	3	1	1	3	3	1	1	3	2	1	1	2	2	2	2	2	2	2	2	4	4	3	3	1	1	3	2	2	2	3	1	4	3	2	2	1	1	3	2	2	2	2	2	3	3	2	1	2	1	3	3	3	1	3	3	1	1	2	1	3	2	3	1	2	1	2	2	3	3	2	2	1	1	3	3	4	4	2	1	3	3	3	1	3	3	3	3	3	3	3	3	2	2	3	3	2	2	2	2	0	0	3	2	3	3	2	2	2	2	2	2	4	1	1	1	1	1	3	3	2	2	2	2	1	1	1	1	2	2	3	3	1	1	2	1	4	1	3	2	3	1	3	3	2	2	2	2	1	1	4	4	3	2	1	1	2	2	4	2	2	1	3	1	4	4	2	2	2	2	2	2	2	2	2	2	2	1	3	2	3	3	4	3	1	1	2	2	3	2	2	2	2	1	1	1	1	1	3	3	1	1	2	1	3	3	2	1	3	3	2	1	2	2	1	1	2	1	2	1	1	1	3	1	2	2	2	2	1	1	1	1	2	2	3	2	2	2	3	2	3	3	2	2	2	2	3	3	2	2	3	3	3	1	3	3	2	2	2	2	2	2	2	2	1	1	2	2	2	1	3	3	1	1	2	1	2	2	3	3	2	1	2	2	3	3	2	2	3	2	2	2	4	4	2	1	2	2	2	2	2	1	2	2	2	1	1	1	1	1	4	2	1	1	2	2	2	2	3	2	3	2	1	1	3	2	4	4	3	3	1	1	3	2	2	2	3	3	3	3	2	2	1	1	2	1	1	1	3	1	3	2	2	2	2	1	3	1	2	1	2	2	3	3	3	1	2	2	2	1	2	2	2	2	3	2	3	3	4	4	3	3	3	2	3	3	2	1	2	2	4	2	2	2	3	1	3	3	3	3	3	3	2	1	3	3	2	2	2	2	3	3	1	1	1	1	2	2	2	2	2	2	3	3	1	1	1	1	3	3	5	2	4	2	5	5	3	3	1	1	1	1	2	2	2	2	5	2	1	1	2	2	2	2	2	2	4	4	4	4	4	4	3	2	2	2	3	3	3	1	2	1	3	1	3	3	2	2	2	2	3	3	3	1	2	2	3	2	3	1	3	3	3	3	3	1	3	3	4	4	2	2	2	2	3	1	3	3	2	2	1	1	3	3	2	2	2	2
21G.0929	2	1	2	2	4	4	2	1	2	2	3	3	3	3	4	4	2	2	3	3	2	2	2	2	3	3	4	4	1	1	2	2	2	2	1	1	3	3	3	3	2	2	3	3	3	3	2	2	2	1	4	4	1	1	3	2	2	2	1	1	3	2	5	4	3	3	1	1	3	3	2	2	3	3	3	3	3	1	3	2	3	3	2	2	3	3	4	3	2	1	2	2	3	1	2	2	3	3	3	3	2	2	3	2	3	1	2	1	4	1	3	3	2	1	2	1	2	2	4	1	3	3	2	1	2	1	3	2	4	4	2	2	3	3	2	1	4	4	3	3	2	2	2	2	3	3	5	5	2	1	2	1	3	3	2	2	2	2	2	2	2	2	2	1	2	1	3	3	3	1	2	1	3	3	3	3	2	1	1	1	2	2	3	1	3	3	2	2	2	2	2	2	7	7	3	3	1	1	1	1	3	2	4	3	1	1	4	3	3	2	4	4	2	2	2	2	1	1	2	2	3	3	3	3	3	3	2	2	2	2	2	2	1	1	3	2	1	1	2	1	2	1	3	1	2	2	3	3	4	4	3	3	2	1	3	3	1	1	2	2	2	2	2	1	3	3	3	3	4	4	1	1	3	3	2	2	3	3	2	1	3	2	3	3	2	2	2	2	2	2	2	2	3	3	3	3	3	2	2	2	2	2	2	2	2	2	3	3	2	2	3	3	3	3	2	1	2	2	1	1	1	1	2	1	2	1	3	3	4	2	3	3	5	4	4	2	2	1	2	1	2	2	1	1	2	2	3	3	1	1	3	3	5	1	2	1	2	1	2	1	2	1	3	3	2	1	2	2	4	4	3	3	2	2	1	1	3	3	4	4	3	3	1	1	2	2	2	1	2	1	1	1	3	3	2	1	3	3	3	3	2	2	1	1	3	2	3	3	2	2	1	1	3	1	2	2	2	2	3	3	4	4	3	3	1	1	3	3	3	3	2	2	3	3	3	2	3	3	3	3	3	2	2	2	2	2	3	3	2	1	2	2	1	1	3	2	1	1	2	2	2	2	2	1	1	1	2	2	2	1	3	2	2	1	4	3	3	2	3	1	3	3	1	1	3	1	2	1	5	5	2	2	2	2	2	1	2	2	4	4	4	4	4	2	2	2	2	2	2	2	3	1	2	2	3	2	3	3	3	2	3	3	3	2	1	1	2	2	2	2	2	1	3	3	3	3	2	2	3	3	4	4	4	1	1	1	2	1	3	2	4	4	1	1	3	3	2	2	1	1
21G.0934	2	1	1	1	4	4	2	1	1	1	1	1	3	3	4	3	2	2	3	3	3	3	2	2	2	2	4	4	1	1	3	2	3	3	2	2	3	3	1	1	3	3	3	1	3	3	2	2	1	1	3	1	2	2	3	3	2	1	2	2	2	2	5	4	3	1	4	4	3	3	3	3	2	1	4	4	2	1	1	1	3	3	2	1	3	2	4	3	1	1	2	2	3	3	3	2	4	4	3	1	2	2	3	3	1	1	2	2	4	3	3	3	2	2	2	2	2	2	3	3	3	3	2	2	3	1	1	1	1	1	3	3	2	2	1	1	4	1	2	2	1	1	1	1	3	2	3	3	2	1	1	1	1	1	2	2	3	2	2	2	3	3	2	2	2	1	1	1	3	3	1	1	3	3	3	2	2	2	2	1	2	2	1	1	3	1	2	1	2	2	1	1	7	7	2	2	1	1	2	2	3	2	3	1	1	1	4	4	3	2	2	2	3	1	2	2	2	1	3	2	3	1	2	1	4	3	2	1	2	2	2	2	2	1	1	1	2	2	1	1	2	2	3	1	3	3	3	3	3	3	3	2	2	1	2	2	1	1	1	1	3	3	1	1	3	3	2	2	4	4	1	1	1	1	2	1	2	2	2	1	2	2	3	2	2	2	3	3	3	1	1	1	4	4	3	3	2	2	3	3	2	2	2	2	2	1	3	1	2	2	2	2	2	1	2	1	2	1	2	1	3	3	1	1	2	2	3	3	5	5	1	1	4	2	2	2	2	2	2	1	2	1	3	3	3	2	3	3	2	1	3	1	5	5	2	2	2	2	2	1	1	1	3	3	3	3	3	3	4	2	2	2	2	2	3	3	3	1	3	3	3	2	2	2	2	2	2	2	2	2	3	1	3	3	2	1	2	1	2	1	2	1	2	2	3	3	3	3	2	2	2	2	2	2	2	2	3	1	1	1	4	4	3	3	3	3	4	4	3	1	2	2	2	2	1	1	2	1	3	3	2	2	3	3	2	2	3	3	4	1	2	2	2	1	1	1	1	1	1	1	2	2	2	2	1	1	2	1	2	1	3	2	5	2	4	3	4	4	3	3	2	2	2	2	1	1	2	2	2	2	3	3	3	1	2	1	2	2	3	1	3	2	4	2	2	1	2	1	2	2	3	1	2	2	2	1	2	1	3	3	3	3	2	2	3	3	2	2	2	2	1	1	3	3	5	1	3	1	2	1	4	3	3	3	3	3	2	2	3	3	3	1	2	1	3	3	3	3	2	1
21G.0937	2	1	3	2	3	1	3	1	1	1	3	1	3	3	4	4	2	2	2	2	3	2	2	2	2	1	4	4	4	4	3	3	2	2	2	2	4	4	3	3	3	3	3	3	3	1	3	3	1	1	3	2	2	2	2	2	2	2	2	1	2	2	5	5	3	3	1	1	3	3	2	2	3	3	4	4	3	1	1	1	3	3	2	1	2	2	5	3	1	1	2	1	3	3	3	1	3	3	3	3	2	2	2	1	2	2	1	1	4	4	1	1	1	1	2	2	3	3	4	3	3	1	3	3	2	2	1	1	2	2	2	2	2	2	2	2	4	1	1	1	2	1	2	1	2	1	5	1	3	3	2	2	3	3	4	2	2	1	2	2	2	2	2	2	2	2	3	2	3	3	2	2	2	2	2	2	2	2	2	2	2	2	2	2	3	2	1	1	2	2	2	1	4	2	3	3	1	1	1	1	4	4	3	3	3	3	4	1	2	2	2	2	3	3	1	1	2	2	3	3	3	3	3	2	3	3	2	2	1	1	3	2	1	1	2	2	2	2	2	2	3	3	3	3	3	1	3	3	3	3	3	3	2	2	3	3	2	1	1	1	4	1	3	3	3	3	3	3	5	5	2	2	3	1	2	2	2	2	2	2	3	3	3	3	2	2	3	3	3	3	2	2	1	1	3	3	2	2	3	3	2	2	2	2	2	2	3	1	2	2	3	2	1	1	1	1	2	1	2	2	3	3	2	2	2	2	3	3	5	5	3	1	2	2	5	1	2	2	2	2	2	1	2	2	2	2	3	3	2	2	3	1	5	5	2	1	2	2	2	1	1	1	3	2	3	1	3	3	4	3	3	3	1	1	3	3	2	1	5	3	1	1	2	1	1	1	1	1	1	1	1	1	1	1	2	2	3	3	1	1	2	2	2	2	2	2	2	1	2	2	2	1	3	3	4	2	3	2	3	1	4	4	2	2	3	1	3	3	3	3	2	2	3	3	3	1	3	1	3	3	2	2	3	3	3	3	3	3	2	2	1	1	3	3	3	3	1	1	2	1	2	2	2	2	3	3	1	1	1	1	3	3	2	2	4	4	4	4	3	3	1	1	2	2	5	5	2	2	4	4	2	2	1	1	2	2	2	2	4	2	4	4	4	1	3	3	2	2	2	2	1	1	2	1	2	1	3	3	4	4	3	1	3	3	3	1	4	2	3	1	2	1	2	2	4	4	3	1	2	2	4	1	1	1	3	3	3	3	3	3	3	3	2	1	3	3	3	3	2	1
21G.0938	2	2	3	2	4	4	2	2	2	2	2	1	3	3	4	3	2	1	1	1	3	2	2	2	2	1	4	4	2	1	3	2	2	2	2	2	3	1	3	3	2	2	3	3	1	1	2	2	2	1	4	4	2	2	3	1	1	1	2	2	3	2	5	5	3	3	1	1	2	1	1	1	3	3	3	3	3	2	1	1	3	3	2	2	2	2	4	3	1	1	2	2	3	3	3	3	4	3	1	1	2	1	1	1	1	1	2	2	4	4	3	1	2	1	2	2	3	3	3	3	2	2	3	3	3	3	2	1	4	2	3	3	3	2	2	1	4	4	3	3	2	2	2	1	2	1	5	5	3	3	2	2	3	3	2	2	3	3	2	2	2	2	2	2	3	3	1	1	3	3	1	1	3	3	2	1	2	2	4	4	2	2	1	1	2	1	2	2	1	1	1	1	4	4	2	2	1	1	2	2	2	2	4	1	1	1	2	2	1	1	1	1	1	1	2	1	2	2	3	1	3	3	4	4	3	2	2	1	2	1	3	3	2	2	2	2	1	1	2	2	3	3	3	3	2	2	3	3	3	3	3	1	2	2	2	2	1	1	2	2	4	2	3	3	3	1	3	3	5	5	2	1	1	1	2	2	3	3	2	1	3	3	3	3	2	1	2	2	4	4	2	1	1	1	3	3	3	3	3	2	2	1	1	1	3	3	3	3	3	2	3	1	3	1	1	1	1	1	2	2	3	3	2	2	2	2	3	1	3	2	3	1	2	1	2	1	2	2	2	2	2	1	2	1	2	2	3	3	2	2	1	1	5	2	2	2	2	1	2	1	1	1	3	3	3	3	3	3	4	2	2	2	2	2	5	5	3	2	3	3	3	3	2	1	2	1	2	2	2	1	3	3	3	2	2	2	3	2	1	1	1	1	2	2	3	3	3	3	1	1	2	2	1	1	3	2	2	2	3	3	3	3	2	2	3	3	3	3	2	2	2	2	2	2	2	2	3	3	3	2	2	2	3	3	3	3	4	3	4	2	4	4	3	1	1	1	2	2	1	1	1	1	1	1	1	1	2	2	2	2	3	2	2	2	4	4	1	1	3	3	3	3	2	2	1	1	2	2	5	3	2	2	2	2	1	1	2	2	4	1	4	2	2	1	2	2	1	1	3	3	1	1	2	2	3	3	2	1	3	3	3	3	2	2	2	2	4	4	3	1	3	1	3	2	3	3	3	1	3	3	4	1	2	1	2	2	3	2	3	3	3	3	1	1	3	3	2	2	2	2
21G.0942	2	2	2	2	4	4	2	2	2	2	2	2	0	0	4	4	3	2	5	5	3	1	2	2	2	2	0	0	4	1	2	2	1	1	1	1	1	1	3	1	3	3	1	1	3	3	3	3	2	2	4	4	2	2	3	3	2	1	1	1	3	2	0	0	2	2	4	4	2	2	2	1	3	2	3	3	3	3	2	2	3	3	2	2	3	1	4	4	2	2	2	1	3	3	0	0	4	2	3	3	3	2	2	1	3	1	2	2	4	4	2	2	2	1	2	1	2	2	4	4	1	1	2	2	3	2	3	3	2	2	3	3	1	1	2	1	3	3	2	2	2	2	2	2	2	2	3	3	2	1	2	1	3	3	4	4	1	1	2	2	3	2	3	3	3	3	3	3	4	4	1	1	0	0	3	2	1	1	4	4	2	2	3	3	3	3	2	1	2	2	2	2	4	4	3	3	1	1	2	1	3	3	4	2	3	3	4	3	3	3	1	1	3	1	2	2	2	1	3	3	3	3	4	4	2	2	2	2	2	2	2	2	2	2	3	3	2	2	2	1	2	2	3	1	3	1	3	2	4	1	2	2	1	1	3	3	2	2	0	0	3	3	1	1	3	3	2	2	4	4	1	1	1	1	1	1	2	1	0	0	2	2	3	3	2	1	2	2	2	2	2	2	5	4	1	1	0	0	1	1	2	2	2	1	3	2	3	3	3	2	2	1	3	1	0	0	3	1	1	1	4	2	2	1	2	2	3	3	4	4	3	2	5	4	3	2	2	2	2	2	1	1	2	2	3	2	0	0	2	2	3	3	4	2	1	1	2	2	2	2	2	2	3	2	3	3	2	2	4	4	3	3	2	1	3	1	3	3	5	4	1	1	2	2	2	2	2	2	2	2	2	2	1	1	2	2	1	1	3	3	2	2	2	2	3	3	3	3	2	2	2	2	3	3	3	3	1	1	3	2	3	1	3	2	1	1	3	3	3	2	2	2	3	2	3	3	1	1	3	3	0	0	3	3	3	3	3	2	2	2	2	2	3	3	2	2	2	2	1	1	0	0	2	2	1	1	2	2	1	1	2	2	2	2	4	4	2	1	0	0	3	3	2	1	1	1	2	1	5	5	2	2	1	1	2	2	2	2	4	4	3	3	2	2	2	2	1	1	3	2	3	3	2	2	3	3	2	2	0	0	3	3	3	2	2	2	2	2	2	2	3	3	3	1	4	4	2	2	1	1	3	1	2	2	2	2	3	3	3	3	4	1	3	2	2	2	3	2	1	1
21G.1040	2	2	2	2	4	1	3	2	2	2	3	1	3	3	3	3	2	2	3	3	3	1	1	1	1	1	4	4	4	3	3	3	3	2	3	2	2	1	3	2	3	1	3	3	3	1	2	1	2	2	4	4	2	2	2	2	2	2	2	2	2	2	5	5	3	3	1	1	3	3	3	3	2	1	4	4	3	3	1	1	3	3	2	2	2	1	3	2	3	3	2	2	3	3	3	3	3	3	3	2	2	2	1	1	1	1	1	1	4	4	1	1	2	1	2	2	3	3	4	3	3	2	2	2	0	0	3	3	2	2	2	2	2	2	1	1	1	1	2	2	2	2	0	0	1	1	5	5	4	4	2	2	3	3	4	4	2	2	2	2	2	2	2	2	2	2	2	1	3	3	3	3	3	3	3	3	2	2	2	1	3	3	2	1	2	2	2	2	2	2	2	1	7	7	3	3	1	1	1	1	2	2	4	4	2	1	2	2	1	1	2	2	2	2	1	1	2	2	4	3	3	3	3	3	3	3	2	2	1	1	3	3	1	1	3	1	1	1	2	2	3	3	3	1	1	1	3	3	2	1	0	0	2	2	3	3	2	1	2	2	3	3	2	2	3	3	2	2	4	1	2	2	3	1	2	2	2	2	2	2	3	3	3	1	2	2	3	3	3	3	2	2	4	4	3	1	3	2	2	2	1	1	2	1	3	3	1	1	2	2	3	3	2	1	1	1	2	1	2	2	4	4	2	2	2	2	3	3	2	1	3	2	3	3	5	1	3	2	2	2	2	2	2	2	2	2	2	2	2	2	1	1	5	5	2	1	2	2	2	2	3	3	2	2	3	1	3	3	3	2	3	3	2	2	1	1	3	1	5	5	3	3	1	1	2	2	2	1	2	2	2	1	2	2	2	2	3	3	3	3	2	2	3	3	3	3	3	3	2	2	1	1	3	1	4	4	2	2	3	3	4	3	3	3	3	3	4	4	1	1	2	1	3	2	2	2	3	3	3	3	2	2	3	3	2	2	3	3	4	4	5	2	2	2	1	1	1	1	2	2	2	1	2	1	1	1	2	2	2	1	4	2	2	2	5	3	4	1	3	3	1	1	2	2	5	5	2	2	5	5	3	1	2	1	2	2	1	1	4	4	4	4	1	1	2	2	2	2	3	2	4	3	2	2	3	2	2	2	3	3	3	3	3	3	1	1	2	2	3	3	3	1	2	1	4	3	2	2	2	2	1	1	1	1	2	2	2	1	2	1	4	4	3	2	3	2	3	3	2	2
21G.1041	2	2	2	2	4	4	2	2	1	1	3	1	3	1	4	4	1	1	3	3	3	2	2	2	2	1	4	4	2	1	2	2	2	2	2	2	3	3	3	1	2	1	3	3	3	3	2	2	2	1	4	4	1	1	2	2	2	2	1	1	2	2	4	4	2	2	2	2	2	2	2	2	3	3	4	4	3	1	1	1	3	2	2	2	2	2	5	2	2	2	1	1	3	1	1	1	4	4	2	1	3	1	1	1	3	3	2	2	4	4	2	2	3	3	2	2	1	1	4	4	3	1	2	2	1	1	2	2	1	1	3	2	3	3	2	2	3	3	3	2	1	1	2	2	2	2	3	3	2	2	2	1	3	3	2	2	3	2	2	1	3	3	3	3	2	2	3	3	3	3	1	1	2	2	3	2	1	1	2	2	2	2	1	1	3	3	2	1	2	2	2	2	7	4	3	3	2	2	2	2	3	3	4	3	3	3	4	4	1	1	2	2	2	2	2	2	2	2	2	2	3	1	4	3	1	1	2	1	2	2	3	3	2	1	2	1	1	1	2	2	3	3	2	1	2	1	2	2	4	3	3	3	1	1	3	2	2	2	2	2	2	2	3	1	3	3	3	1	4	4	2	2	2	2	2	1	2	2	2	2	2	2	3	3	1	1	3	2	2	2	2	1	4	4	1	1	3	2	3	1	2	2	2	1	2	2	3	3	2	2	3	3	3	3	1	1	2	1	2	2	3	3	1	1	2	2	3	3	4	1	2	2	5	3	5	3	2	2	1	1	2	2	1	1	2	2	1	1	1	1	1	1	2	2	1	1	1	1	2	2	2	1	3	3	1	1	1	1	4	4	3	3	2	1	5	5	2	2	4	4	3	3	2	2	2	2	1	1	2	2	2	1	2	2	2	2	3	1	3	1	2	1	2	1	3	3	3	2	2	2	2	2	2	2	3	3	3	2	3	3	4	4	3	3	3	3	3	3	3	3	2	1	3	1	1	1	3	3	2	2	2	2	3	3	2	2	2	2	4	3	5	5	1	1	3	3	2	2	2	1	2	2	2	1	3	3	2	1	2	2	3	2	5	5	4	4	3	2	2	2	2	2	1	1	5	5	2	1	3	3	3	2	3	1	2	2	2	2	4	4	3	3	2	2	2	1	1	1	3	2	3	3	2	2	1	1	3	1	3	2	3	3	3	2	2	1	2	2	3	3	3	3	1	1	4	3	2	2	3	1	4	3	4	4	3	3	3	3	3	2	3	3	3	3	3	3	2	2	1	1
21G.1059	2	2	3	2	4	4	3	1	2	2	1	1	3	3	4	4	3	1	5	5	2	2	2	2	2	2	2	2	2	2	3	3	2	2	3	3	1	1	4	1	4	4	3	3	3	3	3	2	1	1	3	2	2	2	3	1	1	1	1	1	3	2	4	4	3	3	4	4	2	2	2	2	3	3	3	3	3	2	2	1	3	3	2	1	2	2	3	2	2	1	1	1	3	3	3	3	4	4	2	2	3	3	2	2	3	3	2	1	4	4	3	3	3	3	2	2	2	1	4	4	2	2	3	3	3	1	2	2	4	4	3	2	3	3	2	2	3	2	3	2	1	1	2	2	2	2	5	3	2	2	1	1	3	3	4	1	1	1	2	2	3	3	1	1	3	3	1	1	3	3	1	1	3	2	2	2	2	1	1	1	3	3	2	2	3	3	2	1	2	2	1	1	7	7	3	2	2	2	2	1	3	3	4	4	1	1	4	4	3	3	3	2	2	1	2	1	1	1	2	2	1	1	3	2	4	4	1	1	1	1	2	2	2	1	3	3	1	1	2	2	3	3	3	1	1	1	3	2	4	3	2	2	2	2	3	3	1	1	2	2	2	1	2	2	3	2	3	3	4	4	2	1	2	1	2	2	2	2	2	2	3	3	3	3	2	1	2	2	3	3	1	1	4	4	3	1	3	3	3	3	2	1	2	2	3	2	3	3	2	2	2	2	3	3	2	1	2	2	0	0	4	4	2	2	1	1	3	3	4	2	2	2	3	3	5	4	3	2	1	1	2	2	2	1	3	3	2	2	1	1	3	3	2	2	1	1	2	1	2	2	1	1	3	3	1	1	1	1	4	3	3	3	2	2	1	1	3	1	3	1	3	1	2	1	2	2	2	2	2	2	2	2	1	1	2	2	2	1	1	1	1	1	2	2	2	2	2	2	1	1	1	1	2	1	2	2	3	2	3	3	4	4	2	2	3	3	4	4	2	2	2	2	3	3	3	3	1	1	3	3	3	2	3	3	2	2	3	3	2	2	5	2	2	1	3	3	1	1	2	1	2	1	2	2	3	3	2	2	2	2	3	3	5	2	4	2	3	1	3	3	2	1	2	2	1	1	1	1	5	5	3	2	1	1	2	2	1	1	4	4	4	1	2	2	2	2	1	1	3	2	3	3	1	1	3	3	3	3	3	3	3	1	3	3	1	1	4	4	2	2	1	1	2	1	4	3	2	2	3	3	3	3	4	2	2	1	3	3	2	2	4	1	2	1	3	3	2	2	1	1
21G.1064	2	1	3	2	4	4	3	3	2	1	3	3	3	3	3	3	2	2	2	2	3	3	1	1	1	1	4	2	4	4	2	2	3	3	2	2	3	3	3	3	2	2	3	3	3	1	3	3	2	1	3	2	1	1	3	3	2	2	1	1	2	2	4	4	2	2	4	2	2	2	3	1	2	2	3	3	3	3	2	1	3	3	1	1	3	2	5	4	2	1	2	1	3	2	3	1	3	3	2	1	3	3	2	2	3	3	2	2	2	2	3	3	2	2	2	1	2	1	4	1	1	1	3	3	2	1	3	2	3	3	3	3	3	3	2	1	4	2	2	2	1	1	0	0	2	2	2	1	2	2	2	2	3	3	2	2	1	1	2	2	3	2	2	2	2	2	3	3	3	3	1	1	3	2	3	3	2	1	2	2	2	1	3	2	3	3	2	1	2	2	1	1	6	2	3	3	1	1	2	1	2	1	3	3	3	3	3	3	3	3	2	2	2	2	1	1	2	2	3	3	3	3	4	4	4	1	2	2	2	1	2	2	1	1	3	1	1	1	1	1	3	3	1	1	2	2	3	2	1	1	0	0	2	2	3	3	2	2	2	2	3	3	3	3	3	3	3	3	1	1	1	1	2	1	1	1	3	3	2	2	2	2	3	3	1	1	2	2	3	3	1	1	4	4	3	1	3	3	3	3	2	2	2	1	3	2	3	3	3	3	2	2	2	2	2	1	2	2	2	1	4	4	2	2	2	2	3	2	3	3	3	1	2	2	4	2	2	2	2	2	2	2	2	2	2	1	3	3	2	2	3	3	5	1	1	1	1	1	2	2	2	1	3	2	1	1	3	3	3	3	3	3	2	2	5	5	2	2	4	4	3	3	1	1	2	2	2	2	2	2	3	3	3	2	2	1	3	3	3	1	2	2	2	2	3	3	3	3	2	1	1	1	2	1	2	2	3	1	2	1	4	3	2	2	3	3	3	3	1	1	2	1	4	2	1	1	2	2	3	3	3	2	3	2	2	2	3	3	4	4	2	2	3	1	3	1	2	2	2	2	2	2	3	3	3	3	1	1	2	1	3	3	5	4	4	4	2	2	3	2	1	1	1	1	5	2	2	2	3	2	2	2	3	3	2	2	1	1	4	4	3	3	2	2	2	2	2	1	3	3	4	1	2	2	2	2	3	1	4	3	3	2	3	3	1	1	2	2	2	2	3	3	1	1	4	3	2	2	2	1	4	4	2	2	3	3	2	2	2	2	2	2	3	3	3	3	2	2	2	1
21G.1065	2	2	2	2	4	4	3	3	1	1	3	2	3	3	4	4	3	2	3	1	3	3	1	1	1	1	4	4	2	2	2	2	2	2	3	1	3	1	3	2	2	2	3	3	3	3	2	2	2	2	3	3	2	2	1	1	2	1	2	2	2	2	4	2	2	2	3	3	2	2	3	3	3	3	4	3	3	3	1	1	3	3	1	1	3	2	4	3	2	2	1	1	3	1	3	3	4	3	1	1	2	2	2	2	3	3	2	2	4	4	3	3	1	1	2	2	3	3	4	1	3	3	3	3	3	3	3	3	4	4	2	2	3	3	2	1	4	4	3	3	2	2	2	2	3	3	5	5	2	1	2	1	3	3	2	2	1	1	2	2	3	3	2	2	2	2	3	3	3	2	1	1	3	3	3	3	2	2	1	1	3	2	1	1	1	1	2	2	2	2	2	2	7	7	3	3	2	2	2	2	3	3	4	4	1	1	4	4	3	1	4	2	2	2	2	2	1	1	2	2	2	2	2	1	4	3	1	1	2	2	3	3	1	1	3	3	2	1	2	2	2	2	3	2	1	1	3	3	4	1	3	2	1	1	3	3	2	1	1	1	4	4	3	2	3	3	3	1	4	1	2	2	3	2	2	2	3	3	2	1	3	3	3	3	2	1	3	2	2	2	2	1	4	1	3	3	3	2	1	1	2	2	2	2	2	2	3	3	3	3	1	1	3	2	2	2	3	3	1	1	2	1	2	2	2	1	2	1	5	2	3	3	5	4	5	2	2	2	1	1	2	2	1	1	2	2	3	3	2	1	3	3	4	2	1	1	2	1	2	2	3	3	3	2	1	1	2	1	4	3	2	2	2	2	4	4	3	2	4	4	3	1	2	2	1	1	2	2	2	1	2	2	3	3	2	2	3	2	3	3	1	1	3	3	3	3	3	3	2	2	1	1	3	2	2	2	2	2	3	3	3	3	2	2	3	3	4	3	2	2	1	1	2	1	3	3	3	3	3	3	3	2	3	3	3	2	3	3	4	4	2	1	2	2	1	1	1	1	2	1	2	2	2	1	3	3	2	2	2	2	4	3	5	5	2	1	4	4	3	2	1	1	2	1	3	3	1	1	5	5	3	3	3	3	2	1	2	2	2	1	4	4	2	2	2	2	2	2	2	2	3	3	2	1	3	3	3	3	3	2	1	1	2	2	1	1	4	4	3	3	3	3	2	2	4	4	2	1	3	3	3	2	4	1	2	2	2	2	1	1	3	1	2	2	2	2	2	2	1	1
21G.1069	2	2	2	1	1	1	3	3	2	2	3	2	3	3	4	4	2	1	2	1	3	3	1	1	3	1	4	4	1	1	2	2	2	1	3	3	3	3	3	3	3	1	3	1	3	1	3	2	1	1	3	3	1	1	2	2	2	2	2	1	3	2	5	5	3	3	4	1	2	1	3	1	2	1	3	3	3	3	3	3	3	2	2	1	3	3	4	4	3	3	1	1	3	1	1	1	3	3	2	2	3	2	2	2	3	2	2	1	4	2	2	2	3	2	1	1	3	3	4	4	3	3	2	2	3	3	3	3	4	4	2	2	3	1	2	1	3	1	3	2	2	1	2	1	3	3	3	3	2	1	2	2	3	3	4	1	2	2	2	1	3	3	2	1	3	3	1	1	3	3	1	1	3	3	3	3	2	1	4	1	2	2	1	1	3	3	2	1	2	1	1	1	7	7	2	2	1	1	2	1	2	2	2	1	2	2	2	2	1	1	2	2	2	1	2	1	1	1	3	3	3	3	4	4	4	1	2	1	2	2	2	2	1	1	3	3	2	1	2	2	3	3	1	1	2	1	3	3	2	1	3	2	2	1	3	3	1	1	2	2	2	2	2	2	3	1	3	2	4	4	2	2	3	3	2	2	3	3	2	2	3	3	3	2	1	1	3	3	4	2	2	2	5	5	3	3	3	3	3	3	1	1	2	2	3	3	1	1	2	2	3	1	2	2	2	2	3	2	2	2	3	3	1	1	2	2	3	3	4	3	3	2	4	4	2	2	3	3	2	2	2	1	2	2	3	3	2	2	2	1	3	3	5	5	1	1	1	1	1	1	3	3	3	2	3	2	2	2	4	4	2	2	2	2	3	3	3	3	5	5	3	3	2	2	1	1	1	1	2	2	3	3	2	1	2	1	3	2	1	1	2	1	2	2	3	3	2	2	1	1	2	2	1	1	2	2	2	2	3	2	3	3	3	2	3	1	3	3	3	3	2	1	3	3	2	1	3	3	3	3	3	2	3	2	3	2	3	2	2	2	5	5	2	1	3	3	2	1	2	2	2	2	3	3	3	3	2	1	1	1	3	2	4	4	2	2	4	4	2	1	3	3	2	2	1	1	2	1	3	3	3	3	1	1	2	2	2	1	4	2	3	2	4	4	2	2	2	1	2	2	4	1	2	2	3	3	2	2	3	1	3	3	3	2	1	1	2	2	2	2	3	3	2	1	4	4	2	1	3	3	3	3	2	2	1	1	2	2	3	3	4	3	2	1	3	3	3	3	2	2
21G.1073	2	1	3	3	4	4	3	3	2	1	3	1	4	3	4	4	3	3	5	5	3	3	1	1	2	2	4	1	2	1	3	3	2	1	2	2	3	3	3	3	3	1	3	3	3	3	3	3	2	2	1	1	1	1	2	2	1	1	2	2	2	2	5	5	2	2	4	3	2	2	3	3	3	2	3	3	2	2	1	1	3	3	2	2	3	2	3	3	3	3	2	2	3	3	1	1	4	4	1	1	3	2	2	1	3	3	1	1	4	4	3	3	3	3	2	2	3	3	2	1	1	1	3	3	1	1	3	2	2	2	2	2	3	3	2	2	3	3	2	2	1	1	2	2	3	3	3	3	2	1	1	1	3	1	4	4	3	2	2	1	3	3	2	2	2	2	3	3	3	3	2	1	3	3	3	2	2	1	2	1	2	2	3	3	3	3	1	1	2	1	2	1	4	4	3	2	1	1	2	2	3	3	4	4	1	1	4	4	3	3	4	4	3	3	1	1	2	2	3	3	1	1	4	4	3	3	2	2	2	2	3	3	2	2	3	2	1	1	1	1	3	3	1	1	1	1	3	3	4	4	3	3	1	1	3	2	1	1	2	2	3	3	3	3	3	3	3	3	4	4	3	3	1	1	2	2	2	2	2	1	2	1	3	3	2	2	2	2	2	2	2	2	5	4	1	1	3	2	1	1	2	2	2	2	2	2	3	1	2	2	2	2	3	3	2	1	2	1	1	1	2	1	2	2	2	2	3	2	5	5	3	3	4	4	2	2	3	2	1	1	2	1	2	2	2	1	2	2	2	1	3	3	2	1	1	1	2	2	2	2	3	3	3	3	3	1	2	1	4	4	3	3	1	1	5	1	3	1	5	5	3	3	2	2	1	1	2	2	1	1	2	1	1	1	2	2	3	3	3	3	2	1	3	3	3	3	3	2	2	2	1	1	3	1	3	3	3	2	3	2	4	1	3	3	2	1	3	2	3	2	2	2	1	1	3	3	1	1	3	3	3	2	3	3	3	3	1	1	4	4	3	2	1	1	3	1	2	1	2	1	2	2	2	2	3	2	1	1	2	2	3	3	4	2	4	2	4	3	3	3	3	3	1	1	1	1	1	1	4	4	2	1	3	3	1	1	2	1	4	2	4	4	2	2	2	2	1	1	3	3	3	3	2	2	3	3	2	2	3	2	2	1	1	1	1	1	4	4	2	2	3	3	3	3	2	2	2	1	3	3	4	3	4	2	1	1	3	1	3	2	3	3	3	3	2	2	2	2	1	1
21G.1074	2	2	2	2	4	4	3	1	2	2	1	1	3	3	4	4	1	1	3	3	2	2	2	2	2	1	4	4	4	4	2	2	2	2	2	1	3	1	3	3	3	2	3	3	1	1	3	3	2	1	3	3	2	2	3	2	2	2	2	1	3	1	3	1	3	3	1	1	3	3	3	3	2	1	3	2	3	2	3	1	3	3	2	1	3	3	5	3	2	2	2	2	3	3	3	3	3	3	2	1	3	3	2	2	3	3	2	2	4	4	3	3	2	2	2	2	2	1	3	1	3	3	2	1	2	2	3	3	4	1	3	2	3	3	2	1	4	2	3	2	2	2	2	2	3	3	3	3	2	2	2	2	3	3	4	2	1	1	2	2	3	3	2	1	2	2	1	1	3	3	2	1	2	2	3	3	2	2	2	1	2	2	3	1	3	3	1	1	2	1	2	2	7	6	2	2	2	2	2	1	4	4	2	2	1	1	4	4	2	2	2	2	3	3	1	1	2	2	3	3	2	1	3	1	3	3	2	1	1	1	2	1	1	1	2	1	1	1	2	1	3	3	3	3	3	1	3	3	3	3	3	1	2	1	3	3	1	1	2	2	2	2	3	2	3	2	2	2	1	1	1	1	3	1	2	2	2	2	2	1	3	3	3	3	2	2	3	3	3	3	2	1	3	3	2	2	3	2	3	3	1	1	2	2	3	3	2	2	2	2	2	2	3	3	1	1	2	1	2	2	3	3	2	2	2	1	3	1	3	3	2	1	4	2	5	5	2	2	2	2	2	2	2	2	2	2	3	2	1	1	1	1	5	5	2	1	1	1	2	2	3	3	3	3	1	1	3	1	4	4	3	3	2	2	3	1	3	3	5	5	3	1	2	1	2	2	2	1	1	1	3	3	2	2	2	2	3	1	2	2	2	1	2	1	3	3	3	3	2	2	2	1	2	2	2	2	2	2	2	2	4	3	3	3	3	3	4	3	3	2	1	1	2	1	2	2	3	1	3	3	2	2	3	3	2	2	3	2	3	2	4	1	3	3	1	1	2	1	2	2	2	1	2	1	3	3	2	2	2	2	3	2	4	2	4	3	4	3	3	3	2	2	2	1	3	3	1	1	4	4	3	3	1	1	2	2	2	2	1	1	3	1	2	2	2	2	2	2	3	2	5	5	2	2	3	2	2	2	4	3	3	3	2	1	2	1	2	1	3	3	3	3	2	2	4	1	2	1	3	3	1	1	3	1	3	3	3	3	3	3	4	4	2	1	3	2	3	3	2	2
21G.1076	2	2	2	1	4	4	2	2	2	2	1	1	3	1	3	2	3	3	1	1	3	3	1	1	1	1	3	3	2	1	3	2	2	2	2	2	4	4	3	1	1	1	3	3	3	3	2	2	2	2	3	1	2	2	3	3	2	1	2	2	2	2	5	4	3	3	1	1	3	2	2	2	3	2	4	4	1	1	1	1	3	2	2	2	3	3	5	5	3	1	2	2	3	2	3	1	4	4	3	3	3	1	1	1	3	3	2	2	4	4	1	1	3	2	2	2	3	1	3	3	2	1	3	2	3	2	3	3	2	1	2	2	3	1	2	2	4	4	2	2	2	2	2	2	3	3	1	1	2	2	2	2	3	3	2	2	3	1	2	2	3	3	3	2	2	2	1	1	3	3	2	1	3	3	3	3	2	2	2	2	3	3	2	1	2	2	2	2	2	1	2	2	7	7	2	1	1	1	2	2	3	2	4	1	1	1	4	4	1	1	4	1	2	1	2	2	1	1	2	2	3	3	4	2	4	4	2	2	1	1	3	3	2	2	2	2	3	1	2	2	3	3	3	3	3	3	3	2	1	1	3	3	1	1	2	2	1	1	2	1	2	1	2	1	3	1	3	2	4	4	1	1	1	1	2	2	2	2	1	1	3	2	3	3	2	2	3	3	3	2	2	2	2	2	3	1	2	2	1	1	1	1	2	1	2	2	3	3	2	2	2	1	2	2	2	2	2	2	1	1	4	4	2	2	2	1	3	3	2	2	3	3	3	1	2	1	2	2	2	1	1	1	1	1	2	2	3	3	2	1	3	2	5	5	1	1	2	2	2	2	1	1	3	2	1	1	3	3	4	4	3	1	2	2	5	5	3	3	4	4	3	3	1	1	2	2	2	2	2	2	2	2	3	1	2	2	2	1	1	1	2	2	2	2	3	3	3	3	2	2	2	2	3	2	3	2	3	3	2	2	3	1	3	3	3	1	4	4	2	2	2	2	3	3	1	1	3	3	3	3	3	3	2	2	2	2	3	3	4	4	5	5	3	1	3	1	2	1	1	1	2	2	2	2	3	2	1	1	2	2	3	3	4	4	5	5	3	3	3	3	2	1	1	1	1	1	2	2	5	5	2	2	2	2	1	1	2	2	4	3	3	1	3	3	2	1	1	1	2	1	3	3	2	2	3	3	3	2	3	2	1	1	3	3	1	1	4	4	3	3	3	1	1	1	4	4	2	1	2	2	4	1	4	4	3	2	2	2	2	2	3	3	3	3	3	1	2	2	1	1
21G.1077	2	2	3	1	4	4	2	2	2	1	1	1	4	4	4	3	2	2	3	2	2	1	2	2	3	3	4	4	1	1	2	2	3	1	3	1	3	3	1	1	3	1	3	1	3	1	3	3	2	1	2	2	2	1	2	2	2	2	2	2	2	2	5	5	4	3	2	2	2	2	2	2	3	3	4	3	3	2	3	1	3	2	2	2	2	2	5	4	3	3	2	2	2	2	3	3	3	3	2	2	3	3	2	2	3	3	2	1	4	4	3	1	2	2	2	2	2	1	1	1	1	1	2	2	2	1	3	1	4	4	3	1	3	3	2	2	4	4	1	1	1	1	2	2	2	2	5	5	2	2	1	1	3	1	4	2	2	2	1	1	2	2	3	3	2	2	3	3	1	1	2	2	3	3	3	3	2	1	4	2	2	2	3	3	3	1	2	1	2	2	1	1	6	6	3	2	1	1	2	2	4	1	1	1	2	2	2	2	2	2	2	2	2	2	2	2	2	2	2	2	3	3	4	3	3	2	2	2	2	2	3	2	2	1	3	2	2	1	2	2	2	2	2	2	2	2	3	3	2	1	3	3	2	1	3	3	2	2	2	2	4	4	3	3	1	1	3	3	4	1	2	2	2	2	2	2	2	1	2	2	3	3	3	2	2	2	3	3	3	3	2	2	4	4	3	3	3	2	3	3	1	1	1	1	1	1	1	1	2	2	1	1	3	1	2	2	2	2	2	1	4	4	2	1	2	2	3	3	4	4	2	1	4	3	2	1	3	3	2	2	2	2	2	2	2	2	3	3	2	2	3	3	5	2	2	1	2	2	1	1	3	3	2	2	3	3	3	2	4	4	3	3	2	1	3	3	2	1	5	5	3	1	2	2	2	1	2	2	2	1	2	2	1	1	2	1	3	2	3	1	2	2	2	2	3	2	3	2	2	2	2	2	3	3	3	2	2	1	2	2	4	4	3	2	3	3	3	3	3	3	2	2	3	3	2	2	3	3	3	3	3	3	3	3	2	2	5	2	4	4	2	2	2	1	2	1	1	1	2	2	2	2	2	1	3	1	2	2	2	2	3	3	4	4	4	3	2	2	3	2	3	3	2	1	5	5	2	2	5	5	3	3	4	4	2	2	2	1	4	3	3	3	4	2	2	1	2	2	2	2	4	1	2	2	3	2	3	3	3	2	3	3	2	1	1	1	4	4	2	2	3	3	2	2	4	1	2	1	1	1	3	3	2	1	3	1	2	2	3	3	2	2	2	2	3	2	2	2	1	1
21G.1095	2	2	3	3	4	1	2	2	1	1	3	1	4	3	4	3	3	1	5	5	1	1	2	2	2	2	4	4	2	2	2	1	2	1	2	2	3	1	3	2	2	2	3	3	3	3	2	2	2	1	4	4	2	1	3	3	2	2	1	1	2	2	4	4	2	2	2	2	2	2	2	1	3	3	3	3	1	1	2	2	3	3	2	2	3	2	4	4	2	2	1	1	3	3	1	1	3	3	1	1	2	1	2	1	2	1	1	1	4	4	3	1	3	1	2	2	3	3	4	4	3	3	3	3	1	1	2	1	1	1	3	3	3	1	2	2	3	2	2	2	1	1	0	0	2	1	5	3	2	2	1	1	1	1	4	4	2	2	1	1	2	2	2	1	2	2	3	1	3	3	1	1	3	3	3	3	1	1	2	2	2	2	2	1	3	1	2	2	2	2	2	1	7	7	3	3	1	1	2	2	3	3	2	2	3	3	4	4	3	3	2	2	2	1	2	2	2	2	2	2	3	3	4	4	3	1	1	1	2	2	3	3	2	2	3	3	2	2	2	1	2	2	2	2	2	2	2	2	4	4	3	3	1	1	3	2	2	1	2	2	3	1	2	2	2	1	2	2	5	5	1	1	1	1	2	1	2	1	2	1	2	2	3	3	1	1	3	3	4	2	2	2	4	2	3	1	2	2	2	1	2	2	2	1	2	1	4	2	2	2	3	3	3	3	1	1	2	2	2	1	3	3	2	2	3	2	3	3	2	2	2	2	3	3	5	5	2	2	1	1	2	1	1	1	2	1	2	1	1	1	3	1	4	2	1	1	1	1	2	1	2	1	3	3	1	1	3	2	3	1	3	3	2	2	4	2	2	1	4	4	3	3	2	2	2	2	2	1	2	1	3	1	1	1	2	2	2	2	1	1	2	2	2	2	3	3	3	3	2	2	2	2	3	3	3	2	2	2	3	3	4	4	2	1	3	3	4	4	2	2	1	1	3	3	2	2	3	3	3	3	2	2	3	3	2	2	3	3	4	4	5	4	1	1	3	3	2	1	2	1	2	2	2	2	3	3	2	2	2	1	3	2	2	2	4	4	4	3	3	2	1	1	1	1	5	1	2	1	5	2	3	2	3	2	2	1	2	1	1	1	4	3	4	4	2	2	2	2	2	1	3	3	1	1	3	3	3	3	2	2	2	2	3	3	3	3	2	1	3	3	3	3	3	3	4	2	3	1	3	3	4	3	4	4	2	1	3	2	3	2	4	4	3	1	3	3	2	2	1	1
21G.1096	1	1	3	3	4	4	3	3	1	1	1	1	3	3	4	4	2	2	3	3	2	2	2	2	1	1	4	4	4	1	3	2	2	2	1	1	2	2	4	1	2	2	3	3	3	3	3	2	2	2	4	4	2	2	3	1	1	1	1	1	3	2	5	4	2	2	2	1	3	2	3	1	3	2	3	3	2	1	3	3	3	2	2	2	2	2	3	3	3	3	2	2	3	3	1	1	4	4	1	1	2	1	2	2	3	3	2	2	2	2	3	3	2	2	2	2	3	3	4	4	3	3	3	2	3	3	3	3	4	4	2	1	3	3	1	1	4	1	2	2	2	1	2	1	3	3	5	5	4	4	2	1	3	2	1	1	1	1	2	1	3	2	2	2	3	3	1	1	3	3	3	1	2	2	3	3	2	1	2	2	1	1	3	3	3	3	2	2	1	1	2	1	4	4	3	1	1	1	2	2	4	2	4	2	2	2	4	4	1	1	2	2	1	1	2	2	2	2	4	1	3	3	4	2	3	3	1	1	2	2	3	1	2	1	2	1	1	1	2	2	3	3	3	2	2	2	3	3	2	1	3	3	2	2	2	2	1	1	2	2	2	1	2	1	3	3	3	3	4	4	2	2	2	1	1	1	3	2	2	2	3	1	3	3	2	2	2	2	2	2	2	1	4	4	3	3	3	3	2	2	2	2	2	2	3	3	3	3	3	2	3	2	2	1	1	1	2	2	2	2	3	3	2	1	2	2	1	1	3	3	3	3	1	1	4	4	2	2	2	2	2	2	2	2	2	2	3	2	1	1	2	2	4	4	1	1	2	2	2	2	3	3	2	2	3	2	3	2	4	4	3	3	2	2	5	1	3	2	4	3	3	3	1	1	2	1	1	1	1	1	1	1	3	3	2	1	3	1	1	1	1	1	1	1	2	2	2	2	2	2	2	2	1	1	3	3	2	2	3	1	4	4	3	2	3	3	4	3	1	1	2	2	4	2	1	1	3	3	3	3	2	2	3	3	3	3	2	2	4	2	4	2	2	1	1	1	3	3	2	2	2	2	3	2	1	1	2	2	2	2	3	3	4	4	5	5	3	3	3	1	1	1	2	2	3	1	1	1	4	2	2	2	2	2	2	2	1	1	4	4	4	4	2	2	3	3	2	1	2	2	1	1	2	1	2	2	3	3	4	4	3	3	3	1	2	2	3	2	3	3	3	3	3	3	5	4	3	3	2	1	2	1	1	1	2	2	2	2	3	3	3	3	3	3	3	3	3	3	2	2
21G.1098	1	1	1	1	4	4	2	2	2	2	1	1	3	3	4	4	1	1	2	2	3	2	2	2	1	1	4	2	4	4	2	2	2	2	2	2	4	4	3	1	3	1	3	1	1	1	2	2	2	1	4	4	2	2	3	1	2	2	2	2	3	2	5	1	3	3	1	1	3	2	2	2	3	3	3	3	3	3	3	3	3	3	2	2	2	2	5	2	3	2	2	1	3	2	1	1	3	3	2	2	1	1	3	1	3	3	2	2	4	4	3	3	2	2	1	1	2	1	4	4	1	1	2	2	2	1	2	2	4	4	3	3	2	1	2	1	2	1	2	2	2	2	2	1	3	3	5	5	3	1	3	3	3	2	1	1	3	3	2	2	3	3	2	2	2	2	2	2	1	1	2	2	3	2	3	2	2	2	4	1	2	2	3	3	2	1	2	2	2	2	1	1	7	7	3	3	1	1	1	1	2	2	4	3	1	1	2	2	1	1	1	1	1	1	1	1	2	2	4	1	3	3	4	4	2	1	2	1	2	1	3	2	1	1	2	2	3	1	2	2	3	3	2	2	2	2	3	2	4	2	3	1	2	2	3	2	2	2	1	1	1	1	3	3	3	3	3	2	4	2	3	1	3	1	1	1	3	3	2	2	3	3	3	3	2	2	3	2	4	3	2	1	4	3	3	3	2	2	2	2	1	1	2	1	2	1	3	1	2	2	3	3	3	3	2	1	1	1	2	2	4	4	2	2	2	2	3	3	3	2	3	3	2	2	5	1	2	2	2	2	1	1	2	2	3	3	3	3	2	1	3	1	4	2	1	1	2	1	2	2	3	2	3	2	3	1	3	3	4	4	2	2	2	1	3	3	1	1	4	3	3	3	2	1	2	1	2	2	2	1	1	1	3	3	2	2	3	3	3	1	2	1	3	3	2	2	3	3	2	2	2	2	2	2	2	2	2	1	3	3	4	4	2	2	3	3	4	4	3	3	2	1	3	3	1	1	2	2	3	3	3	3	3	3	2	2	3	2	2	2	5	4	1	1	3	3	2	1	1	1	2	1	3	2	3	3	1	1	1	1	3	3	5	5	4	4	2	1	3	3	1	1	2	1	3	3	1	1	5	3	3	3	4	1	2	2	2	2	4	4	4	4	4	2	3	2	2	2	2	2	3	3	1	1	3	3	3	1	4	2	3	3	3	3	1	1	2	2	2	2	2	2	2	2	3	3	3	2	1	1	4	1	4	1	2	2	2	2	3	3	3	3	3	3	3	2	3	2	2	2
21G.1101	1	1	1	1	4	2	1	1	2	2	1	1	4	4	4	4	1	1	2	1	3	3	1	1	2	1	4	1	4	4	3	2	2	2	2	2	1	1	3	3	2	1	3	3	3	3	2	2	2	2	4	4	2	2	3	1	2	2	2	1	3	3	4	4	3	2	2	2	3	3	2	1	3	3	4	3	3	1	3	3	2	2	2	2	2	1	3	1	3	3	2	2	3	3	1	1	3	3	2	2	3	3	3	3	2	2	2	2	4	4	3	1	2	2	2	1	2	1	4	1	2	1	2	1	1	1	3	3	4	4	1	1	3	3	2	2	3	3	2	2	2	1	2	1	2	2	3	1	3	2	2	1	3	3	2	2	2	1	2	1	2	2	2	2	2	2	2	2	3	3	1	1	3	3	3	3	2	2	2	1	2	2	3	3	1	1	2	1	2	2	1	1	7	7	3	3	1	1	2	1	4	4	4	4	2	1	4	4	1	1	2	2	1	1	2	2	1	1	2	2	3	1	4	4	3	3	2	2	2	1	2	2	1	1	2	2	1	1	2	1	2	2	3	1	2	2	3	3	1	1	3	3	1	1	3	3	2	2	2	1	3	3	2	2	3	3	3	3	4	4	2	2	1	1	1	1	2	2	2	2	3	2	3	3	1	1	3	3	4	4	2	1	5	2	3	3	3	2	3	3	2	1	1	1	3	3	3	3	3	2	3	2	3	3	2	1	3	3	2	2	3	3	2	2	2	2	3	3	5	5	3	3	3	3	4	4	2	2	2	2	2	2	2	1	2	2	2	2	1	1	1	1	5	5	1	1	2	2	1	1	3	1	3	2	2	1	3	2	3	3	3	3	2	2	3	3	3	3	4	4	1	1	2	2	1	1	1	1	1	1	3	3	3	3	2	2	3	2	1	1	2	2	2	1	3	3	3	2	0	0	2	2	1	1	3	2	2	2	2	1	4	1	3	3	3	2	4	4	2	2	2	2	3	3	3	2	3	3	3	3	3	3	3	2	2	2	3	3	3	3	2	2	1	1	1	1	3	1	2	2	2	2	2	2	1	1	2	2	2	2	3	3	4	2	4	4	3	3	1	1	1	1	1	1	1	1	2	2	5	3	3	3	1	1	2	2	2	2	4	3	4	4	1	1	3	3	1	1	2	2	1	1	2	1	3	3	1	1	4	4	3	3	3	1	3	3	2	1	2	2	3	3	1	1	2	2	3	3	3	3	4	4	4	1	3	3	1	1	3	2	4	2	3	1	3	3	3	2	2	2
21G.1103	2	1	3	2	4	4	2	2	2	2	3	1	4	4	4	3	2	2	3	3	3	1	2	1	2	2	4	4	2	2	2	2	2	2	2	2	3	1	3	1	3	2	3	3	3	3	3	2	2	1	2	2	2	2	3	3	2	2	1	1	2	2	5	5	3	3	4	1	3	2	3	1	3	3	3	3	2	2	1	1	3	2	2	1	2	2	2	2	2	2	2	2	3	3	3	1	4	4	2	1	2	1	2	2	3	3	2	2	4	4	3	3	2	2	2	2	3	3	4	4	1	1	3	2	1	1	3	2	2	2	2	2	3	1	2	2	3	3	3	3	1	1	0	0	2	2	3	3	1	1	2	2	1	1	4	4	2	2	1	1	3	3	3	2	2	2	2	2	1	1	1	1	3	3	3	3	1	1	4	4	3	3	2	1	1	1	2	2	2	1	2	1	7	7	3	3	2	2	2	2	3	2	4	4	1	1	4	3	3	2	3	2	2	1	2	2	2	1	3	2	3	1	4	4	3	2	1	1	2	2	3	3	1	1	3	1	2	1	2	2	3	3	3	3	2	2	3	3	4	4	3	3	2	2	3	3	1	1	2	1	3	2	3	3	3	3	3	3	4	4	3	3	2	1	2	2	3	3	2	2	2	2	3	2	1	1	2	2	3	3	1	1	1	1	3	3	3	3	2	2	2	2	2	2	2	2	3	3	2	2	3	3	1	1	1	1	2	2	2	1	3	2	2	2	2	1	3	1	2	2	2	1	4	3	5	5	2	2	1	1	2	2	3	2	3	3	2	2	2	2	1	1	1	1	1	1	1	1	2	2	3	3	3	3	3	1	3	2	4	4	3	2	2	2	2	2	2	1	4	4	3	3	2	2	2	1	2	2	2	2	2	2	3	3	2	2	2	1	3	1	1	1	1	1	3	1	3	2	2	2	1	1	2	1	2	2	3	3	3	3	4	1	2	1	3	3	3	3	3	3	2	2	2	2	2	2	3	3	3	3	3	3	2	2	1	1	3	3	4	2	4	4	2	2	3	1	1	1	1	1	2	2	2	2	3	3	2	2	2	2	3	2	4	2	4	4	0	0	3	2	3	2	1	1	1	1	1	1	5	5	2	2	2	2	2	2	2	2	4	3	4	2	4	2	1	1	2	2	2	2	3	3	1	1	3	3	3	1	3	2	3	2	3	3	3	3	4	4	3	3	1	1	3	3	4	4	2	1	3	3	3	2	4	4	3	2	2	2	3	1	4	1	2	2	3	3	3	3	1	1
21G.1108	1	1	2	2	4	4	2	2	1	1	3	3	1	1	4	4	2	2	3	3	3	3	1	1	2	1	4	4	2	1	2	2	2	2	1	1	3	1	3	3	3	3	3	1	3	1	3	3	2	2	4	4	2	2	2	2	2	2	2	1	2	2	5	1	3	3	3	3	2	2	2	2	3	3	3	3	2	2	3	3	2	2	1	1	2	2	3	3	3	3	2	2	3	3	3	2	3	3	2	1	3	2	2	2	3	2	2	1	4	2	3	3	3	3	2	2	3	3	4	4	3	3	2	2	2	2	3	3	4	4	2	2	1	1	2	2	4	4	2	2	2	2	2	2	3	3	5	5	3	3	1	1	3	3	2	2	3	3	2	1	3	3	3	2	2	2	3	3	3	3	2	1	3	2	3	2	1	1	4	4	2	2	3	1	3	1	2	1	2	2	1	1	4	4	2	2	1	1	2	2	3	3	4	4	1	1	4	4	1	1	2	2	2	2	2	2	2	2	3	3	2	2	2	2	4	4	1	1	1	1	2	2	2	1	2	2	1	1	2	2	2	2	1	1	1	1	3	3	3	1	3	3	2	2	3	3	2	1	2	2	4	2	2	2	3	3	2	2	1	1	2	2	1	1	1	1	2	2	2	2	2	2	2	1	1	1	3	3	2	1	2	1	4	4	3	3	2	2	3	3	2	1	2	2	2	2	3	1	2	2	1	1	3	2	1	1	2	1	2	1	4	4	2	2	2	2	3	3	5	1	1	1	4	4	3	3	3	3	2	1	1	1	1	1	2	2	3	1	1	1	2	1	5	5	1	1	1	1	1	1	1	1	2	2	1	1	2	2	4	4	2	1	1	1	1	1	2	2	4	4	3	1	2	1	1	1	2	2	2	1	3	3	1	1	2	2	3	3	3	3	1	1	2	1	2	2	3	3	2	2	2	1	1	1	2	2	2	2	3	3	4	1	2	2	3	3	4	3	3	3	2	2	3	3	2	2	3	3	3	3	3	3	3	3	3	2	5	3	4	4	3	3	3	3	3	3	1	1	2	2	2	2	2	1	3	3	2	1	2	1	4	3	5	5	4	2	4	3	2	2	1	1	1	1	1	1	1	1	3	2	2	2	2	2	2	1	1	1	4	1	4	3	2	1	3	2	2	1	2	1	4	3	2	2	3	1	3	3	3	3	2	2	3	1	3	3	2	2	3	3	3	1	3	3	4	4	2	2	3	3	4	4	4	4	3	3	2	2	3	3	2	2	3	3	2	2	2	2	1	1
21G.1112	2	2	3	1	3	2	1	1	2	1	1	1	1	1	4	2	2	2	3	3	2	2	2	2	2	2	4	2	4	1	3	3	2	1	2	2	3	1	3	3	2	2	3	1	3	1	2	2	2	2	3	3	2	1	2	2	2	2	1	1	2	2	4	4	3	3	1	1	3	3	3	3	3	3	3	3	2	2	2	2	3	3	2	1	3	3	5	5	2	1	2	2	3	1	2	1	3	3	3	2	2	2	2	2	2	1	2	1	4	3	3	3	1	1	2	1	3	3	4	3	3	1	3	2	2	1	2	2	2	2	3	1	2	1	2	1	4	3	2	2	1	1	2	2	2	2	3	3	2	2	2	2	3	3	2	2	3	3	1	1	2	2	2	1	3	3	1	1	3	3	2	1	2	2	2	2	2	2	2	2	2	2	1	1	3	3	2	2	2	2	1	1	4	4	2	2	1	1	2	2	4	4	3	3	3	3	4	4	2	1	4	2	1	1	2	2	2	2	4	2	2	2	4	4	1	1	1	1	1	1	2	2	2	2	1	1	1	1	2	2	3	3	3	1	3	2	3	2	4	4	1	1	1	1	2	2	2	1	2	2	4	3	3	1	3	1	3	3	5	4	2	2	3	1	2	2	2	2	1	1	3	3	3	2	2	2	3	3	3	2	1	1	4	1	3	3	3	3	3	3	2	2	2	2	3	3	3	1	3	2	2	2	2	2	1	1	3	3	2	2	3	2	2	1	2	2	3	3	5	5	3	1	2	2	5	2	2	2	2	2	2	2	2	2	3	3	3	2	1	1	1	1	5	5	2	2	2	2	2	2	2	1	2	2	3	3	3	3	4	2	3	3	2	2	1	1	3	3	3	3	1	1	2	2	2	2	1	1	2	1	3	2	2	2	2	1	3	2	3	3	2	1	3	3	2	2	3	2	2	2	1	1	3	3	4	2	3	1	2	2	3	3	3	3	3	1	3	2	3	1	2	1	2	1	2	1	3	3	3	2	2	2	3	3	3	3	3	3	4	2	1	1	3	2	3	3	1	1	2	2	2	1	2	2	1	1	2	2	2	2	3	3	2	2	5	3	2	2	3	3	2	2	2	1	2	2	1	1	5	3	3	3	2	2	2	2	2	2	2	2	4	2	2	2	2	2	2	2	3	2	1	1	2	2	3	3	2	2	3	3	2	2	3	3	1	1	4	4	3	2	3	2	2	2	3	3	2	2	2	2	1	1	2	2	3	3	3	3	3	3	3	1	3	1	3	3	3	3	2	2
21G.1121	2	1	3	3	4	4	3	3	1	1	3	2	3	3	3	2	2	2	1	1	2	2	2	2	2	2	4	2	1	1	3	3	1	1	2	1	1	1	1	1	3	3	3	3	3	3	3	2	2	2	4	3	2	2	1	1	2	1	1	1	3	3	5	5	2	2	4	4	3	3	3	3	2	2	3	2	3	1	3	1	2	2	2	2	2	1	2	1	2	2	2	2	3	3	3	1	4	4	3	3	2	2	2	2	3	3	2	2	4	1	3	1	2	2	2	1	3	3	4	4	3	3	2	2	3	2	3	2	3	3	1	1	1	1	2	2	2	2	2	2	2	2	1	1	1	1	5	5	1	1	1	1	2	2	1	1	1	1	2	2	2	2	2	2	3	2	3	1	3	3	1	1	3	3	3	3	1	1	4	4	3	2	2	2	3	3	1	1	2	2	1	1	6	6	3	3	1	1	2	2	4	4	4	1	2	2	4	4	2	2	4	4	2	2	2	2	2	1	3	2	3	3	4	4	4	4	2	1	2	1	2	1	2	2	2	1	1	1	2	2	2	2	2	2	2	2	2	2	4	1	2	1	1	1	2	2	1	1	2	2	2	2	2	2	2	2	2	2	2	2	2	2	2	2	2	1	3	3	2	2	3	2	3	1	2	1	2	2	3	3	2	1	4	3	1	1	3	3	2	2	2	1	2	2	2	1	3	1	2	1	3	3	3	3	2	2	2	2	1	1	4	4	2	2	2	2	3	3	5	3	2	2	4	4	4	4	2	2	2	2	2	1	2	2	2	2	3	3	2	2	3	1	5	5	2	2	2	2	1	1	3	2	2	2	3	1	3	3	4	4	2	2	1	1	2	2	2	2	3	3	3	3	2	2	2	2	2	2	2	1	2	1	2	2	1	1	3	2	1	1	2	2	2	2	3	3	3	3	2	2	2	2	3	3	3	3	2	2	2	1	3	3	3	2	3	1	4	4	3	3	2	2	3	2	1	1	3	3	3	2	3	3	3	2	3	2	4	2	4	1	5	5	3	3	3	3	2	2	2	2	2	2	2	2	1	1	2	1	1	1	4	4	5	2	3	3	4	1	3	3	1	1	2	2	3	3	2	1	2	2	3	3	2	2	2	1	1	1	4	4	4	4	4	4	2	2	2	2	2	2	3	3	2	2	3	3	3	3	2	2	3	3	2	1	1	1	2	1	2	2	3	3	3	3	4	4	2	1	1	1	4	4	4	4	2	2	2	2	3	2	4	3	3	2	2	2	2	2	2	1
21G.1125	1	1	2	2	4	1	3	1	1	1	2	2	3	3	4	4	2	1	2	1	2	2	2	1	1	1	4	2	2	1	3	3	2	2	3	3	3	1	3	1	3	3	3	3	3	1	2	2	1	1	2	1	2	2	2	1	2	2	1	1	2	2	5	5	3	2	4	1	3	3	2	1	3	3	3	3	3	3	3	3	3	3	2	2	2	2	3	2	1	1	2	2	3	1	3	3	4	4	1	1	1	1	2	2	1	1	1	1	4	4	1	1	2	2	1	1	2	1	1	1	3	3	3	2	2	2	3	2	2	2	2	2	3	2	1	1	3	3	1	1	1	1	0	0	2	1	5	5	3	3	0	0	3	3	2	1	2	2	1	1	3	3	1	1	2	2	1	1	3	3	1	1	2	2	2	2	1	1	2	2	3	3	2	2	2	2	2	2	2	1	1	1	7	7	1	1	1	1	1	1	4	4	4	4	2	1	4	2	3	3	2	2	3	3	2	2	2	2	3	3	3	3	4	4	4	3	2	2	2	1	2	2	1	1	1	1	1	1	2	2	2	2	3	3	1	1	3	3	4	1	3	3	2	1	3	3	2	2	2	1	3	2	2	2	3	3	2	2	4	2	3	1	1	1	2	2	3	3	2	2	3	3	3	3	2	2	2	2	3	3	2	1	1	1	3	1	3	3	3	3	2	2	2	1	3	3	3	3	3	3	2	2	2	2	1	1	2	2	1	1	4	1	2	2	3	3	3	2	5	2	3	3	1	1	3	1	3	3	2	1	1	1	3	3	3	3	3	3	2	1	3	3	4	2	1	1	2	2	2	2	3	3	2	2	2	2	3	2	3	2	3	3	2	2	5	5	3	3	4	4	3	3	1	1	2	2	2	2	2	1	1	1	3	3	2	2	2	2	1	1	2	2	2	2	3	2	3	3	1	1	1	1	1	1	3	3	3	3	3	3	3	3	3	3	3	1	4	3	2	1	2	2	3	2	2	2	3	3	3	3	3	3	3	2	3	3	2	2	4	4	0	0	3	3	3	3	0	0	2	1	1	1	1	1	1	1	2	1	2	2	4	2	2	2	4	4	3	3	3	3	3	1	2	1	1	1	2	2	4	4	2	2	2	2	2	2	2	2	4	4	4	3	4	1	2	2	1	1	3	1	3	3	2	2	3	3	3	1	4	2	3	1	3	2	3	3	4	4	3	3	2	1	1	1	4	3	2	2	3	3	4	4	0	0	3	3	3	3	1	1	4	4	1	1	3	3	2	2	1	1
21G.1127	2	1	2	1	4	1	3	1	2	1	3	3	3	3	4	3	2	1	2	2	3	3	1	1	3	3	4	4	4	4	3	3	2	2	1	1	3	3	2	2	3	2	1	1	1	1	3	3	1	1	3	3	1	1	3	2	0	0	2	1	2	2	5	5	3	3	1	1	0	0	3	2	3	3	3	3	1	1	1	1	3	3	2	2	2	2	4	4	1	1	2	2	3	3	3	3	4	4	3	3	2	1	2	2	2	2	2	2	4	4	3	1	2	2	1	1	2	2	3	1	1	1	2	1	1	1	2	1	2	1	2	2	2	2	1	1	1	1	2	2	2	1	0	0	3	3	5	1	0	0	2	2	3	2	2	2	3	1	2	2	3	3	2	2	2	1	3	3	1	1	1	1	3	3	2	1	2	2	2	2	3	3	1	1	2	1	2	1	2	2	1	1	6	6	3	3	1	1	1	1	2	2	4	4	1	1	3	3	2	2	2	2	1	1	2	1	1	1	2	1	1	1	4	4	4	3	1	1	2	2	2	1	2	1	2	2	2	2	2	2	3	2	2	2	2	2	3	3	3	3	3	3	2	1	2	2	1	1	2	2	3	3	3	3	3	3	3	3	4	2	2	2	3	2	0	0	2	2	2	1	3	3	3	3	1	1	3	3	3	3	2	2	3	3	3	1	3	2	0	0	2	2	2	2	3	3	3	3	3	1	3	2	3	3	2	2	2	1	2	2	3	3	2	2	2	2	3	3	3	3	2	2	4	4	2	2	3	3	2	2	2	2	3	1	3	2	2	2	1	1	2	2	5	5	2	1	1	1	2	2	3	3	2	2	3	3	0	0	0	0	3	3	2	1	2	2	3	3	3	3	1	1	2	2	2	2	1	1	2	2	3	3	3	3	2	2	3	2	3	1	2	2	2	2	3	3	3	2	2	2	2	2	3	3	3	2	2	2	3	3	4	3	2	2	3	3	3	3	1	1	1	1	0	0	2	2	3	3	3	3	2	2	3	2	2	2	2	1	3	3	0	0	3	2	2	1	2	1	2	1	2	2	2	2	1	1	1	1	2	1	3	3	5	2	5	5	0	0	3	1	2	2	2	1	3	2	2	2	3	3	2	2	3	3	1	1	2	2	4	4	4	4	2	2	2	2	2	2	3	1	4	3	2	2	3	3	3	3	4	3	3	3	3	3	2	1	3	2	3	2	3	3	2	2	4	4	3	2	3	3	2	1	4	4	3	3	2	2	3	1	3	1	2	2	3	3	3	3	2	1
21G.1128	1	1	2	2	4	4	3	3	1	1	3	3	3	3	4	4	2	2	2	2	3	2	2	1	2	1	4	4	1	1	3	2	3	3	1	1	3	3	4	1	4	1	3	3	3	1	3	2	2	2	4	3	2	2	2	2	2	2	1	1	2	2	5	4	3	2	3	2	2	2	2	2	3	1	3	3	1	1	3	3	3	3	2	2	2	2	3	3	1	1	2	1	3	3	2	2	4	4	2	2	2	2	2	2	3	3	2	1	2	1	3	3	1	1	1	1	2	1	3	3	1	1	2	2	2	2	2	2	4	4	2	2	3	3	2	1	3	3	2	2	2	1	2	2	3	3	3	3	1	1	2	2	2	1	2	2	2	2	2	2	3	2	1	1	2	2	3	1	3	3	2	2	3	3	3	3	2	1	2	1	2	2	2	2	3	3	2	2	2	1	2	1	4	4	3	1	1	1	1	1	3	3	4	4	1	1	4	4	3	3	2	2	2	2	2	1	1	1	2	2	3	1	4	4	3	3	2	2	2	1	2	1	1	1	3	3	1	1	2	2	3	3	3	3	1	1	3	3	1	1	3	3	2	1	3	2	2	2	2	2	3	3	2	2	3	3	3	3	4	4	2	2	3	3	2	2	3	2	2	1	3	2	3	3	2	2	2	2	2	2	2	2	5	5	1	1	2	2	3	3	2	1	2	1	2	2	3	3	3	2	3	3	2	1	1	1	2	1	2	1	4	3	2	2	2	2	3	3	3	2	3	2	4	4	4	4	1	1	2	2	2	2	3	2	3	1	2	1	1	1	3	3	2	2	1	1	2	2	2	2	2	1	3	3	3	3	3	2	4	4	3	3	2	2	3	3	3	3	4	4	3	1	2	1	2	1	2	2	2	2	2	2	1	1	2	2	3	3	1	1	1	1	3	3	3	3	2	2	2	2	2	1	1	1	3	2	3	2	3	3	4	1	3	3	1	1	3	2	2	2	2	1	3	3	2	1	3	3	2	2	2	2	3	3	2	2	3	3	4	4	5	5	2	2	3	2	1	1	2	1	2	2	1	1	3	3	1	1	2	2	4	3	2	2	4	4	5	5	3	2	3	1	1	1	1	1	2	1	2	2	3	3	2	1	2	2	2	1	2	2	2	2	4	4	3	3	1	1	2	2	3	3	2	2	3	3	3	2	3	2	3	1	2	1	2	2	3	2	2	2	3	3	2	2	4	3	2	1	2	2	1	1	4	4	2	1	3	3	3	3	3	1	3	3	3	2	2	1	2	2
21G.1129	2	1	3	1	3	1	3	3	2	2	1	1	3	1	4	4	3	2	2	2	2	2	3	1	2	2	4	4	4	1	2	2	2	2	2	2	1	1	3	3	3	1	3	3	3	3	3	3	2	2	4	3	2	2	2	2	1	1	1	1	3	2	5	5	3	3	4	4	2	2	3	3	1	1	3	3	3	3	3	1	3	3	2	1	2	2	4	2	1	1	2	2	3	3	3	3	3	2	1	1	3	1	2	2	3	3	2	1	4	4	3	1	2	2	2	2	2	2	4	4	3	2	2	2	3	1	3	2	4	4	3	1	1	1	2	1	2	2	2	2	2	1	1	1	3	3	3	3	2	1	2	2	3	3	3	1	1	1	2	1	3	2	3	3	2	2	2	2	1	1	3	1	3	3	3	3	2	2	2	2	2	2	2	1	3	2	2	1	2	2	1	1	7	4	3	2	1	1	1	1	3	3	4	4	1	1	4	4	2	2	4	4	1	1	1	1	2	1	2	2	3	3	4	3	3	2	2	2	2	2	3	2	1	1	3	1	2	2	2	2	2	2	3	3	3	3	3	3	3	2	3	3	2	2	2	2	1	1	2	2	3	3	2	2	3	1	3	3	4	2	1	1	3	3	2	2	2	2	1	1	2	2	3	3	2	2	3	3	3	3	2	1	4	4	3	3	3	3	2	2	2	1	2	2	3	3	3	1	2	1	3	3	3	3	2	2	2	2	2	1	4	3	2	1	2	1	1	1	3	3	1	1	2	2	5	2	2	1	2	1	2	2	1	1	2	2	3	3	2	2	1	1	5	4	1	1	2	2	2	1	3	2	3	2	2	2	3	3	4	2	3	1	2	2	5	5	2	2	4	2	3	3	2	2	2	2	2	2	2	2	3	3	3	3	2	2	2	2	2	1	2	2	2	2	3	2	3	2	2	2	2	2	3	3	2	1	3	3	3	2	3	1	3	3	3	3	4	4	1	1	2	1	2	2	2	2	3	3	3	3	3	2	2	2	2	2	3	1	2	1	2	1	3	3	1	1	2	2	2	2	2	2	2	2	2	1	2	1	2	2	3	3	2	1	4	4	4	3	3	2	1	1	2	2	1	1	2	2	4	4	3	1	3	3	2	1	2	2	4	4	4	2	4	4	2	2	2	2	2	2	3	1	2	2	3	2	3	1	4	4	3	3	3	2	3	3	2	2	2	2	3	3	3	3	4	3	2	2	3	3	2	2	4	4	2	2	2	2	3	3	4	4	3	3	3	3	2	2	2	2
21G.1137	2	1	2	2	4	1	3	3	2	1	3	1	4	3	4	4	2	2	2	1	3	3	1	1	2	1	2	2	4	4	3	2	2	2	2	2	4	1	2	1	1	1	1	1	3	3	3	3	2	2	4	4	2	2	2	1	2	2	2	2	3	2	4	2	2	1	4	1	2	2	3	3	3	3	3	3	3	3	3	1	3	3	2	2	2	2	5	4	3	3	2	2	3	1	1	1	3	2	3	2	3	2	2	2	3	3	2	1	4	4	1	1	3	3	1	1	3	3	4	3	3	3	3	3	1	1	1	1	2	2	2	2	2	1	2	2	4	4	1	1	1	1	2	2	2	2	3	3	3	3	1	1	3	3	1	1	1	1	2	2	3	1	1	1	2	2	2	1	3	3	1	1	3	3	3	2	2	1	2	2	1	1	3	3	1	1	1	1	2	2	2	2	4	2	3	3	1	1	2	1	2	2	4	1	2	2	2	2	2	2	2	2	3	3	2	2	2	2	3	3	3	2	4	2	4	4	1	1	2	1	2	2	2	2	2	2	2	2	2	2	2	2	2	1	2	2	3	3	4	4	3	1	2	1	3	3	2	1	2	1	1	1	2	1	3	3	3	3	5	5	2	2	1	1	2	2	2	2	2	1	3	2	3	3	2	2	2	2	3	3	2	2	3	3	3	3	3	3	2	1	2	2	2	2	3	2	3	3	2	2	3	1	3	1	1	1	2	2	2	2	4	4	2	2	2	2	3	3	1	1	3	3	4	2	2	2	2	2	2	2	1	1	1	1	2	1	3	3	1	1	3	2	4	4	2	1	2	2	2	1	3	3	3	3	3	1	3	3	4	4	1	1	2	2	3	3	3	1	3	2	3	1	2	2	1	1	2	1	2	2	3	3	3	1	1	1	3	3	3	3	1	1	3	3	3	2	3	2	2	2	2	1	2	1	2	2	3	3	3	3	4	4	2	2	3	1	4	3	3	2	2	2	3	3	2	2	3	3	3	3	3	2	3	3	3	3	3	3	4	1	1	1	3	2	3	3	2	2	2	2	2	2	2	2	3	3	1	1	2	2	4	4	5	5	4	2	4	3	3	3	2	2	2	2	5	5	2	1	3	2	3	2	2	2	2	1	2	1	4	2	4	4	4	4	2	1	2	2	3	2	3	3	2	2	3	2	1	1	3	3	3	2	3	3	1	1	2	1	2	2	3	3	2	2	3	2	2	2	3	2	4	1	2	1	3	2	3	3	3	3	3	3	2	1	2	2	3	3	1	1
21G.1141	1	1	3	3	4	4	3	3	2	2	3	1	3	3	4	3	2	1	3	3	2	2	2	2	1	1	4	4	2	2	3	3	2	2	2	2	3	3	3	3	3	1	1	1	1	1	3	3	2	2	3	3	2	2	2	2	2	2	2	1	3	3	4	4	3	1	3	3	2	2	2	2	3	1	3	3	2	1	1	1	3	2	2	1	3	3	2	2	3	1	2	2	3	3	3	3	4	4	1	1	3	3	1	1	3	1	2	1	4	2	3	3	3	3	2	1	3	3	1	1	1	1	3	3	1	1	2	2	4	4	2	2	3	3	1	1	4	1	2	2	2	2	2	2	3	3	3	3	2	2	2	1	1	1	2	2	1	1	2	2	3	3	2	1	3	3	2	2	3	3	2	1	3	2	3	3	2	2	2	1	3	2	3	1	3	3	2	2	2	2	1	1	4	4	3	3	1	1	2	1	2	2	3	3	2	1	4	4	1	1	4	2	2	2	2	1	2	2	3	3	2	2	3	2	3	1	2	2	1	1	3	2	2	1	3	3	1	1	2	1	2	2	1	1	2	1	3	3	4	4	3	2	1	1	3	3	1	1	1	1	4	1	3	3	2	2	3	3	4	4	3	3	3	2	2	2	3	2	2	1	3	1	2	2	2	2	3	3	3	3	2	2	4	4	1	1	2	2	3	3	2	1	2	2	2	2	3	3	2	2	2	1	3	3	1	1	1	1	2	2	4	4	2	2	1	1	3	3	3	3	3	3	4	2	2	2	2	2	2	2	2	2	2	2	2	1	2	2	1	1	3	3	5	4	2	1	2	1	1	1	2	2	3	1	3	1	3	3	2	2	3	3	2	2	5	3	2	2	4	4	3	3	2	2	2	2	2	2	2	2	3	2	1	1	2	2	2	2	1	1	2	2	2	2	3	2	3	2	1	1	2	2	1	1	2	2	2	2	2	1	4	3	3	3	3	3	3	2	3	3	2	2	2	1	3	2	3	1	3	3	2	2	3	2	2	1	5	5	2	2	2	2	2	1	2	2	3	2	2	1	2	2	3	1	2	2	2	1	2	2	3	3	5	5	5	5	1	1	3	3	1	1	1	1	1	1	2	1	3	3	3	3	2	2	2	2	2	1	2	1	3	3	2	2	2	2	1	1	2	2	1	1	2	1	3	3	3	2	2	2	3	3	3	3	3	1	2	2	2	2	3	2	1	1	3	2	3	1	3	3	2	2	4	4	2	2	3	3	2	1	2	1	3	3	2	2	2	2	1	1
21G.1143	2	2	3	3	4	4	3	2	1	1	3	3	4	4	4	4	1	1	3	3	3	3	2	2	2	2	2	2	2	2	3	1	3	2	2	2	3	1	3	1	3	3	3	3	3	1	3	2	2	2	4	4	2	1	2	2	2	2	1	1	3	3	4	4	3	3	2	1	3	3	3	1	3	2	3	3	3	1	1	1	3	3	2	2	2	2	5	2	2	2	2	1	3	3	3	1	3	3	1	1	2	1	2	1	3	3	2	2	4	1	2	2	3	2	2	2	2	2	4	4	3	1	2	2	3	2	3	3	2	2	3	3	3	3	2	2	3	3	2	2	2	1	2	2	3	2	5	5	2	1	1	1	2	1	2	2	2	1	2	2	2	2	2	1	2	2	3	3	3	1	1	1	3	2	3	3	1	1	2	2	2	2	1	1	3	2	2	2	2	2	2	2	7	7	3	3	2	1	2	2	3	3	4	4	3	1	4	2	3	3	2	2	2	2	2	2	2	1	2	2	3	1	3	1	3	1	1	1	2	2	3	3	2	1	3	3	1	1	2	1	3	2	2	1	2	2	3	3	4	3	3	3	1	1	3	3	2	2	2	2	3	2	2	2	3	3	1	1	4	4	1	1	1	1	2	1	2	2	2	2	1	1	3	3	1	1	3	3	3	2	2	2	5	1	3	1	2	2	1	1	2	2	2	2	3	2	3	3	3	3	3	1	3	3	2	1	2	2	1	1	3	3	2	2	2	1	3	3	5	5	3	3	5	5	3	1	2	2	2	1	2	2	1	1	2	2	2	1	2	2	3	1	5	1	1	1	2	1	2	1	1	1	3	2	3	1	2	2	2	2	3	2	2	2	5	5	2	2	5	4	3	3	2	2	1	1	2	2	1	1	1	1	3	3	2	2	3	3	3	1	1	1	3	3	3	3	2	2	0	0	2	2	2	1	2	2	3	3	3	1	4	4	3	1	3	1	3	3	3	2	2	2	3	3	1	1	3	3	3	2	3	2	3	3	2	1	2	2	4	4	5	2	2	2	3	3	1	1	2	2	2	2	3	3	3	3	2	1	1	1	4	3	5	5	4	1	3	3	3	1	2	1	1	1	5	5	2	2	2	2	3	3	1	1	2	2	2	1	4	1	3	3	2	2	2	2	1	1	3	3	3	3	2	2	3	1	3	1	3	2	2	1	3	2	2	1	2	2	3	3	3	3	1	1	4	4	2	1	3	3	3	3	2	1	2	2	3	3	3	3	4	1	1	1	3	3	2	2	1	1
21G.1150	2	1	3	2	4	4	3	3	1	1	3	1	3	1	4	4	2	2	3	2	2	2	2	2	3	1	4	4	1	1	3	3	2	2	2	2	3	3	3	3	1	1	1	1	3	3	3	2	2	1	4	4	1	1	2	2	2	1	2	2	2	2	4	4	2	2	2	1	2	2	2	2	3	1	3	3	3	3	1	1	2	1	2	2	3	3	2	2	3	2	2	2	3	3	2	1	4	4	1	1	3	2	2	2	3	2	2	2	4	3	3	3	3	3	2	2	3	3	1	1	3	3	3	3	3	3	3	3	4	4	3	2	3	2	2	1	3	2	2	2	2	2	2	2	2	2	5	3	2	2	1	1	3	3	1	1	1	1	2	2	3	3	3	3	2	2	2	1	3	3	1	1	3	3	3	3	1	1	4	4	3	2	2	1	3	3	1	1	2	1	2	2	7	7	2	2	1	1	2	2	2	2	2	2	1	1	4	4	3	3	4	4	2	1	2	2	2	1	3	2	3	3	4	4	4	3	2	2	2	2	2	2	2	2	2	2	2	1	2	2	3	3	3	3	1	1	3	3	4	4	3	3	1	1	2	2	2	1	2	2	3	3	2	2	3	3	3	2	4	4	1	1	2	1	1	1	3	3	2	2	1	1	3	3	1	1	3	2	3	2	2	2	4	1	3	3	3	3	2	2	2	2	2	2	3	3	4	4	2	2	2	2	3	2	2	2	2	2	2	1	4	4	2	2	2	2	3	3	5	5	3	3	5	2	2	2	2	2	2	2	2	2	2	2	2	2	1	1	1	1	1	1	4	4	1	1	2	1	2	2	2	2	2	2	1	1	3	3	3	3	3	1	1	1	1	1	2	2	5	5	3	3	1	1	2	1	2	2	2	2	1	1	1	1	2	2	3	2	3	3	2	1	3	1	2	2	3	2	2	2	2	1	3	1	2	2	3	3	3	3	3	3	3	3	3	3	3	3	2	1	2	1	3	3	3	3	3	3	2	2	2	2	2	2	2	2	3	3	4	4	2	1	2	2	3	3	2	1	1	1	2	2	2	1	3	3	1	1	2	1	3	3	5	5	4	4	3	3	3	3	1	1	2	1	1	1	2	2	2	2	3	3	2	2	2	2	2	2	4	4	4	4	4	2	2	2	1	1	3	3	3	3	2	2	3	1	3	3	3	3	3	2	3	1	3	3	2	2	3	3	3	1	3	2	4	4	2	2	3	3	4	2	4	1	1	1	3	3	3	2	3	3	3	2	3	3	2	2	2	1
21G.1151	2	1	1	1	4	4	3	1	2	2	2	2	3	1	4	4	2	2	5	5	3	3	1	1	2	2	2	2	1	1	3	3	3	3	1	1	2	2	2	2	1	1	3	3	3	1	3	2	2	2	3	3	2	2	1	1	2	2	1	1	1	1	4	4	3	3	1	1	3	3	2	2	2	2	4	3	3	1	1	1	3	1	2	2	3	2	4	4	3	2	1	1	3	3	2	2	4	4	1	1	3	3	2	2	2	2	2	1	4	4	1	1	2	2	2	1	3	3	1	1	2	2	2	1	1	1	3	2	4	4	3	3	3	3	2	2	4	3	3	2	1	1	2	2	2	2	3	3	3	2	3	2	3	1	2	2	1	1	2	2	3	3	2	2	3	3	1	1	3	1	2	1	3	3	3	3	2	2	4	4	3	3	2	1	3	2	2	2	2	2	1	1	7	7	3	2	1	1	2	1	3	3	3	3	3	3	4	4	2	2	4	4	2	1	2	2	1	1	2	1	3	3	4	4	4	4	2	2	1	1	1	1	2	1	2	2	1	1	2	2	3	3	3	3	1	1	3	3	3	3	3	3	1	1	2	2	1	1	2	2	3	3	2	1	3	3	3	3	4	4	2	1	2	2	2	2	1	1	2	1	3	2	3	3	2	2	2	2	3	3	2	2	4	4	3	2	3	3	2	2	2	2	2	2	3	1	1	1	3	3	2	1	1	1	2	1	3	1	1	1	4	4	2	2	2	2	2	2	2	2	1	1	4	4	2	2	2	2	1	1	2	1	1	1	2	2	3	1	1	1	1	1	4	1	1	1	2	2	2	2	2	2	2	2	3	3	3	3	4	4	2	2	2	2	3	1	3	3	3	3	2	2	2	2	2	2	2	1	2	1	3	3	1	1	2	2	3	2	1	1	1	1	1	1	3	1	3	3	2	2	2	2	3	3	2	2	2	2	1	1	3	3	3	3	2	1	4	1	3	3	2	2	2	2	2	2	3	3	3	3	2	2	2	2	2	2	3	2	4	2	1	1	1	1	1	1	2	2	1	1	2	2	2	2	3	1	1	1	2	1	3	3	5	5	3	2	5	5	3	3	3	2	2	2	1	1	2	2	5	5	1	1	1	1	2	2	2	1	4	1	4	4	4	2	2	2	2	2	3	2	3	3	2	2	3	3	3	3	3	2	3	3	3	3	2	2	2	2	3	3	3	3	3	3	3	3	2	1	3	3	4	1	4	4	3	3	2	2	2	2	3	1	2	2	3	3	2	2	1	1
21G.1155	2	1	1	1	4	4	2	1	2	2	1	1	3	3	4	4	2	2	3	3	3	3	2	2	2	2	2	2	2	1	2	2	2	1	3	3	3	3	3	1	4	3	1	1	3	1	2	1	2	2	2	1	1	1	1	1	2	2	2	1	3	3	5	4	3	3	1	1	3	2	3	2	3	3	3	3	3	2	3	3	3	3	2	2	2	2	4	4	1	1	2	2	3	3	1	1	2	2	2	1	2	2	2	1	3	3	2	2	4	4	3	3	2	1	1	1	3	3	4	1	3	3	2	2	2	2	3	3	3	2	2	2	3	1	2	2	4	2	2	2	2	2	2	1	2	2	5	5	3	2	2	2	2	2	2	1	1	1	2	2	3	1	2	2	2	2	3	3	1	1	2	2	2	2	2	2	2	2	2	1	2	2	3	3	2	2	2	2	2	2	1	1	7	7	3	3	1	1	2	1	2	2	4	1	2	2	2	2	1	1	1	1	1	1	1	1	2	2	3	3	3	3	4	4	4	1	2	2	2	2	2	2	1	1	3	3	1	1	2	1	3	2	3	2	1	1	3	3	3	2	3	3	2	2	3	2	2	2	2	2	4	2	2	2	2	2	2	2	4	4	2	1	3	3	2	1	2	2	2	2	3	3	3	3	2	2	3	3	3	3	2	1	4	4	3	1	2	2	2	1	1	1	1	1	1	1	1	1	2	2	3	3	2	2	2	2	3	3	2	2	4	4	2	2	2	2	3	3	3	3	3	2	1	1	1	1	2	2	2	2	1	1	2	1	1	1	3	3	2	2	3	3	2	2	1	1	2	1	2	2	1	1	3	3	3	3	3	2	4	3	2	2	1	1	2	1	2	1	5	4	3	3	2	2	2	2	2	1	2	1	3	3	2	2	2	2	3	2	3	1	1	1	3	3	3	3	2	2	2	2	2	2	3	3	4	2	2	1	3	2	4	4	2	2	3	3	2	2	2	2	2	2	4	2	2	1	3	3	3	1	2	2	3	3	1	1	5	5	4	4	1	1	2	1	3	3	2	2	2	1	2	2	3	1	3	1	2	1	2	2	3	3	2	2	4	2	4	2	3	3	2	2	2	2	5	5	2	2	4	2	2	2	2	2	2	1	2	2	4	4	4	4	4	2	3	2	2	1	2	2	3	1	1	1	3	3	3	1	3	2	3	3	1	1	2	2	3	3	3	3	3	3	1	1	3	3	2	1	1	1	1	1	1	1	2	2	3	2	3	2	3	2	3	3	3	3	3	1	2	2
21G.1156	2	2	2	2	4	4	1	1	1	1	1	1	3	3	3	3	3	3	5	5	3	3	2	1	2	2	4	2	1	1	2	2	3	3	1	1	3	3	1	1	3	3	3	2	3	1	2	2	2	1	4	4	2	2	2	2	2	1	2	2	3	2	5	5	3	3	3	3	2	2	2	2	3	3	4	3	3	3	1	1	2	2	2	1	3	2	5	5	3	1	2	2	3	1	1	1	3	3	2	2	3	3	3	3	3	3	2	1	4	4	3	1	2	2	2	2	3	3	3	3	1	1	2	2	2	2	2	2	4	2	2	1	3	3	2	2	3	3	2	2	2	2	2	2	2	2	5	5	3	1	2	2	3	3	1	1	3	3	1	1	2	1	2	2	2	2	3	3	3	1	1	1	3	3	1	1	1	1	4	4	3	2	2	2	3	2	2	2	1	1	1	1	7	7	2	2	1	1	1	1	3	3	4	4	2	2	4	4	3	3	2	2	2	2	2	2	1	1	4	4	3	3	3	3	3	3	1	1	2	2	1	1	2	1	3	3	2	1	1	1	3	2	2	2	3	1	3	3	4	4	3	2	1	1	3	3	2	1	2	2	4	3	2	2	3	1	2	2	4	4	1	1	3	3	2	1	3	3	2	2	3	2	2	2	2	2	3	3	3	3	1	1	3	3	3	3	3	1	3	2	2	2	2	2	2	2	3	1	2	2	3	1	2	2	1	1	3	3	1	1	4	4	2	2	1	1	3	2	3	3	1	1	2	1	3	3	2	2	2	2	1	1	1	1	2	1	3	3	1	1	3	1	5	5	2	2	1	1	2	1	3	3	3	2	2	2	2	2	3	3	3	3	2	1	5	5	3	3	4	2	3	3	2	2	1	1	2	2	1	1	1	1	3	3	2	2	2	2	1	1	1	1	3	3	3	2	3	3	2	2	2	2	2	2	2	2	2	2	1	1	4	4	3	3	3	3	4	3	3	3	2	1	2	2	2	2	1	1	3	1	3	3	3	3	3	1	4	3	4	3	2	2	1	1	1	1	2	1	2	2	2	2	3	2	3	3	1	1	1	1	3	3	5	5	4	2	4	4	3	2	3	3	1	1	5	5	2	2	5	5	1	1	3	3	2	1	1	1	4	4	4	3	2	2	2	2	2	1	3	3	1	1	2	2	3	3	2	2	2	2	3	3	1	1	1	1	2	2	2	2	1	1	3	2	3	3	2	2	3	2	3	3	4	4	2	2	3	2	3	2	3	3	3	3	3	2	3	3	1	1
21G.1158	2	2	2	2	4	4	3	3	1	1	1	1	3	3	3	3	3	3	5	5	3	3	2	2	2	1	4	4	2	2	2	2	3	3	2	2	1	1	4	1	4	3	3	3	3	3	3	2	2	2	4	2	2	2	2	2	2	2	1	1	2	2	4	4	2	2	3	2	3	2	2	2	3	3	3	3	3	3	1	1	3	3	1	1	2	2	3	3	3	1	2	1	3	3	1	1	4	4	1	1	3	3	1	1	3	2	2	2	4	4	3	2	3	3	2	1	2	2	1	1	3	1	3	3	1	1	2	2	2	2	2	2	3	3	2	2	3	3	3	2	2	2	2	2	3	3	3	3	2	1	1	1	3	3	4	1	1	1	2	1	3	1	2	2	2	2	3	3	2	2	1	1	3	3	2	2	2	1	4	4	2	2	2	2	2	1	2	2	2	1	2	2	4	4	3	1	2	2	2	2	3	3	4	4	1	1	4	4	3	3	2	2	2	1	2	2	1	1	2	2	3	1	4	4	3	1	2	1	2	2	3	3	2	2	3	2	1	1	2	1	1	1	2	2	1	1	2	2	4	4	2	2	2	1	3	3	2	1	2	1	3	3	3	2	3	3	3	3	4	1	2	2	2	2	2	2	2	2	2	1	2	1	3	3	1	1	2	2	2	1	2	2	5	5	1	1	3	2	3	3	2	1	2	2	3	3	3	3	2	2	3	3	2	1	2	2	2	2	2	2	4	4	2	2	2	2	3	3	1	1	3	2	3	2	5	5	3	3	1	1	2	2	1	1	2	2	3	3	2	1	3	1	4	4	1	1	2	2	2	2	2	2	3	2	1	1	1	1	4	4	3	3	2	2	5	1	3	3	4	3	3	3	1	1	2	2	1	1	2	2	2	2	3	1	2	1	3	3	1	1	1	1	3	3	3	2	3	3	2	2	2	2	3	2	2	2	3	1	2	2	3	3	3	3	3	3	3	3	3	3	2	1	3	2	2	2	3	1	3	2	2	2	3	3	2	2	5	5	3	1	3	2	3	3	3	1	2	1	2	1	2	2	2	1	1	1	2	2	2	2	3	3	5	5	4	4	1	1	2	2	3	3	2	2	5	5	2	1	3	3	3	3	2	2	1	1	1	1	4	4	4	4	2	2	2	2	1	1	2	2	3	3	2	2	3	3	3	3	3	3	3	3	3	3	3	3	2	2	2	2	3	3	2	2	4	4	2	1	2	2	4	4	4	1	2	2	2	2	2	2	4	4	3	3	2	2	2	2	1	1
21G.1167	2	2	3	3	4	4	2	2	1	1	2	2	3	3	4	4	3	3	5	3	3	2	3	1	2	2	4	4	4	4	3	2	2	2	2	2	4	1	3	3	3	3	3	3	3	1	3	3	2	2	4	2	2	2	2	2	2	2	2	2	3	1	4	4	3	2	2	2	2	2	2	2	3	3	4	3	1	1	1	1	3	3	2	2	2	2	3	2	3	1	2	2	3	2	1	1	4	2	1	1	1	1	3	3	3	3	1	1	1	1	3	3	3	1	1	1	2	1	3	3	1	1	3	2	2	2	1	1	4	1	3	3	3	3	2	2	4	4	2	2	1	1	2	2	3	3	1	1	3	3	1	1	1	1	2	2	2	2	2	1	3	3	2	2	3	3	1	1	3	3	1	1	3	3	3	3	2	2	2	2	3	3	2	2	2	2	2	2	2	2	1	1	7	7	2	2	2	2	1	1	3	3	4	2	3	3	4	4	3	2	2	2	2	2	2	2	2	1	3	3	3	3	3	2	4	4	2	2	2	2	1	1	2	2	2	1	2	1	2	2	2	2	1	1	2	1	3	3	4	4	3	3	2	2	3	2	1	1	2	2	2	2	3	2	3	1	2	1	4	4	2	1	2	2	2	2	3	3	2	2	3	3	3	3	1	1	3	3	4	4	2	1	3	1	3	3	3	3	1	1	2	2	2	2	3	3	1	1	2	2	2	1	2	2	2	2	1	1	2	2	4	4	2	1	1	1	3	3	5	5	3	3	5	5	3	3	2	2	3	1	2	2	3	2	3	2	3	3	1	1	1	1	4	4	1	1	1	1	2	2	2	2	3	3	1	1	2	2	4	3	3	3	2	1	3	3	2	2	4	4	3	3	2	1	2	1	2	2	1	1	3	3	3	3	2	2	3	3	3	1	2	2	2	2	3	3	3	3	2	2	2	2	3	3	3	1	3	2	3	3	4	4	3	2	3	3	3	3	2	1	2	2	3	3	2	2	3	3	3	3	3	2	3	3	3	3	3	3	4	4	2	1	1	1	3	1	2	2	1	1	2	2	1	1	3	1	1	1	2	2	4	3	2	2	5	1	1	1	3	3	3	3	1	1	3	1	1	1	2	2	3	2	2	2	2	1	2	2	4	4	3	1	4	4	2	2	1	1	2	2	1	1	2	2	3	3	3	1	3	3	3	1	2	2	2	2	4	4	2	2	3	3	1	1	3	1	2	2	2	2	4	1	4	2	2	2	3	3	2	2	1	1	3	1	3	3	2	2	2	2
21G.1168	2	2	3	2	4	4	3	2	2	1	1	1	3	3	4	3	3	3	5	1	3	3	3	1	2	1	4	4	1	1	3	3	2	1	3	3	4	1	3	3	4	2	3	3	3	3	2	2	2	2	3	3	2	2	3	1	2	2	1	1	3	2	4	2	2	2	4	4	3	2	2	1	2	1	3	3	3	1	3	3	3	3	2	1	3	3	4	2	3	1	2	2	3	1	3	2	3	3	2	1	2	2	3	2	3	3	2	1	4	4	3	3	3	2	2	2	3	3	1	1	3	3	3	2	3	3	3	3	4	4	3	3	2	1	2	2	3	2	2	2	2	2	2	2	2	2	3	3	1	1	2	2	3	3	2	1	3	3	2	2	3	3	2	2	2	2	2	2	1	1	1	1	3	1	2	2	2	1	2	2	2	2	2	1	3	3	2	1	1	1	2	2	7	4	3	3	1	1	2	2	3	3	4	4	1	1	4	4	3	3	2	2	3	2	2	1	1	1	3	3	3	2	4	2	4	4	1	1	2	2	2	2	1	1	3	3	2	1	2	2	3	2	2	2	3	3	2	2	4	4	3	1	2	2	3	2	2	1	2	1	2	2	3	3	3	3	3	1	4	4	3	3	2	1	2	2	3	3	2	2	2	2	3	3	1	1	3	3	3	2	2	2	3	3	2	2	3	3	3	3	2	1	2	2	2	2	3	3	2	2	1	1	3	2	1	1	2	1	2	1	3	3	2	1	2	2	3	3	1	1	3	1	5	2	2	2	2	2	1	1	2	1	1	1	2	2	2	2	1	1	3	3	4	2	1	1	2	1	2	2	2	1	3	3	3	1	2	2	4	4	2	2	2	2	5	5	2	1	3	3	3	3	2	1	2	2	2	1	2	2	2	2	2	2	2	2	3	3	3	1	2	2	1	1	2	1	3	2	2	2	1	1	2	1	3	3	2	1	2	2	3	1	2	2	3	3	4	4	2	2	2	2	4	3	2	1	3	3	3	3	3	3	3	2	2	2	3	3	4	4	5	2	3	3	3	3	1	1	2	2	2	2	2	2	2	2	2	2	1	1	3	2	5	5	2	2	4	4	2	2	3	1	1	1	5	1	1	1	2	2	3	1	3	3	2	2	2	2	4	1	2	2	4	4	3	2	2	2	3	3	3	1	2	2	1	1	1	1	3	3	2	2	3	3	1	1	4	1	3	2	3	3	3	3	3	3	2	2	3	3	2	2	4	1	3	2	2	2	3	2	1	1	3	3	2	2	2	2	1	1
21G.1170	2	1	3	3	4	4	3	2	2	2	3	3	4	1	4	4	2	2	1	1	3	3	1	1	3	3	4	4	2	1	3	3	3	3	2	1	3	3	1	1	3	2	3	3	1	1	2	2	2	2	2	1	2	2	2	2	2	1	2	1	3	3	5	2	3	3	1	1	3	3	3	2	3	1	3	3	3	2	1	1	3	2	1	1	2	2	4	4	3	1	2	1	1	1	3	3	4	4	2	2	3	1	3	3	3	1	2	2	2	2	3	3	2	1	1	1	2	2	1	1	2	2	3	3	3	3	3	1	4	4	3	3	3	3	2	2	3	1	2	2	2	1	1	1	3	3	3	3	2	1	2	2	3	1	2	1	1	1	2	2	3	3	3	3	2	2	3	3	3	3	1	1	3	2	3	3	1	1	2	2	3	3	2	2	3	3	2	2	2	2	2	1	4	2	2	2	1	1	2	1	2	2	4	4	1	1	4	4	3	3	4	4	2	2	2	2	2	2	3	2	3	3	4	4	4	3	1	1	2	1	3	3	1	1	2	1	1	1	2	2	3	3	1	1	2	2	3	3	3	3	3	3	1	1	3	3	1	1	2	2	3	3	3	3	3	3	3	3	4	4	2	1	3	2	2	2	2	2	1	1	3	1	3	3	2	1	3	3	3	2	2	1	5	5	3	1	2	2	3	3	2	2	2	2	2	1	3	3	3	3	2	2	3	3	2	2	2	2	2	1	4	4	2	1	2	1	2	2	2	2	1	1	4	2	4	4	2	1	2	2	2	2	2	2	2	1	3	2	2	2	3	3	5	4	1	1	2	2	2	2	1	1	2	2	1	1	3	3	4	4	3	3	2	2	5	5	3	3	4	4	3	3	1	1	1	1	2	1	2	1	2	1	2	2	1	1	3	3	3	3	2	2	3	2	3	3	3	3	2	2	2	2	2	2	2	2	3	3	3	1	3	3	2	1	1	1	4	2	2	2	2	1	2	2	2	1	3	3	3	2	2	2	3	3	2	2	4	4	4	2	1	1	2	2	3	2	3	1	1	1	2	2	2	2	1	1	1	1	1	1	3	3	5	5	4	2	3	2	3	3	2	1	2	1	1	1	2	2	5	2	3	1	2	2	2	1	2	2	3	1	4	2	2	2	2	2	1	1	2	2	3	1	2	1	3	1	1	1	3	3	3	3	3	3	1	1	2	2	2	2	3	3	2	2	4	4	2	1	2	2	4	1	4	4	3	3	3	3	2	2	3	3	3	3	3	3	3	2	2	1
21G.1172	1	1	1	1	4	4	3	3	1	1	2	2	1	1	4	4	2	2	2	1	3	2	2	2	2	2	2	2	1	1	3	3	1	1	3	3	3	1	2	2	3	3	3	2	3	3	2	2	2	2	4	3	2	2	3	2	2	2	2	2	3	3	5	4	3	1	3	3	3	3	3	2	3	3	4	4	2	2	3	3	3	3	2	2	3	3	4	2	1	1	2	2	2	1	3	3	3	3	2	1	3	3	2	2	3	3	2	2	2	2	2	2	2	2	2	2	1	1	4	4	1	1	2	2	2	2	3	3	4	4	3	2	3	3	2	2	1	1	3	3	2	2	1	1	2	2	5	5	2	2	2	1	3	3	4	1	3	1	1	1	3	3	2	2	3	2	3	2	3	3	2	1	3	3	3	3	1	1	4	4	3	2	1	1	3	1	2	1	2	2	1	1	4	3	2	2	1	1	2	2	3	2	3	3	3	1	3	3	2	1	2	2	3	3	1	1	1	1	2	1	3	3	4	3	4	3	2	2	2	2	1	1	2	2	3	2	2	1	2	2	3	2	3	3	3	1	3	3	4	2	3	2	1	1	3	2	1	1	2	2	1	1	2	2	3	3	2	2	1	1	2	2	3	3	2	2	3	3	2	2	3	3	2	2	2	2	2	2	3	3	2	1	3	1	2	1	3	3	2	2	2	1	1	1	2	2	1	1	2	2	2	2	3	3	2	2	2	1	2	1	4	4	2	2	2	2	3	3	2	1	2	2	4	4	5	2	2	2	1	1	1	1	1	1	2	1	3	3	2	2	3	1	4	4	2	2	2	1	2	1	2	1	3	3	3	1	4	3	4	4	2	1	2	2	5	3	2	2	3	3	3	3	2	1	1	1	2	2	2	1	2	1	3	3	2	2	3	2	1	1	1	1	1	1	3	3	3	3	2	2	2	2	1	1	2	1	2	2	1	1	4	4	2	2	3	1	4	4	3	3	2	2	3	2	2	2	3	3	3	2	3	3	3	3	2	1	3	3	4	3	1	1	2	2	2	1	2	2	2	1	2	2	2	1	3	3	1	1	1	1	3	3	4	4	3	2	5	4	3	1	1	1	2	2	2	2	1	1	5	2	3	2	2	1	2	1	2	2	4	2	4	3	2	2	2	2	2	1	2	2	3	3	2	2	3	3	1	1	3	2	3	3	3	3	1	1	2	2	2	2	3	3	2	2	3	3	3	2	2	2	4	4	2	2	2	2	3	3	3	3	3	3	3	2	2	2	2	1	3	3
21G.1178	2	2	2	2	4	4	2	2	1	1	2	1	3	3	4	3	3	1	5	3	3	3	2	1	2	1	4	4	4	2	2	2	2	2	2	2	4	4	3	1	3	2	3	3	3	1	2	2	2	2	4	4	2	2	3	3	2	2	2	2	3	3	4	1	3	3	1	1	3	2	2	2	3	3	4	2	3	3	1	1	3	2	2	1	2	1	3	2	3	3	2	2	3	1	2	1	3	3	2	1	2	2	3	3	1	1	1	1	4	4	1	1	2	1	2	2	2	1	3	3	1	1	3	3	3	3	3	3	4	4	3	3	3	3	2	2	3	2	3	3	1	1	2	2	2	2	3	1	2	2	2	2	3	2	4	4	1	1	2	2	3	3	1	1	2	2	3	1	3	3	2	1	3	3	3	2	2	2	1	1	2	1	2	2	2	1	2	2	2	2	2	2	7	2	3	2	2	1	2	2	3	2	4	1	1	1	4	4	3	2	4	2	2	1	2	1	1	1	3	3	3	3	4	4	3	1	2	2	1	1	3	3	1	1	2	1	1	1	2	2	3	2	3	3	2	2	2	2	4	4	3	1	2	1	3	2	1	1	2	1	3	3	2	2	3	3	3	3	4	4	3	3	2	2	1	1	3	1	2	2	3	2	3	2	2	2	2	2	3	1	2	1	3	1	3	1	3	3	2	2	2	2	2	2	2	2	4	3	3	2	2	1	3	1	2	1	2	2	2	1	3	3	2	1	2	1	3	3	2	1	3	3	4	4	5	5	2	1	2	1	2	2	3	1	3	2	2	2	2	2	3	3	4	1	1	1	2	1	2	2	2	1	3	3	1	1	2	2	4	4	3	3	2	2	3	3	2	2	3	3	3	3	2	1	1	1	2	1	2	2	1	1	3	3	1	1	2	1	3	3	2	1	2	2	3	3	3	3	1	1	2	1	2	1	3	1	2	2	3	3	3	3	2	1	3	3	3	3	2	1	2	2	3	3	1	1	3	3	3	3	3	2	3	3	2	1	3	3	3	3	4	4	1	1	1	1	2	2	2	1	2	2	1	1	3	3	1	1	2	2	4	3	5	2	2	2	3	1	3	3	3	3	1	1	1	1	2	1	5	5	2	2	2	2	2	2	2	2	4	4	3	3	2	2	3	1	2	1	2	1	3	3	2	2	3	3	3	2	2	1	2	1	3	3	1	1	4	2	2	2	3	3	1	1	4	4	3	2	3	3	4	3	2	2	2	2	2	2	3	2	3	3	3	2	3	3	2	2	1	1
21G.1185	2	1	3	3	4	1	3	3	2	2	1	1	4	4	4	4	3	3	3	3	3	3	1	1	2	2	4	4	1	1	3	2	2	2	2	1	1	1	3	2	1	1	1	1	3	1	3	2	2	2	4	2	2	2	3	3	2	1	2	1	2	2	4	4	2	2	3	2	2	2	3	2	3	2	3	1	2	2	1	1	3	3	2	2	3	2	3	3	1	1	2	1	3	3	3	3	3	2	1	1	3	3	2	2	3	3	1	1	4	4	3	1	1	1	2	2	3	1	4	3	1	1	3	3	2	2	3	3	2	1	3	3	3	2	2	1	4	3	2	2	1	1	2	2	2	2	5	5	2	2	2	2	3	3	4	1	1	1	2	2	3	3	2	2	2	2	2	1	4	4	2	2	3	3	3	3	1	1	2	2	3	2	1	1	3	3	2	2	2	2	2	2	7	4	3	3	2	2	2	1	3	2	4	4	1	1	3	1	2	1	2	2	2	2	2	1	2	2	3	3	2	2	2	2	4	4	1	1	2	1	2	2	2	1	3	3	2	2	2	1	3	3	1	1	2	2	3	3	4	4	3	3	1	1	3	2	2	1	1	1	4	1	2	2	3	3	2	2	4	1	2	1	1	1	2	2	3	3	1	1	3	2	2	2	1	1	3	2	2	2	1	1	5	4	3	1	3	3	2	2	2	2	2	1	3	3	3	1	2	2	3	3	3	3	1	1	3	2	1	1	3	3	2	2	2	2	3	3	2	2	3	3	5	5	5	2	2	2	2	1	1	1	1	1	2	2	3	3	1	1	3	3	4	4	2	2	1	1	2	2	3	3	3	3	1	1	3	2	3	2	3	2	2	1	3	2	3	2	3	1	3	3	2	2	2	2	2	1	2	1	3	1	1	1	1	1	3	3	3	1	1	1	1	1	1	1	3	2	2	2	2	2	2	2	3	2	3	2	3	3	4	4	3	3	3	3	4	3	2	2	2	2	1	1	2	1	3	1	3	3	2	2	3	3	2	2	2	1	4	4	5	5	2	1	3	3	1	1	2	2	2	2	1	1	3	3	2	2	2	2	4	3	5	5	4	4	4	1	3	2	2	2	2	1	1	1	2	2	4	2	2	1	1	1	2	2	2	2	4	2	4	1	2	1	2	2	2	2	3	2	1	1	2	2	3	2	3	3	2	2	2	2	3	2	3	3	4	4	3	3	3	3	2	2	3	2	2	2	1	1	3	3	4	1	2	2	3	3	3	2	3	3	2	2	3	2	3	3	3	3
21G.1190	2	2	3	3	4	4	2	2	2	1	1	1	4	3	4	3	3	1	5	3	3	2	2	1	2	1	4	3	1	1	3	3	2	1	3	3	3	1	3	3	2	2	3	3	3	3	3	2	2	1	4	4	2	2	2	1	2	2	1	1	3	2	5	5	3	2	1	1	3	2	3	1	3	2	3	3	3	3	1	1	3	1	2	2	2	2	3	3	1	1	2	2	3	3	1	1	4	3	2	1	2	2	2	2	3	1	2	1	4	4	3	3	2	2	2	1	2	1	4	1	3	1	2	2	2	1	3	3	4	4	2	2	3	3	2	1	4	2	3	2	2	2	2	2	2	2	1	1	2	2	1	1	3	1	4	1	1	1	2	2	3	3	2	1	2	2	3	3	3	1	1	1	3	3	3	2	2	1	1	1	2	2	1	1	2	2	2	2	2	2	2	2	7	7	2	2	2	1	2	2	3	2	2	1	3	3	4	4	2	2	2	2	2	2	2	2	1	1	2	2	3	3	2	2	4	4	2	2	2	2	3	2	2	2	3	3	2	1	2	2	3	3	3	3	2	2	3	3	4	4	3	3	2	1	3	3	1	1	2	2	3	3	2	2	3	3	3	2	4	4	2	1	1	1	1	1	3	3	2	2	2	2	2	2	1	1	3	1	2	2	2	2	1	1	3	2	2	2	2	2	2	2	2	1	2	1	4	4	2	2	2	1	1	1	2	2	2	2	2	1	3	3	1	1	2	2	3	3	3	3	1	1	4	4	3	2	3	2	1	1	2	1	1	1	2	1	3	3	2	1	1	1	2	2	1	1	2	1	2	2	2	2	3	3	1	1	3	3	4	3	3	3	2	2	3	2	3	2	4	4	3	1	2	2	2	2	1	1	2	2	3	3	1	1	2	1	3	2	3	1	2	1	1	1	3	1	3	3	2	2	2	1	2	2	3	3	3	3	3	3	3	3	3	3	3	3	4	3	3	1	2	2	4	4	2	1	3	3	3	3	2	2	3	3	2	1	3	3	4	4	5	5	1	1	1	1	2	1	2	1	2	2	3	3	3	3	1	1	1	1	3	3	5	5	5	5	4	3	3	2	1	1	2	2	2	1	2	1	5	5	1	1	2	1	2	2	1	1	4	4	4	1	2	1	3	3	2	2	3	3	3	3	2	1	3	3	3	3	3	2	2	2	3	3	3	1	2	2	3	2	3	1	3	1	3	3	2	2	3	3	4	4	4	4	3	2	3	2	3	3	4	4	3	2	3	2	2	2	1	1
21G.1198	2	2	3	3	4	4	2	2	2	2	3	3	3	3	4	4	2	2	2	1	3	3	2	2	2	2	4	4	2	1	3	2	3	2	2	2	3	3	4	1	4	4	3	3	3	3	2	2	2	2	3	3	1	1	3	3	2	2	2	2	2	2	4	2	2	2	4	4	3	3	2	2	3	1	3	3	2	2	3	3	3	2	2	2	3	3	4	4	2	1	2	1	1	1	2	2	4	3	2	1	3	3	2	2	1	1	2	1	4	4	3	1	3	3	2	1	3	2	4	1	3	1	3	3	3	2	3	3	4	2	3	3	3	3	2	1	4	4	2	2	2	2	2	2	3	3	3	3	2	2	1	1	3	3	2	1	3	1	2	1	3	2	1	1	3	2	2	2	1	1	2	2	3	3	3	3	1	1	4	1	2	2	3	2	3	3	2	2	2	2	1	1	4	4	2	2	1	1	2	2	4	2	4	3	1	1	4	4	2	1	4	3	3	3	1	1	2	1	3	1	3	1	3	3	4	1	1	1	2	2	2	2	1	1	2	2	2	2	2	2	2	2	2	2	1	1	2	2	4	1	2	1	1	1	3	3	2	2	2	2	4	2	3	1	3	1	2	1	4	4	2	2	1	1	2	2	3	3	1	1	3	2	2	2	2	2	3	2	4	4	2	1	2	2	3	2	3	3	2	2	2	2	2	2	2	2	4	4	2	2	2	2	2	1	2	2	3	3	2	2	4	3	1	1	2	2	3	3	2	2	2	2	4	3	2	2	2	1	1	1	2	2	2	1	2	1	3	1	1	1	3	3	4	1	1	1	2	2	2	2	3	3	3	2	3	1	3	1	4	3	3	2	2	1	5	5	2	2	3	3	1	1	2	2	2	2	2	2	2	2	2	2	1	1	2	2	3	2	1	1	2	2	3	3	2	2	3	1	2	2	2	2	2	2	2	2	2	1	3	3	3	3	2	2	3	3	3	3	3	3	2	2	4	4	3	3	3	3	3	3	3	2	3	3	2	2	5	1	4	4	2	2	1	1	1	1	1	1	2	2	2	2	1	1	3	3	1	1	2	2	3	3	5	5	4	2	4	2	3	3	3	3	2	1	1	1	1	1	2	2	2	1	3	1	2	1	2	1	4	4	2	2	4	4	2	2	1	1	3	3	4	1	2	2	3	2	2	1	3	1	3	2	3	3	2	1	3	3	2	2	3	2	3	3	3	3	3	2	3	1	3	3	2	2	2	1	3	3	3	3	3	1	1	1	3	3	2	2	1	1
21G.1206	2	2	3	2	1	1	3	2	1	1	2	2	3	3	4	4	2	1	2	1	3	3	2	1	2	1	2	2	2	2	3	3	3	1	2	2	3	1	3	1	3	3	3	3	1	1	2	1	2	2	3	3	2	2	2	2	1	1	1	1	2	2	5	4	2	2	3	2	3	2	3	1	3	2	4	3	3	2	3	1	3	3	2	2	3	3	4	3	2	2	2	1	3	3	3	3	3	3	3	3	3	3	2	2	3	3	2	2	4	4	1	1	3	3	2	2	2	2	4	1	3	3	2	2	2	2	3	3	4	1	3	3	3	3	2	2	4	4	3	1	1	1	2	2	2	2	5	5	1	1	1	1	3	3	4	1	1	1	2	2	3	3	2	2	2	2	2	1	3	3	1	1	3	2	3	3	2	2	2	1	2	2	2	2	3	3	2	1	2	2	2	1	3	3	3	3	1	1	2	1	3	2	4	2	1	1	4	2	1	1	4	4	1	1	2	2	2	2	3	3	1	1	4	4	2	2	2	1	2	2	3	1	1	1	2	1	1	1	2	2	3	1	2	1	1	1	3	2	4	4	3	3	1	1	3	3	1	1	2	2	3	2	2	2	1	1	2	2	4	4	2	2	2	2	2	2	2	2	1	1	1	1	3	3	1	1	2	2	2	2	2	2	4	4	3	1	2	2	2	2	1	1	2	2	2	2	3	3	3	3	2	1	2	2	2	2	2	1	2	1	4	1	2	2	2	2	3	3	5	5	2	2	3	3	5	5	2	1	2	2	2	2	2	2	2	1	3	3	2	2	3	3	4	4	1	1	2	1	2	1	2	2	3	2	1	1	3	3	1	1	3	2	2	1	5	1	2	1	5	5	3	3	2	2	1	1	2	2	2	2	2	1	2	1	2	2	3	3	3	3	2	2	3	1	3	3	3	3	2	2	2	2	3	2	3	2	3	3	3	2	4	4	3	2	3	1	4	3	3	3	2	2	2	1	3	2	3	1	3	3	2	2	3	3	2	2	3	1	4	4	2	2	3	1	3	3	2	1	2	1	2	2	2	1	3	3	1	1	2	2	3	3	5	4	5	4	3	3	3	2	3	2	2	2	2	1	2	1	3	3	3	2	2	1	2	1	2	2	2	2	4	4	2	2	2	2	2	2	3	3	3	3	2	1	3	3	3	3	3	2	3	3	3	3	1	1	2	2	3	3	3	2	3	3	3	3	2	2	3	3	4	4	2	1	3	2	3	3	3	1	4	4	2	2	3	3	3	2	2	1
21G.1209	1	1	1	1	4	2	2	1	1	1	1	1	3	1	4	4	2	2	1	1	2	1	2	2	2	1	4	2	4	4	3	3	2	1	3	2	4	4	3	1	3	3	3	1	3	1	3	3	2	2	3	2	2	2	2	2	2	1	2	2	3	3	2	1	3	3	1	1	3	2	3	3	3	3	3	3	3	3	2	2	3	1	1	1	2	2	4	2	3	3	2	2	2	1	1	1	3	3	2	2	3	1	3	3	3	3	1	1	4	4	1	1	3	2	2	2	2	2	3	3	1	1	2	2	2	2	3	1	1	1	3	2	3	3	2	2	4	4	3	2	2	2	1	1	3	2	1	1	3	3	2	2	3	3	2	2	2	2	1	1	3	3	2	2	2	2	3	3	3	1	1	1	3	3	3	3	2	2	2	2	3	3	2	1	2	2	1	1	2	2	1	1	7	7	3	2	1	1	2	2	4	2	3	3	3	3	2	1	1	1	4	4	1	1	2	1	2	2	4	4	3	3	2	1	3	3	2	2	1	1	3	2	2	2	2	1	1	1	2	1	3	3	3	3	2	2	3	2	4	3	2	2	2	2	3	3	2	1	2	2	4	4	3	3	1	1	2	2	4	2	2	2	2	2	2	2	3	2	1	1	3	3	3	3	2	2	3	2	2	2	1	1	1	1	3	3	3	3	2	2	2	2	1	1	3	2	1	1	3	3	3	3	1	1	2	2	2	1	2	2	4	3	2	2	1	1	3	1	5	5	3	1	2	1	5	3	2	2	2	2	2	2	1	1	2	2	3	2	2	2	2	2	5	4	1	1	2	1	2	2	3	3	2	2	3	3	3	3	4	4	3	1	2	1	5	3	1	1	5	5	3	1	1	1	1	1	2	1	2	2	3	3	2	2	2	1	3	3	1	1	2	1	2	2	3	3	3	3	2	2	1	1	3	2	4	3	3	1	3	3	4	3	2	2	1	1	3	3	3	3	2	1	3	2	3	3	1	1	3	3	3	3	3	3	3	2	4	1	3	2	4	2	1	1	2	2	2	1	1	1	2	2	2	2	1	1	2	2	2	2	2	2	2	2	4	4	3	2	2	1	2	1	2	2	1	1	1	1	4	2	3	2	2	2	2	2	2	1	4	4	4	1	1	1	3	1	2	1	3	3	3	3	2	1	2	2	3	1	3	2	3	3	2	1	2	2	4	3	2	2	3	3	2	2	4	4	0	0	3	3	4	4	4	4	2	1	3	1	2	2	2	1	3	3	3	2	3	3	1	1
21G.1210	1	1	3	2	4	1	3	3	1	1	3	3	3	3	4	3	2	2	2	2	3	1	1	1	1	1	4	4	4	4	3	3	2	2	1	1	4	3	3	3	4	4	3	3	1	1	3	3	2	2	3	3	2	2	2	1	2	2	1	1	2	1	5	5	3	3	1	1	3	3	2	2	3	3	4	4	3	3	3	1	3	3	2	1	2	2	4	3	1	1	2	2	3	3	3	3	2	2	3	2	2	2	1	1	3	1	2	2	2	2	3	3	1	1	2	1	3	1	3	3	1	1	3	2	2	2	1	1	4	4	2	2	3	3	2	1	4	4	3	1	1	1	2	1	3	2	5	5	3	3	2	2	3	2	2	1	2	1	2	1	2	1	2	1	2	2	3	3	3	3	1	1	2	2	2	2	2	1	2	2	2	1	2	2	1	1	1	1	2	2	1	1	6	6	3	3	1	1	1	1	4	4	2	2	2	1	4	2	2	1	2	1	1	1	2	2	2	2	3	3	1	1	1	1	3	3	2	2	2	1	3	3	1	1	1	1	1	1	2	2	2	2	3	1	3	3	3	2	4	4	3	3	1	1	3	3	2	2	1	1	4	2	3	2	3	1	3	2	5	1	2	1	1	1	2	1	2	2	2	2	3	3	3	3	2	2	3	2	3	3	1	1	4	4	1	1	3	3	3	3	2	1	2	1	2	2	3	1	2	2	2	1	2	1	1	1	2	2	2	2	3	3	2	1	2	2	3	3	5	5	3	3	3	3	5	1	3	2	2	2	1	1	1	1	2	1	3	3	2	2	3	3	5	5	2	1	2	2	1	1	3	3	3	3	2	2	2	1	4	2	3	2	2	1	3	3	2	2	5	5	2	1	2	2	2	2	2	2	1	1	3	3	2	2	2	1	3	3	1	1	1	1	1	1	2	2	3	1	2	2	2	2	2	2	3	2	3	3	3	1	4	4	2	2	3	3	3	3	2	1	2	2	4	3	2	1	3	1	3	1	2	2	3	3	3	1	3	1	4	2	2	2	3	2	2	2	2	1	2	2	2	1	2	2	3	3	2	2	2	1	3	3	5	2	5	3	4	2	3	2	2	2	2	2	5	5	2	2	4	4	2	2	1	1	2	1	2	2	4	3	3	2	4	2	2	2	2	2	2	2	1	1	2	2	2	1	3	1	4	3	3	2	3	3	1	1	4	4	1	1	3	3	1	1	4	3	3	3	2	2	4	1	2	2	2	2	3	2	3	1	4	3	3	3	3	3	1	1	1	1
21G.1211	1	1	1	1	4	4	1	1	2	1	1	1	3	3	3	3	2	1	2	2	2	2	3	3	2	2	4	1	4	4	3	2	2	1	2	1	4	1	3	3	3	1	3	3	3	1	3	3	2	1	3	3	2	2	3	3	2	2	2	2	3	3	4	2	4	3	1	1	2	2	2	2	3	1	3	3	1	1	1	1	3	3	2	2	2	2	2	2	3	3	2	2	3	3	3	3	4	4	1	1	2	2	2	2	3	2	2	1	4	2	3	3	2	2	2	1	2	2	3	1	2	2	2	1	2	2	3	3	2	2	4	4	3	1	1	1	3	3	2	2	1	1	2	2	2	2	3	3	2	2	2	2	3	3	2	2	3	3	1	1	2	2	2	2	2	2	2	2	3	1	1	1	3	3	3	3	2	2	2	2	2	2	2	2	1	1	2	1	2	1	1	1	4	4	3	3	1	1	2	1	2	2	4	2	1	1	4	4	3	2	4	4	2	2	2	1	1	1	2	2	2	1	4	4	3	3	2	1	2	2	3	3	2	2	2	2	1	1	2	1	3	3	3	3	3	2	3	3	3	3	3	3	2	1	3	3	1	1	2	1	3	2	3	3	3	1	3	2	4	2	2	1	3	3	1	1	3	2	2	2	3	3	3	2	2	2	3	3	3	3	2	2	3	3	3	3	3	2	2	2	1	1	1	1	3	3	1	1	2	2	3	2	3	2	2	2	2	2	2	1	3	3	1	1	2	2	3	1	3	2	3	3	2	2	5	5	3	3	2	2	2	2	1	1	3	3	3	2	2	1	2	2	5	4	2	1	2	1	1	1	3	1	3	3	3	3	3	3	3	2	2	2	2	1	5	5	3	3	4	4	1	1	2	2	1	1	1	1	2	2	2	2	3	2	2	2	3	1	1	1	2	1	1	1	3	3	3	3	1	1	2	2	3	3	3	2	2	2	1	1	4	3	2	2	3	1	3	3	3	3	2	2	3	3	2	2	1	1	3	1	3	2	3	3	3	3	2	2	4	3	4	2	2	2	1	1	2	2	2	2	2	2	1	1	2	2	2	2	2	2	3	2	5	5	4	3	4	2	3	3	2	2	2	1	5	3	2	2	4	4	2	2	3	3	2	2	2	2	4	4	4	1	4	2	2	2	2	1	3	3	1	1	2	2	3	3	3	2	3	2	3	3	2	2	2	1	3	2	3	2	3	3	3	3	5	5	2	2	2	1	3	3	2	1	3	3	2	2	3	2	3	3	3	3	2	2	2	2	2	2
21G.1215	2	2	3	3	4	4	3	3	2	1	3	2	3	1	4	3	2	1	3	2	3	3	1	1	2	1	4	4	4	1	3	3	3	3	3	2	4	2	3	2	3	3	3	3	1	1	3	3	1	1	3	3	2	2	3	3	2	1	2	2	3	2	2	1	3	3	1	1	3	3	2	2	3	3	3	3	3	3	1	1	3	3	2	2	3	2	5	5	3	1	2	2	3	3	2	1	3	3	2	2	2	2	2	2	2	1	2	2	4	4	3	3	2	2	1	1	2	2	4	4	3	2	3	3	2	2	1	1	4	4	2	2	3	2	1	1	4	4	2	2	1	1	1	1	2	2	5	5	2	1	2	2	2	1	1	1	1	1	2	2	3	3	1	1	2	2	2	1	1	1	2	1	3	3	3	3	2	2	4	4	2	2	3	3	2	2	2	1	2	2	2	2	7	4	3	3	2	2	2	1	2	2	3	3	1	1	2	2	1	1	4	4	1	1	2	1	2	2	4	1	3	2	2	2	3	3	2	2	2	2	3	3	2	2	1	1	2	2	2	2	2	2	1	1	2	2	3	3	4	4	3	3	2	2	3	3	2	2	2	2	2	1	3	3	3	3	3	3	4	4	2	1	1	1	1	1	2	2	2	2	3	2	3	3	2	2	3	3	3	2	2	1	4	3	3	3	3	3	3	1	2	1	2	2	2	2	3	3	2	2	1	1	2	2	1	1	2	2	2	2	4	4	2	2	1	1	3	3	3	1	3	3	1	1	2	2	3	3	2	2	1	1	3	1	2	1	3	3	1	1	3	1	5	5	2	2	1	1	2	1	3	3	3	3	3	3	2	2	4	4	3	3	2	2	5	5	2	2	3	3	3	1	2	1	2	1	2	1	1	1	3	3	3	2	2	2	3	1	3	3	1	1	3	1	3	3	2	2	0	0	2	1	2	2	2	2	3	3	3	3	4	4	2	2	1	1	3	1	3	3	2	2	3	3	2	1	3	3	3	2	3	2	3	2	3	2	3	2	4	3	4	2	1	1	3	3	2	1	1	1	2	2	2	2	2	2	1	1	2	1	3	3	4	2	4	4	1	1	3	3	1	1	1	1	1	1	2	1	4	4	3	2	4	4	2	1	2	1	4	4	2	2	2	1	3	3	2	2	2	2	3	3	2	2	3	3	1	1	3	3	3	3	3	3	2	1	2	2	2	2	1	1	3	1	3	1	2	2	3	1	4	4	1	1	2	2	2	2	2	2	3	3	2	2	3	3	3	3	1	1
21G.1220	2	2	3	3	4	1	3	2	1	1	3	1	4	4	4	4	1	1	3	3	2	2	1	1	2	2	3	3	1	1	3	3	2	2	2	2	3	3	3	1	3	3	3	1	3	1	3	3	2	2	1	1	2	2	1	1	2	1	1	1	2	2	4	4	2	2	3	2	2	2	2	2	3	3	4	4	3	3	2	2	1	1	2	2	3	3	2	2	2	2	2	2	3	3	1	1	4	4	1	1	2	2	2	2	3	3	2	2	4	4	2	1	3	3	2	2	2	2	1	1	3	3	1	1	3	3	3	3	4	4	2	2	3	3	2	2	3	3	3	3	1	1	2	2	2	2	3	3	1	1	1	1	3	1	2	1	1	1	1	1	2	1	2	1	3	3	2	2	4	4	1	1	3	3	3	3	2	1	1	1	2	2	2	2	2	1	2	1	2	1	2	1	7	7	3	3	2	2	2	2	3	3	4	4	3	1	3	2	2	2	2	2	2	2	2	1	1	1	2	2	1	1	4	3	2	2	2	2	2	1	2	1	2	2	3	1	1	1	2	1	3	3	2	2	2	2	3	3	4	4	3	1	1	1	3	3	1	1	1	1	4	4	2	2	3	3	2	1	5	1	3	3	2	2	1	1	3	3	2	2	2	2	3	3	1	1	3	3	4	2	2	2	4	1	1	1	3	2	3	3	2	2	2	2	3	1	3	3	3	2	3	3	1	1	2	2	2	2	1	1	3	2	2	2	3	3	3	3	3	3	3	2	5	2	3	1	2	2	2	2	2	1	2	1	2	2	2	2	1	1	3	3	4	1	1	1	2	1	2	2	2	2	3	1	1	1	3	3	3	3	3	3	1	1	1	1	2	2	5	3	3	1	2	1	1	1	2	2	2	1	2	1	1	1	2	2	3	3	3	3	1	1	1	1	3	3	3	3	2	2	2	2	1	1	2	2	2	2	1	1	3	3	3	2	3	3	3	3	3	2	2	2	3	3	1	1	3	3	3	2	3	3	3	3	2	2	3	3	4	4	2	1	3	3	1	1	2	1	1	1	2	2	2	2	3	3	2	2	2	2	3	3	5	5	2	2	4	4	3	3	3	3	2	1	2	2	1	1	5	4	3	3	3	3	2	2	2	2	4	4	3	3	4	4	3	1	1	1	2	2	3	3	2	2	3	3	3	3	2	2	2	2	3	2	3	2	2	2	3	3	3	3	3	3	4	4	2	2	3	3	2	1	4	4	2	2	3	3	2	2	4	4	3	3	3	2	2	2	1	1
21G.1222	2	1	2	2	4	4	3	3	2	2	1	1	3	1	3	3	1	1	2	1	2	1	3	2	2	2	4	1	4	4	3	3	2	2	2	2	3	3	3	1	3	2	3	1	1	1	3	2	1	1	3	3	2	2	3	3	1	1	1	1	2	2	4	1	3	3	1	1	3	2	3	2	3	3	3	3	3	3	3	3	3	3	2	2	2	2	4	3	1	1	2	2	3	3	3	3	3	2	1	1	3	3	2	1	3	1	2	2	3	3	3	3	3	3	2	2	3	2	3	3	2	2	3	3	1	1	3	2	2	1	1	1	3	3	2	1	4	4	2	2	2	2	2	2	3	3	3	3	2	2	2	1	3	3	2	1	3	3	2	2	3	3	2	1	3	3	3	3	3	3	3	1	3	3	3	1	2	2	2	2	3	2	3	2	3	2	2	2	2	1	2	2	7	4	3	1	1	1	2	2	4	2	3	3	1	1	3	2	2	1	4	2	3	1	2	1	2	1	2	2	3	3	3	3	3	3	2	2	1	1	3	3	2	1	1	1	2	1	2	1	2	1	2	2	3	3	2	2	3	3	3	3	1	1	3	3	2	1	2	1	2	2	2	2	3	3	2	2	2	1	2	1	3	3	2	2	3	3	2	1	3	1	2	2	2	2	3	3	3	3	2	2	4	4	2	2	3	2	3	2	1	1	2	2	2	1	3	1	2	2	3	2	2	2	2	2	3	3	2	2	3	3	2	1	2	2	3	2	5	1	3	3	4	4	4	4	2	2	2	2	1	1	2	1	3	3	3	2	2	2	1	1	5	4	2	2	1	1	2	1	3	3	3	2	2	2	3	2	3	2	2	1	2	2	3	3	3	2	5	5	3	3	1	1	2	2	1	1	1	1	3	3	3	2	2	2	3	3	3	1	1	1	2	2	2	2	3	2	2	2	2	1	1	1	2	2	1	1	3	1	4	3	3	3	3	3	3	2	1	1	1	1	3	3	2	1	2	2	3	1	3	2	3	1	3	1	5	2	4	2	2	2	2	2	1	1	1	1	2	2	2	2	3	3	1	1	2	2	2	1	3	2	2	2	4	3	3	3	3	3	2	1	2	2	1	1	1	1	5	5	3	3	3	3	2	2	2	2	4	4	4	3	2	1	3	3	2	2	3	2	3	1	2	2	3	3	2	2	3	3	3	2	3	3	2	2	2	2	3	2	1	1	2	1	3	3	2	2	3	3	3	1	4	2	3	3	3	3	3	3	4	4	3	1	2	2	1	1	2	2
21G.1223	2	2	2	2	4	4	2	2	2	2	2	1	3	3	4	4	2	2	2	2	3	3	1	1	2	2	4	4	4	4	3	2	3	3	1	1	4	3	3	1	2	2	2	2	1	1	3	3	1	1	2	1	2	2	1	1	2	2	2	1	3	3	1	1	3	3	1	1	3	3	2	2	2	2	4	3	2	1	3	1	3	3	2	2	3	3	5	5	3	3	2	2	3	3	0	0	3	3	1	1	3	3	2	2	3	1	2	2	4	4	2	1	2	1	2	1	2	2	4	3	3	3	3	3	2	2	2	2	4	4	2	2	3	3	2	1	4	4	3	3	2	2	2	1	2	1	3	3	1	1	1	1	1	1	4	4	1	1	2	2	2	2	2	2	2	2	1	1	3	1	1	1	3	2	3	2	1	1	4	4	3	3	3	3	3	1	2	2	2	2	1	1	7	7	3	3	1	1	2	2	3	3	3	1	3	2	2	2	1	1	4	4	3	1	2	2	2	1	3	2	3	3	4	4	4	4	2	1	2	2	2	2	2	1	2	1	1	1	2	2	3	3	3	2	1	1	3	2	4	2	2	2	1	1	3	3	2	2	2	1	4	4	3	3	2	1	2	2	2	2	2	1	1	1	2	2	2	2	1	1	3	3	3	2	2	1	3	3	4	4	1	1	4	4	2	1	3	3	1	1	1	1	2	1	2	2	3	3	3	3	2	2	2	2	2	1	3	3	1	1	4	3	2	2	2	1	3	3	5	5	3	3	5	2	4	4	2	2	2	1	1	1	2	2	3	3	3	3	2	2	3	1	5	4	2	2	1	1	1	1	2	2	3	3	3	3	3	2	4	4	2	2	2	2	3	3	3	3	5	3	3	1	2	2	2	1	2	2	2	2	3	1	3	1	2	2	3	3	3	3	2	2	2	1	3	2	3	2	2	2	2	2	2	1	2	2	3	1	3	3	4	4	3	2	3	3	4	4	1	1	2	2	2	2	1	1	3	3	3	3	3	3	2	1	3	3	3	3	4	2	2	2	1	1	1	1	3	3	2	2	2	2	2	2	3	3	2	1	2	1	3	3	5	5	3	3	3	3	3	3	1	1	1	1	2	2	1	1	5	5	3	3	3	2	2	1	2	2	4	4	4	4	2	1	3	3	2	2	2	2	3	3	2	1	3	3	3	3	2	2	2	2	3	3	1	1	2	2	3	3	3	3	2	2	4	3	3	2	0	0	4	4	4	2	2	2	3	3	3	1	3	3	2	2	3	3	2	2	2	2
21G.1225	2	1	2	2	4	1	1	1	2	2	2	1	1	1	3	3	2	2	2	2	3	1	2	2	2	2	4	4	4	1	2	2	3	3	2	1	4	3	3	3	3	3	3	3	1	1	3	3	2	1	4	3	2	2	2	2	2	2	2	1	3	3	5	5	3	1	3	3	2	2	2	1	3	1	3	3	3	2	1	1	3	3	2	1	2	2	4	3	1	1	2	2	3	1	2	1	4	4	1	1	2	2	2	2	1	1	2	2	4	4	3	3	3	2	2	2	3	3	4	4	3	3	2	2	2	2	3	3	4	4	2	2	3	3	2	2	3	1	2	1	2	2	1	1	3	3	5	1	2	2	2	2	3	3	4	4	1	1	2	1	2	2	2	2	2	1	3	3	3	3	2	2	3	3	3	3	2	2	2	2	2	2	3	3	3	1	1	1	1	1	2	2	4	4	3	3	1	1	1	1	4	2	2	1	3	3	3	3	1	1	4	4	2	2	2	1	2	1	4	3	2	2	4	2	3	3	2	2	2	2	3	3	1	1	1	1	1	1	2	2	3	3	3	3	3	3	3	3	2	2	3	3	1	1	3	2	2	2	2	2	3	2	2	2	2	1	2	2	4	2	2	2	3	3	1	1	3	2	2	2	3	3	3	3	2	2	2	2	4	3	2	2	3	3	1	1	3	2	0	0	2	1	2	2	3	3	3	3	3	2	3	3	3	1	1	1	2	2	1	1	4	4	2	1	3	2	3	3	3	3	3	2	4	1	2	2	2	2	2	2	2	2	2	1	2	2	2	2	2	1	3	1	5	5	1	1	2	2	2	2	3	3	3	3	2	1	3	3	3	3	3	3	2	2	3	1	2	2	5	5	1	1	2	2	2	2	2	1	2	2	2	1	1	1	1	1	3	3	1	1	2	1	3	3	3	3	3	2	1	1	1	1	3	3	2	2	2	2	2	1	4	4	3	2	3	3	3	3	3	3	2	2	4	3	2	1	3	3	3	3	2	2	3	3	2	2	3	3	4	2	3	1	2	2	3	1	2	2	0	0	1	1	3	1	1	1	2	1	2	2	3	3	5	5	5	5	1	1	3	3	2	2	2	2	1	1	1	1	4	4	3	2	2	2	2	2	2	1	4	4	4	1	2	2	3	3	2	1	3	2	1	1	2	1	2	2	1	1	3	3	2	2	3	3	1	1	2	2	3	3	3	1	1	1	4	3	2	2	3	2	4	4	2	2	2	2	3	3	2	2	3	3	2	1	3	2	2	1	2	2
21G.1230	1	1	2	2	4	4	3	1	2	2	2	2	3	3	4	4	3	3	5	5	2	2	3	3	2	2	4	4	1	1	3	3	2	2	3	1	3	1	3	3	3	3	3	1	3	3	3	3	2	1	3	2	2	2	2	2	2	2	2	2	2	2	4	4	2	2	4	4	0	0	3	2	3	2	3	3	3	2	3	1	3	3	1	1	2	2	5	4	3	1	2	2	1	1	2	1	3	3	1	1	3	3	2	2	3	3	2	1	4	4	3	3	3	3	2	2	0	0	3	1	1	1	3	2	1	1	3	2	2	1	4	4	3	3	1	1	2	2	2	1	2	2	0	0	3	1	5	5	4	2	1	1	3	3	2	1	3	3	2	1	3	3	1	1	2	2	1	1	2	1	1	1	3	3	2	1	1	1	1	1	2	1	3	3	1	1	2	2	2	2	1	1	3	3	3	2	1	1	2	2	2	2	1	1	1	1	3	3	2	2	2	2	2	2	2	2	2	2	3	3	3	3	4	4	2	1	1	1	2	1	2	2	1	1	2	1	1	1	2	2	2	2	3	2	2	2	2	2	4	4	0	0	1	1	3	3	1	1	2	2	3	3	2	2	3	3	2	2	4	4	3	2	1	1	1	1	2	2	2	1	3	2	2	2	2	1	3	3	2	2	1	1	4	3	3	3	2	2	3	3	2	2	2	2	2	2	4	1	2	2	3	2	2	2	1	1	3	2	2	1	3	3	2	2	2	2	3	3	3	2	2	2	4	3	5	5	2	2	1	1	1	1	2	2	1	1	3	3	1	1	3	3	2	1	2	1	2	2	2	2	1	1	2	2	1	1	3	3	4	3	3	3	2	2	5	3	3	2	3	2	3	3	2	2	1	1	2	2	2	2	2	2	1	1	2	2	3	2	1	1	2	2	3	1	2	2	3	3	2	2	1	1	2	2	3	3	3	3	3	3	4	1	3	2	3	3	4	4	2	2	1	1	3	3	2	2	3	3	3	3	2	2	3	3	2	2	5	5	4	3	0	0	1	1	3	3	2	1	2	2	2	2	3	1	3	1	1	1	2	1	3	3	2	2	2	1	3	3	2	2	2	2	2	2	1	1	1	1	5	5	2	1	3	2	1	1	2	2	4	4	4	4	2	2	3	3	2	2	2	2	3	3	2	2	2	1	3	1	2	1	3	3	3	3	3	3	4	4	3	2	3	3	3	1	4	2	3	3	1	1	4	3	4	2	2	2	3	3	3	3	4	1	1	1	3	3	2	2	1	1
21G.1239	1	1	2	1	4	1	3	1	2	1	1	1	4	4	3	2	2	2	2	2	3	3	1	1	2	1	2	2	1	1	3	3	2	2	1	1	1	1	3	3	2	2	3	3	3	1	2	2	2	2	3	3	2	2	2	2	2	2	1	1	3	1	3	3	2	2	1	1	3	3	2	2	3	3	4	3	3	3	1	1	3	3	2	2	3	3	5	2	2	2	2	2	1	1	2	2	3	3	1	1	1	1	2	2	3	3	2	2	4	4	3	3	2	2	2	2	2	1	3	3	3	3	2	2	3	3	3	3	2	1	3	2	3	2	1	1	1	1	2	2	2	2	1	1	1	1	5	3	2	2	2	1	3	1	2	1	1	1	1	1	3	2	3	3	2	2	2	1	3	3	1	1	3	3	3	3	2	1	1	1	3	3	2	2	3	1	2	2	2	2	2	1	4	3	3	3	1	1	2	2	2	2	3	3	3	3	4	4	2	1	4	1	1	1	2	2	1	1	2	2	3	2	4	4	3	1	2	1	1	1	2	1	2	2	2	2	2	2	1	1	2	2	2	1	3	2	3	3	1	1	3	3	2	1	3	2	1	1	2	2	3	3	3	3	3	3	2	2	4	4	2	1	2	1	2	2	3	2	2	2	2	1	3	3	2	2	2	1	4	3	2	2	4	3	1	1	3	1	2	1	2	1	1	1	3	3	3	3	3	3	3	3	2	1	2	2	3	3	2	1	4	4	1	1	2	1	3	1	5	5	3	1	3	3	5	5	2	2	2	2	2	2	2	1	2	2	3	3	2	2	3	1	5	5	2	2	2	2	2	2	2	1	3	3	3	3	3	3	4	4	3	1	2	2	5	5	2	2	3	3	3	1	2	2	2	1	2	2	2	2	3	3	2	2	2	2	3	2	2	1	2	2	3	2	3	2	3	3	2	2	2	2	2	1	4	3	1	1	3	3	1	1	3	3	1	1	4	3	2	2	2	2	2	2	3	3	3	3	3	3	2	2	3	3	3	2	3	3	4	2	2	1	2	2	3	3	1	1	2	1	2	2	2	1	3	2	2	1	2	2	3	2	5	2	4	4	3	1	3	3	1	1	2	1	1	1	2	2	5	2	2	2	2	2	1	1	2	2	4	4	2	2	4	4	2	2	2	2	2	1	3	1	2	2	3	3	3	3	4	4	3	3	3	3	3	3	2	1	2	2	3	3	3	3	4	3	2	1	2	2	2	2	2	2	2	2	3	3	3	2	1	1	2	2	3	3	2	2	1	1
21G.1242	1	1	1	1	1	1	3	3	2	2	2	1	4	4	4	3	1	1	3	3	3	3	1	1	1	1	2	2	2	2	3	2	2	2	1	1	3	1	3	2	3	3	3	3	1	1	2	1	2	2	4	3	2	1	1	1	2	2	2	1	2	2	4	4	2	1	2	1	2	2	1	1	3	3	4	3	3	1	1	1	3	1	2	2	2	2	3	2	1	1	1	1	3	1	1	1	4	4	2	1	2	2	2	2	3	3	2	2	4	4	2	2	3	3	2	2	3	3	4	4	1	1	2	2	3	1	3	1	2	1	2	2	3	3	2	2	3	3	2	2	2	2	2	1	3	3	3	1	2	1	2	1	2	1	2	2	1	1	1	1	3	3	2	2	3	3	3	3	3	3	2	1	3	3	2	2	1	1	2	2	2	2	2	2	3	1	1	1	1	1	2	2	4	4	3	3	2	1	2	2	3	2	4	4	1	1	4	4	3	3	4	4	2	2	1	1	1	1	3	3	3	1	3	3	3	3	2	2	2	1	2	2	2	1	3	3	2	1	2	1	3	3	3	1	3	3	3	3	4	4	2	2	1	1	3	3	2	2	2	1	2	2	3	1	3	3	3	1	4	2	3	3	1	1	1	1	3	3	2	2	2	2	3	2	1	1	3	3	3	3	2	2	5	5	1	1	3	1	1	1	2	2	2	2	2	2	3	3	2	2	2	2	2	2	2	2	2	2	1	1	3	3	2	2	2	2	2	2	5	5	2	1	5	5	1	1	2	2	1	1	2	1	1	1	3	3	3	2	2	2	2	2	5	4	2	1	1	1	2	2	3	1	3	2	3	1	3	2	4	4	2	2	2	1	3	1	3	3	4	4	3	3	2	1	2	2	2	2	1	1	1	1	3	3	2	2	3	3	3	1	2	1	2	2	2	2	2	2	1	1	1	1	2	1	2	2	2	2	3	3	4	4	3	2	3	3	3	3	2	2	2	1	3	3	2	1	3	3	3	3	3	3	2	2	2	1	5	3	4	4	3	2	3	1	3	1	2	2	1	1	2	2	2	2	3	3	2	1	2	1	3	2	5	5	3	3	5	2	3	3	1	1	2	2	1	1	2	2	3	2	2	2	2	1	1	1	2	1	4	2	4	4	2	2	2	2	1	1	3	2	3	3	2	1	3	3	3	3	3	3	3	1	3	3	1	1	2	1	3	2	3	3	3	3	4	4	3	2	3	1	3	3	4	4	1	1	3	3	3	1	4	1	3	1	3	3	2	2	1	1
21G.1246	2	2	2	2	4	4	2	2	2	2	3	3	3	3	4	3	3	2	1	1	3	3	1	1	2	2	4	2	2	2	3	3	2	2	3	2	3	3	3	3	2	1	3	3	3	3	2	2	2	2	3	3	1	1	3	1	2	2	2	2	3	3	4	4	3	3	2	1	3	3	3	3	3	2	3	3	3	2	1	1	3	3	1	1	2	2	3	3	2	2	2	2	3	2	1	1	4	3	2	1	3	2	2	2	3	1	2	2	4	4	3	3	3	2	2	2	1	1	4	4	3	3	1	1	3	1	3	2	4	1	3	3	3	3	2	2	3	3	3	3	1	1	2	1	3	2	5	5	2	2	1	1	3	3	1	1	1	1	2	2	3	3	3	2	2	2	2	2	3	3	1	1	3	3	3	3	2	2	2	2	2	2	1	1	3	3	2	1	2	2	2	2	7	7	3	1	2	1	2	2	3	3	4	2	3	3	4	4	3	2	4	2	2	1	2	2	2	2	2	2	3	3	3	3	4	3	2	2	2	1	2	1	1	1	1	1	1	1	2	1	3	3	2	2	2	2	3	3	3	1	3	3	2	1	3	3	1	1	1	1	3	2	3	1	3	3	3	3	4	4	3	3	2	2	2	1	3	2	2	2	2	2	3	3	1	1	2	2	4	3	2	1	4	4	3	1	3	3	1	1	2	2	2	2	2	2	3	1	2	2	2	2	3	3	2	2	2	2	1	1	4	2	2	2	1	1	2	2	1	1	3	3	4	2	5	5	2	2	2	2	2	2	2	2	3	3	2	2	1	1	1	1	4	2	2	1	1	1	2	2	2	2	2	2	1	1	1	1	4	4	3	2	2	2	2	2	2	1	5	5	3	3	1	1	2	1	2	2	2	1	2	2	1	1	2	2	3	3	1	1	1	1	3	1	3	3	3	3	2	2	1	1	2	2	2	2	1	1	3	3	3	3	3	1	3	1	3	3	3	3	2	2	3	2	3	2	3	1	3	1	3	3	3	3	3	3	5	5	4	1	3	3	1	1	1	1	1	1	1	1	2	2	2	1	1	1	2	2	2	1	2	2	2	2	4	1	3	3	1	1	3	1	2	2	3	1	2	1	2	2	3	2	3	2	2	2	2	2	4	4	4	3	4	4	2	1	2	1	2	2	4	4	1	1	3	3	3	3	2	2	2	1	3	2	3	3	2	2	3	3	1	1	2	1	4	4	2	2	3	3	4	4	2	2	1	1	2	2	3	3	4	4	3	3	2	2	3	3	1	1
21G.1251	2	2	1	1	4	4	2	1	2	2	1	1	1	1	2	2	2	2	2	2	3	2	2	2	3	1	4	4	1	1	2	2	2	1	3	1	3	3	3	3	3	3	3	3	3	3	3	2	2	2	4	4	2	2	1	1	2	1	1	1	3	3	4	4	3	3	2	2	3	3	2	2	3	3	4	4	3	3	2	1	3	3	1	1	2	2	5	4	3	1	2	2	3	1	3	3	4	3	1	1	2	1	2	2	3	3	2	2	4	4	3	3	2	1	2	2	3	3	3	3	3	3	3	3	2	2	2	1	4	2	2	1	2	1	1	1	1	1	2	2	2	2	1	1	1	1	5	5	3	2	1	1	3	1	2	2	3	3	2	2	3	3	2	2	3	2	2	1	3	3	2	1	3	2	3	3	2	1	2	2	2	2	2	1	2	2	2	1	2	2	1	1	6	6	3	2	1	1	1	1	2	1	2	1	3	1	4	4	2	2	2	2	1	1	1	1	2	2	3	1	3	3	4	4	3	1	2	2	2	2	2	2	2	2	1	1	1	1	2	1	3	3	3	3	1	1	3	3	3	3	0	0	2	2	2	2	2	1	2	1	4	1	3	3	3	3	3	2	4	4	2	2	3	1	2	2	2	2	2	2	3	2	3	3	2	2	3	3	3	3	1	1	3	1	3	1	3	2	3	3	1	1	2	2	3	2	3	3	2	2	2	1	3	3	1	1	1	1	2	1	4	4	2	1	1	1	3	3	2	2	3	3	3	1	5	5	2	2	2	1	2	2	2	1	2	1	3	3	1	1	3	3	2	2	2	1	2	2	2	1	2	2	3	2	3	1	3	1	4	3	3	3	2	2	3	3	3	1	4	4	1	1	2	2	1	1	2	2	2	1	3	2	2	2	2	1	3	3	3	1	2	2	3	3	2	2	3	3	2	2	1	1	1	1	3	3	2	1	3	3	4	4	2	2	3	1	3	2	3	1	1	1	2	2	2	1	3	2	3	3	3	3	3	3	2	2	3	3	4	4	5	2	3	2	3	3	2	2	2	2	2	1	1	1	3	3	2	2	2	1	3	2	2	2	5	5	2	2	3	2	3	3	2	1	2	1	2	1	3	3	2	2	3	3	2	2	2	2	4	2	4	4	4	4	3	2	1	1	3	2	3	1	2	1	3	3	3	2	2	2	3	3	3	1	2	2	3	3	3	3	3	3	1	1	4	4	2	2	3	3	4	1	4	4	3	3	3	3	3	3	3	3	1	1	3	3	2	2	2	1
21G.1254	2	2	3	3	4	4	3	3	2	2	3	3	1	1	4	4	2	2	3	3	3	3	2	2	2	2	4	4	2	1	3	3	3	3	2	2	1	1	3	1	2	2	3	3	1	1	2	2	2	2	3	3	2	2	2	2	1	1	1	1	2	2	5	5	2	2	2	2	3	1	2	2	3	3	3	3	2	2	1	1	2	2	2	2	3	3	4	2	1	1	2	2	3	3	3	3	3	2	2	2	2	2	2	1	3	2	2	2	3	2	3	3	3	1	2	2	2	2	4	4	3	1	2	2	2	1	2	1	2	1	2	2	3	3	2	2	3	3	3	3	2	2	2	2	2	2	5	5	2	1	2	1	2	1	4	2	3	3	1	1	2	2	2	2	2	2	2	2	3	3	2	2	3	3	3	1	2	2	2	2	2	2	1	1	3	3	2	2	2	2	2	2	7	7	3	3	2	2	2	1	4	2	4	4	1	1	4	4	2	1	2	2	2	2	1	1	2	2	3	2	3	3	4	3	3	1	2	1	2	2	2	2	2	1	3	1	1	1	2	2	3	3	3	3	1	1	3	2	4	4	3	3	1	1	3	3	1	1	1	1	4	4	2	1	3	3	3	1	2	2	2	1	3	2	2	1	3	2	2	2	2	1	3	2	1	1	3	2	2	2	2	1	5	5	3	3	3	3	3	1	2	2	2	2	2	2	4	4	3	2	3	3	3	3	2	2	3	2	1	1	3	3	2	1	2	2	3	3	3	2	3	3	3	3	4	3	2	2	2	2	1	1	1	1	2	2	3	2	2	1	2	2	4	2	1	1	2	1	2	2	2	2	2	2	3	1	3	3	4	4	3	3	2	1	2	1	1	1	5	5	3	3	1	1	2	1	2	2	1	1	2	2	1	1	1	1	3	3	3	3	2	1	3	1	3	3	3	2	2	2	2	2	1	1	3	3	3	3	3	3	4	4	3	3	1	1	4	4	2	2	1	1	2	2	2	2	2	2	2	2	3	3	3	3	2	1	3	1	4	4	3	2	1	1	1	1	1	1	1	1	2	1	3	2	3	3	2	2	2	2	3	3	5	5	4	4	4	3	3	3	3	3	2	2	1	1	2	1	4	2	3	2	1	1	2	2	2	2	4	4	4	4	2	2	3	3	1	1	2	2	3	1	2	2	3	3	3	1	3	3	3	3	3	3	3	3	2	2	2	2	3	3	3	2	4	3	3	1	2	2	4	2	4	4	1	1	3	2	2	2	2	1	2	2	3	3	2	2	1	1
21G.1263	2	2	2	2	4	4	2	1	2	2	2	2	0	0	4	3	2	1	5	5	3	3	1	1	2	1	4	2	4	4	2	2	2	2	1	1	4	4	4	3	4	1	3	3	3	1	3	3	2	1	3	3	2	2	2	1	2	2	1	1	0	0	5	4	3	2	3	3	3	3	2	2	3	2	4	3	3	3	3	3	3	3	2	2	3	2	3	2	3	3	2	2	3	3	2	1	4	3	2	2	2	1	3	2	3	3	2	2	4	4	3	3	2	2	1	1	3	3	4	1	2	1	2	1	3	3	2	2	2	2	2	2	3	3	2	1	4	4	2	1	2	2	2	1	3	1	5	5	3	3	2	2	3	2	4	1	3	1	2	2	2	2	2	2	2	2	3	3	3	1	2	1	3	3	3	2	2	2	2	2	2	2	3	1	3	3	2	2	2	2	2	2	4	4	3	3	1	1	1	1	4	4	2	1	3	3	4	4	2	2	4	4	2	2	1	1	2	2	3	3	3	2	4	4	3	3	2	2	2	2	2	1	1	1	3	2	2	1	2	1	2	2	2	2	2	2	3	3	3	3	3	3	2	1	0	0	0	0	2	2	3	3	3	2	3	2	2	2	4	1	1	1	1	1	2	1	2	2	2	1	3	3	3	3	1	1	3	2	4	4	2	1	3	2	3	1	3	2	2	2	2	1	2	2	3	2	3	3	3	2	3	1	2	1	2	2	3	2	2	1	2	1	2	1	2	2	2	1	2	1	3	3	5	5	0	0	3	1	2	2	2	1	2	1	2	2	2	2	2	1	3	3	4	1	2	2	2	2	2	1	3	3	3	2	3	1	3	3	4	4	3	1	2	1	4	4	3	3	4	3	3	3	2	2	2	1	2	1	2	1	3	3	2	2	2	2	3	3	1	1	2	1	2	2	3	3	3	2	1	1	2	2	3	1	3	2	3	3	3	3	3	1	3	2	3	1	1	1	3	3	2	2	3	2	3	3	3	3	3	3	2	2	3	3	3	2	3	3	4	2	5	5	2	2	2	2	1	1	2	1	2	2	2	1	1	1	2	1	0	0	3	2	2	2	5	3	3	1	3	3	3	3	2	1	5	5	2	2	3	3	3	3	4	1	2	1	2	1	4	4	4	4	4	2	2	2	2	2	2	1	3	1	2	1	3	1	3	3	3	3	3	2	3	1	1	1	2	2	2	2	3	3	2	2	4	4	2	1	2	1	3	3	1	1	3	3	3	2	3	1	3	1	2	2	3	3	1	1	2	2
21G.1264	2	1	2	2	4	4	3	3	2	2	3	1	3	1	4	4	1	1	2	2	3	2	2	2	1	1	4	4	4	4	3	2	2	2	1	1	2	2	1	1	2	2	3	3	3	1	3	2	2	2	4	4	2	2	3	3	2	2	1	1	3	3	4	2	3	3	1	1	2	1	1	1	2	2	3	3	2	1	1	1	3	3	2	2	2	2	4	4	3	1	1	1	3	3	1	1	4	4	2	1	2	2	3	3	3	1	2	2	4	2	3	1	2	2	1	1	2	2	4	4	3	2	3	2	3	1	2	2	2	2	2	2	2	2	1	1	4	4	1	1	2	1	2	1	2	1	5	5	4	4	1	1	3	3	4	1	3	3	2	2	3	2	2	2	2	2	3	2	3	3	2	2	3	3	3	2	2	1	4	1	3	3	2	2	1	1	2	2	2	2	2	2	4	4	3	3	1	1	2	1	2	2	2	2	1	1	4	2	2	2	4	4	1	1	2	1	2	2	3	2	3	3	3	3	3	3	2	2	2	2	3	3	1	1	3	2	2	1	1	1	2	2	2	1	2	1	3	3	2	1	3	3	1	1	3	3	2	1	2	2	4	3	3	2	1	1	2	2	4	4	2	1	3	1	2	2	2	2	2	2	3	3	3	1	2	2	3	3	3	3	2	2	3	3	1	1	3	2	2	2	2	2	2	2	2	1	3	1	2	1	3	1	3	2	1	1	2	1	1	1	4	3	2	2	2	1	3	3	2	2	3	2	3	3	5	5	2	2	2	2	2	2	2	1	2	2	3	1	2	1	3	1	5	2	2	1	1	1	2	2	3	3	3	3	3	3	3	3	3	3	1	1	2	2	3	3	1	1	3	3	3	3	1	1	2	2	2	1	2	1	2	2	2	2	2	2	3	2	1	1	2	1	3	3	3	3	3	2	2	2	2	1	2	1	3	3	2	2	3	3	4	4	2	2	3	3	4	4	3	3	2	2	3	3	1	1	3	3	3	3	3	3	3	2	2	1	3	3	3	3	5	5	1	1	2	2	1	1	2	2	2	1	2	2	1	1	2	2	1	1	3	3	2	2	4	4	2	2	3	1	1	1	2	1	2	1	2	2	5	5	2	2	1	1	2	2	1	1	4	1	4	4	3	1	3	2	2	1	2	2	1	1	2	2	3	2	3	2	3	3	3	3	3	1	2	2	3	2	3	2	3	3	3	3	5	3	3	3	2	2	3	3	2	1	3	2	2	2	2	2	4	1	3	3	2	2	3	1	1	1
21G.1265	2	1	2	2	4	4	3	3	2	1	3	3	3	1	4	4	1	1	2	2	2	2	2	2	1	1	4	2	2	1	3	2	2	2	3	3	3	3	3	3	3	3	3	3	3	3	3	3	2	2	3	3	1	1	2	1	2	1	1	1	2	1	3	3	2	2	1	1	3	3	3	3	2	2	3	3	2	1	1	1	3	3	2	1	3	3	5	4	3	3	2	2	2	1	3	3	4	4	1	1	3	3	1	1	3	3	2	2	4	4	2	2	3	3	2	2	1	1	4	4	3	3	3	3	3	3	2	1	2	2	2	2	2	1	2	2	4	3	1	1	2	2	2	2	3	3	3	3	3	2	2	2	2	1	1	1	2	2	2	1	3	2	2	2	2	2	1	1	3	3	1	1	3	2	3	2	2	2	4	4	2	2	3	3	3	3	2	2	2	2	2	2	7	7	3	3	0	0	1	1	3	3	4	3	1	1	4	4	3	3	4	4	3	3	2	1	2	1	3	3	1	1	4	1	3	1	2	2	2	1	3	2	1	1	2	1	2	2	1	1	2	2	3	1	3	3	3	3	4	4	3	1	2	2	3	3	2	1	2	2	2	1	3	3	3	3	2	2	4	1	3	3	3	1	2	2	2	2	0	0	3	2	2	2	2	1	3	3	3	3	2	1	3	3	1	1	2	2	3	3	2	2	1	1	2	2	3	3	2	2	1	1	2	2	1	1	2	2	2	2	4	4	2	1	1	1	3	3	5	5	3	3	2	2	2	2	3	3	2	2	2	1	1	1	2	2	3	3	2	2	3	1	4	2	1	1	2	2	2	2	3	3	2	2	1	1	3	3	4	2	3	3	2	2	3	3	2	2	5	4	3	3	1	1	2	2	2	2	1	1	3	3	3	1	2	2	3	3	1	1	2	1	3	1	3	3	2	2	2	2	2	2	3	3	3	3	2	2	3	1	4	4	2	2	3	3	3	3	1	1	2	2	3	3	2	1	3	1	3	3	2	2	3	3	3	3	2	2	2	2	4	4	3	3	1	1	2	2	1	1	2	2	2	2	1	1	2	2	2	1	3	3	2	2	4	2	4	4	3	1	3	3	2	1	1	1	2	2	5	5	2	2	1	1	1	1	2	1	4	4	4	4	4	2	3	1	2	1	2	2	3	1	2	2	3	3	2	1	4	4	3	3	3	3	3	1	2	1	3	2	3	3	3	3	4	4	2	1	2	2	4	4	2	2	3	2	3	2	3	3	4	4	2	1	3	3	3	1	2	1
21G.1269	2	2	3	2	4	4	3	3	1	1	1	1	4	4	4	4	2	2	3	3	3	3	1	1	1	1	4	4	2	1	3	3	2	2	2	2	3	3	3	3	3	1	3	3	1	1	2	2	2	2	4	4	2	2	2	2	2	1	2	2	2	2	5	4	3	3	1	1	3	3	2	1	3	3	4	4	2	1	2	1	3	3	2	2	3	3	4	2	2	2	2	2	3	3	1	1	3	2	2	2	2	2	2	2	2	1	2	2	4	3	3	3	3	1	2	2	3	3	4	4	3	1	2	2	2	1	3	3	1	1	3	2	3	1	2	2	1	1	2	2	2	2	2	2	3	3	5	1	2	2	2	1	3	3	2	2	2	2	2	2	2	1	2	2	2	2	3	2	3	1	1	1	3	3	3	3	2	2	1	1	2	1	2	1	3	3	2	2	2	2	2	2	7	7	3	3	1	1	2	2	3	3	4	3	3	3	1	1	1	1	4	4	1	1	2	2	1	1	2	2	3	3	4	1	3	3	1	1	2	2	3	3	1	1	3	2	1	1	2	2	3	3	3	2	2	2	3	3	4	4	3	3	2	2	3	3	1	1	1	1	3	3	2	2	2	2	2	2	5	5	3	1	1	1	1	1	2	2	2	2	3	2	3	3	2	2	3	3	2	2	2	2	5	1	1	1	2	2	3	2	2	2	2	2	2	2	3	3	2	2	1	1	3	1	2	1	2	2	1	1	3	3	1	1	2	2	3	3	5	5	3	3	5	4	1	1	2	2	2	2	2	2	1	1	2	2	2	1	1	1	3	3	2	1	1	1	2	1	2	2	2	1	2	2	1	1	2	2	4	4	3	3	2	2	5	3	3	2	4	4	3	1	2	2	2	1	2	1	2	2	3	3	3	3	2	2	3	3	1	1	2	1	3	3	3	3	3	2	2	2	2	2	2	2	2	1	2	1	3	3	4	4	3	3	3	3	3	3	2	2	2	2	3	1	2	2	3	3	3	2	2	2	3	2	2	2	3	3	4	3	5	4	2	1	1	1	2	2	2	2	2	2	1	1	2	2	1	1	2	2	2	2	2	2	4	4	3	3	3	3	1	1	1	1	1	1	1	1	2	2	2	2	2	2	2	1	2	1	4	4	3	3	2	2	2	2	1	1	1	1	3	3	2	1	1	1	3	3	3	3	2	2	3	2	1	1	4	2	3	3	3	3	1	1	4	4	2	2	3	1	4	1	4	4	1	1	2	1	3	2	4	4	3	1	2	1	2	2	1	1
21G.1273	1	1	1	1	4	4	2	1	2	1	1	1	1	1	3	2	2	2	2	2	2	1	2	2	1	1	4	4	4	3	3	3	2	2	2	2	2	1	3	3	3	2	3	3	3	3	1	1	2	2	3	3	2	2	3	3	1	1	1	1	3	1	4	3	2	2	1	1	3	3	3	2	2	2	3	3	3	2	1	1	3	3	2	2	3	3	5	5	3	1	2	2	2	2	3	1	3	3	1	1	2	1	3	3	1	1	1	1	4	4	1	1	2	2	2	2	2	2	3	3	3	1	3	2	2	2	2	2	4	2	3	2	2	1	2	2	2	2	2	2	2	2	2	1	3	3	3	1	2	2	2	2	2	2	1	1	1	1	2	2	2	1	2	2	2	2	3	3	2	1	1	1	2	2	2	2	1	1	4	2	2	2	3	1	1	1	2	1	2	1	1	1	7	7	2	2	1	1	1	1	2	1	4	4	2	2	2	2	1	1	2	1	1	1	2	2	1	1	3	2	3	1	4	4	3	2	2	2	2	2	3	1	1	1	1	1	3	3	2	2	3	3	2	2	3	3	3	3	3	3	1	1	1	1	3	3	2	2	1	1	3	3	3	3	3	1	3	2	4	4	3	1	3	3	2	1	3	3	2	1	3	2	3	3	2	2	2	2	3	3	2	2	3	3	3	3	2	1	2	2	1	1	2	2	2	2	3	3	2	2	2	2	2	1	1	1	2	1	2	2	4	4	2	1	2	2	3	2	5	1	3	3	3	3	5	5	3	3	2	2	2	2	3	2	3	3	3	3	2	2	1	1	4	1	1	1	1	1	2	2	3	3	3	2	2	1	3	3	4	4	3	3	1	1	2	1	3	2	5	5	1	1	2	2	2	2	2	1	2	2	1	1	2	2	2	2	3	3	3	3	1	1	3	3	3	2	3	2	1	1	1	1	3	3	2	2	3	3	3	1	3	2	3	3	3	3	3	1	2	1	2	2	4	4	1	1	2	2	3	3	2	2	3	3	3	3	3	2	4	4	2	1	2	1	2	2	1	1	2	1	2	2	3	3	3	3	1	1	2	2	3	2	2	2	4	2	4	1	3	3	1	1	1	1	5	2	2	2	5	5	2	2	2	2	2	2	2	2	4	3	4	1	2	1	3	2	1	1	2	2	4	1	2	2	3	1	1	1	3	3	3	2	3	1	1	1	2	1	3	3	3	3	2	1	3	3	2	2	3	3	3	3	1	1	3	3	3	3	3	3	2	2	2	2	3	3	2	2	2	1
21G.1276	2	2	1	1	1	1	3	3	2	2	3	1	4	4	4	4	2	1	3	3	3	1	1	1	3	2	4	2	1	1	3	3	2	2	2	2	3	3	4	4	4	4	3	3	3	1	2	2	1	1	1	1	2	1	3	3	2	2	2	2	2	2	4	4	2	2	2	2	3	2	1	1	3	3	4	4	3	3	1	1	3	3	2	1	3	3	5	5	3	3	2	2	2	2	3	3	4	4	1	1	3	3	2	2	3	3	2	2	4	3	3	1	3	3	2	2	3	3	1	1	2	1	3	2	3	2	2	1	4	2	3	2	3	3	2	2	3	1	2	2	2	2	2	2	2	2	5	5	3	3	1	1	2	2	1	1	2	1	2	1	2	2	2	2	2	2	3	3	3	1	1	1	3	3	3	3	2	2	2	2	2	2	3	2	3	3	2	2	2	2	2	2	4	4	3	3	1	1	2	1	2	2	2	2	3	3	4	4	2	2	2	2	2	2	1	1	2	1	4	3	3	3	2	1	4	3	2	2	2	2	3	3	1	1	3	3	1	1	2	1	3	3	3	1	2	2	3	3	4	4	3	2	1	1	3	3	2	2	2	2	2	2	3	1	3	3	2	2	4	4	2	2	2	2	2	2	3	3	2	2	3	3	2	2	2	1	3	3	2	2	1	1	4	4	3	3	3	1	3	3	2	2	1	1	3	3	3	3	3	3	3	3	3	2	2	2	2	2	2	2	3	3	2	2	2	2	3	1	5	5	3	3	3	1	4	2	3	3	2	2	2	2	1	1	2	2	2	2	1	1	3	3	5	5	1	1	2	2	2	2	3	1	3	3	1	1	3	1	4	4	3	3	2	2	2	2	3	3	4	4	3	3	2	2	1	1	2	2	2	1	2	2	2	2	2	1	3	3	2	2	2	1	2	2	3	3	3	3	0	0	1	1	2	1	2	2	2	2	3	3	3	3	2	2	1	1	3	3	2	2	1	1	1	1	1	1	3	3	2	2	3	2	3	3	2	2	2	2	4	4	2	1	2	1	3	3	2	2	2	1	2	2	3	3	3	1	2	1	1	1	3	2	4	4	5	4	3	3	3	3	3	3	1	1	1	1	1	1	5	5	2	1	3	3	2	2	2	2	4	4	4	4	2	2	2	2	1	1	3	2	3	3	2	2	3	3	1	1	4	4	3	3	3	1	3	3	1	1	3	3	3	2	2	1	4	4	2	2	3	3	4	4	4	4	2	1	2	1	2	2	1	1	3	3	3	2	3	3	2	2
21G.1280	1	1	3	1	4	1	3	3	2	2	3	3	4	4	4	4	3	3	1	1	3	3	1	1	2	2	4	4	1	1	3	3	2	1	2	2	3	1	3	3	2	2	3	3	3	1	2	2	2	2	4	2	2	2	1	1	2	1	1	1	2	2	5	5	2	1	4	4	2	2	2	2	3	1	4	4	1	1	3	3	3	3	2	1	2	2	3	2	3	3	2	2	3	3	2	1	4	3	1	1	3	1	1	1	1	1	2	1	4	2	2	2	2	2	2	2	3	3	2	1	1	1	3	3	2	2	2	2	1	1	3	3	2	1	2	2	4	2	2	2	1	1	2	2	3	2	1	1	2	1	2	1	3	2	2	2	3	3	1	1	2	1	1	1	3	2	1	1	3	3	1	1	3	2	3	3	2	1	2	1	2	2	2	2	3	3	2	2	2	2	2	2	7	4	3	1	2	2	2	2	4	4	4	2	2	1	4	4	3	2	2	2	2	2	2	2	2	1	3	3	3	1	2	2	4	4	2	2	1	1	3	2	2	2	3	3	2	1	2	2	3	1	3	3	2	1	3	3	3	3	3	3	1	1	2	2	1	1	2	2	4	4	2	2	1	1	3	3	4	4	2	1	1	1	2	2	3	2	2	2	2	2	2	2	1	1	3	3	2	2	1	1	4	4	3	3	3	3	1	1	2	2	2	2	2	2	3	3	2	2	2	2	2	2	2	2	2	2	1	1	3	3	2	1	1	1	3	3	5	2	3	2	4	3	5	2	2	1	2	2	2	1	3	1	3	2	2	1	1	1	1	1	5	5	2	2	2	2	2	2	3	3	3	3	3	3	3	3	4	4	3	2	2	1	2	1	2	1	3	1	3	1	2	1	2	1	2	1	2	2	3	3	3	3	2	2	3	1	3	1	2	2	1	1	3	1	3	2	2	2	1	1	2	2	2	2	2	2	3	3	4	4	3	3	3	3	3	3	2	1	2	2	3	3	1	1	3	1	1	1	3	3	3	3	2	2	5	5	3	1	1	1	1	1	3	3	2	2	2	2	2	2	2	1	2	2	2	2	1	1	2	2	5	2	4	4	3	3	2	2	3	3	2	2	1	1	2	1	5	5	2	2	2	1	2	2	2	1	3	1	4	3	2	2	2	2	1	1	2	2	3	3	2	2	3	2	2	2	3	2	3	3	3	3	2	2	2	2	3	3	3	1	3	3	4	4	3	3	3	3	4	4	4	1	3	2	3	3	2	2	4	4	3	3	3	2	2	2	2	2
21G.1282	1	1	2	1	4	4	2	1	1	1	2	2	3	1	4	4	2	2	5	5	2	2	2	2	1	1	4	4	3	2	3	3	2	2	3	3	2	2	2	2	3	3	3	3	1	1	2	2	2	2	2	2	2	2	2	1	2	1	2	2	2	2	5	3	2	2	3	1	3	3	2	2	2	2	3	3	3	3	3	3	3	2	2	2	2	2	3	2	1	1	2	1	3	3	3	2	3	3	2	2	2	2	3	3	1	1	2	1	4	4	3	3	2	1	1	1	3	2	4	4	3	3	3	3	2	2	2	2	1	1	3	1	1	1	2	1	3	3	2	2	2	2	2	2	3	3	5	3	3	3	1	1	3	3	2	2	3	1	2	2	3	1	2	2	2	2	1	1	3	3	1	1	3	2	2	2	1	1	2	1	2	1	3	1	3	1	2	2	2	1	2	2	6	6	3	3	1	1	2	2	4	2	3	3	3	3	2	2	1	1	2	2	3	2	2	1	2	2	3	2	3	3	4	3	3	3	2	2	2	1	3	3	1	1	2	1	3	3	2	2	3	2	3	3	3	3	3	3	1	1	3	3	2	2	3	2	1	1	2	1	2	2	2	2	3	3	2	2	2	1	3	3	3	1	2	1	3	2	1	1	3	3	3	3	2	2	2	2	3	3	2	1	4	4	3	1	3	3	1	1	2	2	2	2	2	2	3	1	2	2	2	2	2	2	2	1	2	2	1	1	4	2	2	2	3	2	3	3	5	5	3	3	1	1	1	1	3	3	2	1	1	1	1	1	2	2	3	2	2	2	3	3	4	4	1	1	2	1	2	2	3	3	2	2	2	2	2	2	4	3	3	3	2	2	5	5	3	3	4	1	3	3	1	1	1	1	2	2	2	1	3	3	3	3	2	2	2	2	3	3	2	2	3	3	3	3	2	2	2	2	2	1	1	1	2	2	3	3	2	2	3	3	3	3	3	1	4	4	3	3	2	2	3	2	1	1	3	3	3	3	2	2	3	3	3	1	5	5	4	2	4	1	2	1	3	3	2	1	2	1	1	1	2	1	2	2	2	1	2	2	3	3	4	4	5	5	3	3	3	3	3	3	2	2	1	1	2	2	5	5	2	2	1	1	2	2	2	1	4	3	4	4	2	1	3	3	2	2	3	2	3	3	2	2	2	1	3	2	3	3	2	2	3	2	1	1	4	4	3	3	3	1	2	2	4	4	2	2	3	3	4	3	1	1	3	3	3	3	1	1	1	1	2	2	1	1	2	2	1	1
21G.1284	2	1	3	2	4	1	3	3	2	1	1	1	4	4	4	4	2	2	3	3	3	3	1	1	3	1	4	4	1	1	2	2	2	2	1	1	1	1	3	1	3	3	3	3	3	3	3	3	1	1	2	2	2	2	2	1	2	2	2	1	3	3	4	1	4	3	1	1	2	2	2	2	3	3	3	3	3	1	1	1	3	2	2	2	2	2	5	2	1	1	2	1	1	1	3	3	4	2	2	2	2	2	2	1	1	1	1	1	4	4	1	1	3	3	2	2	3	3	4	4	1	1	3	3	2	2	2	2	4	4	3	3	3	2	2	1	4	4	3	3	1	1	2	2	2	2	5	1	2	2	1	1	2	2	4	4	2	2	1	1	2	2	1	1	3	3	2	2	3	3	1	1	2	2	3	3	2	1	1	1	2	2	1	1	3	3	2	2	2	2	2	2	7	7	3	3	1	1	1	1	3	1	3	1	3	2	2	2	3	3	2	2	2	1	2	2	1	1	3	3	3	3	4	4	3	3	1	1	2	2	2	2	1	1	3	1	1	1	1	1	3	3	3	3	2	2	3	3	3	3	3	3	1	1	3	3	2	1	2	2	2	1	3	1	2	2	2	1	5	4	2	1	1	1	1	1	2	2	1	1	3	1	3	3	2	2	3	3	2	2	2	1	4	1	3	3	2	2	1	1	2	2	2	2	3	2	3	2	3	3	3	1	1	1	2	2	2	2	1	1	3	1	2	2	2	2	3	2	5	1	3	1	5	5	3	3	2	1	1	1	2	2	3	3	3	3	2	2	1	1	1	1	2	2	1	1	2	1	2	2	2	2	3	3	1	1	2	1	4	4	3	3	1	1	1	1	1	1	5	5	3	1	2	2	2	1	2	2	1	1	1	1	3	2	2	2	3	2	1	1	2	2	2	2	3	3	2	2	2	2	1	1	2	2	2	2	3	2	3	3	4	4	3	3	3	3	3	3	3	2	2	2	3	3	3	3	2	2	3	3	2	2	3	3	2	1	3	3	3	3	2	2	2	1	1	1	2	1	2	1	2	2	3	1	3	1	2	1	2	2	3	2	5	2	4	4	4	4	3	2	1	1	2	2	1	1	1	1	5	5	2	2	1	1	2	1	2	2	4	4	3	3	2	2	2	2	1	1	3	1	3	1	2	1	1	1	3	3	2	2	3	3	3	2	2	1	4	4	3	3	3	1	3	3	4	3	3	1	2	2	4	4	4	4	3	3	3	3	3	3	2	1	2	2	3	2	2	2	1	1
21G.1287	2	2	2	2	4	4	2	2	1	1	3	3	1	1	4	4	2	2	1	1	2	2	2	2	1	1	4	4	2	2	2	2	2	2	3	2	3	3	3	3	3	3	1	1	3	1	2	2	2	1	3	3	2	2	2	2	2	2	2	2	2	2	5	1	3	3	4	1	3	3	3	1	3	2	4	3	3	3	3	1	2	2	2	1	2	2	3	2	3	2	2	2	3	3	3	3	4	4	2	2	2	2	2	2	3	3	2	2	4	4	1	1	2	2	2	2	3	3	2	2	3	3	3	3	2	2	3	2	2	2	2	2	3	3	2	2	3	2	3	1	2	2	1	1	3	3	3	3	1	1	2	1	2	1	4	2	3	3	2	2	3	3	2	2	2	2	2	2	3	3	1	1	3	3	3	3	2	1	2	1	2	2	2	2	3	3	2	2	2	2	2	2	7	7	3	3	1	1	2	2	3	2	4	4	1	1	4	4	3	3	2	1	2	1	1	1	2	1	2	1	3	1	3	3	3	3	2	2	2	2	3	3	2	1	2	1	3	2	1	1	2	2	3	2	2	2	3	3	3	3	3	3	1	1	3	3	1	1	2	1	1	1	1	1	3	3	3	3	4	4	3	3	2	1	2	1	2	2	2	1	3	3	3	3	1	1	2	2	3	3	2	1	5	1	1	1	3	3	2	1	2	1	2	2	3	2	3	3	2	2	3	1	3	2	2	1	2	1	1	1	4	3	2	1	2	2	3	3	5	5	3	3	4	4	2	2	3	3	2	2	2	2	2	2	2	2	2	1	2	1	2	2	5	5	2	2	2	2	2	2	3	3	2	2	3	3	2	2	4	4	3	1	1	1	3	3	3	2	4	3	3	3	1	1	1	1	1	1	2	2	3	3	3	3	1	1	3	1	3	3	2	2	2	2	3	2	3	3	2	2	2	2	2	1	2	2	2	2	3	3	4	4	3	1	3	3	3	3	2	2	2	2	4	4	2	1	3	1	2	2	2	2	2	2	3	3	2	1	4	1	5	5	3	1	3	3	2	2	2	2	2	2	3	2	1	1	2	2	1	1	2	2	2	2	4	2	3	3	2	1	3	3	2	1	1	1	2	2	2	2	3	2	3	2	2	2	1	1	4	1	4	4	3	3	2	2	1	1	2	2	3	1	2	2	3	1	1	1	3	3	2	2	3	3	1	1	2	2	2	2	3	3	2	1	4	2	2	2	3	3	2	1	4	4	2	2	3	3	2	2	1	1	3	1	2	2	2	2	1	1
21G.1293	2	2	2	2	4	4	3	3	2	1	3	1	3	3	4	4	3	3	1	1	3	3	1	1	2	2	2	2	1	1	3	3	2	2	3	3	3	3	3	3	3	3	3	3	3	3	2	2	2	1	4	2	1	1	1	1	2	2	1	1	2	2	5	4	2	2	3	3	3	2	2	2	3	3	3	3	3	3	3	3	3	3	1	1	2	2	3	3	2	2	1	1	3	3	1	1	4	3	2	1	2	2	2	2	3	3	2	2	4	1	2	1	2	2	2	2	3	2	4	4	3	3	2	2	3	3	3	3	2	2	3	2	3	2	2	2	4	3	3	3	2	1	2	2	3	3	5	5	3	2	1	1	3	3	2	1	1	1	1	1	1	1	2	2	2	2	3	3	1	1	2	2	3	3	2	2	2	2	2	2	2	2	2	2	2	2	2	2	2	2	2	1	7	7	3	2	2	1	2	2	3	3	4	4	1	1	4	4	3	3	4	4	2	1	2	2	1	1	2	2	3	3	3	1	3	1	2	2	1	1	3	2	1	1	2	1	2	2	2	2	1	1	3	3	2	2	3	3	1	1	3	3	1	1	3	3	1	1	2	1	4	3	2	2	3	3	2	2	4	4	2	1	2	2	2	2	3	3	1	1	3	3	3	2	1	1	3	2	3	2	2	2	1	1	1	1	3	3	1	1	2	2	2	1	2	1	3	1	3	2	3	1	2	2	2	2	3	3	2	2	3	3	1	1	2	2	2	2	2	2	3	2	3	2	5	5	2	2	1	1	2	2	2	2	2	2	3	3	1	1	3	1	2	2	1	1	2	2	2	2	2	1	3	3	1	1	3	3	4	4	3	3	1	1	2	2	2	2	3	3	3	3	2	2	2	1	2	2	2	1	2	2	1	1	2	2	3	3	3	3	1	1	3	1	3	2	3	2	2	2	2	2	2	2	2	2	3	2	2	2	3	3	3	2	3	3	3	3	3	3	2	2	3	3	2	2	3	3	2	1	2	2	3	3	2	2	5	3	4	4	3	3	1	1	1	1	2	2	1	1	2	2	3	1	3	2	2	2	2	2	4	4	5	5	2	2	4	2	3	1	1	1	1	1	1	1	2	2	2	2	2	2	3	1	2	2	2	2	4	4	3	3	2	2	2	2	1	1	2	2	4	4	2	2	3	3	3	3	3	3	3	3	3	3	3	3	4	4	3	2	3	3	3	2	4	4	2	1	3	3	3	1	4	2	3	3	3	3	1	1	1	1	3	3	3	2	2	2	1	1
21G.1295	1	1	1	1	4	1	3	1	2	1	3	3	4	1	4	4	2	1	3	3	3	3	1	1	3	3	4	4	3	3	2	2	2	2	3	3	3	1	3	1	3	3	3	3	1	1	3	3	1	1	2	2	2	2	3	3	2	2	2	1	2	2	5	5	3	3	1	1	2	2	2	2	3	3	4	3	3	1	3	3	3	3	2	2	1	1	4	4	3	1	2	2	3	3	2	2	3	3	3	1	1	1	3	3	1	1	2	1	4	2	3	1	2	2	2	1	2	2	3	3	3	1	2	1	3	3	3	2	2	2	2	2	3	3	2	2	3	3	2	2	1	1	2	2	2	2	3	3	1	1	1	1	2	1	2	1	3	3	2	1	3	3	1	1	2	2	1	1	3	3	2	2	3	1	3	1	2	2	2	2	3	2	2	1	2	1	2	2	2	1	1	1	7	7	3	3	1	1	1	1	2	2	3	3	3	3	1	1	1	1	2	1	3	1	1	1	2	1	4	4	2	1	3	3	1	1	2	2	2	2	2	2	1	1	1	1	1	1	1	1	2	2	3	3	2	2	3	3	4	2	3	3	1	1	2	2	2	1	2	2	2	2	3	3	3	1	3	2	4	4	1	1	1	1	2	2	2	2	2	2	2	2	3	3	2	2	2	2	3	2	2	2	3	3	1	1	2	2	2	2	2	2	2	1	2	2	3	3	2	2	3	1	3	1	2	1	3	3	2	2	2	2	2	2	2	2	3	3	3	3	3	1	5	4	4	3	3	3	2	1	2	1	1	1	3	2	3	3	2	2	3	3	2	2	1	1	2	2	0	0	1	1	3	3	1	1	2	2	4	4	3	3	1	1	3	1	3	3	4	4	3	1	2	1	2	1	2	2	2	2	2	2	1	1	2	1	2	2	1	1	2	2	3	2	3	2	3	2	2	2	1	1	3	3	4	4	1	1	2	2	3	3	3	3	1	1	3	3	3	2	2	2	3	3	2	2	3	3	3	2	3	3	2	2	2	2	3	2	4	4	4	2	3	3	3	1	3	3	2	2	2	2	2	1	3	1	2	2	2	2	4	2	2	2	5	5	2	1	3	3	2	2	2	2	1	1	1	1	5	3	2	2	4	4	2	2	2	2	4	4	4	4	4	2	3	3	2	1	2	2	3	3	2	2	3	1	2	2	3	3	3	3	2	2	1	1	2	2	2	2	3	3	1	1	4	4	2	1	3	3	1	1	4	4	1	1	2	2	2	1	3	3	3	1	3	3	2	2	2	2
21G.1299	2	2	3	3	4	1	3	3	2	2	3	3	4	4	4	4	1	1	3	3	2	1	2	2	3	2	4	4	2	1	3	2	2	2	2	2	3	3	3	3	3	3	3	1	3	3	3	3	2	1	3	2	2	2	2	1	2	2	2	2	3	2	4	1	4	4	1	1	3	3	3	3	3	2	3	3	3	3	1	1	3	3	2	2	2	2	5	2	2	2	2	1	3	1	3	3	3	2	2	1	2	1	2	2	3	3	2	1	4	4	2	2	3	3	2	2	3	3	4	4	1	1	2	1	3	1	3	3	2	1	3	3	3	3	2	2	4	4	3	2	1	1	2	2	3	2	3	1	1	1	2	1	3	3	4	1	2	2	2	2	3	3	1	1	3	2	2	1	3	1	1	1	3	3	3	3	2	2	2	2	2	1	2	2	3	3	2	2	2	2	2	2	7	7	3	3	2	2	2	2	3	3	4	2	3	3	2	1	3	1	4	4	1	1	2	2	1	1	3	3	3	1	4	4	1	1	2	2	2	2	2	2	2	2	3	3	1	1	2	1	3	3	1	1	2	2	3	3	4	4	3	3	1	1	3	3	1	1	1	1	3	2	3	2	3	3	3	3	4	4	1	1	1	1	2	1	2	2	2	1	3	1	3	3	1	1	3	3	3	2	2	2	4	4	3	1	2	2	3	3	2	2	2	2	3	3	3	3	2	2	3	2	3	1	1	1	2	2	2	1	3	3	2	2	2	1	3	3	5	5	2	1	4	3	5	5	2	2	2	1	2	1	1	1	2	2	1	1	1	1	1	1	5	2	1	1	1	1	1	1	1	1	2	1	1	1	3	2	2	1	3	3	2	2	3	3	1	1	5	5	3	3	1	1	1	1	2	1	2	2	3	2	2	2	2	2	3	3	3	3	1	1	2	2	2	2	3	3	2	1	2	2	2	1	3	2	2	2	2	1	3	3	3	3	3	3	3	3	3	3	2	2	3	1	1	1	3	3	3	3	2	1	3	2	2	2	3	3	3	3	5	5	2	2	3	3	2	2	2	2	2	2	3	3	2	1	2	2	1	1	4	2	5	5	4	4	3	2	3	3	2	2	1	1	2	1	2	1	5	5	2	2	3	2	2	2	2	2	4	1	3	3	2	2	2	2	1	1	3	3	3	3	2	2	2	1	3	3	3	3	3	1	2	2	2	2	4	4	3	3	3	3	3	3	4	4	2	2	2	1	3	3	2	2	3	3	2	2	3	2	4	2	3	3	3	3	2	2	1	1
21G.1301	2	2	3	3	4	4	2	2	1	1	3	3	3	1	4	4	2	2	3	1	3	3	2	1	2	2	2	2	2	2	3	3	3	2	2	1	1	1	1	1	3	3	1	1	3	3	3	3	2	2	4	4	2	2	2	2	2	1	1	1	3	3	4	4	3	3	2	1	3	3	3	2	3	2	4	3	3	3	1	1	3	2	2	1	2	2	2	2	2	1	2	1	3	1	1	1	3	2	2	1	2	2	1	1	3	1	2	2	4	4	2	2	2	2	2	1	2	2	4	4	3	3	2	2	2	1	3	3	1	1	3	3	2	1	2	1	4	1	3	3	2	2	2	2	3	3	5	5	2	1	1	1	3	3	4	2	1	1	2	2	3	3	2	2	2	2	2	1	3	3	1	1	3	3	3	3	2	1	2	2	2	2	2	2	1	1	2	2	2	2	2	2	7	7	3	3	1	1	2	2	3	3	4	4	1	1	4	4	3	3	4	4	1	1	2	2	2	1	3	3	3	1	4	4	1	1	2	2	2	2	3	3	1	1	3	3	1	1	2	2	3	1	3	3	1	1	3	3	4	4	3	2	1	1	3	2	2	2	2	2	4	4	2	2	3	3	3	1	4	4	1	1	1	1	1	1	2	2	1	1	3	3	3	3	1	1	3	3	3	1	1	1	4	4	3	3	2	2	3	1	2	2	2	2	2	2	3	3	2	2	2	1	3	3	1	1	2	2	2	2	3	1	1	1	2	1	2	2	5	5	1	1	5	5	1	1	1	1	2	1	2	2	3	2	3	3	2	2	1	1	3	3	5	1	1	1	2	1	2	2	2	2	3	3	3	1	2	1	4	4	3	1	2	2	5	5	2	2	4	4	3	3	2	2	1	1	2	1	1	1	1	1	3	3	2	2	3	3	1	1	2	2	2	2	2	2	2	2	2	1	2	2	2	1	2	2	2	2	1	1	3	3	3	2	3	3	3	3	3	3	2	2	3	3	1	1	3	3	3	3	3	2	3	3	2	2	3	3	4	2	4	2	2	2	3	3	1	1	2	1	2	1	3	3	3	3	2	1	1	1	3	2	5	2	4	4	3	3	3	2	1	1	2	2	5	1	2	1	3	2	3	2	1	1	2	2	2	2	4	4	3	1	2	2	2	1	1	1	3	1	3	3	2	2	1	1	1	1	3	3	3	2	3	3	2	1	2	2	3	2	1	1	2	1	4	4	2	2	3	3	3	1	4	1	2	2	2	2	3	1	4	4	1	1	2	2	2	2	1	1
21G.1302	2	2	3	2	4	4	3	1	1	1	2	1	3	3	3	3	2	2	1	1	3	3	2	2	2	1	4	4	2	2	3	3	2	2	2	2	3	3	3	1	3	3	3	3	3	3	2	2	2	1	3	3	2	1	3	1	1	1	2	2	1	1	4	3	3	2	1	1	3	3	3	2	3	3	3	3	2	2	3	1	3	2	2	2	2	2	3	2	2	1	2	2	3	3	3	1	4	4	1	1	2	1	3	3	1	1	1	1	4	1	3	1	1	1	2	1	1	1	3	3	2	1	3	2	2	2	1	1	4	2	2	2	3	3	2	2	4	4	2	2	2	1	2	1	3	2	5	5	3	1	2	1	3	2	2	1	1	1	1	1	3	3	2	2	2	2	1	1	3	3	2	2	3	3	3	3	2	1	2	2	3	3	2	1	2	2	2	2	2	2	1	1	7	7	2	2	2	1	1	1	2	2	3	2	3	3	4	4	2	2	2	2	2	2	2	2	2	2	3	3	3	3	3	1	3	3	2	2	2	1	3	2	2	1	2	2	2	2	2	1	3	2	3	1	1	1	3	2	4	4	3	3	1	1	2	2	1	1	2	2	2	2	2	1	3	3	3	3	2	2	1	1	3	3	2	1	3	2	2	2	3	3	3	3	2	1	2	2	3	3	2	2	3	3	3	3	3	3	3	3	2	2	2	2	2	2	3	2	3	3	3	3	1	1	2	2	3	1	1	1	3	2	2	2	2	1	3	3	5	5	3	3	1	1	3	2	2	1	3	3	2	2	3	2	3	3	3	3	2	2	3	3	4	4	1	1	1	1	2	2	3	3	2	2	3	3	3	3	3	3	2	2	2	2	3	2	2	1	4	3	3	3	2	1	2	1	2	2	1	1	2	2	3	3	2	2	3	1	3	1	2	2	2	2	3	3	3	2	2	2	2	2	1	1	3	3	2	2	2	1	3	1	3	2	3	3	3	3	1	1	2	2	2	2	1	1	3	3	3	3	3	3	3	1	3	2	5	3	4	1	3	1	1	1	3	1	2	1	1	1	2	2	1	1	3	3	2	1	2	2	4	3	5	2	4	1	3	3	3	3	2	2	1	1	1	1	2	2	3	3	3	3	2	2	2	2	2	1	4	4	4	4	4	2	2	2	1	1	2	2	1	1	2	2	3	3	3	3	2	2	3	3	2	2	2	1	4	2	2	2	3	3	1	1	4	4	3	2	3	3	4	1	1	1	2	2	3	2	2	1	1	1	1	1	3	3	2	1	2	2
21G.1307	2	1	3	3	4	4	3	2	1	1	1	1	4	1	4	4	3	1	5	5	3	1	2	2	2	2	4	1	2	2	1	1	2	2	3	2	3	3	3	1	3	3	3	1	3	1	3	2	1	1	2	1	2	2	2	2	2	2	1	1	2	2	5	4	2	2	2	2	2	2	2	2	3	3	4	4	3	3	2	2	3	3	2	2	2	2	4	4	2	2	1	1	3	1	1	1	4	3	2	2	1	1	2	2	3	3	1	1	4	4	3	3	3	2	2	2	2	1	4	1	3	3	2	2	3	3	3	3	2	2	2	1	3	3	2	2	3	3	2	2	1	1	2	2	2	2	3	1	1	1	1	1	2	2	4	1	2	1	2	1	3	2	2	2	3	3	3	3	3	1	2	2	3	3	3	3	1	1	4	2	2	2	2	2	3	2	2	2	2	2	2	2	7	4	3	3	2	1	2	2	3	3	4	4	1	1	4	4	3	3	3	2	3	2	2	1	1	1	3	3	3	1	2	2	4	4	1	1	2	2	3	2	1	1	3	1	1	1	2	1	3	2	3	2	1	1	3	2	4	4	3	2	2	2	3	3	2	1	2	2	3	3	2	2	3	1	2	2	5	4	2	1	3	1	2	2	3	2	1	1	2	2	3	3	1	1	3	3	4	4	2	1	4	4	1	1	2	2	1	1	2	2	2	1	2	2	3	3	3	3	1	1	1	1	2	2	2	2	1	1	3	3	2	2	2	2	3	2	5	4	3	1	5	5	1	1	2	2	2	1	2	2	1	1	2	2	1	1	1	1	3	1	5	5	1	1	1	1	2	2	2	2	3	3	1	1	1	1	4	4	2	1	1	1	4	4	2	1	4	1	1	1	2	2	1	1	2	2	2	2	3	3	3	3	2	2	3	3	1	1	1	1	3	2	3	2	2	2	2	2	2	2	2	1	2	2	3	3	3	3	4	1	3	2	2	1	4	3	3	3	2	2	2	2	3	2	1	1	3	2	3	2	3	2	2	2	1	1	4	4	5	5	3	3	3	3	2	1	2	2	2	2	1	1	3	3	2	2	2	2	3	3	5	5	2	2	4	3	3	3	1	1	1	1	1	1	1	1	3	2	2	1	3	3	1	1	2	2	4	1	4	3	2	2	2	2	2	2	1	1	4	4	2	1	3	3	1	1	3	3	2	2	3	2	1	1	4	4	2	2	3	1	3	1	4	2	2	1	3	3	3	2	4	4	2	2	3	3	3	3	4	1	3	3	2	2	2	2	1	1
21G.1310	1	1	2	1	4	4	2	2	2	2	3	1	3	3	4	2	3	2	3	2	3	3	2	1	2	2	4	2	1	1	3	3	2	1	3	2	4	1	3	1	3	3	3	3	1	1	3	3	2	1	2	1	2	2	3	1	1	1	1	1	2	2	4	2	3	2	4	1	3	2	2	2	3	3	4	4	3	3	1	1	3	2	2	2	3	2	5	5	3	3	2	1	3	3	3	1	2	2	3	3	3	3	2	2	3	3	2	2	4	4	1	1	3	1	1	1	2	1	4	1	2	2	2	2	2	2	1	1	2	2	2	2	3	3	1	1	3	3	3	1	2	2	1	1	3	1	5	3	4	2	1	1	1	1	4	1	2	1	1	1	3	3	2	2	2	2	2	2	3	3	1	1	3	3	3	3	1	1	4	4	3	3	3	2	1	1	2	2	1	1	2	2	7	4	3	3	1	1	2	1	4	2	3	1	3	3	3	1	1	1	4	4	2	2	2	2	2	1	2	2	3	3	4	4	3	3	2	2	2	2	3	2	1	1	2	2	2	1	2	2	3	3	3	3	3	3	3	3	4	4	2	2	1	1	2	2	1	1	2	2	3	3	3	3	1	1	3	2	4	4	1	1	3	2	1	1	3	3	2	2	2	1	3	3	2	2	3	2	4	3	2	2	4	2	3	3	3	2	3	3	2	2	2	2	2	2	3	3	2	2	1	1	3	2	1	1	2	2	2	2	3	3	2	2	1	1	3	3	4	4	2	2	2	2	4	2	3	2	2	2	1	1	2	1	2	2	2	2	1	1	3	3	5	1	2	2	1	1	2	1	3	2	3	3	2	1	3	2	4	4	2	1	2	2	3	1	3	1	4	3	3	3	2	2	2	2	2	1	2	2	3	1	2	2	2	2	3	3	3	3	1	1	3	3	3	3	3	3	1	1	2	2	2	2	2	1	3	2	3	3	3	3	3	3	3	1	4	4	2	2	2	2	4	3	1	1	3	2	3	3	2	2	3	3	3	2	3	3	3	2	5	4	1	1	2	1	2	1	2	2	2	2	2	2	3	3	2	2	2	1	3	2	5	2	3	2	2	1	3	3	2	2	1	1	1	1	2	1	5	5	3	3	1	1	2	2	2	1	4	4	3	3	4	2	2	2	2	2	3	3	1	1	2	2	1	1	3	3	3	3	3	2	3	3	1	1	2	2	2	2	3	1	2	2	4	3	3	2	2	2	2	1	3	3	3	2	3	3	3	1	3	3	2	2	3	3	1	1	1	1
21G.1316	2	2	3	3	4	4	2	2	2	2	3	3	3	1	4	4	2	2	5	1	3	3	2	2	2	1	4	4	2	2	3	3	2	2	2	2	1	1	4	4	4	1	3	3	3	3	2	2	2	1	4	3	2	2	2	2	2	2	1	1	2	2	4	4	2	2	2	2	3	3	2	2	3	3	3	3	3	3	2	2	3	1	2	1	3	3	4	4	3	2	2	2	3	3	1	1	3	3	2	2	3	2	1	1	3	3	2	2	4	1	3	3	3	3	2	2	3	3	4	1	3	3	2	1	3	2	3	2	4	4	3	2	3	2	2	2	3	3	2	2	1	1	0	0	3	3	3	3	2	1	1	1	3	3	2	2	3	3	2	2	3	3	2	2	2	2	3	3	3	1	2	2	3	3	3	1	2	2	2	2	2	2	1	1	1	1	1	1	2	2	2	2	7	4	3	2	2	2	2	2	3	3	4	1	1	1	3	1	2	2	4	4	2	2	2	2	2	1	3	3	3	3	4	2	4	1	2	2	2	1	2	1	2	1	3	3	2	1	2	2	3	3	2	2	1	1	2	2	4	4	2	2	2	1	3	3	2	1	1	1	3	1	1	1	3	3	2	2	4	4	3	3	1	1	2	2	2	2	2	1	3	1	3	3	1	1	3	2	3	3	2	2	4	4	3	3	3	2	3	1	2	2	2	2	3	2	3	3	3	2	3	1	2	2	2	2	2	2	1	1	4	4	1	1	2	2	2	2	1	1	3	3	3	3	5	5	2	2	2	1	2	2	2	1	2	2	3	3	2	2	3	3	2	2	1	1	2	2	2	2	2	1	3	3	3	3	2	1	4	2	2	2	1	1	3	1	3	2	4	4	3	3	1	1	1	1	2	2	1	1	3	1	3	3	2	2	3	3	3	3	1	1	2	2	2	1	3	3	2	2	1	1	2	2	2	2	2	2	1	1	3	3	3	3	1	1	3	3	2	2	2	1	3	3	2	1	3	1	2	2	3	3	3	3	3	3	3	3	4	2	2	2	2	1	3	3	2	1	2	2	2	2	2	1	3	1	2	2	2	1	3	2	5	2	5	2	3	3	2	2	1	1	2	2	1	1	2	2	5	5	3	3	2	2	1	1	2	2	4	1	4	4	2	2	2	1	1	1	2	2	4	4	2	2	3	3	2	2	3	3	2	2	3	3	1	1	4	1	2	2	3	3	2	1	2	2	3	1	2	1	4	2	4	4	2	2	1	1	3	2	4	1	3	1	3	3	2	2	1	1
21G.1320	2	2	2	2	4	1	3	1	2	1	2	1	4	3	3	3	3	3	3	3	3	3	1	1	2	2	1	1	2	2	2	2	3	3	3	3	3	3	3	3	3	3	3	3	3	3	2	2	2	1	3	3	2	1	2	2	2	2	1	1	2	2	5	5	3	2	4	4	2	1	2	2	3	3	2	2	2	2	1	1	3	3	2	2	1	1	2	2	3	3	2	2	3	3	3	3	2	2	1	1	1	1	1	1	1	1	2	2	4	4	3	3	2	2	2	1	3	3	3	3	1	1	3	3	2	1	3	2	2	1	3	2	1	1	2	2	3	3	2	2	2	2	2	1	2	1	3	1	3	3	1	1	3	3	2	2	3	1	2	1	3	2	2	1	3	3	1	1	3	1	2	1	3	3	2	2	2	2	2	2	2	2	2	2	3	3	1	1	2	2	2	2	7	4	1	1	2	1	2	2	2	2	3	3	3	3	4	2	1	1	2	1	2	2	1	1	2	1	3	3	3	2	3	2	4	4	2	1	2	2	2	1	1	1	3	2	2	1	2	2	3	3	1	1	2	1	3	3	4	4	3	1	1	1	3	3	2	2	2	2	2	2	3	1	3	3	2	1	4	4	2	1	2	2	2	1	3	2	2	2	2	2	2	2	1	1	3	3	3	3	1	1	4	4	3	3	2	2	2	2	2	1	1	1	2	1	4	4	2	2	2	2	2	2	2	2	2	2	2	1	4	4	2	2	1	1	3	1	5	3	1	1	4	4	4	4	2	2	1	1	1	1	3	1	3	3	2	1	1	1	3	3	4	3	1	1	2	1	2	2	3	2	3	3	3	3	3	3	4	2	3	3	1	1	3	3	1	1	5	5	3	3	2	1	2	2	1	1	2	1	3	1	3	3	2	2	3	3	1	1	1	1	3	2	3	2	3	3	2	2	2	2	1	1	3	3	2	2	2	2	1	1	2	2	3	3	3	3	3	2	2	2	3	3	2	2	3	3	3	2	2	2	3	2	2	2	3	3	1	1	2	1	1	1	3	3	1	1	2	2	2	2	3	3	2	2	2	2	1	1	4	2	5	5	5	3	3	3	3	2	3	2	2	1	1	1	2	2	4	4	3	2	1	1	1	1	2	2	4	1	4	3	2	1	2	2	2	1	2	2	1	1	2	2	3	3	3	1	3	2	3	1	3	2	2	2	2	2	3	2	3	1	2	2	3	3	2	1	3	3	4	4	4	4	3	1	2	2	3	3	1	1	2	2	3	3	3	3	1	1
21G.1321	2	1	3	3	4	4	3	1	2	1	1	1	4	1	4	4	2	2	1	1	3	3	2	2	3	3	4	4	2	1	3	3	3	3	2	2	3	3	1	1	3	3	3	1	1	1	2	1	2	2	3	2	2	2	2	2	2	2	1	1	2	2	5	4	3	3	3	3	3	2	2	2	3	3	4	3	3	3	2	2	3	3	1	1	2	2	4	4	2	2	2	2	1	1	3	3	4	4	1	1	2	2	2	2	3	3	2	2	4	2	3	1	3	3	2	1	3	1	3	3	1	1	3	3	0	0	3	3	4	1	3	1	1	1	2	2	3	3	2	2	2	1	0	0	2	2	3	1	3	1	2	2	3	3	2	2	2	2	2	2	3	3	3	3	2	2	3	3	3	3	2	1	3	3	3	3	2	2	2	1	2	2	3	1	3	3	2	1	2	2	1	1	7	6	3	2	1	1	2	1	2	2	2	2	3	3	4	4	1	1	4	1	1	1	2	2	2	2	3	3	3	3	4	4	3	3	2	2	2	2	2	2	2	2	2	2	1	1	2	2	3	3	1	1	1	1	3	3	4	1	0	0	1	1	3	2	1	1	2	2	3	1	3	3	3	3	3	3	4	4	2	2	3	1	2	2	2	2	1	1	3	3	3	3	2	1	3	3	3	2	2	2	5	5	3	3	2	2	2	2	2	2	2	2	2	1	3	3	3	1	2	2	3	3	2	2	2	2	2	1	4	3	2	2	1	1	2	2	1	1	3	3	5	5	1	1	3	2	2	2	2	2	1	1	3	1	3	2	2	1	3	3	5	2	1	1	2	1	2	2	2	1	3	3	3	3	3	2	4	4	3	3	2	2	5	5	3	3	4	4	3	3	2	2	2	1	1	1	2	2	3	3	2	1	2	2	3	2	3	3	1	1	2	2	3	3	3	3	2	2	2	2	3	3	2	2	2	2	2	2	3	3	2	2	3	3	4	4	2	1	2	1	2	2	2	1	3	3	3	3	3	3	3	3	2	1	4	2	4	4	0	0	2	2	3	1	1	1	1	1	2	1	2	2	1	1	1	1	1	1	3	3	5	4	4	2	0	0	2	2	3	3	1	1	2	2	1	1	5	5	2	1	3	3	2	2	2	2	4	4	4	4	2	2	2	2	2	2	3	3	3	1	2	2	1	1	3	3	4	4	3	3	3	3	1	1	2	2	2	2	3	3	2	2	4	4	2	2	3	3	4	3	4	3	2	1	3	3	3	2	3	3	3	1	3	3	3	2	1	1
21G.1324	2	2	2	2	4	4	3	3	2	1	1	1	3	3	4	4	3	1	3	3	3	3	1	1	2	2	2	2	1	1	3	3	2	2	3	3	3	1	3	1	3	3	3	3	3	1	2	2	2	2	2	1	2	1	2	2	2	2	1	1	2	2	4	4	2	2	2	2	2	2	2	2	3	3	4	4	3	3	1	1	3	3	2	1	3	2	3	3	3	2	2	2	3	3	1	1	3	3	2	2	3	2	1	1	3	3	2	2	4	3	3	3	3	1	2	2	3	3	4	4	3	3	3	1	1	1	3	2	4	4	2	2	3	3	2	1	3	3	3	3	2	2	2	2	2	2	3	3	2	2	1	1	3	3	2	2	3	1	2	2	2	1	2	2	2	2	3	3	3	3	2	1	3	3	2	1	2	1	4	1	2	2	2	1	1	1	2	1	2	2	1	1	7	4	3	3	1	1	2	1	3	3	4	4	1	1	1	1	1	1	4	2	2	2	2	2	1	1	3	1	1	1	4	4	3	3	1	1	2	1	2	2	1	1	3	3	2	2	2	2	2	2	2	2	2	1	2	2	4	4	2	2	2	2	3	3	2	1	2	2	3	3	2	2	3	3	2	2	2	1	1	1	1	1	2	1	2	2	1	1	3	2	3	2	1	1	3	3	3	3	2	2	4	1	1	1	3	3	1	1	2	2	2	2	3	3	3	3	3	3	2	2	3	2	1	1	3	3	2	1	3	3	2	2	2	1	2	2	4	1	3	3	4	4	5	3	2	2	2	2	2	2	1	1	2	2	2	1	1	1	1	1	2	2	2	1	2	2	2	2	2	2	3	2	3	3	3	3	4	4	2	2	2	2	1	1	2	1	5	4	3	3	2	2	2	2	2	2	1	1	2	2	1	1	1	1	3	3	1	1	2	1	3	3	2	2	2	2	1	1	2	1	2	1	2	2	3	1	3	2	4	3	3	2	1	1	3	3	3	3	2	2	3	2	3	3	1	1	3	3	2	2	3	2	2	2	3	3	4	4	2	2	3	3	1	1	2	1	1	1	2	2	1	1	3	3	2	1	1	1	4	4	5	2	4	4	3	3	3	3	3	3	2	1	3	2	1	1	2	2	3	1	3	3	2	2	2	2	4	1	4	2	4	2	2	1	2	1	2	2	3	3	2	2	3	3	3	1	3	3	2	2	3	3	1	1	4	4	2	2	3	3	2	1	4	2	2	2	3	3	4	3	4	4	1	1	3	3	1	1	1	1	2	2	3	3	2	2	1	1
21G.1327	2	1	2	2	4	4	2	2	2	2	2	2	3	3	4	2	3	2	2	1	3	3	2	1	2	2	3	2	4	4	2	2	2	2	2	2	3	3	1	1	3	3	3	3	3	3	3	3	2	2	4	4	2	2	2	1	1	1	1	1	3	2	4	4	3	2	2	2	2	2	2	2	3	3	3	3	2	1	1	1	3	3	2	1	2	2	5	5	2	2	2	2	3	3	3	2	4	3	1	1	1	1	2	2	3	3	2	1	4	4	3	1	2	2	1	1	2	2	3	1	2	2	3	3	3	3	3	3	4	4	3	3	2	2	1	1	4	1	2	2	2	1	1	1	2	2	5	1	2	1	2	2	3	2	2	2	3	1	2	2	3	2	3	3	2	1	3	1	3	3	2	2	3	3	2	1	2	1	4	1	2	1	2	2	3	2	2	1	2	2	1	1	3	2	2	2	1	1	2	2	4	4	2	2	3	3	3	1	2	1	2	2	2	2	2	2	1	1	3	2	3	2	3	2	4	3	1	1	1	1	3	3	2	1	2	2	1	1	1	1	2	2	3	3	3	1	3	2	4	3	2	1	1	1	3	3	2	2	2	2	3	3	3	3	3	1	3	2	4	4	2	2	1	1	2	2	3	3	2	2	2	2	3	3	2	2	2	2	4	4	2	2	3	1	3	3	3	1	2	1	2	1	2	2	2	1	3	1	2	2	2	1	3	1	1	1	1	1	2	2	4	4	2	1	2	2	3	3	1	1	3	3	5	5	5	5	2	2	2	1	2	1	2	1	2	1	3	2	2	1	3	3	4	2	1	1	2	1	2	2	2	2	3	3	3	1	3	3	4	2	3	3	2	2	5	5	2	2	3	3	3	1	2	1	2	2	2	1	2	1	3	3	2	2	2	2	3	3	3	3	2	1	3	3	2	2	3	3	2	2	2	1	2	1	3	2	1	1	3	3	4	4	3	3	3	1	4	3	2	1	2	2	4	4	3	1	3	1	3	3	2	2	3	3	2	2	3	3	2	2	5	5	3	3	3	3	1	1	1	1	2	2	3	3	3	3	2	1	2	2	3	3	5	1	4	1	3	3	3	2	1	1	1	1	3	2	1	1	3	2	2	2	2	1	2	2	2	2	4	4	4	3	4	4	3	2	2	1	2	2	3	3	2	2	3	2	2	2	3	2	1	1	3	3	1	1	4	2	2	2	1	1	3	1	3	3	3	1	2	1	3	3	4	1	3	1	3	2	2	2	3	3	1	1	3	2	2	2	1	1
21G.1339	2	2	3	3	4	4	3	2	2	1	3	3	4	4	4	4	2	2	3	3	2	2	2	1	3	3	4	4	2	2	2	2	2	2	2	2	3	1	3	3	3	3	3	1	3	3	3	2	2	2	3	3	2	2	1	1	2	2	1	1	3	2	4	1	3	3	1	1	3	2	3	2	2	2	4	3	3	3	1	1	3	2	2	2	2	2	2	2	2	2	2	2	3	1	2	1	4	4	2	2	2	2	2	2	3	1	2	2	4	4	1	1	3	2	2	2	3	3	4	4	2	2	2	2	1	1	2	2	2	1	3	3	3	3	2	2	4	3	3	3	1	1	2	2	2	2	5	1	2	2	2	2	3	3	2	2	3	3	2	2	3	3	2	1	2	2	3	1	3	1	1	1	3	3	2	2	1	1	2	2	1	1	2	2	2	2	2	2	2	2	2	1	7	7	3	3	1	1	2	2	3	3	2	1	3	3	3	2	3	3	2	2	2	2	2	2	1	1	3	2	3	3	4	4	3	3	1	1	2	1	2	2	2	2	3	3	3	3	1	1	3	2	1	1	1	1	3	3	4	4	3	3	1	1	3	2	2	1	2	1	3	3	3	3	3	3	3	3	5	4	2	1	1	1	1	1	2	2	2	1	3	2	3	3	1	1	3	2	3	3	2	2	5	1	3	3	3	2	3	3	2	1	2	2	3	3	3	3	2	2	2	2	3	3	1	1	2	2	1	1	1	1	2	2	2	2	3	3	5	5	3	3	5	4	5	5	2	1	1	1	2	2	3	3	3	3	2	2	2	1	2	1	5	5	1	1	2	1	1	1	2	1	3	3	1	1	3	3	4	4	2	2	2	2	3	3	2	2	5	3	1	1	2	2	1	1	1	1	2	2	3	2	2	2	2	2	3	2	3	3	2	1	2	2	2	2	3	3	1	1	1	1	3	1	3	3	2	2	1	1	3	1	3	3	3	3	3	3	3	2	2	2	3	3	2	2	3	3	3	2	2	2	3	3	2	1	3	2	4	3	2	1	3	1	3	3	2	2	2	1	2	2	1	1	2	2	2	2	2	2	4	2	5	2	2	1	4	1	3	1	3	1	1	1	1	1	2	2	5	5	2	2	1	1	2	1	2	2	4	4	3	2	4	4	2	2	2	1	3	3	3	1	2	2	3	1	3	3	2	2	3	3	2	2	1	1	4	2	3	3	3	1	3	1	4	4	3	3	3	3	3	3	4	2	2	1	3	3	2	1	1	1	3	2	3	3	2	2	1	1
21G.1344	2	2	2	1	4	4	3	2	1	1	3	3	4	4	3	3	3	1	5	3	3	3	1	1	2	2	4	4	1	1	2	2	2	2	2	2	3	3	3	3	3	3	3	1	1	1	2	1	2	1	3	3	2	2	2	2	2	2	2	2	2	2	5	5	4	4	1	1	2	2	2	1	3	3	3	2	2	1	3	1	3	3	2	2	3	3	5	5	2	2	1	1	3	3	3	3	3	3	2	2	3	2	2	1	3	3	2	2	4	2	3	3	3	3	2	2	3	3	4	3	1	1	2	1	3	3	3	2	2	1	3	3	3	3	2	2	3	1	2	2	2	1	2	2	3	2	5	5	2	2	2	2	3	2	2	1	3	3	2	1	3	3	1	1	1	1	1	1	3	1	1	1	3	1	3	3	1	1	4	4	2	2	2	1	3	3	2	2	2	2	2	2	4	4	3	3	1	1	2	2	3	3	4	4	3	1	2	1	3	1	2	2	1	1	2	1	1	1	3	2	3	3	4	4	3	1	2	2	2	1	2	2	1	1	3	1	2	1	2	2	3	3	3	3	2	1	2	2	4	4	2	1	3	1	3	3	1	1	2	2	3	2	3	3	3	3	3	2	5	5	2	1	1	1	1	1	3	3	2	2	3	3	3	3	1	1	3	3	3	3	2	1	4	4	1	1	3	3	3	1	1	1	2	1	2	2	3	3	1	1	2	1	3	3	2	2	2	2	1	1	3	3	2	2	1	1	2	2	5	5	2	2	5	5	2	1	3	2	2	1	2	1	1	1	2	2	2	1	1	1	3	1	4	4	1	1	2	1	1	1	1	1	3	2	3	3	2	2	4	4	1	1	1	1	4	1	2	2	4	4	3	1	2	2	2	2	2	2	2	2	2	1	3	3	2	2	3	3	3	3	1	1	3	3	3	3	2	2	2	2	1	1	1	1	3	2	2	1	3	3	1	1	3	2	3	3	4	3	3	3	2	2	2	1	1	1	2	2	3	3	3	2	3	3	2	1	3	3	3	3	4	2	2	1	3	1	2	2	1	1	2	2	3	3	3	3	2	2	2	2	2	2	2	2	4	4	3	3	3	3	3	1	1	1	1	1	1	1	3	3	2	2	1	1	2	2	1	1	4	1	3	3	2	2	2	1	1	1	3	1	3	1	2	2	3	3	3	3	2	2	1	1	2	1	2	2	2	1	3	3	3	3	2	1	4	4	2	1	3	3	4	2	4	4	1	1	3	3	3	2	2	2	3	3	3	3	2	2	2	1
21G.1346	2	2	2	2	4	4	2	2	1	1	3	3	3	3	4	3	3	3	5	5	1	1	2	2	2	2	4	4	2	1	2	2	2	2	2	2	3	3	3	3	2	2	3	3	1	1	2	2	2	2	4	4	2	1	2	2	2	2	2	1	2	2	4	4	3	2	1	1	2	2	2	1	3	3	4	3	1	1	2	1	3	3	2	2	3	1	4	4	2	2	2	2	3	1	3	3	3	3	1	1	3	2	2	2	3	3	2	2	4	4	1	1	3	3	2	2	3	3	4	4	3	1	2	2	3	1	3	3	2	1	3	1	3	3	2	2	3	3	3	3	1	1	2	2	3	3	5	5	2	2	1	1	3	2	1	1	1	1	2	1	1	1	2	1	3	2	1	1	3	3	2	1	2	2	3	3	2	2	2	1	2	2	2	1	2	2	2	1	2	2	2	2	7	1	3	3	2	2	2	2	4	4	4	4	2	2	4	4	1	1	4	2	1	1	2	1	2	1	3	3	3	1	4	4	4	4	2	1	1	1	2	2	2	2	3	3	1	1	2	2	3	3	1	1	1	1	3	3	4	3	3	1	1	1	3	3	1	1	2	1	3	3	2	2	1	1	2	2	4	4	2	2	2	2	2	2	2	2	1	1	1	1	3	3	1	1	2	2	3	3	2	2	4	4	2	2	2	2	1	1	2	2	2	1	3	3	3	3	3	2	2	1	3	1	2	2	2	2	1	1	1	1	2	2	2	1	3	3	5	5	3	3	4	4	2	2	2	2	1	1	2	1	3	3	3	2	2	2	1	1	3	1	4	4	1	1	1	1	1	1	2	2	3	1	1	1	3	3	4	4	3	3	1	1	1	1	1	1	5	4	3	3	1	1	2	2	2	1	2	2	2	2	3	3	2	2	3	2	3	1	2	1	2	1	2	1	3	3	1	1	2	2	3	1	2	2	3	3	3	2	4	4	2	2	3	3	3	3	2	2	2	2	3	3	2	2	3	3	3	2	3	3	3	2	2	2	3	3	2	2	4	4	1	1	3	3	2	2	1	1	2	2	1	1	3	2	2	2	1	1	4	3	5	5	4	4	3	1	2	2	1	1	1	1	1	1	1	1	2	2	3	2	3	1	2	1	2	2	4	4	3	3	4	4	2	2	1	1	3	1	3	3	2	2	3	3	3	3	3	3	2	1	3	3	1	1	2	2	3	3	3	3	3	2	4	4	2	1	1	1	3	3	4	4	2	1	3	3	3	3	4	4	2	1	2	2	2	2	1	1
21G.1349	2	2	3	3	4	4	2	2	2	2	3	3	3	1	4	4	3	1	5	5	1	1	2	2	2	2	4	4	1	1	3	2	3	2	2	1	1	1	3	3	2	2	3	3	1	1	2	2	2	1	3	2	2	2	2	1	2	2	2	2	2	2	5	4	3	2	1	1	3	3	3	1	3	3	3	3	2	2	3	3	2	2	1	1	3	2	5	2	3	3	2	2	1	1	3	3	3	3	1	1	2	2	2	2	3	1	2	1	4	3	3	3	1	1	2	2	3	3	3	3	1	1	2	2	3	3	3	1	4	2	2	2	3	3	2	1	3	3	3	3	2	1	2	2	2	2	5	5	4	4	2	1	3	3	4	4	2	2	2	2	3	3	2	2	2	2	2	2	3	3	2	2	3	3	3	1	2	1	2	1	2	1	3	2	3	1	2	2	2	2	2	2	7	4	3	1	2	2	2	2	4	2	4	4	1	1	4	3	2	2	2	2	2	2	1	1	2	2	3	3	3	1	4	1	3	1	2	2	2	2	3	2	1	1	3	3	2	2	2	1	3	3	3	3	2	2	3	3	4	4	1	1	1	1	2	2	2	2	2	2	4	4	2	2	3	3	3	3	4	2	1	1	3	2	2	2	3	2	1	1	3	2	2	2	2	2	3	3	3	3	1	1	4	1	3	1	2	2	2	1	2	1	2	2	2	2	3	1	2	2	3	3	3	3	1	1	3	3	1	1	4	4	2	1	1	1	3	2	3	3	1	1	5	5	4	4	2	2	2	2	2	2	2	1	2	2	3	1	1	1	3	2	5	2	2	2	1	1	2	2	3	3	3	3	1	1	2	2	4	2	3	2	2	2	2	2	3	3	4	1	3	1	2	2	2	2	1	1	2	1	2	1	1	1	2	2	3	2	1	1	2	2	2	2	3	2	3	2	2	2	2	2	3	2	3	1	3	2	3	3	4	4	3	2	3	1	4	4	3	2	2	2	3	1	2	2	3	3	3	3	2	1	3	2	2	1	3	3	4	2	2	2	1	1	1	1	2	1	1	1	2	2	1	1	3	3	2	2	2	2	3	3	5	2	2	1	4	3	3	3	3	3	2	2	1	1	2	1	5	5	2	2	1	1	2	2	1	1	4	4	3	3	1	1	3	3	2	1	2	2	3	1	2	2	3	3	2	1	3	3	2	2	3	2	3	1	2	2	3	3	3	3	3	3	3	2	2	2	3	3	3	2	4	2	1	1	2	2	3	2	2	1	2	2	3	1	2	2	3	2
21G.1354	2	2	3	3	4	4	3	3	2	2	3	3	4	4	4	4	2	2	3	3	2	2	2	2	1	1	4	4	1	1	3	3	2	2	3	3	1	1	1	1	2	2	3	3	3	3	2	2	2	2	3	2	2	2	3	3	1	1	2	2	2	2	5	5	3	2	4	1	3	3	2	2	3	2	3	3	2	2	1	1	3	3	2	2	3	2	3	2	3	3	2	2	3	3	3	3	4	4	1	1	3	3	2	2	1	1	2	2	4	4	3	1	3	3	2	2	3	2	4	3	1	1	2	2	1	1	3	3	2	2	3	3	3	1	2	1	3	3	3	3	1	1	2	2	2	2	5	1	2	2	1	1	2	2	4	4	3	2	2	1	3	3	3	2	2	2	1	1	3	1	1	1	3	3	1	1	1	1	2	2	2	2	2	1	3	3	2	2	2	2	2	2	7	7	3	3	2	2	2	2	3	3	2	1	1	1	4	4	1	1	4	4	2	1	1	1	1	1	2	2	3	3	3	1	3	3	1	1	2	2	2	1	2	1	3	1	1	1	2	2	3	2	3	3	1	1	3	2	4	4	3	2	1	1	3	2	2	1	1	1	3	3	1	1	3	3	2	2	1	1	3	1	3	3	2	2	2	1	2	2	2	2	3	3	1	1	3	2	3	3	1	1	4	1	3	2	2	1	3	3	2	2	2	2	2	2	4	3	3	3	3	3	3	3	2	1	2	2	1	1	3	3	1	1	2	1	2	2	5	4	3	3	4	4	3	3	2	2	2	1	2	2	1	1	2	2	2	2	2	2	1	1	2	2	1	1	2	1	2	2	1	1	3	3	3	3	3	3	3	2	3	2	1	1	2	1	3	3	4	4	3	3	2	2	2	2	2	2	1	1	2	2	1	1	2	2	3	3	1	1	1	1	3	2	3	3	3	3	2	2	1	1	3	3	3	2	2	2	2	2	4	3	3	2	1	1	3	3	3	3	2	2	2	2	3	3	1	1	3	3	3	2	3	3	2	2	3	3	4	4	5	4	2	2	1	1	2	2	1	1	2	2	2	1	2	2	2	1	1	1	4	3	5	5	2	1	3	2	2	2	3	3	2	1	1	1	2	1	2	2	3	1	2	1	1	1	2	2	4	4	4	4	2	1	2	2	1	1	3	1	1	1	2	2	3	3	3	3	3	3	2	1	3	2	1	1	4	2	3	2	3	3	3	3	4	4	3	3	2	1	4	1	4	4	1	1	3	2	1	1	4	1	3	2	3	3	2	2	2	2
21G.1356	2	1	3	1	4	4	3	3	2	2	2	1	4	3	3	3	1	1	3	3	2	2	2	2	2	2	4	1	2	2	2	2	2	1	2	2	3	3	3	3	2	1	3	3	1	1	2	2	2	2	3	2	2	1	2	1	2	1	1	1	3	2	5	5	2	2	4	1	2	2	2	2	3	3	3	3	2	2	1	1	2	1	2	2	2	2	5	2	2	2	1	1	3	1	1	1	4	4	2	2	3	1	2	1	3	1	2	1	4	4	2	2	3	3	2	2	3	1	4	4	3	3	2	2	2	1	2	1	2	2	3	1	3	1	2	2	3	2	3	2	2	1	1	1	3	1	5	3	1	1	2	2	3	3	2	2	3	3	2	2	3	3	2	2	3	2	2	2	3	3	1	1	3	3	3	3	2	1	2	1	2	2	2	2	2	2	2	2	2	1	2	2	7	7	3	3	2	2	2	2	4	4	4	4	3	3	4	4	2	2	2	2	1	1	2	2	1	1	3	3	3	3	4	4	3	1	1	1	2	2	2	2	1	1	1	1	1	1	2	2	3	3	1	1	1	1	2	2	4	3	3	3	2	1	3	3	1	1	2	2	3	3	2	1	3	3	3	3	5	4	2	2	2	2	2	1	2	2	1	1	2	2	3	3	1	1	3	3	3	3	2	2	3	3	1	1	2	2	1	1	2	2	2	1	3	3	3	3	3	2	3	3	3	3	2	2	2	2	1	1	3	3	2	1	2	2	3	3	3	2	3	3	5	5	3	3	2	2	2	2	2	2	1	1	2	2	2	1	2	2	3	3	1	1	1	1	2	1	2	2	1	1	3	2	1	1	3	2	4	4	3	3	1	1	2	2	3	1	4	4	3	3	2	2	1	1	2	2	1	1	2	2	1	1	2	2	3	3	1	1	2	2	2	2	3	3	3	3	2	2	1	1	3	3	3	2	2	2	1	1	4	4	3	3	3	3	3	3	2	2	2	2	3	3	3	3	3	1	3	3	3	2	3	2	2	2	5	3	3	2	5	3	1	1	3	1	2	1	1	1	2	2	3	3	3	1	2	1	2	1	4	4	5	5	4	4	1	1	3	3	3	3	1	1	3	1	2	2	5	5	3	2	2	2	2	1	2	2	4	4	3	2	4	2	2	2	1	1	3	3	3	1	2	1	3	3	3	1	2	2	1	1	3	3	1	1	4	4	2	2	3	3	3	3	4	4	3	2	3	1	3	3	2	2	1	1	3	3	2	1	4	4	2	2	2	2	2	2	1	1
21G.1357	2	2	3	3	4	4	3	1	2	2	1	1	4	4	4	4	2	1	2	1	3	2	2	2	1	1	4	4	1	1	2	2	2	2	2	2	3	3	1	1	4	3	3	1	1	1	2	1	2	1	4	3	2	2	2	1	2	1	1	1	2	2	5	4	3	2	3	2	2	2	2	1	3	3	4	4	3	3	1	1	2	2	2	1	2	2	3	3	3	3	2	2	3	3	0	0	3	3	1	1	2	2	1	1	3	2	2	2	4	3	3	3	2	1	2	2	3	2	3	2	1	1	3	3	3	3	3	3	2	2	4	2	3	1	2	2	3	3	3	3	1	1	2	2	2	2	3	3	2	1	1	1	3	3	2	2	1	1	0	0	3	2	1	1	3	3	2	1	3	1	1	1	3	3	3	1	2	1	1	1	2	2	1	1	2	2	2	2	2	2	2	2	7	7	3	3	2	2	2	1	3	3	4	2	3	3	2	2	2	2	4	4	1	1	1	1	1	1	2	1	2	1	3	1	3	3	2	2	2	2	3	3	2	2	3	1	2	1	2	1	2	2	2	2	2	2	3	2	4	4	1	1	1	1	2	2	2	2	2	1	4	4	2	1	3	1	1	1	4	2	2	2	2	2	2	2	3	3	0	0	2	2	3	2	1	1	2	2	3	3	1	1	4	1	3	2	3	1	1	1	2	2	2	2	3	2	3	3	3	2	2	2	3	3	2	2	2	1	1	1	3	3	2	1	2	1	3	3	0	0	3	1	4	4	2	2	2	1	2	1	1	1	2	1	2	1	3	3	1	1	1	1	2	1	1	1	2	1	2	2	0	0	3	3	3	3	2	2	2	2	3	3	2	2	5	2	3	3	4	4	3	1	2	2	2	2	2	1	1	1	1	1	3	2	2	2	3	3	1	1	1	1	3	1	3	2	3	3	2	2	1	1	2	1	3	3	2	2	3	3	3	3	3	2	3	3	4	4	3	3	2	2	3	1	3	3	1	1	3	3	2	2	2	2	2	2	1	1	3	3	2	2	1	1	2	1	2	1	1	1	2	2	3	2	2	2	1	1	2	2	0	0	2	2	4	4	3	3	3	3	3	3	1	1	1	1	2	2	5	2	2	2	3	3	2	2	1	1	4	4	3	3	4	4	3	3	2	2	3	2	3	3	2	2	3	3	3	1	3	3	2	2	3	3	2	2	4	4	2	2	3	3	2	1	4	4	3	2	0	0	4	3	2	1	3	3	3	3	3	3	3	1	2	2	3	3	2	2	1	1
21G.1358	2	1	2	2	4	1	3	1	2	1	1	1	3	3	4	4	3	2	5	5	2	2	1	1	3	1	4	4	2	2	2	2	3	2	2	1	1	1	4	4	4	3	3	3	3	1	2	2	2	1	2	1	2	2	3	1	1	1	2	2	3	1	4	4	4	4	3	3	2	2	3	3	2	1	3	3	2	2	3	3	3	3	2	2	3	2	4	3	1	1	2	2	3	3	1	1	3	3	2	1	2	2	2	2	1	1	2	1	4	1	3	1	2	2	2	2	3	3	3	3	2	2	3	3	3	1	2	2	4	1	2	1	3	3	2	2	4	4	3	2	1	1	2	2	2	2	1	1	2	2	2	2	3	2	3	3	3	3	2	2	3	3	2	2	2	2	2	2	3	1	2	2	3	3	3	2	2	1	2	2	2	2	3	3	3	1	1	1	2	2	2	2	4	4	3	3	2	2	2	1	4	4	2	1	3	3	4	4	2	2	2	2	2	2	2	2	1	1	3	3	3	2	3	3	3	3	2	2	1	1	3	3	2	2	3	1	1	1	2	1	2	2	2	1	2	2	3	1	4	4	3	3	2	2	3	2	1	1	2	2	4	4	3	3	2	2	3	3	5	5	2	2	1	1	1	1	2	1	2	2	3	3	3	3	2	1	3	3	2	2	2	2	4	4	3	3	2	2	3	2	2	2	2	1	3	1	4	3	2	2	3	1	3	3	1	1	3	1	2	1	4	4	2	2	2	2	3	3	3	3	3	1	4	1	2	1	2	2	2	2	2	1	1	1	2	2	3	1	1	1	3	3	5	5	2	2	2	2	1	1	2	1	3	3	3	1	3	3	4	2	2	1	2	2	2	2	3	3	4	1	1	1	2	2	2	1	2	2	2	2	2	2	3	3	2	2	3	1	1	1	2	2	2	2	3	2	3	3	2	1	1	1	1	1	4	4	2	1	3	1	4	1	3	3	1	1	3	3	3	3	2	2	3	2	2	2	3	2	2	2	2	2	3	2	2	2	4	4	1	1	2	2	3	3	3	3	3	3	1	1	2	2	2	1	1	1	2	2	1	1	3	3	2	2	4	4	1	1	3	3	3	3	2	1	1	1	2	2	5	3	3	2	3	3	2	2	2	2	4	1	3	2	2	2	2	2	1	1	3	1	4	3	2	2	2	2	3	1	3	2	2	2	3	2	1	1	4	2	3	1	3	3	3	2	4	4	1	1	3	2	3	2	4	2	3	3	3	3	2	2	4	3	2	2	3	2	2	1	2	2
21G.1380	2	2	2	2	4	4	3	1	1	1	1	1	4	3	3	3	1	1	3	3	3	1	2	1	2	1	4	4	2	1	2	2	2	1	2	2	3	1	4	4	4	3	3	1	3	3	3	2	2	1	4	3	2	1	2	2	2	1	1	1	2	2	5	4	2	2	1	1	3	3	3	3	2	2	3	3	2	1	2	1	3	3	2	2	3	3	4	4	2	2	2	2	3	3	3	3	4	4	2	2	2	1	2	2	3	3	2	2	4	4	1	1	3	3	2	2	2	2	4	4	3	1	2	1	2	1	3	3	2	2	4	1	3	1	2	2	3	1	3	3	1	1	1	1	3	3	3	3	1	1	2	2	3	3	4	2	3	1	2	2	3	1	3	3	3	2	2	1	3	3	1	1	2	1	3	3	2	2	2	2	2	2	2	2	1	1	1	1	2	2	2	2	7	7	3	3	1	1	2	1	4	4	4	4	2	1	4	4	3	3	4	2	1	1	2	1	1	1	3	3	3	3	2	1	3	3	1	1	2	2	2	1	2	1	2	1	1	1	2	2	3	2	3	3	1	1	2	2	4	4	3	2	2	1	3	3	2	1	2	1	4	4	1	1	3	1	2	2	4	4	3	1	2	2	2	2	2	2	2	1	2	1	3	3	2	2	3	3	3	1	2	2	5	5	1	1	3	3	1	1	2	2	2	1	3	3	3	3	2	2	3	3	3	3	2	2	2	2	1	1	3	3	1	1	2	2	3	2	4	4	1	1	5	5	2	1	2	2	2	2	2	2	1	1	2	2	2	2	1	1	3	3	4	2	1	1	1	1	2	1	2	2	3	2	1	1	3	2	4	4	3	3	2	1	3	3	2	2	4	4	3	1	2	2	1	1	1	1	2	2	2	1	1	1	2	2	1	1	3	1	2	2	2	2	2	2	3	2	2	2	2	2	2	1	2	2	3	3	3	1	4	4	3	2	3	3	3	3	3	3	2	2	3	1	3	3	1	1	3	3	3	3	3	3	2	2	5	3	2	1	5	3	3	3	3	1	2	2	2	2	2	2	2	1	3	3	1	1	2	2	4	4	5	1	5	4	3	3	3	3	3	3	1	1	5	1	2	2	5	5	3	2	3	3	2	2	1	1	1	1	2	2	4	4	2	2	2	1	3	3	3	3	2	2	1	1	1	1	3	2	2	2	3	3	1	1	4	4	2	2	3	1	3	1	4	4	2	2	3	2	2	2	4	4	2	2	3	2	3	3	2	1	2	2	1	1	2	2	1	1
21G.1386	2	2	2	2	4	4	2	1	1	1	1	1	3	3	4	3	2	2	3	1	3	2	2	1	2	1	4	4	2	2	2	2	2	2	2	2	2	1	3	3	4	1	3	1	3	1	3	2	1	1	2	1	2	2	3	3	1	1	2	1	3	3	4	4	2	2	3	3	2	2	2	2	3	3	3	3	3	2	3	3	3	3	2	2	3	2	4	4	3	2	2	2	2	1	2	2	4	4	1	1	3	3	2	2	3	3	2	2	4	4	3	2	3	1	2	2	3	3	4	4	1	1	3	3	1	1	3	1	4	2	2	2	3	3	2	2	3	3	2	2	2	1	2	2	3	3	1	1	2	2	2	1	3	3	2	2	3	3	2	2	2	2	2	2	3	3	2	2	3	3	2	2	2	2	3	3	2	1	1	1	2	2	2	2	2	1	2	2	2	2	1	1	4	2	2	2	1	1	1	1	3	2	3	2	3	3	4	1	1	1	4	4	2	1	2	1	2	2	3	3	3	3	2	1	3	3	2	1	2	1	3	3	2	2	2	1	1	1	2	2	3	3	2	2	3	2	2	2	4	4	2	2	2	1	2	2	2	1	2	2	3	1	3	1	3	3	2	2	2	1	1	1	1	1	2	2	2	2	2	2	3	3	3	3	1	1	2	2	4	3	2	2	3	1	3	3	3	3	2	2	2	2	2	2	3	2	3	3	2	2	2	2	3	3	1	1	2	2	1	1	2	2	2	2	2	2	3	3	4	4	3	1	4	4	4	4	3	2	2	2	2	2	1	1	2	1	3	3	1	1	3	3	2	2	2	1	2	1	2	2	3	1	2	2	3	1	3	3	4	4	3	3	2	2	4	4	3	3	5	5	3	3	2	1	2	2	2	2	2	2	2	2	3	3	2	2	3	2	3	3	2	1	2	2	3	2	3	3	2	1	2	2	1	1	2	2	3	2	3	3	4	4	3	3	3	3	4	4	3	3	2	2	4	2	2	1	3	2	3	3	3	3	2	2	3	2	3	2	4	4	2	1	2	2	3	3	1	1	2	2	2	2	2	2	1	1	2	2	1	1	2	2	2	2	4	4	4	4	2	2	1	1	2	2	3	1	1	1	3	2	2	2	1	1	2	2	2	2	4	1	3	2	2	2	2	1	2	1	3	3	3	3	2	2	3	1	3	3	2	2	3	3	3	1	1	1	4	1	3	2	3	3	2	1	4	3	2	2	3	2	3	3	4	4	3	3	3	3	3	3	4	4	3	3	2	2	2	2	1	1
21G.1387	2	2	2	2	4	1	3	3	2	2	1	1	3	3	3	3	3	1	5	1	2	1	2	2	2	1	4	4	1	1	2	2	2	2	2	2	3	3	3	3	3	3	3	3	3	1	3	3	2	2	4	4	1	1	3	3	2	2	1	1	3	3	5	5	3	3	3	3	2	2	2	1	1	1	3	3	2	2	3	3	3	3	2	1	2	2	4	4	2	2	2	1	3	3	2	2	4	4	3	3	1	1	2	2	3	3	2	1	4	4	3	3	2	2	2	1	3	2	4	4	3	1	2	2	2	2	3	2	2	2	2	1	3	3	2	2	3	3	3	2	1	1	2	2	2	2	5	5	1	1	2	2	2	2	2	2	3	3	2	2	3	3	1	1	2	2	3	3	3	1	2	2	3	3	3	3	2	2	4	4	3	2	1	1	3	3	2	2	2	1	1	1	4	4	2	2	2	2	1	1	4	2	4	3	3	2	4	4	1	1	2	2	3	1	1	1	1	1	1	1	3	3	3	3	3	3	2	1	2	2	2	1	2	2	3	2	2	2	2	1	2	2	3	1	3	2	3	3	4	4	1	1	2	1	3	2	2	1	2	2	3	1	2	2	3	3	3	2	4	1	1	1	2	1	2	2	3	2	2	2	2	1	3	3	1	1	2	2	3	3	2	2	4	1	2	1	3	3	3	3	2	1	2	2	2	2	3	3	2	2	1	1	2	1	1	1	2	2	2	2	3	3	2	2	2	1	2	2	5	2	3	3	5	5	4	3	2	1	2	2	2	2	1	1	2	2	3	3	1	1	3	3	5	5	1	1	2	2	1	1	3	2	3	3	3	3	2	2	4	4	3	3	1	1	1	1	2	1	5	5	1	1	2	2	2	2	2	2	2	2	1	1	2	1	2	2	3	2	1	1	2	2	2	2	3	3	3	2	1	1	2	2	1	1	2	2	1	1	2	2	3	3	3	2	3	3	3	3	3	1	2	2	3	3	3	2	1	1	3	3	2	2	3	2	3	1	3	2	4	4	2	2	1	1	3	3	2	1	1	1	2	2	2	2	2	2	2	2	1	1	4	2	5	5	3	1	4	4	3	3	3	3	1	1	1	1	1	1	5	2	2	2	1	1	2	2	2	2	2	1	3	3	4	2	2	2	2	2	2	2	3	1	2	1	3	2	2	2	3	3	3	3	3	2	1	1	2	2	2	2	3	3	3	3	4	4	2	2	3	3	4	3	2	2	1	1	2	1	1	1	3	3	3	2	3	3	2	2	1	1
21G.1392	2	2	3	2	4	4	2	2	2	2	2	2	1	1	4	4	2	2	2	2	3	3	2	2	2	2	2	2	1	1	3	1	2	2	3	1	3	3	3	1	3	3	3	1	3	1	2	2	2	1	3	3	2	1	3	3	2	1	2	2	3	3	5	5	3	3	4	4	3	3	2	1	3	3	3	3	1	1	3	3	3	3	2	2	3	3	2	2	3	1	2	1	3	2	2	1	3	3	1	1	3	1	3	3	3	3	2	1	4	4	3	1	2	1	2	2	2	2	4	4	3	1	3	3	2	2	3	1	2	1	3	2	3	3	2	2	4	4	2	2	1	1	2	1	3	3	3	1	2	1	1	1	1	1	4	4	2	2	2	1	2	2	2	2	3	3	3	3	4	4	3	2	3	3	3	3	2	1	2	2	2	2	2	2	3	2	1	1	2	2	1	1	4	4	2	2	1	1	2	2	2	2	3	1	3	3	2	1	1	1	2	2	2	2	2	2	2	1	3	1	3	3	4	4	4	1	2	2	1	1	2	2	2	2	3	2	2	2	2	2	2	1	3	3	2	1	2	2	4	4	2	2	2	2	3	3	2	2	2	2	4	4	3	3	3	3	3	2	4	4	1	1	3	3	2	2	3	2	2	1	3	2	3	3	2	2	3	3	3	2	2	2	4	3	3	3	2	2	1	1	2	2	2	2	2	2	3	1	2	2	2	2	3	3	1	1	2	2	1	1	4	4	1	1	2	2	3	3	5	1	3	3	4	4	2	1	3	3	2	2	2	1	3	2	3	2	3	1	1	1	3	1	4	4	1	1	2	2	2	1	1	1	3	3	3	3	2	2	4	3	3	2	1	1	3	3	2	2	5	5	3	3	2	2	2	1	2	2	1	1	2	2	2	2	2	1	3	3	1	1	2	1	2	1	3	2	2	2	2	2	2	1	2	1	3	3	3	1	3	3	3	3	3	3	3	1	3	3	2	1	1	1	4	2	3	1	3	3	3	3	3	3	3	2	3	1	3	2	4	4	5	3	3	3	3	1	2	2	1	1	2	2	1	1	1	1	2	2	2	2	4	4	2	2	3	3	4	4	3	3	1	1	1	1	1	1	1	1	4	4	3	3	1	1	2	2	2	2	4	4	4	4	2	2	2	2	2	1	3	3	1	1	2	2	3	3	2	1	3	3	3	3	3	3	1	1	2	2	3	3	3	1	3	3	4	4	2	2	2	1	1	1	4	1	1	1	3	2	2	2	4	4	3	2	3	2	3	1	2	2
21G.1396	2	2	2	2	1	1	3	3	1	1	3	3	3	3	4	2	2	1	3	3	3	3	1	1	2	2	4	4	4	4	3	3	2	2	2	1	2	2	2	2	3	3	3	3	1	1	3	3	1	1	2	2	2	2	3	2	2	1	1	1	1	1	5	5	3	2	1	1	3	3	3	3	3	2	3	3	3	3	3	3	3	2	2	2	2	1	2	2	1	1	2	1	3	3	3	3	4	1	3	1	2	2	2	1	3	1	2	2	4	2	3	1	2	1	2	2	2	1	4	4	1	1	3	3	3	3	3	3	2	2	2	1	2	1	2	2	1	1	1	1	2	1	2	1	3	3	3	3	2	1	2	1	3	1	2	2	1	1	2	2	2	2	2	2	2	2	1	1	3	3	1	1	3	3	3	3	1	1	2	1	2	2	3	1	3	3	2	1	2	1	2	2	4	2	3	3	1	1	1	1	2	2	2	2	2	1	2	2	1	1	4	4	3	3	1	1	2	1	3	3	3	3	4	3	3	3	2	2	2	1	3	3	2	2	2	2	1	1	2	2	2	2	3	3	3	3	3	2	4	4	2	1	1	1	2	1	1	1	2	2	3	3	1	1	3	3	2	2	4	1	2	2	1	1	1	1	2	1	2	2	2	1	3	3	2	2	3	1	3	2	2	1	3	3	3	2	2	2	2	2	2	1	1	1	3	2	3	1	3	2	3	3	3	1	2	1	2	1	2	2	4	4	2	2	2	2	3	3	5	3	3	2	5	2	5	5	2	2	2	1	2	1	2	2	3	2	3	2	2	2	1	1	5	5	2	2	2	2	2	2	2	2	2	2	3	3	3	3	4	4	2	2	2	1	3	3	2	1	5	3	3	3	2	1	2	2	2	2	2	1	3	3	3	3	2	1	3	3	3	3	1	1	3	2	2	1	3	2	2	2	1	1	1	1	3	3	2	1	3	3	4	3	3	3	3	1	4	4	3	3	2	2	3	3	2	1	3	2	3	3	2	2	3	3	2	2	2	2	2	2	4	4	3	3	3	3	2	2	2	1	2	2	1	1	1	1	1	1	1	1	3	3	5	2	4	4	3	3	3	3	3	3	2	1	5	2	2	2	3	2	2	2	3	1	2	2	2	2	4	1	4	2	2	2	3	3	2	2	3	3	3	1	2	1	3	2	2	2	3	3	2	2	3	3	2	2	2	2	3	3	1	1	2	1	4	3	2	2	3	3	3	3	4	4	3	1	2	2	3	3	3	3	1	1	3	1	2	2	2	2
21G.1397	2	1	2	2	4	4	2	2	1	1	3	3	3	3	3	3	1	1	3	3	3	3	2	1	2	1	4	4	2	1	2	2	2	2	2	1	3	1	3	1	3	1	3	1	1	1	2	2	2	1	3	3	2	2	3	3	2	1	2	1	3	2	5	5	3	3	4	1	2	2	2	1	3	3	3	2	3	2	1	1	3	3	2	2	2	1	3	3	2	2	2	1	3	3	3	3	4	4	3	2	2	2	3	1	3	3	2	2	4	4	2	2	2	2	2	2	3	3	4	1	3	2	2	1	2	1	3	3	2	1	4	2	3	3	1	1	2	1	2	2	1	1	2	2	3	2	3	1	2	2	2	2	3	1	2	2	2	1	2	2	3	1	2	2	3	3	1	1	3	3	1	1	3	2	3	3	1	1	2	2	2	1	2	1	3	2	2	2	2	2	2	2	7	7	3	3	1	1	2	2	3	3	4	2	3	1	4	2	3	3	4	4	1	1	2	2	2	2	3	3	3	1	3	1	3	3	1	1	2	2	2	2	1	1	1	1	1	1	2	1	3	3	3	3	1	1	2	2	4	4	3	2	1	1	3	2	2	2	2	1	4	4	1	1	3	1	2	2	5	4	3	3	2	1	1	1	2	2	2	2	3	3	3	3	1	1	2	2	3	3	2	2	5	1	3	1	3	2	1	1	2	1	2	2	2	2	3	3	2	2	1	1	3	3	2	2	2	1	1	1	3	3	2	2	2	2	3	3	5	5	3	2	4	4	2	1	2	2	1	1	2	2	1	1	2	2	2	2	1	1	3	3	2	1	2	1	2	1	2	2	2	1	3	2	1	1	2	2	4	4	3	3	2	1	3	3	2	1	4	3	3	1	1	1	1	1	2	2	2	2	2	2	1	1	2	1	3	3	1	1	2	1	2	2	2	2	3	2	2	2	2	2	3	3	2	2	2	2	1	1	3	3	3	3	3	3	3	3	3	3	2	2	3	3	2	1	3	3	3	3	3	3	2	2	3	2	5	5	3	3	3	2	1	1	3	1	2	1	1	1	2	2	3	1	1	1	2	2	1	1	2	2	2	2	4	4	3	1	2	1	3	3	2	1	5	5	1	1	2	2	3	2	1	1	2	2	1	1	1	1	3	2	4	4	2	1	1	1	3	2	3	3	2	2	3	3	3	3	2	2	3	2	2	1	3	1	2	2	2	2	3	1	3	3	4	4	2	2	3	1	3	2	4	4	1	1	2	2	2	1	4	4	3	3	3	2	2	2	1	1
21G.1398	2	1	1	1	1	1	3	1	2	2	3	1	3	3	4	4	2	2	3	3	3	1	2	1	2	1	4	4	4	4	3	3	2	2	2	2	3	3	3	2	3	3	3	3	3	1	3	3	2	2	3	3	2	1	3	3	2	1	2	1	2	2	5	5	3	3	1	1	3	3	2	2	3	2	3	3	3	3	3	1	3	3	2	1	2	1	4	3	1	1	2	2	3	3	3	3	4	4	3	3	2	2	1	1	1	1	1	1	4	4	3	1	2	1	2	1	3	3	4	4	1	1	3	2	1	1	3	1	2	2	2	2	2	2	1	1	3	1	2	2	2	2	2	1	3	2	5	5	3	3	2	2	3	3	2	1	2	2	2	2	2	1	1	1	2	1	1	1	3	1	1	1	3	3	3	3	2	2	2	2	3	1	3	2	2	1	2	1	2	2	2	2	7	1	3	3	1	1	2	2	2	2	4	3	3	2	2	2	1	1	4	2	3	3	2	2	2	2	3	1	3	1	4	4	3	3	2	1	1	1	3	1	1	1	2	1	3	3	2	1	2	2	3	3	3	2	3	3	4	4	3	3	2	1	3	2	2	2	2	1	3	3	2	2	3	3	3	3	2	2	2	2	3	1	2	2	2	2	2	1	3	3	3	3	2	2	3	3	4	4	2	2	3	3	3	1	3	3	2	1	1	1	2	2	3	2	1	1	2	2	3	3	2	2	1	1	2	1	2	2	3	3	2	2	1	1	3	3	5	1	3	1	4	4	1	1	3	2	2	2	2	1	3	3	3	2	2	2	2	1	3	3	5	5	1	1	2	2	1	1	1	1	3	2	3	3	3	2	4	4	3	3	1	1	3	2	2	2	5	5	3	3	2	2	1	1	1	1	1	1	1	1	1	1	2	2	3	1	3	1	2	2	2	1	3	1	2	2	2	2	2	1	2	2	2	2	2	2	1	1	4	4	3	2	3	3	3	3	2	2	2	2	4	4	3	1	3	3	3	3	2	2	3	3	3	3	2	1	3	3	2	2	2	2	1	1	2	1	1	1	2	1	2	1	3	3	1	1	1	1	3	3	5	5	4	2	4	4	3	3	2	1	2	2	5	5	2	2	4	4	2	2	2	2	1	1	2	1	3	3	2	2	2	2	3	2	2	2	2	2	1	1	2	1	3	1	1	1	3	3	2	2	3	3	1	1	4	2	2	1	3	3	2	2	3	1	3	3	3	1	1	1	2	2	3	3	3	2	3	3	1	1	3	3	3	3	3	3	2	1
21G.1401	2	2	3	3	4	4	2	1	2	2	3	3	3	3	3	3	3	3	3	2	3	3	2	2	1	1	4	4	4	4	3	3	2	1	3	3	3	3	4	2	4	4	3	3	3	3	3	2	2	2	3	3	2	2	3	2	1	1	2	2	2	2	4	4	2	1	2	2	3	3	1	1	3	2	3	3	2	1	1	1	3	3	2	2	3	2	2	2	3	3	2	2	3	3	1	1	4	4	1	1	3	3	2	2	1	1	1	1	4	1	3	3	3	3	2	2	3	3	2	2	3	3	3	3	1	1	2	2	4	2	4	1	3	1	2	1	4	4	2	2	1	1	2	2	3	2	3	3	2	2	2	1	3	3	2	2	3	3	2	2	3	3	3	1	3	3	2	1	3	3	2	1	2	2	2	2	2	2	2	1	3	3	2	2	2	2	2	2	2	2	2	2	7	4	3	3	1	1	2	2	2	2	2	2	2	1	4	4	2	2	4	4	3	3	2	1	2	2	3	3	3	1	4	4	3	3	2	2	2	1	2	2	2	2	3	3	2	1	2	2	3	3	3	2	1	1	3	3	4	4	3	3	1	1	2	2	2	2	2	1	4	1	1	1	3	3	3	3	4	4	2	1	1	1	2	2	2	1	1	1	3	3	3	3	1	1	2	2	3	3	2	2	4	4	2	1	3	1	1	1	2	2	2	1	3	3	3	2	3	3	3	1	1	1	2	2	2	2	1	1	3	3	2	2	1	1	3	2	5	5	3	1	5	5	3	2	2	2	2	2	2	1	2	1	2	1	2	1	1	1	3	2	2	1	2	1	2	2	2	2	2	1	2	2	3	3	3	3	4	4	3	3	1	1	2	2	3	3	5	4	3	3	2	2	1	1	2	1	2	2	1	1	3	1	2	1	3	3	1	1	2	1	1	1	2	2	3	2	1	1	2	1	2	2	2	2	2	1	3	1	1	1	3	2	1	1	3	3	3	3	2	2	3	3	2	1	3	1	3	3	2	2	3	3	2	2	4	3	2	2	2	1	1	1	3	3	2	2	1	1	2	2	2	1	3	1	1	1	2	2	3	3	4	4	4	1	2	2	2	2	2	2	1	1	3	3	2	2	5	5	3	2	4	2	2	2	2	2	2	1	3	3	2	1	2	1	2	2	3	3	3	1	2	2	3	3	3	3	3	3	3	2	3	3	3	3	2	1	2	2	1	1	3	3	4	4	2	2	3	3	4	4	4	2	1	1	3	2	3	1	3	3	3	2	3	3	2	2	2	2
21G.1402	2	2	2	2	4	4	2	2	2	2	3	3	3	3	4	4	3	3	2	1	3	3	1	1	2	2	2	2	2	1	3	3	3	1	2	2	3	3	1	1	2	2	3	3	1	1	2	2	2	2	1	1	2	2	1	1	2	1	2	2	3	3	5	1	3	3	3	1	3	3	2	2	3	3	3	3	1	1	3	1	3	3	1	1	2	2	3	3	3	3	2	2	3	3	3	3	3	3	1	1	3	3	2	2	3	1	2	2	4	2	3	3	3	2	2	2	3	2	3	2	1	1	2	2	3	3	3	3	4	4	3	3	3	2	2	2	4	4	3	3	2	1	2	2	3	2	1	1	2	2	1	1	3	3	1	1	1	1	2	1	3	3	1	1	3	3	2	2	4	4	1	1	3	3	3	3	2	2	2	2	2	2	3	1	3	3	2	2	2	2	2	1	7	4	2	2	1	1	2	2	3	3	4	4	3	1	3	2	2	2	4	2	1	1	2	2	2	2	3	3	3	3	2	2	3	3	1	1	2	2	2	2	2	2	3	1	1	1	1	1	3	3	2	2	2	2	3	2	4	4	3	2	1	1	3	3	1	1	2	2	3	3	2	2	2	2	2	2	2	2	2	1	2	1	1	1	3	3	1	1	3	3	2	2	1	1	3	3	1	1	1	1	4	1	3	3	3	3	1	1	2	2	2	2	2	2	4	1	2	2	2	1	2	2	2	2	3	3	2	1	3	3	1	1	1	1	2	2	4	4	3	3	4	4	4	2	2	2	2	1	2	2	2	2	3	2	3	3	1	1	1	1	2	1	1	1	1	1	2	2	2	1	2	2	3	3	3	3	4	4	3	2	2	2	2	2	3	3	4	4	3	1	2	1	2	1	2	2	2	2	3	3	1	1	1	1	2	2	3	1	1	1	2	1	3	1	3	3	2	2	2	1	2	2	2	2	3	3	3	3	3	3	3	3	1	1	3	3	3	3	2	2	4	4	3	3	1	1	3	3	3	2	3	3	2	2	3	3	4	4	5	2	2	2	3	3	2	2	2	1	2	2	2	2	2	2	1	1	2	2	3	3	5	2	2	2	4	4	3	3	3	3	2	2	5	1	2	2	2	2	3	3	3	3	1	1	2	1	2	2	4	4	2	2	2	2	2	2	3	2	5	4	2	1	3	3	3	3	2	1	3	2	3	3	3	3	2	2	3	3	3	1	3	3	4	4	2	2	3	1	4	4	2	2	1	1	3	3	3	2	2	1	3	2	2	2	3	3	2	2
21G.1403	2	2	3	1	4	4	2	2	2	2	3	1	3	1	4	4	2	2	3	3	2	2	2	2	1	1	4	4	2	2	3	3	2	2	3	3	3	1	3	3	3	3	3	1	1	1	3	3	2	1	3	3	2	2	1	1	2	2	1	1	3	2	1	1	3	3	1	1	3	3	2	2	3	2	3	3	2	2	1	1	3	3	2	2	2	2	3	3	3	2	2	1	3	1	1	1	4	4	3	3	3	3	2	1	3	3	2	2	4	4	2	1	2	2	1	1	2	2	1	1	3	3	2	2	3	1	3	3	4	2	2	2	3	3	2	2	3	3	2	2	1	1	2	2	2	2	3	3	2	1	2	2	2	1	2	2	2	2	2	2	3	2	1	1	2	1	1	1	3	3	2	1	3	3	3	3	1	1	2	2	2	2	2	2	3	2	2	2	2	1	2	2	4	1	3	2	1	1	2	1	2	2	3	1	3	2	2	2	2	2	2	1	1	1	2	1	1	1	2	2	3	1	4	4	2	1	2	2	2	1	2	1	2	1	2	2	2	1	2	2	2	2	2	2	2	2	3	3	4	1	3	3	1	1	3	2	2	1	2	2	4	4	3	2	3	3	3	3	4	4	2	2	3	3	1	1	3	3	2	2	3	3	3	2	2	2	2	2	3	3	2	1	3	3	1	1	3	2	2	1	2	2	2	2	2	2	3	3	2	2	1	1	2	2	2	2	2	2	1	1	3	3	2	1	2	2	3	3	5	5	3	3	5	5	4	1	1	1	2	2	2	2	3	3	3	3	2	2	1	1	3	3	2	2	1	1	2	1	2	2	1	1	3	3	2	1	2	2	4	4	3	3	2	2	1	1	3	1	5	4	3	1	2	1	2	1	2	2	2	2	3	3	3	3	2	2	3	3	1	1	2	1	3	3	2	2	3	2	2	1	2	2	3	3	4	4	2	1	3	3	4	4	2	2	3	3	3	2	2	1	2	2	3	3	3	3	1	1	3	3	2	2	3	2	3	3	3	1	4	4	2	2	1	1	3	3	2	1	2	1	2	2	2	2	3	3	2	2	2	1	3	2	4	2	5	5	3	3	3	3	3	1	1	1	1	1	2	2	3	3	3	3	2	2	2	2	2	2	4	1	3	3	4	2	3	3	1	1	2	2	3	3	2	2	3	2	3	1	3	3	3	2	3	3	1	1	2	2	3	2	2	2	3	3	4	3	2	2	3	3	3	3	4	4	2	1	3	2	2	2	4	4	3	3	3	3	1	1	1	1
21G.1404	2	1	1	1	4	4	2	2	2	2	1	1	3	3	4	3	2	2	2	2	3	3	2	1	2	2	4	4	1	1	2	2	3	3	3	3	3	3	3	1	2	1	3	3	3	1	2	2	1	1	3	2	2	2	2	2	2	2	2	2	2	1	4	4	3	3	1	1	3	1	2	1	3	3	4	4	3	3	1	1	2	2	2	2	2	2	5	5	3	2	2	2	3	3	3	3	4	4	2	2	2	1	3	2	2	2	1	1	4	1	3	1	2	1	1	1	2	1	2	1	2	1	3	2	2	2	3	3	1	1	3	3	3	3	2	2	4	4	3	3	2	1	2	1	3	3	3	3	2	2	1	1	1	1	2	2	3	1	2	1	3	3	1	1	2	2	3	3	3	3	1	1	3	3	3	3	2	2	2	2	2	2	3	2	3	2	2	2	2	1	2	2	4	1	3	3	2	2	2	2	4	4	3	3	3	3	2	2	1	1	4	2	2	2	1	1	2	2	3	2	3	3	4	4	4	4	2	1	2	2	2	1	2	2	2	2	2	1	2	2	2	2	3	3	2	2	2	2	4	3	2	2	2	1	3	3	2	2	2	2	3	3	2	2	3	3	3	2	4	2	1	1	2	1	2	2	2	1	2	2	3	3	3	3	2	2	2	2	3	2	2	1	3	3	3	3	3	2	3	1	2	1	2	2	2	2	3	3	2	2	1	1	3	2	2	2	2	2	1	1	4	4	2	2	2	1	3	3	3	2	3	3	3	3	2	1	3	3	2	2	2	2	2	1	2	2	2	2	2	2	2	2	4	4	1	1	2	2	2	2	1	1	3	3	1	1	3	2	3	2	2	2	2	2	3	1	2	1	3	3	3	3	2	2	2	1	2	2	2	1	2	2	1	1	2	2	3	3	2	1	2	2	1	1	3	2	2	2	2	2	2	2	3	2	2	2	1	1	3	3	3	3	2	2	3	3	4	3	3	3	2	2	2	2	2	2	3	3	3	3	3	2	3	3	3	1	5	5	4	4	2	1	3	1	3	3	2	2	2	2	2	2	2	1	2	2	2	2	2	2	4	3	4	4	3	2	4	4	3	3	3	1	1	1	1	1	2	1	5	2	2	2	1	1	2	2	2	1	4	4	3	3	4	2	2	2	2	2	3	3	4	3	2	1	3	2	3	3	3	2	3	3	3	2	1	1	4	4	2	2	3	2	1	1	4	2	2	2	2	2	4	4	4	1	2	2	2	2	3	3	3	3	2	2	3	1	2	2	2	1
21G.1407	2	1	2	2	4	4	2	2	1	1	3	3	3	3	4	4	3	3	3	1	3	3	1	1	2	1	4	4	1	1	2	2	1	1	2	1	4	1	3	3	3	2	3	1	3	3	2	2	1	1	3	3	2	2	1	1	2	2	2	2	3	2	4	4	3	3	1	1	3	3	3	3	3	2	3	2	2	2	1	1	3	3	2	2	1	1	2	2	3	2	2	2	1	1	2	2	3	3	2	1	2	2	3	2	2	1	1	1	4	1	3	1	2	1	2	2	2	2	4	3	1	1	3	3	3	3	3	3	4	1	2	2	3	3	2	2	4	4	3	3	1	1	2	1	3	3	3	1	3	1	2	1	3	3	4	1	2	2	2	2	2	2	2	2	2	2	2	2	3	3	2	2	3	3	3	2	2	2	2	2	2	2	2	2	3	2	2	2	2	2	2	2	7	7	3	3	2	2	2	2	3	2	4	1	1	1	4	4	3	3	4	4	1	1	1	1	1	1	3	3	3	3	4	2	4	4	2	1	2	1	2	1	2	2	2	1	3	3	2	1	3	2	3	3	2	2	3	3	4	4	2	2	2	1	3	3	1	1	2	1	3	3	2	2	3	1	3	3	4	4	3	3	3	3	2	2	2	2	2	2	3	2	3	2	2	2	3	3	3	1	2	2	3	1	3	1	2	2	3	2	2	2	2	2	2	1	3	3	3	3	2	2	3	1	2	2	3	1	1	1	4	4	2	2	2	2	3	2	2	1	2	1	4	4	2	2	2	2	2	1	2	2	2	1	2	2	2	1	1	1	2	2	4	1	1	1	2	2	2	2	3	1	3	2	3	3	3	3	4	3	3	3	2	2	3	1	1	1	4	1	3	3	1	1	2	2	2	2	1	1	2	1	1	1	2	1	3	3	1	1	2	2	2	2	3	3	3	1	2	2	2	1	2	2	2	2	2	2	3	1	3	3	3	2	3	3	3	3	2	1	2	2	4	3	1	1	3	3	3	3	3	2	3	2	1	1	2	1	3	3	2	2	1	1	3	3	2	1	1	1	2	2	1	1	3	3	2	2	2	2	3	3	5	2	4	4	3	3	3	3	3	3	1	1	1	1	2	2	2	2	2	1	2	2	2	2	2	2	4	1	4	2	4	1	3	3	2	2	3	2	3	3	2	2	3	3	3	3	2	2	3	2	3	2	1	1	2	2	2	2	3	3	3	3	4	4	2	2	3	3	4	3	2	2	2	2	2	2	3	3	1	1	3	1	3	3	2	2	1	1
21G.1408	2	2	3	1	4	4	3	3	1	1	2	2	3	3	3	3	2	2	3	2	3	3	1	1	3	3	4	4	1	1	3	2	3	2	2	1	1	1	3	3	3	1	3	3	3	3	3	3	2	2	4	4	2	2	2	2	2	1	1	1	3	1	4	4	3	3	1	1	3	2	2	2	3	3	3	3	2	2	3	1	3	3	2	2	2	2	2	2	2	2	2	2	3	1	2	2	3	3	1	1	3	3	2	2	3	3	2	2	4	4	3	2	3	3	2	2	3	2	4	4	3	3	3	3	2	2	2	2	2	1	3	1	3	3	2	2	4	3	3	3	1	1	2	2	3	3	5	5	2	2	2	1	3	3	4	4	3	3	2	2	3	3	2	2	3	2	3	1	3	3	1	1	3	3	3	3	1	1	2	2	2	2	1	1	3	3	2	1	2	2	2	2	4	2	3	2	1	1	2	2	2	1	4	4	1	1	4	4	3	3	4	2	3	2	2	1	2	1	3	1	2	1	4	4	4	2	2	1	2	2	3	1	2	1	3	3	2	2	2	2	2	2	3	3	2	2	2	2	4	4	2	2	1	1	3	3	1	1	2	2	3	2	2	2	3	3	3	2	4	4	1	1	1	1	1	1	2	1	1	1	3	3	2	1	2	1	3	1	3	3	2	2	5	3	1	1	2	1	2	2	2	1	2	2	2	2	3	1	2	2	2	1	3	3	1	1	2	2	1	1	3	1	2	1	2	1	3	3	5	5	3	2	3	1	5	5	2	2	3	2	2	2	2	2	2	1	3	3	2	1	3	3	5	5	1	1	2	2	2	1	2	2	3	3	3	3	3	2	4	3	3	2	1	1	3	3	3	3	4	4	1	1	2	2	2	2	2	2	2	2	3	2	1	1	2	2	3	1	3	3	2	2	2	2	3	3	3	3	2	2	2	2	3	3	3	3	2	2	1	1	3	3	3	3	1	1	4	4	3	2	2	2	3	3	3	3	3	3	3	3	3	2	2	2	2	1	3	3	4	4	5	5	2	2	3	1	2	1	1	1	2	2	2	1	3	1	2	2	2	1	3	2	5	5	4	4	4	3	3	2	3	3	1	1	1	1	2	2	5	5	3	2	1	1	2	1	2	2	4	1	3	3	4	2	2	2	2	1	2	2	3	3	2	1	3	2	3	3	4	2	3	3	3	3	1	1	4	4	2	2	2	2	3	3	3	3	2	1	3	3	2	1	4	2	3	2	2	2	3	2	4	3	2	2	3	3	3	3	2	2
21G.1411	2	2	3	3	4	4	3	1	2	1	2	2	3	3	4	4	3	3	5	2	3	3	2	1	2	2	4	4	1	1	3	3	2	2	3	3	1	1	2	2	3	3	3	3	3	3	2	2	2	2	3	2	2	2	1	1	2	1	1	1	2	2	0	0	2	2	1	1	3	3	1	1	3	3	3	3	3	3	1	1	3	3	1	1	2	2	3	3	2	2	1	1	3	3	3	3	3	3	2	1	3	2	2	2	3	1	2	2	4	4	3	1	2	2	2	2	2	2	4	4	2	2	2	2	3	3	1	1	4	1	3	3	3	3	2	1	3	3	3	3	2	2	2	1	3	2	3	3	2	2	1	1	3	3	3	2	3	3	2	2	3	1	3	3	3	3	1	1	3	3	1	1	2	1	3	2	1	1	2	2	2	1	2	2	1	1	1	1	2	1	2	2	4	4	2	2	2	1	2	2	3	2	4	1	1	1	2	2	2	1	2	1	3	2	2	2	2	2	3	3	3	3	4	2	3	2	1	1	2	1	2	2	2	2	1	1	1	1	2	2	3	2	2	2	2	2	3	2	4	1	3	2	1	1	3	2	2	1	2	2	3	1	2	2	3	3	2	2	5	5	1	1	2	2	1	1	3	2	2	2	2	2	3	2	1	1	2	2	3	1	2	1	4	3	3	3	3	3	2	2	2	2	1	1	3	3	4	3	2	2	3	3	3	3	1	1	3	3	2	1	3	3	2	1	1	1	3	3	5	1	2	1	4	2	3	3	3	3	2	1	2	1	2	1	2	2	3	3	1	1	1	1	4	4	1	1	2	1	2	2	2	2	2	2	1	1	1	1	4	4	3	3	2	2	2	2	2	2	4	3	3	3	1	1	2	2	2	2	1	1	2	1	3	1	2	2	3	3	1	1	2	2	3	3	3	3	3	3	2	2	1	1	3	1	2	1	2	1	2	2	3	3	3	3	1	1	4	4	3	3	2	2	3	2	3	3	1	1	3	3	2	2	3	3	2	2	3	3	4	4	5	5	1	1	1	1	1	1	2	1	2	2	2	2	1	1	2	2	2	1	3	3	5	5	5	5	4	3	3	3	3	3	2	2	3	3	2	1	2	2	3	3	3	3	2	2	2	2	4	1	4	3	2	2	2	2	2	2	3	2	3	3	2	2	3	1	2	1	3	1	3	1	2	2	3	3	4	4	3	3	3	3	2	2	2	2	2	1	3	3	3	3	2	2	1	1	2	2	0	0	1	1	2	2	3	3	3	3	3	3
21G.1412	1	1	3	3	4	4	2	2	1	1	2	2	3	3	4	4	2	2	3	3	3	3	2	2	2	2	2	1	2	2	2	2	2	2	1	1	4	4	3	3	3	3	3	2	1	1	3	3	2	2	3	3	2	2	1	1	1	1	2	1	2	2	4	4	3	3	1	1	3	3	3	3	3	3	4	3	3	2	1	1	3	3	1	1	3	3	4	3	3	1	2	2	3	2	1	1	4	4	3	1	3	2	2	2	3	3	1	1	4	4	3	1	3	3	2	2	2	1	4	4	3	1	3	2	2	2	2	1	2	1	2	2	1	1	2	2	3	1	2	2	1	1	2	2	2	2	5	5	2	2	1	1	3	2	1	1	1	1	2	2	2	2	2	2	2	2	1	1	1	1	2	2	3	3	3	3	1	1	2	1	3	3	2	1	2	1	2	2	2	2	2	2	4	2	3	3	1	1	2	2	4	4	1	1	2	1	4	4	2	1	4	2	3	2	2	2	2	1	3	3	3	2	2	2	4	3	2	1	2	1	3	3	2	2	3	3	2	2	2	1	2	1	2	2	2	2	3	3	4	1	2	2	2	1	3	2	2	1	2	1	3	3	3	3	3	3	2	2	4	4	2	1	2	2	2	2	3	3	2	2	3	3	2	2	2	1	2	2	3	3	2	2	1	1	3	2	3	3	3	3	2	2	2	2	2	2	3	3	2	2	2	2	2	1	2	2	3	2	2	1	3	3	2	2	1	1	3	3	5	5	3	3	4	4	3	2	2	2	2	2	1	1	1	1	3	3	3	3	1	1	3	3	5	1	2	2	2	2	2	2	1	1	3	2	1	1	2	1	4	4	3	3	2	2	1	1	3	3	5	5	3	1	2	1	2	2	2	2	2	1	2	2	3	1	2	2	3	3	3	3	1	1	2	2	2	1	2	2	2	2	2	1	2	1	2	2	3	1	3	3	4	3	2	2	3	3	4	4	3	3	2	2	4	4	1	1	3	3	3	2	2	2	3	3	2	2	4	2	4	4	2	1	3	1	3	1	2	2	2	1	2	2	2	2	2	2	2	2	2	2	3	2	2	2	5	1	1	1	3	3	3	3	1	1	3	1	2	1	4	4	2	2	1	1	2	2	2	2	4	4	4	1	2	2	2	2	2	1	2	2	3	3	2	1	3	3	3	2	3	3	2	2	2	2	3	1	2	2	3	3	3	3	3	1	3	3	2	2	3	2	4	4	4	4	3	3	3	2	2	2	4	4	1	1	3	3	3	2	1	1
21G.1429	2	2	3	1	4	4	1	1	2	1	2	1	3	3	4	3	2	2	3	1	3	3	2	1	2	2	4	4	4	1	3	3	2	2	3	3	1	1	1	1	3	2	3	1	3	3	2	2	2	2	4	4	2	2	2	1	2	2	2	2	2	2	4	2	2	2	1	1	3	3	3	3	3	3	2	2	3	3	2	1	3	1	2	1	3	3	2	2	3	3	2	2	3	2	1	1	4	4	1	1	3	2	2	2	2	2	2	1	4	4	1	1	2	2	2	1	3	3	1	1	2	2	3	3	3	3	3	2	4	4	3	1	3	1	2	2	2	2	2	2	2	2	2	2	2	1	5	3	2	1	2	2	2	2	4	2	3	3	2	2	3	3	2	2	2	1	3	3	4	4	1	1	3	3	3	3	2	1	4	2	2	2	1	1	1	1	1	1	1	1	1	1	4	4	2	2	2	2	2	2	4	4	4	1	2	2	4	4	2	1	2	1	3	3	2	2	2	2	3	3	3	1	4	4	4	4	2	2	2	1	2	2	2	2	3	2	3	3	2	2	2	2	3	3	2	2	3	2	4	1	3	3	1	1	3	2	2	2	2	2	3	3	2	2	3	3	3	3	4	4	2	2	1	1	2	2	2	2	1	1	3	3	2	2	1	1	3	3	3	3	2	2	3	3	3	3	3	3	2	2	2	2	1	1	3	2	1	1	2	2	3	3	3	3	2	1	2	2	1	1	4	3	2	2	1	1	3	1	5	3	3	3	4	2	4	2	2	2	2	2	2	2	1	1	2	2	3	1	1	1	3	1	5	5	1	1	2	2	1	1	1	1	3	3	3	3	3	3	4	3	2	2	2	2	2	2	2	2	5	3	3	3	2	1	1	1	2	2	2	1	2	1	3	1	2	1	3	2	1	1	2	2	2	2	3	3	3	2	2	2	2	1	3	1	3	3	2	1	3	3	4	4	3	3	3	3	3	3	3	3	2	2	2	2	3	3	1	1	3	3	3	2	2	2	3	2	5	5	4	1	5	5	1	1	2	2	2	1	2	1	2	2	2	2	1	1	2	1	1	1	3	2	5	4	5	3	4	3	2	1	3	3	2	2	1	1	2	2	2	2	3	3	4	4	2	2	1	1	4	4	4	3	2	1	3	2	1	1	2	2	3	3	1	1	3	3	3	3	3	3	3	3	3	2	1	1	4	4	2	2	3	3	3	1	3	3	3	3	2	2	4	4	2	2	2	2	2	2	3	1	4	4	3	2	2	2	2	2	2	2
21G.1430	2	2	2	2	4	4	3	2	1	1	1	1	3	3	4	4	2	2	3	3	3	3	3	1	2	1	4	2	1	1	2	2	2	2	3	3	2	2	3	3	3	3	3	3	3	3	3	3	2	2	3	3	2	2	3	3	2	2	2	2	2	2	4	4	4	4	1	1	3	2	3	3	1	1	3	3	3	3	3	3	3	2	2	1	3	3	4	4	2	2	1	1	1	1	1	1	3	3	1	1	3	2	2	1	2	1	2	1	4	3	1	1	2	2	2	2	3	3	4	3	3	3	3	2	2	2	2	2	4	4	4	3	1	1	1	1	1	1	2	2	2	2	1	1	3	3	5	5	2	1	2	2	2	2	2	2	3	3	2	2	2	2	2	2	2	2	1	1	3	3	2	2	3	3	3	3	2	2	1	1	2	1	1	1	3	3	2	1	2	2	1	1	4	2	2	2	1	1	2	2	2	2	3	3	1	1	3	3	2	2	2	2	3	3	2	2	2	1	4	3	2	2	3	3	3	1	1	1	2	2	3	3	2	2	3	2	1	1	1	1	3	3	3	1	1	1	3	3	4	1	3	3	2	2	2	2	2	2	2	2	3	3	2	2	2	2	2	2	4	4	3	3	2	1	2	2	3	3	2	2	3	3	2	2	2	1	2	2	3	2	2	1	4	4	3	3	3	1	3	3	2	2	1	1	2	2	3	3	2	2	1	1	3	2	1	1	1	1	2	1	3	2	2	2	2	1	2	2	3	3	1	1	5	5	3	3	2	2	2	2	1	1	1	1	3	3	3	3	2	1	1	1	5	5	2	2	2	2	2	2	3	3	2	2	1	1	3	2	4	4	2	2	2	2	3	3	3	3	4	4	1	1	2	2	2	2	2	2	2	2	2	2	1	1	2	2	3	3	3	3	2	2	2	2	2	1	2	2	2	2	1	1	1	1	2	2	3	3	3	2	3	3	2	2	3	3	4	4	2	2	2	2	3	3	2	2	3	3	3	3	3	2	3	3	2	2	3	2	2	2	4	4	1	1	2	1	1	1	2	2	1	1	1	1	1	1	2	2	2	1	2	2	2	2	4	1	3	3	3	3	3	3	1	1	1	1	2	2	5	3	2	2	1	1	2	2	2	2	4	4	4	4	2	1	3	3	1	1	3	3	3	3	2	1	3	3	2	2	3	3	3	3	2	1	1	1	2	1	3	3	3	3	3	2	4	4	2	2	2	2	2	2	1	1	3	2	3	2	3	2	1	1	2	1	3	3	3	3	3	1
21G.1442	2	2	2	1	1	1	3	3	1	1	3	3	4	1	4	4	1	1	3	2	2	2	1	1	2	2	4	4	2	2	3	2	2	2	2	2	2	2	3	3	3	3	3	1	3	3	3	2	2	2	4	2	2	2	1	1	2	1	2	2	2	2	4	4	3	2	3	1	2	2	2	2	1	1	3	3	3	3	3	1	3	3	2	1	1	1	5	5	2	1	2	2	3	1	3	3	4	3	1	1	3	2	2	2	3	2	2	2	4	4	3	2	3	1	2	2	3	3	4	4	3	1	3	3	2	2	3	1	3	2	2	2	3	3	2	2	1	1	2	2	2	2	2	1	3	2	5	5	2	2	1	1	2	1	4	4	2	1	2	1	2	2	1	1	2	2	1	1	3	3	1	1	3	3	3	3	2	2	1	1	3	1	2	2	3	3	2	2	2	1	2	2	4	4	3	3	1	1	2	1	3	3	4	4	1	1	4	4	3	2	4	2	2	1	2	2	1	1	3	2	1	1	1	1	3	3	1	1	1	1	3	3	2	2	3	3	2	1	1	1	3	3	3	1	2	2	3	2	4	1	3	3	2	1	2	2	1	1	2	2	2	1	3	3	3	3	2	2	2	2	2	2	2	1	2	2	3	2	2	2	3	2	2	2	2	2	3	2	3	1	2	2	1	1	3	3	3	3	2	2	2	2	2	1	3	3	3	3	3	2	2	1	2	2	2	1	2	2	1	1	3	2	2	1	2	2	3	3	5	5	3	3	4	4	4	1	2	2	2	1	2	2	1	1	2	2	2	2	2	2	1	1	5	5	1	1	2	1	2	2	3	2	3	3	3	1	3	3	4	4	3	1	2	2	3	3	1	1	4	4	3	3	1	1	2	1	1	1	2	2	3	3	3	1	2	2	3	3	3	2	2	1	3	3	3	2	3	3	2	2	1	1	3	1	2	2	2	1	3	2	3	3	2	1	3	3	4	4	3	3	2	2	3	3	2	2	3	3	3	2	3	3	3	3	3	3	3	3	3	3	2	2	1	1	1	1	1	1	2	2	2	1	1	1	3	3	2	2	2	2	3	3	4	2	5	4	3	2	2	2	3	3	2	2	5	1	2	2	5	5	2	2	2	2	1	1	2	1	4	3	4	3	2	2	3	2	2	2	2	2	3	3	2	2	3	3	1	1	3	3	3	3	2	1	3	2	4	2	2	1	3	3	2	2	4	4	1	1	2	2	4	2	4	4	3	3	3	2	2	1	3	3	3	3	3	2	2	2	1	1
21G.1455	2	2	2	2	4	1	3	3	2	2	3	3	3	3	4	4	3	3	2	1	3	3	2	2	1	1	4	2	2	1	3	3	2	2	3	1	3	3	2	2	3	1	3	3	3	3	2	2	2	2	3	3	2	2	3	1	2	1	2	1	3	3	5	5	3	3	2	1	2	1	2	2	3	3	3	3	1	1	1	1	2	2	2	2	3	1	2	2	3	3	2	1	3	3	3	3	4	3	2	2	3	3	2	2	3	2	2	1	2	2	3	3	3	2	2	1	2	2	3	2	3	1	3	3	2	2	3	3	3	1	1	1	3	1	2	2	3	1	3	2	2	2	1	1	2	1	3	3	2	1	2	1	2	2	1	1	3	1	2	2	3	3	2	2	3	3	1	1	4	3	1	1	3	3	2	2	1	1	2	2	3	3	3	1	3	1	2	2	2	2	1	1	7	7	3	3	1	1	2	2	3	2	3	3	1	1	4	1	2	2	4	4	2	2	1	1	2	1	3	2	2	2	4	4	3	3	1	1	1	1	2	2	2	2	3	3	2	2	2	2	2	2	2	2	2	1	3	3	4	4	3	3	1	1	2	1	1	1	2	2	4	4	2	1	2	2	3	3	4	4	2	2	3	2	2	2	3	3	1	1	3	3	3	3	2	1	3	2	3	3	1	1	2	2	3	3	2	1	3	3	2	2	2	2	2	2	3	1	2	2	3	3	2	1	1	1	2	2	2	2	4	4	2	1	1	1	3	3	3	3	2	2	2	2	4	4	2	2	2	1	2	2	3	2	2	2	2	2	2	2	3	3	5	4	1	1	2	1	1	1	2	2	3	3	1	1	3	1	4	4	3	3	2	2	3	1	2	1	5	3	3	3	2	2	1	1	2	1	2	2	3	3	1	1	2	2	3	3	3	3	2	2	2	1	3	3	2	2	2	2	2	2	2	1	3	3	3	2	3	2	3	1	3	2	3	3	3	3	3	3	2	1	4	1	2	1	3	3	3	3	2	2	3	3	1	1	5	5	1	1	4	4	1	1	1	1	2	2	2	2	2	2	3	3	2	2	1	1	2	2	3	3	5	5	5	5	1	1	2	1	3	1	1	1	5	1	2	2	2	2	1	1	2	1	2	1	2	1	4	4	3	3	2	2	2	1	1	1	1	1	5	1	2	1	3	3	2	2	3	2	3	3	3	3	1	1	2	2	3	3	3	1	3	3	3	2	1	1	2	2	3	1	2	2	2	2	3	3	3	3	3	3	3	1	3	2	2	2	3	1
21G.1456	2	2	3	2	4	1	3	2	2	1	3	3	3	1	3	3	2	2	2	1	3	2	2	1	1	1	4	4	4	1	3	3	2	2	2	2	3	1	2	1	3	1	3	3	3	3	3	2	2	2	4	4	2	2	3	2	2	2	2	2	3	1	5	1	3	3	1	1	3	3	3	3	3	2	4	4	3	3	1	1	3	3	2	2	2	2	5	4	1	1	2	2	3	3	3	3	3	3	2	1	3	3	3	3	3	3	2	2	4	4	3	2	3	2	2	2	1	1	4	1	3	3	3	3	2	1	2	2	4	4	2	1	3	3	2	2	3	3	2	2	2	2	1	1	3	3	1	1	1	1	2	1	3	3	4	4	1	1	2	1	3	3	2	1	2	2	1	1	3	3	1	1	3	3	3	3	2	1	2	2	2	2	1	1	2	2	2	2	1	1	2	2	4	2	2	2	1	1	1	1	3	2	4	4	1	1	2	2	1	1	4	4	1	1	2	2	2	2	3	3	3	3	4	3	3	3	2	2	1	1	3	3	2	1	2	1	2	1	2	2	2	2	3	1	2	2	3	3	4	1	3	3	1	1	3	3	1	1	2	2	2	2	2	1	3	1	3	3	5	1	1	1	3	1	2	1	3	3	1	1	3	3	3	3	2	1	3	2	4	3	2	1	4	4	2	2	3	2	3	3	2	2	1	1	3	1	3	2	3	3	1	1	3	3	1	1	2	1	1	1	4	3	2	1	1	1	3	3	3	3	1	1	4	2	2	1	3	2	2	2	2	1	2	2	2	2	2	1	1	1	2	1	5	5	2	2	1	1	2	2	3	1	3	2	2	2	2	2	4	4	3	3	2	1	3	1	3	1	4	4	3	3	2	1	1	1	1	1	2	2	3	2	3	1	2	1	3	2	1	1	2	2	2	1	3	2	2	1	2	2	1	1	2	1	3	3	2	2	3	1	4	4	2	2	3	1	4	3	3	2	2	2	3	3	2	2	3	3	3	2	2	2	3	3	3	2	3	2	4	4	4	4	2	1	3	3	2	2	1	1	2	2	2	1	3	3	2	1	2	2	4	2	5	2	5	5	2	1	3	3	3	3	2	1	1	1	2	1	3	2	3	2	4	1	2	2	2	2	4	1	4	4	4	2	3	2	2	1	3	3	1	1	2	2	3	3	1	1	3	3	3	3	3	3	2	1	4	4	1	1	3	3	2	2	4	4	2	2	2	1	3	2	2	2	3	2	3	3	2	2	4	1	3	3	3	3	3	3	1	1
21G.1457	2	1	1	1	4	4	1	1	2	2	1	1	3	3	3	3	2	2	2	2	1	1	1	1	1	1	4	4	3	3	2	2	3	2	3	3	3	3	3	1	3	3	3	3	3	3	2	2	2	2	2	2	2	2	3	1	2	2	2	2	2	2	5	5	3	3	2	1	3	3	2	1	3	3	3	3	3	3	3	3	3	3	2	2	2	2	4	3	3	1	2	2	3	2	1	1	2	2	2	1	2	1	2	2	3	3	2	1	4	2	3	3	2	1	1	1	2	1	3	3	1	1	3	2	2	1	1	1	4	4	2	2	3	3	2	1	4	1	3	2	2	2	2	1	3	1	3	3	3	2	2	2	3	3	2	1	2	1	2	2	3	2	2	2	2	2	2	2	3	3	2	2	3	2	2	1	2	2	2	2	2	2	3	1	2	2	2	2	2	2	2	1	6	6	3	3	1	1	1	1	2	2	4	4	1	1	4	2	3	1	4	2	2	1	2	2	2	1	2	2	3	1	4	2	3	3	2	2	2	2	3	2	1	1	2	1	2	2	2	1	3	3	2	2	1	1	3	3	1	1	3	3	2	2	3	3	2	2	1	1	3	3	3	3	3	1	2	2	4	4	3	2	3	3	2	1	3	2	2	2	3	2	3	3	2	2	3	2	3	3	2	2	4	4	2	1	2	2	2	2	1	1	2	2	2	1	3	3	2	2	3	2	2	1	2	2	2	2	2	2	3	3	2	2	2	2	3	2	2	2	2	2	3	3	5	1	2	2	2	1	2	2	2	2	2	2	3	1	1	1	3	3	5	5	1	1	2	2	2	1	3	3	2	2	3	3	3	2	4	3	2	1	2	2	3	1	3	3	5	4	2	2	2	2	1	1	1	1	1	1	3	3	2	1	2	1	1	1	3	3	1	1	3	3	3	2	3	3	2	2	2	2	3	1	2	2	3	3	3	3	4	4	3	3	3	3	3	3	3	3	2	2	2	2	3	2	3	3	3	3	3	3	3	2	1	1	3	3	3	3	5	5	3	3	3	3	2	2	1	1	2	1	1	1	1	1	2	1	2	2	3	3	5	5	4	4	2	2	3	3	1	1	2	2	5	5	1	1	2	2	2	2	4	1	2	2	2	2	3	3	4	4	3	2	2	2	2	2	2	2	1	1	2	2	3	3	1	1	3	3	3	2	2	1	1	1	4	4	3	3	3	3	2	2	3	3	1	1	2	2	1	1	4	1	3	3	3	3	3	3	3	3	3	3	3	2	2	1	2	1
21G.1463	2	2	3	2	4	4	3	1	1	1	2	2	3	3	4	4	2	1	2	2	3	3	2	1	2	2	4	2	1	1	3	3	2	2	2	2	4	1	3	1	3	2	2	1	3	1	2	2	2	1	4	4	2	2	3	3	2	2	2	2	2	2	5	5	2	2	3	1	3	3	3	3	3	2	3	3	1	1	3	3	3	2	2	2	2	2	5	2	2	2	2	2	3	3	3	2	4	1	3	3	2	2	2	2	3	3	2	1	4	1	3	3	2	2	2	1	3	2	2	2	3	3	2	2	3	3	3	3	3	3	2	1	3	3	2	2	2	1	3	2	2	2	1	1	3	1	5	5	1	1	2	1	3	3	2	1	3	1	2	2	3	2	2	1	3	3	3	2	3	3	2	1	3	3	3	3	1	1	4	4	2	1	1	1	3	3	2	1	1	1	1	1	4	4	2	2	2	2	2	2	4	4	4	2	2	2	4	3	3	3	2	2	2	2	2	1	2	1	4	2	3	3	4	4	4	4	2	2	2	2	2	2	2	2	3	1	3	3	2	1	2	2	2	1	2	1	2	2	4	4	1	1	1	1	2	2	2	2	2	2	4	1	2	2	3	3	3	2	4	4	2	2	1	1	2	2	2	2	2	1	3	3	3	3	1	1	3	2	4	4	1	1	4	4	3	3	3	2	3	3	2	2	1	1	2	2	1	1	3	2	3	1	3	3	2	2	3	3	2	1	4	3	2	1	1	1	3	3	4	3	2	2	2	1	4	4	2	1	2	2	2	2	2	2	2	2	3	3	2	2	3	3	5	5	1	1	2	2	1	1	3	2	2	2	3	3	3	2	4	2	3	3	2	2	3	1	3	3	4	4	3	3	1	1	2	1	2	2	2	2	2	2	2	1	2	2	3	2	3	1	1	1	2	2	3	3	3	2	2	2	2	2	3	3	2	2	3	3	2	2	3	3	3	2	3	3	4	4	3	1	2	2	2	2	2	1	2	1	3	3	2	2	3	2	2	2	4	2	4	4	5	5	3	3	2	2	2	2	2	1	2	2	2	1	2	2	1	1	2	2	3	3	5	5	3	1	4	1	3	3	1	1	2	2	5	5	2	1	4	2	2	1	2	2	2	1	1	1	4	4	4	2	4	2	2	2	2	2	3	3	3	1	2	2	3	3	3	3	4	2	3	1	2	2	3	3	2	2	2	2	3	3	3	1	3	3	2	2	1	1	3	2	2	2	2	1	3	2	2	2	4	4	2	1	2	2	2	2	2	1
21G.1465	2	2	3	3	4	1	3	3	2	2	1	1	4	4	4	4	3	1	3	3	1	1	2	2	2	2	2	2	1	1	3	2	2	2	1	1	3	3	3	3	3	3	3	3	3	1	3	3	2	1	4	4	1	1	3	2	2	1	2	1	2	2	5	5	3	3	3	1	2	2	3	2	3	3	4	4	3	1	3	3	3	1	2	1	2	2	4	1	1	1	2	2	3	1	3	3	4	3	1	1	2	2	2	2	2	1	2	1	4	4	3	3	1	1	2	1	3	3	3	1	2	2	2	1	1	1	3	3	1	1	3	1	2	1	2	2	4	4	2	2	2	1	2	1	3	3	3	3	2	2	2	2	3	3	4	2	3	3	2	2	3	2	2	2	2	2	3	3	1	1	1	1	3	3	1	1	2	2	2	2	2	1	2	2	3	3	2	1	2	2	1	1	4	4	2	1	1	1	2	1	3	2	2	2	1	1	4	2	3	3	2	2	2	1	1	1	2	1	3	3	3	3	3	3	3	3	1	1	2	2	2	2	2	2	1	1	3	2	2	2	3	3	3	3	3	1	3	3	4	4	2	2	1	1	3	2	2	2	2	1	3	3	3	3	3	3	2	2	2	1	2	2	1	1	2	1	3	3	2	2	2	2	3	3	2	2	2	2	2	1	1	1	4	4	3	3	3	3	3	3	2	2	2	2	1	1	3	3	3	2	2	2	2	2	2	1	2	2	2	2	3	3	1	1	2	1	2	2	2	2	2	2	4	4	3	2	2	2	2	2	1	1	1	1	3	3	3	3	1	1	3	2	5	5	2	1	2	2	2	2	3	2	3	3	1	1	3	3	3	3	2	1	2	2	5	5	3	2	4	4	3	3	2	2	2	2	1	1	2	2	2	2	3	3	2	1	2	1	2	1	1	1	2	2	3	3	3	2	2	2	2	2	3	3	2	2	3	3	1	1	4	4	3	3	3	3	2	2	3	1	2	2	3	2	2	1	3	3	3	3	2	2	3	3	2	2	2	1	4	4	4	4	2	2	3	3	2	1	2	1	2	2	1	1	1	1	2	2	1	1	3	3	5	5	4	3	4	2	3	3	2	2	2	2	1	1	1	1	3	2	3	3	2	2	1	1	2	2	4	4	4	3	4	4	3	2	1	1	3	3	1	1	2	2	3	1	2	2	3	2	3	3	3	3	2	1	2	2	2	2	3	3	1	1	4	3	3	2	2	1	2	2	4	4	3	3	3	2	3	3	4	2	3	1	2	2	1	1	2	2
21G.1469	2	2	3	3	4	1	3	2	2	2	2	1	4	3	4	4	2	2	3	3	3	3	1	1	3	3	4	2	1	1	2	2	2	1	3	3	3	3	3	3	4	4	3	1	3	3	2	2	2	2	3	3	2	2	3	2	2	2	1	1	2	2	4	4	2	2	2	1	3	3	2	1	2	2	3	3	3	3	2	1	3	3	2	2	2	2	5	5	2	2	2	1	2	2	3	3	3	3	2	2	2	1	2	1	2	1	2	1	4	4	3	1	3	3	2	1	2	1	4	1	3	3	2	2	3	2	3	1	4	2	2	2	3	2	1	1	3	1	2	1	2	1	2	1	2	2	1	1	2	1	3	3	3	3	2	1	3	3	2	1	3	3	2	2	3	3	3	2	3	3	2	2	2	2	2	2	1	1	2	2	2	2	1	1	3	3	2	2	2	2	1	1	4	4	2	2	2	2	2	2	3	3	4	2	3	1	4	1	3	3	2	2	2	2	2	2	2	2	3	3	3	3	4	3	3	1	2	2	1	1	2	2	1	1	2	1	2	1	2	2	2	2	3	3	3	1	3	2	3	2	2	2	2	1	3	3	2	1	2	1	3	3	3	3	3	3	3	2	4	4	2	1	2	2	2	2	3	2	2	2	3	3	3	3	2	1	3	3	3	2	2	2	2	1	3	3	3	3	3	3	2	2	2	1	3	2	3	3	3	3	3	1	3	3	1	1	2	2	2	2	3	3	2	2	1	1	3	3	5	5	3	3	3	3	3	3	2	2	1	1	2	2	2	2	2	2	3	3	1	1	3	1	5	2	2	2	2	2	2	1	3	1	3	2	3	1	3	3	4	4	3	3	2	2	5	3	2	2	4	3	3	3	2	2	2	2	2	2	2	2	2	2	2	2	2	2	3	3	3	1	2	1	1	1	1	1	3	3	2	2	2	2	2	2	2	2	2	1	3	1	4	3	2	2	3	3	4	2	3	1	2	1	2	2	3	3	1	1	3	1	3	3	3	3	2	2	3	3	4	4	2	2	3	2	2	1	2	2	2	2	2	2	2	2	1	1	2	2	2	2	3	3	5	5	4	4	4	1	2	2	1	1	1	1	1	1	2	2	4	4	3	3	1	1	2	2	2	2	4	1	4	2	2	2	2	2	2	2	3	2	3	3	2	2	3	3	1	1	3	3	3	3	2	1	1	1	4	2	3	2	3	3	3	2	4	4	2	2	2	1	4	3	3	3	2	2	3	3	3	1	1	1	2	1	3	2	3	3	2	2
21G.1471	2	2	3	1	4	1	3	1	2	2	3	3	3	3	4	3	3	1	2	1	3	2	2	1	1	1	4	4	2	2	3	2	2	2	2	2	3	1	2	2	4	2	3	3	3	3	2	2	2	2	4	1	2	2	3	1	1	1	2	1	2	2	5	4	3	2	4	4	2	2	2	1	3	3	3	3	3	2	1	1	3	3	2	2	2	2	4	4	2	2	1	1	3	3	2	1	4	4	2	2	2	2	1	1	3	3	2	2	4	4	3	3	2	2	2	2	3	3	4	4	1	1	2	2	1	1	3	3	2	2	3	2	2	1	1	1	3	3	3	3	1	1	2	2	2	2	5	1	1	1	1	1	3	3	4	2	1	1	2	2	3	3	3	1	3	2	2	1	3	3	1	1	3	3	3	3	2	1	4	4	3	3	2	1	3	3	2	2	2	2	2	2	7	7	3	3	2	2	2	2	3	3	4	4	1	1	4	4	3	3	4	4	1	1	2	1	2	2	3	3	3	1	4	4	1	1	1	1	2	2	2	2	2	2	3	3	1	1	2	2	3	3	3	2	2	1	2	2	1	1	3	1	2	2	2	1	2	1	2	1	3	1	2	1	3	3	3	2	4	1	2	2	3	1	2	2	2	2	2	2	2	2	3	3	1	1	3	3	2	2	2	2	4	4	3	3	2	2	3	3	2	2	2	2	2	1	2	2	2	2	2	2	3	2	1	1	2	2	2	1	4	3	2	1	2	2	2	2	5	4	3	3	4	4	3	2	2	2	1	1	2	2	1	1	2	2	2	1	2	2	3	3	2	2	1	1	2	2	2	2	1	1	3	3	1	1	1	1	4	4	3	2	1	1	2	2	3	3	5	5	3	3	2	1	1	1	2	2	1	1	2	1	3	3	2	2	3	3	1	1	1	1	2	2	3	3	3	2	2	2	1	1	2	1	2	2	2	2	3	3	3	3	2	2	3	3	4	4	2	2	2	1	2	2	2	2	3	3	2	2	2	1	3	3	2	2	3	3	2	2	5	5	1	1	1	1	2	2	1	1	2	2	2	2	3	3	1	1	2	1	3	3	2	2	2	2	3	2	2	1	2	2	2	1	1	1	2	2	3	2	2	1	1	1	2	2	2	2	3	3	4	4	2	2	2	2	1	1	3	3	4	1	2	2	1	1	2	1	3	3	1	1	2	2	1	1	4	4	3	3	3	3	3	3	3	3	2	1	3	3	4	3	4	4	1	1	2	1	1	1	1	1	2	2	3	3	2	2	2	1
21G.1473	2	2	2	1	4	1	3	3	1	1	3	3	3	1	4	4	2	2	3	2	3	2	2	2	1	1	4	2	2	1	3	2	3	3	2	1	3	3	3	3	3	3	3	1	1	1	2	2	2	2	4	4	2	1	3	3	1	1	2	2	2	2	4	1	3	2	4	1	3	3	2	2	3	3	4	3	3	3	2	1	2	1	2	1	2	2	3	3	3	3	2	2	3	3	1	1	4	4	2	2	2	1	3	2	3	3	2	2	2	1	3	3	2	2	2	2	2	2	3	1	2	1	3	3	2	2	3	2	4	2	3	3	3	3	2	1	4	1	2	2	2	2	1	1	2	1	3	1	2	2	2	1	3	3	2	2	2	2	2	1	2	2	2	2	3	2	3	3	3	1	2	2	3	2	3	2	1	1	4	2	2	1	3	3	3	2	2	2	2	2	1	1	6	6	3	3	1	1	2	2	2	2	4	4	3	3	4	4	1	1	4	4	1	1	2	1	2	2	3	3	3	3	4	4	4	2	2	1	2	1	3	3	1	1	2	2	3	3	2	2	2	2	3	3	1	1	3	2	4	3	2	2	1	1	3	3	2	1	2	2	3	3	2	2	3	3	3	2	4	4	3	3	3	3	2	1	3	2	1	1	3	3	3	3	2	2	2	2	3	3	1	1	1	1	3	3	3	2	3	3	1	1	2	2	2	2	3	1	2	1	1	1	2	2	1	1	2	2	1	1	4	3	2	2	2	1	3	3	4	4	1	1	4	4	2	2	2	2	1	1	2	2	1	1	2	1	3	1	1	1	1	1	5	5	2	1	2	1	2	2	2	1	2	2	1	1	3	3	4	2	2	2	1	1	3	1	3	3	5	5	3	1	2	1	1	1	1	1	1	1	3	3	2	2	2	2	3	2	3	3	2	2	3	3	2	2	3	2	2	1	1	1	1	1	4	2	2	2	2	2	2	2	3	2	1	1	3	3	3	3	2	2	2	2	3	3	3	3	3	3	2	2	3	3	2	1	4	4	2	1	5	1	1	1	1	1	3	1	1	1	2	1	2	2	3	3	1	1	1	1	3	3	4	4	4	4	4	3	3	3	2	2	2	2	2	2	1	1	4	4	2	2	2	2	2	2	2	1	3	3	4	4	3	3	2	2	2	2	3	2	1	1	2	2	3	3	1	1	3	3	3	3	2	2	2	1	4	4	3	2	3	3	2	2	4	1	2	2	2	1	3	3	3	1	3	3	3	1	3	2	4	4	2	2	2	2	3	3	2	2
21G.1474	2	2	2	2	4	1	3	3	2	2	3	2	3	3	4	4	3	2	5	5	3	3	2	2	2	2	4	4	4	4	2	1	2	2	2	2	3	1	3	3	3	3	3	3	1	1	2	1	2	2	3	3	1	1	2	2	2	2	1	1	3	3	4	4	3	2	2	1	3	2	2	2	2	1	3	3	3	3	3	3	3	3	2	2	2	2	5	4	2	2	2	2	3	1	2	2	4	4	3	1	2	2	2	2	3	3	2	2	4	4	1	1	1	1	2	2	3	3	1	1	2	1	2	2	3	3	3	3	4	2	1	1	3	1	2	2	3	3	3	2	1	1	2	2	3	3	1	1	1	1	1	1	3	3	2	2	1	1	2	2	2	2	1	1	3	3	3	3	3	3	1	1	3	2	3	3	2	2	4	4	3	3	3	3	3	3	1	1	2	2	2	2	4	1	3	3	2	1	2	2	4	4	4	4	3	2	4	4	2	1	2	2	3	3	2	2	2	2	3	3	3	1	4	4	4	2	2	2	2	2	2	2	2	2	3	3	2	2	2	1	2	2	3	3	3	2	3	3	4	4	2	2	2	2	3	3	2	2	2	2	3	3	2	2	1	1	2	2	2	2	1	1	2	2	2	2	1	1	2	1	3	1	3	3	2	2	2	2	3	3	2	2	4	4	2	1	3	3	1	1	2	1	2	2	2	2	1	1	2	2	3	3	1	1	2	2	3	1	2	1	4	2	2	2	2	1	3	3	5	4	3	3	4	2	4	4	2	2	1	1	2	2	3	3	2	2	3	2	1	1	2	2	5	5	2	2	2	2	2	2	1	1	3	3	1	1	3	3	4	4	3	3	2	2	3	1	3	3	3	3	3	3	1	1	2	2	2	2	2	2	2	1	2	2	2	1	2	2	3	1	2	2	2	1	3	2	2	2	1	1	2	2	2	2	2	2	3	3	3	1	3	3	2	1	1	1	3	3	3	3	2	2	3	3	3	3	1	1	3	3	2	2	2	2	3	1	3	2	4	1	5	2	3	3	3	2	2	1	1	1	2	2	2	2	3	3	1	1	2	2	4	4	5	5	2	2	5	1	3	3	3	1	2	2	1	1	2	2	5	5	2	2	1	1	2	1	2	2	3	1	3	2	4	4	2	1	2	2	3	2	4	4	2	2	3	3	3	2	3	3	3	3	3	2	1	1	4	2	3	3	3	3	3	3	4	3	2	1	1	1	4	4	1	1	2	2	3	2	3	3	4	3	3	3	3	3	2	2	2	2
21G.1477	2	2	3	3	1	1	3	3	2	2	2	1	4	3	4	3	2	2	3	1	3	3	1	1	2	1	4	2	1	1	3	3	2	2	2	1	4	3	3	3	3	2	3	3	3	1	2	2	2	2	3	3	2	2	3	3	2	2	1	1	3	3	4	4	2	2	2	2	2	2	3	1	2	2	3	3	3	3	2	2	3	3	2	2	3	3	4	4	3	2	2	1	1	1	1	1	3	3	2	1	3	1	3	2	3	1	2	2	4	4	3	2	3	2	2	2	2	2	3	3	3	3	2	2	2	2	3	3	4	4	2	2	3	2	1	1	4	4	2	2	2	2	1	1	2	2	5	1	2	2	2	2	3	1	4	4	2	2	1	1	2	2	1	1	3	1	3	3	3	3	1	1	3	3	2	2	1	1	2	2	2	2	3	3	1	1	2	2	1	1	2	1	4	4	3	3	2	2	2	2	2	2	1	1	2	2	4	2	2	1	2	2	3	2	2	1	2	2	4	4	3	3	4	1	3	3	1	1	2	2	3	3	2	2	1	1	1	1	1	1	3	3	2	2	1	1	3	3	3	3	3	2	1	1	2	2	2	2	2	1	1	1	2	1	3	3	2	2	4	2	1	1	1	1	2	2	2	2	1	1	3	3	2	2	1	1	3	3	3	3	2	2	3	3	2	2	3	3	3	3	1	1	2	2	2	1	3	3	2	2	3	3	2	2	2	2	3	3	2	2	2	2	2	2	2	1	3	3	2	2	3	3	5	1	1	1	3	2	2	2	2	2	2	1	2	2	3	2	2	2	1	1	4	1	1	1	1	1	1	1	3	1	3	3	3	2	2	2	4	4	3	3	2	1	2	2	3	3	4	4	1	1	2	2	2	2	2	1	2	1	2	2	3	3	1	1	3	3	1	1	2	2	1	1	3	3	3	3	2	2	2	2	2	2	2	2	2	2	3	3	3	3	2	2	3	3	4	4	3	3	2	2	2	2	2	2	3	3	3	3	3	3	3	3	2	2	3	3	4	4	5	5	1	1	1	1	1	1	2	1	2	1	3	1	3	3	2	2	2	2	3	3	5	5	2	2	3	3	3	2	1	1	1	1	5	1	2	1	3	3	2	2	2	1	1	1	2	2	4	4	3	3	4	4	2	2	2	1	1	1	3	3	1	1	3	3	1	1	3	3	3	3	1	1	1	1	4	4	3	3	3	3	1	1	4	3	2	1	3	3	4	4	2	1	2	2	3	2	1	1	2	2	2	2	3	3	2	1	1	1
21G.1478	2	2	3	3	4	4	2	1	1	1	3	3	3	3	4	4	1	1	3	3	2	1	2	2	2	2	4	1	2	2	3	3	2	1	2	2	1	1	4	4	4	4	1	1	3	3	3	2	2	2	4	4	2	2	2	2	2	2	2	1	2	2	5	4	2	1	1	1	3	3	3	1	2	2	4	3	3	3	2	1	3	1	2	2	2	2	5	5	3	2	2	2	3	3	1	1	4	3	2	2	3	3	2	2	3	3	2	2	4	4	3	3	3	3	2	2	3	1	4	4	3	1	2	2	3	3	3	2	2	2	3	3	3	1	2	2	3	2	2	2	2	2	2	1	2	2	3	3	2	1	1	1	2	2	2	1	1	1	2	2	2	1	2	1	3	2	3	1	3	3	1	1	2	2	3	2	2	2	2	2	2	2	1	1	3	3	2	2	2	1	2	2	7	7	3	3	1	1	1	1	3	3	4	4	3	3	4	4	3	3	4	2	2	2	2	2	2	2	3	3	1	1	4	4	3	1	1	1	2	2	2	2	1	1	2	2	2	2	2	2	3	3	2	1	1	1	3	2	4	3	3	2	2	1	2	2	2	2	2	2	4	4	2	2	3	3	3	2	4	4	1	1	2	1	2	2	2	2	1	1	2	1	3	3	1	1	3	2	3	3	2	1	3	1	2	1	3	2	1	1	2	1	2	1	3	3	3	3	2	2	3	1	2	2	2	1	2	2	1	1	3	3	2	2	2	2	3	3	4	4	3	2	5	5	3	3	2	2	1	1	2	2	1	1	2	2	2	2	1	1	3	1	2	2	1	1	1	1	2	2	2	2	3	3	1	1	3	1	4	4	3	1	1	1	3	3	3	3	4	4	3	3	2	1	1	1	2	1	2	1	2	2	1	1	2	2	3	3	1	1	2	1	2	1	3	2	3	3	2	2	2	2	3	3	2	2	3	3	3	3	4	4	2	2	3	3	3	3	3	3	2	2	3	1	2	2	3	3	3	3	2	2	2	2	2	2	5	5	4	4	5	2	1	1	3	1	1	1	1	1	2	2	2	1	3	3	1	1	1	1	3	3	5	1	4	1	3	3	3	2	1	1	1	1	3	1	1	1	2	2	3	3	3	3	2	2	1	1	1	1	3	3	2	2	3	3	2	2	3	3	3	1	2	2	2	2	3	3	2	2	3	3	3	2	1	1	4	2	3	2	2	2	3	3	4	2	3	2	3	3	2	2	4	4	1	1	3	3	2	2	1	1	2	2	3	3	2	2	1	1
21G.1480	2	2	3	3	4	4	3	3	1	1	2	1	3	3	3	3	3	2	5	3	3	3	2	2	2	1	4	2	1	1	3	3	2	2	2	2	3	1	3	3	1	1	3	3	3	1	2	2	2	1	3	3	2	2	3	2	2	2	1	1	3	3	4	1	4	2	2	2	2	2	2	1	3	3	4	4	2	1	2	1	3	2	2	2	2	2	3	3	2	1	2	2	3	1	3	3	4	4	1	1	3	2	2	2	3	3	2	2	4	1	3	3	3	1	2	1	3	2	4	3	1	1	3	3	1	1	3	1	4	1	2	2	3	3	2	2	3	1	2	2	2	2	2	2	3	3	5	5	2	2	2	1	3	2	1	1	1	1	1	1	2	1	2	2	2	2	2	2	3	3	2	1	3	3	3	3	2	1	2	2	2	2	1	1	3	3	2	2	2	2	2	1	4	2	3	2	1	1	2	1	3	3	4	3	3	3	4	4	3	3	2	2	2	2	1	1	1	1	2	1	3	3	3	3	3	3	2	2	2	2	3	3	1	1	3	3	2	2	2	1	3	3	2	2	2	2	3	2	4	1	3	3	1	1	3	2	1	1	2	2	3	2	2	1	3	2	2	1	4	4	1	1	1	1	2	2	3	2	2	2	3	2	3	3	2	2	3	3	3	3	2	2	5	3	1	1	3	2	3	2	1	1	2	2	2	2	3	1	2	2	2	2	2	2	2	2	3	3	1	1	1	1	2	2	3	3	2	1	3	3	3	3	5	5	1	1	2	1	2	1	1	1	1	1	3	2	2	2	1	1	3	3	4	4	1	1	2	2	2	2	2	1	2	2	3	3	2	2	4	4	3	3	2	2	5	1	3	3	4	4	2	2	2	2	1	1	2	2	2	2	3	1	3	3	2	2	2	2	1	1	2	2	2	2	3	3	2	2	1	1	2	2	1	1	4	2	1	1	3	2	3	3	3	3	3	1	3	3	2	2	2	1	2	2	2	2	3	1	3	3	2	2	2	1	2	1	3	3	4	4	2	2	1	1	2	2	1	1	2	2	2	2	1	1	3	1	2	2	2	2	4	4	5	5	4	4	3	2	3	3	1	1	1	1	5	5	2	2	5	5	3	3	1	1	2	1	2	2	4	4	4	2	2	2	2	2	2	2	2	2	3	1	2	1	3	3	3	3	3	3	3	3	3	3	1	1	2	2	3	2	3	3	3	1	3	3	1	1	3	3	1	1	4	4	3	3	2	2	3	3	4	3	1	1	3	3	2	1	2	1
21G.1481	2	2	3	3	4	4	3	1	2	1	3	3	3	3	4	4	2	2	3	1	3	3	1	1	2	2	4	4	1	1	2	2	2	2	3	1	3	1	3	3	3	3	3	1	1	1	2	1	1	1	4	3	2	2	2	2	2	2	2	2	3	3	5	5	3	3	2	1	2	1	3	3	3	3	4	4	3	2	1	1	3	2	2	2	3	3	4	2	3	2	2	2	3	2	1	1	3	3	1	1	1	1	2	2	3	3	2	2	3	3	3	3	2	2	2	2	3	3	3	1	1	1	2	2	2	2	3	3	4	4	4	2	3	3	2	2	2	2	2	2	2	2	2	2	3	2	5	3	2	2	1	1	1	1	2	2	3	3	2	2	3	2	3	1	2	2	1	1	3	1	2	1	3	2	3	3	2	2	1	1	3	2	3	2	3	1	2	2	2	2	2	2	4	3	3	2	1	1	2	2	3	2	4	1	1	1	4	4	3	2	4	2	2	2	2	2	1	1	2	2	3	3	4	3	1	1	2	1	2	1	2	1	2	2	2	2	1	1	1	1	3	3	3	2	2	2	3	3	4	2	3	3	2	1	3	2	2	2	2	2	3	1	2	1	3	3	3	2	4	4	3	3	3	2	2	2	3	2	1	1	3	3	2	2	1	1	3	3	3	2	1	1	4	2	3	1	2	1	1	1	2	2	2	2	3	3	1	1	2	2	1	1	2	1	2	2	3	1	2	2	3	3	2	2	2	2	3	3	5	5	3	3	5	5	3	1	3	2	2	2	2	2	1	1	3	3	3	3	2	2	1	1	5	1	2	2	1	1	2	2	1	1	2	2	1	1	3	3	4	3	3	3	2	2	3	3	1	1	4	4	3	3	2	1	1	1	2	2	2	2	1	1	3	1	2	2	3	1	3	3	2	2	2	1	3	3	2	1	2	2	2	1	1	1	3	3	3	3	3	3	1	1	2	1	3	3	4	4	2	1	2	1	2	1	1	1	3	3	2	2	3	3	3	3	3	2	2	2	4	4	2	2	1	1	1	1	1	1	1	1	2	2	3	3	2	1	2	2	2	2	2	1	5	5	4	4	4	1	3	3	1	1	2	2	1	1	2	1	5	5	3	3	2	1	1	1	1	1	4	4	4	4	4	4	2	2	1	1	2	2	3	3	2	2	3	3	3	2	3	3	3	2	3	2	1	1	2	2	3	3	3	3	3	2	3	3	1	1	3	3	4	2	2	2	2	2	2	1	2	2	4	4	2	2	3	3	3	2	3	2
21G.1482	1	1	2	2	1	1	3	3	2	1	3	3	3	3	3	2	2	2	2	2	2	2	2	2	1	1	4	4	3	2	3	2	2	2	3	3	2	2	2	1	3	3	3	2	1	1	2	2	1	1	3	2	2	2	1	1	1	1	1	1	2	1	4	3	2	2	4	1	3	2	2	2	2	2	3	3	3	3	3	3	3	2	2	2	3	3	3	3	3	1	2	2	3	1	3	2	4	4	1	1	3	2	3	1	3	3	2	2	4	4	1	1	3	2	1	1	2	2	3	3	3	3	3	2	3	2	2	1	2	1	2	2	3	3	2	2	2	2	2	2	2	2	2	1	3	3	5	5	2	2	2	2	3	3	2	1	2	2	1	1	2	2	2	2	2	2	2	2	3	3	1	1	3	3	3	3	2	1	2	2	3	2	2	2	3	2	2	2	2	1	1	1	7	4	2	1	1	1	2	2	3	2	4	4	3	3	4	4	3	1	2	1	2	2	1	1	2	2	3	3	3	3	4	4	2	2	2	2	2	2	3	1	2	1	2	2	3	3	1	1	3	2	3	3	1	1	3	3	4	1	3	1	2	2	2	2	1	1	2	2	4	3	3	2	3	3	3	3	5	2	1	1	2	2	2	2	2	2	2	1	1	1	3	3	2	2	2	1	3	3	2	2	4	1	3	1	3	2	1	1	2	2	2	2	2	2	3	3	2	2	2	2	3	1	1	1	2	2	2	2	3	3	2	2	3	1	3	3	5	5	3	3	1	1	5	5	2	1	1	1	2	1	3	1	3	2	2	2	2	2	3	3	2	1	1	1	1	1	1	1	3	3	2	2	2	2	2	2	4	4	3	2	1	1	3	3	3	3	4	4	1	1	2	2	2	2	2	2	2	1	3	1	3	1	2	2	3	2	3	3	2	2	3	3	2	2	3	3	1	1	1	1	1	1	2	2	3	1	2	2	3	3	3	3	3	3	4	4	1	1	2	1	4	3	2	1	3	1	3	3	3	3	3	3	3	3	3	3	2	1	5	2	3	1	3	3	2	1	1	1	2	1	2	1	2	2	1	1	2	2	3	3	4	2	5	5	4	1	3	1	2	2	2	2	1	1	2	2	4	2	2	2	3	1	2	2	2	2	4	1	4	4	4	4	3	3	2	2	2	2	3	1	2	1	1	1	3	3	3	3	2	2	3	2	2	2	4	4	3	2	3	1	1	1	4	4	2	2	3	3	3	3	2	2	2	1	3	3	3	3	3	3	2	2	1	1	2	2	1	1
21G.1487	1	1	3	3	4	4	3	2	2	2	3	2	3	3	4	3	2	2	2	1	3	3	1	1	1	1	4	4	4	4	3	3	2	2	1	1	4	1	3	3	2	1	3	2	1	1	2	2	2	2	3	1	2	2	1	1	1	1	2	2	3	2	5	5	3	3	3	1	3	2	2	2	2	2	3	3	3	3	3	1	3	3	2	2	2	2	3	3	2	1	2	2	3	3	3	2	4	3	2	2	3	1	1	1	3	3	2	2	4	4	1	1	2	2	2	1	3	2	3	3	3	3	2	2	3	3	3	3	2	2	3	3	3	2	2	2	4	4	3	1	2	1	2	2	2	2	5	5	3	3	2	2	2	2	2	2	2	1	2	1	3	2	2	2	3	3	2	1	1	1	1	1	3	3	3	3	2	1	2	1	2	1	3	1	2	2	2	2	2	1	1	1	4	4	3	2	1	1	2	1	3	2	4	4	1	1	4	2	3	1	4	4	2	1	1	1	2	2	3	2	3	1	4	3	3	3	2	1	1	1	3	2	1	1	1	1	1	1	2	2	3	3	3	3	3	3	3	3	4	4	3	2	2	1	3	3	2	2	2	2	4	3	2	2	3	3	3	3	5	5	3	2	3	3	1	1	3	2	1	1	3	2	3	3	2	2	3	3	4	3	2	2	3	1	3	3	2	2	3	3	2	1	1	1	2	2	1	1	3	3	1	1	1	1	1	1	1	1	2	2	4	3	2	2	2	2	3	3	5	5	3	3	3	1	3	1	3	2	2	1	1	1	1	1	2	2	3	3	1	1	3	3	5	2	1	1	2	2	2	2	3	3	3	3	3	1	3	3	4	1	3	3	1	1	3	3	3	2	5	5	3	3	2	2	1	1	2	2	1	1	3	3	1	1	2	2	3	2	1	1	2	2	3	3	3	2	3	2	2	1	2	2	1	1	3	3	3	3	3	3	4	4	3	2	3	3	4	4	2	2	2	1	4	2	1	1	3	3	3	3	3	3	3	2	3	3	3	3	4	1	5	5	3	3	3	2	1	1	1	1	1	1	2	1	3	1	2	2	2	2	3	2	5	2	4	4	4	4	3	3	3	3	2	1	5	5	2	2	5	5	2	2	1	1	2	2	2	1	4	4	4	4	4	1	2	1	1	1	2	1	3	1	2	2	3	1	2	2	3	3	3	3	3	3	2	2	4	4	2	1	3	3	1	1	3	1	3	2	3	1	3	1	4	4	2	2	2	2	3	3	1	1	2	2	3	3	2	1	2	2
21G.1498	2	1	2	2	4	4	3	3	2	2	1	1	3	3	4	3	2	2	3	1	3	2	2	1	1	1	4	2	1	1	3	2	2	2	1	1	2	2	2	2	3	3	1	1	3	1	3	1	1	1	3	2	2	2	2	2	2	1	2	1	3	2	5	5	2	2	4	2	2	2	1	1	3	3	3	2	3	2	3	1	3	3	1	1	2	2	3	3	3	3	2	2	3	3	1	1	4	4	2	2	3	3	2	2	3	3	2	2	2	2	3	3	3	3	2	1	3	2	1	1	3	1	3	1	1	1	3	3	2	1	4	4	3	1	1	1	2	1	2	2	1	1	2	1	3	3	3	3	2	2	1	1	3	1	2	2	1	1	2	1	2	2	2	2	3	3	1	1	3	3	1	1	3	2	3	2	2	2	1	1	2	1	2	2	1	1	2	2	2	1	2	2	4	4	3	2	2	2	1	1	4	2	4	4	2	1	4	2	1	1	3	1	3	3	1	1	1	1	2	2	3	3	3	2	4	3	2	2	1	1	3	3	2	2	3	3	2	1	1	1	3	3	1	1	1	1	2	2	4	4	2	2	2	2	2	2	2	2	1	1	2	2	3	3	2	1	2	2	5	4	3	3	1	1	2	1	3	1	2	2	3	2	3	3	1	1	2	1	3	3	2	2	4	4	3	3	3	1	3	3	2	1	2	2	2	2	3	3	2	1	2	1	3	3	2	1	2	2	1	1	3	3	2	2	1	1	3	3	5	3	3	1	5	4	3	3	2	2	2	2	1	1	2	1	2	2	2	2	2	2	1	1	4	4	2	2	2	1	2	2	3	2	3	1	3	3	3	2	4	4	3	1	1	1	1	1	2	2	4	4	3	1	1	1	2	2	2	2	2	2	2	1	3	1	2	1	2	2	1	1	2	1	2	2	2	2	2	2	1	1	2	2	1	1	3	2	2	2	3	3	4	4	3	3	3	1	3	1	3	3	2	2	2	2	3	3	3	1	3	2	3	3	3	3	3	3	3	3	3	3	2	2	3	3	3	3	2	2	1	1	2	2	1	1	3	2	2	1	2	2	2	2	2	2	4	2	4	3	3	3	3	3	1	1	1	1	2	2	3	3	2	2	1	1	2	1	2	2	4	4	4	4	2	2	2	1	1	1	3	2	3	3	2	2	3	3	2	2	3	2	2	2	2	2	3	2	2	2	2	2	3	3	3	3	2	2	3	1	2	1	3	3	2	1	3	3	3	2	3	2	4	4	3	1	3	2	2	2	1	1
21G.1499	2	2	3	3	4	3	1	1	2	2	1	1	3	3	4	3	2	2	1	1	2	2	1	1	2	2	2	2	1	1	3	2	3	1	2	1	3	1	3	3	3	1	3	3	3	3	2	2	2	1	3	3	2	2	3	2	2	2	2	2	3	3	4	4	3	2	2	1	3	3	3	3	3	3	3	3	3	3	1	1	3	3	2	2	2	2	3	2	3	1	2	2	3	3	3	3	2	1	3	1	3	3	2	2	3	3	2	2	2	2	3	3	2	2	2	2	1	1	4	3	1	1	3	3	2	1	3	2	1	1	2	2	2	2	1	1	1	1	2	2	1	1	1	1	3	3	1	1	1	1	2	2	3	1	2	2	3	1	2	2	3	2	2	1	2	2	2	1	3	1	1	1	3	3	3	3	1	1	2	2	2	2	2	2	2	2	2	2	2	2	1	1	4	2	3	2	1	1	2	2	2	2	3	3	3	1	3	3	3	3	4	2	3	2	2	2	2	1	3	3	2	2	4	3	1	1	2	1	1	1	3	3	1	1	3	2	1	1	2	2	3	3	3	3	3	3	3	3	3	3	2	1	2	1	2	2	2	1	2	1	2	2	2	2	1	1	2	2	4	1	2	2	3	1	2	2	3	3	2	2	3	2	3	3	2	2	2	2	2	2	2	1	4	1	3	1	3	2	2	2	1	1	2	2	3	1	3	1	3	3	3	2	2	1	2	2	2	1	2	2	4	4	2	2	2	2	3	3	2	2	3	3	4	2	5	5	1	1	2	2	1	1	3	1	3	3	2	2	1	1	3	3	4	4	1	1	2	2	2	2	3	3	2	2	3	3	3	3	3	3	3	2	2	2	3	1	3	3	4	4	3	1	2	1	2	2	1	1	1	1	2	1	3	3	2	2	3	3	3	1	2	2	1	1	2	1	3	3	1	1	2	1	3	3	3	3	2	2	1	1	4	4	2	2	3	3	3	3	3	1	2	1	3	3	2	2	2	2	3	3	2	2	3	3	3	3	2	1	4	4	2	2	2	2	3	1	2	1	1	1	2	2	2	2	2	2	2	1	2	2	3	2	2	2	4	4	3	3	3	2	3	3	2	2	3	3	1	1	2	2	2	2	3	2	2	2	2	2	4	4	4	4	4	4	2	2	2	2	3	2	3	3	2	2	3	1	3	1	4	4	3	3	3	3	1	1	4	4	2	2	3	3	3	1	4	3	2	2	3	2	3	2	3	2	3	3	2	2	2	2	1	1	3	3	3	3	2	1	2	2
21G.1505	2	1	3	3	4	1	3	2	2	2	1	1	1	1	4	4	2	1	2	2	3	3	1	1	2	1	4	4	4	4	2	2	2	2	2	1	3	3	1	1	3	1	1	1	3	1	3	3	2	2	4	4	1	1	3	1	2	2	1	1	2	2	4	4	3	3	1	1	3	3	2	2	1	1	3	3	1	1	3	3	3	3	1	1	3	3	4	4	3	3	2	2	3	3	3	3	4	4	2	2	2	2	2	2	2	2	2	1	4	4	3	1	1	1	2	1	2	2	3	3	3	3	3	3	3	2	2	2	4	4	3	3	3	1	1	1	1	1	2	2	2	2	1	1	2	2	5	5	2	2	2	1	3	3	2	1	1	1	2	2	3	2	2	2	3	3	3	3	3	3	1	1	3	3	2	2	2	1	2	2	2	2	2	2	2	2	2	1	2	2	2	1	7	7	2	2	1	1	1	1	2	2	2	2	1	1	2	2	1	1	2	2	1	1	2	1	2	1	3	3	3	2	4	4	3	3	2	2	1	1	3	3	1	1	1	1	2	2	1	1	2	2	2	2	3	3	3	3	3	1	3	3	2	2	3	3	1	1	2	2	2	2	2	2	3	1	3	3	4	4	2	1	1	1	2	2	3	2	2	2	2	2	3	3	2	2	2	2	2	2	1	1	4	1	3	1	3	3	3	3	2	2	2	2	1	1	3	3	3	1	3	3	3	1	2	2	2	1	2	2	4	4	2	2	2	2	3	3	5	5	2	1	2	1	3	3	2	2	1	1	1	1	1	1	2	2	3	2	2	2	1	1	5	4	2	1	2	1	2	2	2	2	3	2	3	1	3	3	4	4	2	2	2	2	1	1	3	3	4	4	3	1	2	2	2	2	1	1	2	2	3	3	3	2	2	1	3	2	1	1	2	1	1	1	3	3	2	2	1	1	2	2	1	1	2	1	3	3	3	1	4	2	2	2	3	3	2	2	1	1	2	2	3	2	2	2	1	1	3	3	2	2	3	3	3	3	4	4	4	2	4	1	3	3	2	2	1	1	2	2	2	2	2	2	2	2	2	2	1	1	3	3	2	2	4	3	3	2	2	2	2	2	2	1	2	2	2	1	5	5	2	2	1	1	2	1	2	2	1	1	3	2	4	2	2	2	2	2	3	3	3	1	2	2	3	3	3	2	3	3	2	1	3	3	2	2	3	3	2	2	3	3	2	2	4	4	3	1	2	1	4	4	4	1	2	2	3	3	2	2	1	1	3	1	3	3	2	2	1	1
21G.1513	2	1	1	1	4	4	1	1	2	2	1	1	4	4	4	3	2	2	3	3	3	3	1	1	1	1	4	4	4	4	3	3	2	2	2	2	4	4	3	3	3	3	3	1	3	3	2	2	2	2	3	2	2	2	3	3	2	2	2	2	1	1	4	3	2	1	2	1	2	2	3	3	2	2	3	3	2	2	3	3	3	2	2	2	3	3	4	3	3	3	2	2	3	3	3	3	4	3	1	1	3	3	2	2	3	1	2	2	5	5	3	3	3	3	2	2	3	1	4	3	3	3	3	3	2	2	2	1	4	1	3	3	1	1	1	1	4	2	2	2	2	1	2	2	2	2	3	3	2	2	2	2	1	1	2	2	2	2	2	2	3	3	2	2	3	3	3	3	3	3	1	1	3	3	3	3	1	1	2	1	2	2	2	1	2	2	2	2	2	2	2	1	7	4	3	3	2	2	2	2	3	3	4	4	1	1	4	2	3	3	1	1	1	1	1	1	2	2	4	3	3	3	4	4	4	4	2	2	2	2	2	2	1	1	3	1	1	1	2	1	3	2	3	1	3	3	3	3	4	1	3	2	2	2	3	3	1	1	0	0	2	1	2	1	3	1	2	2	4	4	1	1	1	1	1	1	2	2	1	1	3	2	3	3	2	2	3	3	4	4	1	1	3	3	3	2	3	2	0	0	2	2	1	1	3	2	3	3	2	2	3	3	3	2	2	2	3	3	2	2	4	4	1	1	2	1	3	3	5	5	3	3	3	2	4	4	2	2	2	2	2	1	2	2	2	2	3	1	2	1	2	1	5	4	1	1	2	1	2	2	2	2	3	3	1	1	3	3	2	2	2	2	2	2	3	3	2	2	4	4	1	1	2	2	2	2	2	1	2	2	2	2	1	1	2	2	3	3	3	3	2	2	1	1	2	1	2	1	2	2	1	1	1	1	2	2	2	2	3	3	4	4	3	2	3	3	4	4	3	1	2	2	3	3	2	2	3	3	3	3	2	2	2	1	2	1	3	3	4	4	4	4	3	2	3	3	1	1	2	1	2	1	3	3	3	3	1	1	1	1	3	3	5	1	4	4	4	3	2	2	1	1	2	2	1	1	2	2	5	5	2	2	2	2	2	1	2	2	4	4	3	3	4	4	2	2	1	1	3	2	1	1	2	2	2	2	3	3	3	3	3	1	3	2	1	1	2	2	3	3	3	3	2	2	4	1	1	1	3	1	4	2	4	4	1	1	3	1	2	1	3	3	2	1	3	2	2	2	2	2
21G.1514	2	2	2	2	4	4	3	1	2	2	3	1	3	3	4	4	2	2	3	1	3	3	2	2	2	2	4	4	4	1	2	1	2	1	1	1	3	3	3	1	3	3	3	2	1	1	2	2	2	1	3	2	1	1	3	1	2	2	2	1	1	1	5	4	3	3	1	1	3	3	2	2	2	2	4	3	3	3	3	2	3	3	2	2	2	2	3	3	1	1	2	1	3	3	2	1	3	3	2	2	2	1	2	2	3	1	2	1	4	4	3	3	2	2	2	1	1	1	3	3	3	3	3	3	2	2	3	3	4	2	2	2	3	3	2	2	4	3	3	3	2	1	2	2	3	2	1	1	3	2	2	1	3	1	4	2	1	1	2	2	3	3	2	1	2	1	2	2	3	3	2	1	3	3	3	3	2	2	2	2	2	2	2	1	3	3	2	2	2	2	2	2	4	4	2	2	1	1	2	2	2	2	2	2	1	1	2	2	1	1	4	4	3	1	2	2	2	2	3	3	3	3	3	3	3	3	2	2	1	1	3	3	2	1	2	2	1	1	2	2	3	2	3	3	1	1	3	3	1	1	3	3	2	2	3	3	2	2	1	1	3	2	2	2	3	3	2	2	1	1	3	3	3	3	2	1	2	2	2	2	3	3	3	3	2	2	3	3	3	3	2	2	4	4	3	3	3	3	3	2	2	2	2	1	3	3	3	2	3	3	2	2	1	1	1	1	2	2	2	1	4	3	2	2	2	2	3	3	5	2	3	3	3	2	5	3	3	3	2	2	1	1	1	1	2	2	3	2	2	1	3	1	5	2	1	1	2	2	2	2	1	1	2	2	3	1	3	3	4	4	2	2	2	1	1	1	3	2	4	4	3	3	2	1	2	2	2	2	2	2	3	2	3	2	2	2	3	3	1	1	1	1	2	1	3	3	3	3	2	2	2	2	3	3	3	2	3	2	3	2	3	1	3	1	3	1	2	2	3	3	2	2	2	2	2	2	3	3	3	3	2	2	3	3	2	1	3	3	4	4	5	4	2	2	3	3	2	2	2	1	2	2	2	1	1	1	2	2	2	2	3	2	2	2	2	2	4	4	3	3	1	1	1	1	5	5	2	1	4	4	2	2	4	1	2	2	2	1	4	4	4	4	3	3	2	2	2	2	2	2	3	3	1	1	3	3	3	3	4	4	3	3	3	3	1	1	4	4	3	1	3	3	2	2	1	1	2	2	2	2	1	1	2	1	2	1	2	1	3	2	4	4	3	2	3	3	1	1	2	2
21G.1515	2	1	1	1	4	4	1	1	2	2	1	1	4	3	4	3	2	1	3	1	2	1	3	2	2	2	4	4	4	2	3	2	2	2	2	2	3	3	3	1	3	3	1	1	3	3	3	3	2	1	3	3	2	2	3	3	1	1	2	1	2	1	4	4	2	2	2	2	2	2	3	3	2	1	3	2	3	2	2	2	3	1	2	1	3	2	4	4	1	1	2	2	2	2	3	3	3	3	2	1	3	3	2	2	3	3	2	2	4	2	3	3	3	2	2	2	3	2	4	4	3	3	3	2	0	0	2	2	4	1	3	3	3	1	2	1	4	4	2	2	2	2	2	1	2	2	3	3	2	1	2	2	3	3	2	2	3	1	2	2	3	3	2	1	2	2	3	1	3	1	1	1	3	3	3	3	2	1	4	2	2	2	1	1	3	3	2	2	1	1	2	2	7	7	2	2	0	0	2	2	3	2	4	2	1	1	4	2	3	3	2	1	1	1	1	1	2	2	4	3	3	3	3	3	3	3	1	1	1	1	2	2	2	2	2	2	1	1	2	2	3	2	1	1	3	3	3	3	4	4	3	3	2	2	3	3	1	1	2	2	3	3	3	3	3	3	3	3	4	4	3	1	1	1	2	2	3	3	2	2	3	2	3	2	2	2	3	3	3	3	2	1	1	1	3	2	3	2	0	0	1	1	1	1	2	2	3	3	0	0	3	1	2	2	2	2	3	3	2	2	4	4	2	2	2	2	3	3	5	5	3	1	4	4	3	3	2	2	2	2	1	1	1	1	3	2	3	2	2	1	2	1	5	5	2	2	2	1	2	2	2	1	2	2	3	3	3	3	4	4	1	1	2	2	3	3	3	3	3	2	3	3	2	1	1	1	2	2	2	1	3	3	1	1	1	1	3	3	3	1	2	2	2	1	2	2	2	2	2	2	1	1	1	1	2	2	3	2	3	3	4	4	3	3	3	3	3	3	2	1	2	2	4	2	2	2	3	3	3	3	3	3	2	2	1	1	4	4	4	4	2	2	2	2	3	1	2	1	2	2	2	2	2	1	1	1	1	1	2	1	3	3	5	1	4	2	3	2	0	0	1	1	1	1	1	1	2	1	3	3	3	2	3	3	2	2	2	2	4	4	4	4	4	1	3	3	2	2	2	2	3	3	2	2	3	3	3	3	2	2	3	1	3	3	2	1	2	2	3	3	3	3	1	1	4	4	2	2	3	1	4	2	2	2	2	2	2	1	2	2	2	2	3	3	3	3	3	3	1	1
21G.1521	2	1	2	1	4	4	2	2	2	1	1	1	3	3	3	3	2	1	3	3	3	3	2	2	2	1	4	4	3	2	3	3	3	2	2	1	3	3	3	1	3	3	1	1	3	1	3	3	2	2	4	4	2	2	1	1	2	2	2	2	2	2	4	1	2	1	2	2	2	2	2	2	2	1	3	3	2	1	3	2	3	3	1	1	3	3	4	3	2	1	2	1	3	1	2	1	3	3	1	1	2	2	2	2	3	3	2	2	4	1	1	1	1	1	2	2	2	2	4	4	3	1	2	2	3	3	3	3	4	4	2	2	3	3	1	1	4	4	3	3	2	2	2	1	2	2	3	1	4	1	1	1	3	3	3	3	3	1	2	2	2	2	2	2	2	2	3	3	3	3	1	1	3	3	3	3	2	1	1	1	3	2	3	3	3	1	2	2	2	2	1	1	4	4	3	3	1	1	2	2	3	3	4	4	3	1	3	2	2	2	2	2	2	1	2	1	2	2	3	3	3	3	4	4	1	1	2	2	1	1	2	2	2	2	3	3	1	1	2	1	3	3	2	2	2	1	3	3	4	4	3	3	1	1	3	2	1	1	2	2	3	3	2	1	3	3	2	2	4	4	2	1	2	2	2	1	3	3	2	2	2	2	1	1	1	1	2	2	2	2	2	2	4	1	3	2	3	3	2	1	2	2	2	2	3	1	1	1	2	2	3	1	3	3	2	2	2	2	1	1	3	1	2	2	2	2	3	3	3	3	2	2	4	2	3	2	2	2	2	2	2	2	3	3	2	2	2	2	1	1	3	3	2	2	1	1	2	2	2	2	2	1	3	3	1	1	1	1	4	4	2	2	2	1	3	2	3	3	3	1	3	3	2	2	2	2	2	2	2	2	2	1	1	1	2	2	2	2	1	1	2	1	2	1	3	3	3	3	2	1	1	1	3	3	3	2	3	3	3	2	4	4	2	2	3	3	4	2	3	3	2	2	3	3	3	3	1	1	3	3	3	3	3	3	3	3	3	1	4	4	5	1	2	2	3	3	1	1	2	2	2	2	2	2	3	3	1	1	2	2	4	4	5	5	5	4	4	4	2	2	1	1	2	2	1	1	1	1	5	5	2	2	1	1	2	2	2	2	4	1	3	2	4	1	2	2	2	1	3	3	3	3	2	2	3	1	3	3	1	1	3	3	3	3	3	3	4	4	3	2	3	3	3	3	3	3	2	1	3	3	4	2	2	2	2	2	3	3	2	2	3	3	3	1	3	2	2	2	1	1
21G.1532	1	1	3	3	4	4	1	1	2	2	1	1	3	1	4	2	2	2	3	1	3	2	2	1	2	2	4	2	2	1	3	3	2	2	0	0	3	1	3	3	3	3	3	3	1	1	2	2	2	1	4	4	2	2	2	2	2	2	2	2	3	1	4	4	2	2	2	1	2	2	3	3	1	1	3	3	3	3	3	1	3	3	1	1	3	2	4	4	3	3	2	2	3	3	3	3	3	3	1	1	2	2	2	2	2	2	2	2	4	4	3	3	2	2	2	2	3	3	1	1	2	2	3	3	3	3	3	3	4	4	3	2	3	3	2	2	4	1	2	2	2	2	1	1	2	2	3	3	3	2	2	2	3	3	3	3	3	1	2	1	3	1	2	2	3	3	3	3	3	3	1	1	3	3	2	2	2	2	2	2	3	3	3	2	2	2	2	1	2	1	1	1	7	7	3	3	2	2	2	2	2	2	4	4	1	1	4	4	2	2	1	1	1	1	2	1	2	2	3	3	2	2	4	4	3	3	1	1	2	2	3	3	1	1	2	2	2	1	2	2	2	2	3	3	3	2	3	2	3	3	3	3	2	2	3	3	2	2	2	2	3	3	1	1	3	1	2	2	4	2	2	2	1	1	2	2	3	3	2	2	2	2	3	3	1	1	3	2	1	1	1	1	4	4	1	1	3	2	0	0	2	2	2	2	1	1	1	1	2	2	2	1	3	1	2	1	2	2	2	2	4	4	2	1	2	2	3	3	5	5	1	1	4	4	3	3	2	2	2	2	1	1	1	1	1	1	3	2	2	2	3	3	5	5	2	1	2	2	2	1	3	2	2	2	3	3	3	3	3	2	3	3	2	1	3	3	3	3	5	5	3	3	1	1	2	1	2	1	1	1	3	1	3	3	2	2	3	3	2	2	1	1	2	2	3	2	3	2	2	2	2	2	3	1	2	2	2	1	2	2	4	4	3	3	1	1	4	4	3	2	2	2	3	3	3	3	1	1	3	3	2	2	3	3	3	2	4	4	4	4	4	2	2	1	3	1	1	1	2	1	2	2	3	3	1	1	2	1	2	2	3	3	2	1	5	2	3	3	3	2	3	3	2	2	1	1	2	2	3	2	3	3	3	3	1	1	2	2	4	4	4	3	4	4	2	2	2	1	3	3	1	1	2	2	3	3	2	2	4	3	3	3	2	2	2	1	2	2	2	2	3	3	3	3	4	4	2	2	1	1	3	3	4	2	2	1	3	2	2	2	4	4	3	3	3	3	2	2	2	2
21G.1535	2	2	2	2	1	1	3	1	2	2	2	1	1	1	4	4	2	2	3	3	2	1	2	1	3	3	4	1	2	1	2	2	3	2	3	3	1	1	4	4	2	2	3	2	3	1	2	2	2	2	3	3	2	2	3	3	2	2	1	1	3	2	5	5	2	2	4	4	2	1	2	1	3	3	2	2	2	1	3	3	3	3	2	1	2	2	2	2	2	1	1	1	3	3	2	2	4	3	1	1	3	1	2	2	3	3	2	2	4	4	2	2	2	2	2	2	1	1	4	1	1	1	2	2	2	1	1	1	2	1	3	3	3	3	2	1	4	4	2	2	1	1	2	2	3	3	5	3	2	2	1	1	2	2	2	2	1	1	2	2	2	2	2	2	3	3	2	2	4	4	2	2	3	3	3	3	1	1	4	4	2	2	2	1	3	3	2	2	2	1	2	1	4	4	2	2	1	1	2	2	2	2	1	1	3	3	4	4	3	3	2	1	2	1	2	2	1	1	3	1	3	3	3	2	3	3	2	2	2	2	3	2	2	2	3	2	3	3	1	1	3	2	3	3	2	2	3	3	1	1	3	3	1	1	3	3	2	2	2	2	4	1	2	2	3	3	3	3	4	2	1	1	3	1	2	1	3	2	1	1	3	2	3	1	2	2	3	1	3	3	2	2	4	3	3	3	2	2	3	3	2	2	2	2	2	2	3	3	2	1	1	1	3	3	1	1	1	1	1	1	4	2	2	2	2	2	3	3	3	1	3	3	4	2	2	2	3	3	2	2	2	2	3	2	3	3	2	1	1	1	1	1	4	4	1	1	2	2	2	2	2	2	3	3	3	3	3	3	4	2	3	3	2	1	3	1	2	1	5	5	3	1	2	2	1	1	2	1	1	1	1	1	3	3	2	2	3	3	2	2	2	2	3	3	3	2	2	2	2	2	2	2	2	2	3	3	2	2	3	3	4	3	3	3	3	3	3	3	3	2	2	2	4	4	3	2	3	3	3	3	2	2	3	3	2	1	3	1	1	1	3	1	3	3	2	1	1	1	1	1	2	2	2	2	3	3	2	1	2	2	4	3	5	5	5	3	4	1	3	3	1	1	1	1	1	1	2	1	5	5	3	2	1	1	2	2	2	2	4	4	3	3	4	2	2	2	2	2	3	2	3	3	2	2	3	3	3	3	4	4	3	3	3	2	1	1	4	2	3	3	3	3	3	3	3	3	3	2	3	1	4	1	4	1	3	3	2	2	3	2	4	4	3	3	3	3	3	2	2	1
21G.1536	2	2	2	2	4	4	3	3	1	1	3	1	4	3	4	4	2	2	3	2	2	2	2	2	3	3	4	4	3	3	2	2	2	2	3	2	4	1	3	1	3	2	3	3	1	1	2	2	1	1	4	4	2	2	3	2	2	2	2	2	2	1	5	4	3	3	1	1	2	1	1	1	3	3	3	3	3	2	3	3	3	3	2	2	2	2	4	4	2	2	2	1	3	1	1	1	4	4	1	1	2	2	2	2	3	3	2	2	4	4	3	3	2	1	2	1	2	2	4	3	3	1	2	2	3	1	3	1	4	4	3	3	3	3	2	1	4	4	3	3	2	2	2	2	3	3	5	5	2	1	2	2	3	1	2	2	3	2	2	1	2	2	2	2	3	1	3	3	3	1	2	2	0	0	3	3	2	2	4	4	2	2	2	2	2	2	2	2	2	2	1	1	7	7	3	3	1	1	2	1	4	3	4	4	1	1	4	4	3	2	2	2	2	1	2	2	1	1	3	3	3	3	3	1	3	1	1	1	1	1	3	2	1	1	1	1	1	1	2	2	3	2	2	1	3	3	3	3	3	3	3	1	1	1	2	2	1	1	2	2	3	3	3	1	1	1	3	3	4	4	3	3	1	1	2	2	2	2	2	2	2	2	3	3	1	1	3	2	4	2	2	2	3	3	3	3	3	3	2	1	2	1	2	2	2	2	3	3	2	1	2	2	1	1	2	2	3	3	1	1	2	1	2	2	2	2	3	2	2	1	3	2	5	5	2	1	3	3	2	2	1	1	3	3	3	2	3	3	2	2	3	1	4	2	1	1	2	2	2	2	2	1	3	3	2	1	3	3	4	4	2	2	2	2	3	1	3	3	5	5	3	3	2	1	2	2	2	2	1	1	3	3	2	2	2	2	3	3	3	1	1	1	3	1	3	3	3	3	2	2	1	1	1	1	2	2	2	1	3	3	4	1	3	2	1	1	4	3	3	3	2	2	3	2	3	2	3	3	3	3	0	0	3	1	2	2	4	2	4	2	2	2	1	1	3	3	1	1	2	2	2	2	2	2	1	1	2	2	2	1	0	0	2	1	4	4	2	1	3	3	1	1	2	1	5	5	2	2	3	2	2	1	1	1	2	2	2	2	4	4	4	3	2	2	2	2	2	2	2	2	4	4	2	1	3	3	3	3	3	3	3	3	2	2	1	1	2	2	3	3	3	2	1	1	4	4	2	2	3	1	4	1	2	2	1	1	3	3	1	1	4	4	3	2	3	3	2	1	1	1
21G.1537	2	2	2	2	4	4	3	1	2	2	2	1	3	3	3	3	1	1	2	2	3	3	1	1	2	2	2	2	1	1	3	3	2	2	2	1	3	3	3	1	1	1	3	3	3	1	3	2	2	1	3	1	2	2	2	2	2	2	1	1	2	1	4	4	2	2	2	2	3	3	2	1	3	3	3	3	3	3	3	1	1	1	2	2	2	1	4	4	3	3	2	1	3	3	3	3	3	3	2	1	3	1	3	3	3	3	2	2	4	2	3	3	3	2	1	1	2	2	4	4	3	3	2	2	2	1	3	3	2	1	3	2	2	2	2	1	4	2	2	1	2	1	1	1	2	1	3	3	2	2	1	1	3	3	2	1	3	1	1	1	3	3	2	2	3	3	3	1	3	3	2	1	3	3	3	3	2	2	2	1	3	3	2	1	3	1	2	2	2	1	2	1	4	4	3	3	1	1	1	1	3	2	4	1	1	1	4	4	3	3	4	2	3	3	2	2	2	2	3	1	3	3	4	4	3	3	2	2	1	1	3	2	1	1	2	2	2	2	1	1	3	2	1	1	2	1	3	3	4	4	3	2	1	1	3	2	2	2	2	2	3	2	3	3	3	1	2	2	4	1	2	2	2	1	2	1	3	3	2	2	3	3	3	3	2	2	2	1	3	3	2	2	3	1	3	3	3	1	3	3	2	2	2	1	2	1	2	2	3	2	3	3	3	3	2	1	2	2	2	1	3	3	2	1	2	1	3	3	3	3	3	3	3	3	2	2	2	2	2	1	1	1	2	2	2	1	3	2	1	1	3	3	1	1	1	1	2	2	1	1	3	3	3	3	2	2	2	2	3	3	3	2	2	2	5	5	3	3	4	4	3	3	2	1	2	2	2	2	2	1	2	2	3	3	1	1	3	2	1	1	2	1	3	3	3	3	3	3	2	2	2	1	1	1	4	4	3	3	2	1	4	1	3	3	3	3	4	4	3	3	2	2	3	1	2	1	3	3	3	2	2	2	3	3	3	2	3	2	4	2	2	2	2	2	3	2	1	1	2	2	2	2	1	1	2	2	2	1	2	2	3	3	4	2	4	2	4	2	3	3	1	1	1	1	2	2	1	1	5	3	2	1	2	2	2	2	2	1	1	1	4	4	2	2	2	2	2	2	2	2	1	1	2	2	3	3	3	1	4	4	3	3	3	3	3	3	2	2	2	2	3	3	3	3	4	4	3	2	2	2	1	1	2	2	3	1	2	2	3	1	1	1	2	2	2	1	2	1	2	2
21G.1543	2	2	2	1	4	4	3	1	1	1	1	1	4	4	4	3	3	3	3	3	1	1	2	1	2	2	2	2	1	1	3	3	2	2	2	2	3	3	3	3	3	3	3	1	3	1	3	3	2	2	3	3	1	1	1	1	2	2	1	1	3	3	5	5	3	3	1	1	3	2	3	2	3	3	4	3	3	3	3	3	3	3	2	2	2	2	3	3	3	3	2	1	3	1	2	1	3	3	1	1	2	2	2	2	3	3	2	2	4	4	3	1	2	1	1	1	3	2	3	1	2	2	2	2	2	2	3	3	4	4	3	3	1	1	2	2	2	1	2	2	2	2	2	1	3	3	3	3	2	2	2	2	3	3	3	3	2	1	1	1	3	3	1	1	2	2	3	3	3	3	3	3	3	3	2	2	2	2	2	2	3	3	2	2	3	2	2	2	2	2	2	2	4	4	3	3	1	1	2	1	3	2	4	2	3	1	2	2	1	1	1	1	1	1	2	2	2	1	3	1	3	3	3	3	3	1	2	2	2	2	2	2	1	1	1	1	2	2	1	1	2	1	3	3	3	3	3	3	4	4	3	3	2	2	3	2	1	1	2	1	2	2	2	1	3	1	2	2	2	2	2	1	3	3	2	2	2	2	2	2	3	3	3	3	2	2	3	3	2	2	1	1	4	4	3	3	3	3	3	3	2	2	2	2	1	1	3	1	3	2	2	2	2	1	2	2	2	2	2	2	3	2	1	1	2	1	2	1	5	5	1	1	4	4	3	3	2	2	1	1	1	1	1	1	3	2	3	3	2	2	2	2	5	5	2	1	2	2	2	2	2	1	3	2	1	1	3	3	2	2	2	2	2	2	3	3	2	2	5	4	3	3	1	1	2	2	1	1	2	1	3	3	3	3	1	1	3	1	1	1	1	1	2	1	3	3	2	2	0	0	2	1	1	1	2	2	3	1	1	1	4	2	3	3	3	3	2	2	2	1	2	1	3	3	2	2	3	1	3	3	2	2	3	3	3	2	2	2	4	2	4	1	3	3	3	2	2	2	2	2	2	2	3	3	1	1	2	2	2	2	3	3	2	2	5	5	3	3	3	3	2	1	2	2	2	1	2	1	2	2	2	2	3	3	2	1	2	2	4	4	3	2	2	2	2	2	2	1	3	2	1	1	2	2	2	2	3	3	4	3	3	3	3	3	1	1	2	2	2	2	3	3	2	1	3	3	3	3	2	2	4	4	4	4	2	2	3	3	3	3	4	3	3	3	3	3	2	2	2	2
21G.1544	2	2	3	3	4	4	2	1	1	1	2	2	3	3	4	4	3	2	5	2	3	1	2	1	2	2	4	2	4	4	3	2	2	2	2	1	4	3	3	3	2	2	2	2	3	1	3	3	2	2	3	3	2	2	2	1	1	1	2	1	3	2	5	2	2	2	4	4	2	2	2	2	3	3	3	3	3	3	3	3	3	3	2	1	2	2	5	2	3	3	2	2	3	3	3	2	4	3	1	1	2	1	2	2	3	3	2	2	4	4	1	1	1	1	2	1	2	2	4	1	3	3	2	2	3	3	3	3	4	4	3	3	3	1	2	2	4	4	2	2	1	1	2	2	3	3	3	3	1	1	2	2	1	1	4	4	2	2	2	1	3	2	3	2	3	2	1	1	3	3	1	1	3	3	3	2	1	1	4	4	3	3	3	3	3	3	1	1	2	2	2	1	6	6	3	3	1	1	2	2	4	2	2	2	1	1	4	3	3	2	2	1	3	2	2	2	2	2	3	3	3	1	4	4	4	4	1	1	2	1	2	2	2	2	2	2	1	1	2	2	3	3	2	2	2	2	2	2	4	4	2	1	2	2	3	3	1	1	2	2	4	2	3	3	3	3	3	1	4	4	2	2	2	1	2	2	3	3	2	2	1	1	3	3	1	1	2	2	2	2	1	1	4	4	3	3	3	3	3	3	1	1	2	1	3	3	3	3	2	2	3	3	3	1	2	1	3	2	1	1	4	4	2	2	2	2	3	3	3	1	2	1	4	4	4	4	2	2	3	1	2	2	3	3	3	3	2	1	1	1	1	1	5	5	2	1	2	2	1	1	2	2	3	3	3	3	3	2	4	4	3	3	1	1	1	1	1	1	5	5	3	3	1	1	2	2	2	2	1	1	2	2	2	1	2	1	3	3	3	3	1	1	1	1	2	2	2	2	2	2	2	2	2	1	2	2	2	1	3	3	4	4	2	2	1	1	4	4	3	3	2	2	2	2	3	3	3	1	3	2	3	3	2	2	1	1	3	3	4	4	4	4	1	1	3	2	2	2	2	2	2	2	1	1	2	2	2	2	2	2	3	3	2	2	2	2	5	3	2	2	2	2	1	1	5	1	2	2	5	5	3	3	1	1	2	2	1	1	4	4	3	3	4	2	2	1	2	2	3	3	3	3	2	2	3	3	3	3	4	4	3	1	3	2	1	1	4	4	3	2	3	3	3	1	3	3	2	2	2	2	1	1	2	2	1	1	2	2	2	2	4	1	2	1	3	2	2	2	1	1
21G.1546	1	1	3	3	4	4	3	3	2	2	2	2	3	3	4	4	3	1	3	3	3	2	2	1	2	2	4	1	4	4	3	2	1	1	3	3	3	3	3	3	3	3	3	3	1	1	2	2	2	2	3	1	1	1	3	3	2	2	2	1	2	2	4	4	3	2	2	2	2	1	3	2	3	3	3	3	2	2	3	3	3	3	2	1	2	2	5	4	2	1	1	1	3	1	3	1	3	3	2	2	3	3	2	2	3	3	2	2	2	2	3	3	2	2	2	2	3	3	4	4	1	1	3	3	3	1	3	3	2	2	3	3	3	2	2	1	2	2	2	2	2	2	2	1	2	2	3	1	2	2	2	1	3	3	3	1	2	1	1	1	2	2	1	1	2	2	3	3	3	1	2	2	3	1	3	3	1	1	1	1	2	2	2	2	2	2	2	2	2	2	2	2	4	2	2	2	1	1	2	2	4	3	2	1	1	1	4	4	2	2	4	2	2	2	2	2	1	1	4	1	3	3	3	1	4	4	2	2	1	1	2	1	2	2	3	2	1	1	2	1	3	3	3	3	1	1	3	3	2	2	3	3	2	1	2	2	1	1	2	2	2	1	2	2	3	3	2	2	4	4	2	1	1	1	2	2	3	1	2	2	2	2	2	2	2	1	2	2	3	2	2	2	4	3	2	2	3	3	2	2	2	1	2	2	2	2	3	1	3	3	1	1	1	1	2	1	1	1	2	1	3	3	2	2	2	2	3	2	1	1	2	2	4	4	5	5	2	2	2	2	2	2	1	1	2	2	2	2	1	1	2	2	4	1	2	1	2	2	1	1	2	1	3	3	3	3	3	2	4	2	3	3	2	2	2	2	3	3	3	3	3	3	1	1	1	1	2	2	2	2	1	1	3	1	2	1	2	2	1	1	2	1	2	1	3	3	3	2	2	2	2	1	2	1	2	2	3	3	3	1	4	4	2	2	3	1	3	3	3	1	2	2	3	2	2	1	3	1	2	1	3	3	3	2	2	2	2	1	4	4	4	4	1	1	1	1	2	1	2	2	2	2	2	2	3	3	2	2	1	1	3	3	5	5	2	2	5	3	3	3	3	3	2	2	2	1	2	2	5	5	2	2	2	2	2	2	2	2	4	1	3	3	4	2	3	2	2	2	2	2	3	1	2	2	3	3	3	3	3	2	3	3	3	2	3	3	2	2	2	2	1	1	3	3	4	4	3	3	3	3	1	1	4	4	3	3	3	2	3	3	1	1	2	1	3	3	3	3	3	2
21G.1547	1	1	3	2	4	4	3	1	2	2	1	1	3	1	4	4	2	1	3	3	2	2	2	2	1	1	4	4	2	2	3	3	2	2	3	3	3	1	1	1	2	2	1	1	3	1	3	3	2	2	3	3	1	1	3	1	2	2	1	1	3	3	4	4	3	1	1	1	2	2	3	3	3	3	3	3	1	1	3	3	3	3	2	1	3	3	4	3	3	3	2	2	1	1	3	1	3	3	1	1	2	1	2	2	3	3	2	1	4	4	2	2	3	3	2	1	3	2	3	3	3	2	3	2	2	2	3	2	4	4	3	3	3	3	1	1	1	1	2	2	2	2	1	1	2	2	5	3	2	2	3	3	3	3	2	2	3	1	2	2	2	1	2	1	2	1	3	2	3	1	2	1	3	3	3	3	2	2	1	1	3	2	2	2	2	1	2	2	2	2	1	1	7	1	3	2	2	1	2	2	3	2	2	1	3	3	4	4	3	3	2	2	3	3	1	1	1	1	4	1	3	3	4	4	3	3	2	1	2	2	2	2	2	1	2	2	2	1	2	2	2	1	3	3	3	1	3	2	3	3	3	2	2	1	3	2	2	2	2	2	3	3	3	1	1	1	2	2	4	1	2	2	2	1	2	1	3	3	2	2	3	3	3	3	1	1	2	2	3	1	1	1	4	4	3	3	3	3	3	2	2	1	2	1	2	2	3	1	2	2	2	2	2	2	2	1	2	2	2	2	4	4	2	1	2	2	3	3	5	2	3	3	4	1	3	3	2	2	2	2	1	1	1	1	1	1	3	2	2	2	2	2	5	5	2	1	2	1	2	2	2	1	2	2	3	3	3	3	4	2	3	3	2	2	3	3	3	3	5	5	1	1	2	1	2	2	1	1	2	2	2	2	2	2	2	1	3	3	1	1	2	2	1	1	3	3	2	2	1	1	1	1	3	3	2	1	2	2	3	1	4	4	3	3	3	3	3	2	1	1	1	1	2	2	2	1	2	1	3	3	2	2	3	3	2	2	3	3	4	4	1	1	2	2	2	2	1	1	2	2	2	2	1	1	2	2	2	2	2	2	3	3	1	1	3	3	3	3	3	3	2	2	1	1	2	1	2	2	3	2	2	2	1	1	2	2	2	2	4	1	3	3	2	2	2	2	2	2	3	2	1	1	2	2	3	3	2	2	3	3	3	3	2	2	1	1	2	2	2	2	3	3	1	1	4	4	2	2	1	1	1	1	2	2	3	2	3	2	3	3	1	1	3	3	3	1	3	2	2	1
21G.1552	2	2	3	3	4	4	3	3	2	2	3	3	1	1	3	3	3	3	2	2	3	3	2	2	2	2	2	2	1	1	2	2	2	1	2	2	1	1	2	2	1	1	3	3	3	3	2	2	2	2	4	4	2	2	2	2	2	2	2	2	3	2	5	2	3	3	2	1	3	3	2	2	3	3	4	4	3	3	3	3	3	3	2	2	3	1	2	2	3	1	2	2	1	1	3	3	3	3	1	1	3	3	2	1	3	3	2	2	4	4	1	1	3	3	2	1	3	2	3	3	3	3	3	3	2	2	3	3	2	2	1	1	3	1	2	2	4	4	2	1	1	1	2	2	3	3	5	5	2	2	2	2	2	2	2	2	3	1	2	1	3	3	2	2	2	2	1	1	3	3	1	1	3	3	3	3	2	2	2	2	3	3	1	1	1	1	2	1	2	1	1	1	4	4	2	2	1	1	2	2	2	2	3	3	3	3	4	4	1	1	4	2	2	2	1	1	2	2	2	1	3	3	4	4	4	2	2	2	2	1	3	2	2	2	2	2	2	2	2	2	3	2	3	2	3	1	3	3	2	1	3	3	2	1	3	3	1	1	2	2	4	2	2	2	3	2	2	2	4	4	2	1	3	2	1	1	3	3	2	2	2	2	3	3	2	2	3	1	3	3	2	2	4	4	3	1	2	2	2	2	1	1	1	1	1	1	1	1	2	2	3	3	2	2	2	2	2	2	1	1	4	3	2	1	2	2	3	3	3	3	3	3	1	1	2	2	1	1	2	2	2	2	2	2	2	2	3	3	1	1	3	1	5	1	2	2	2	2	2	2	3	1	2	2	3	1	3	3	3	3	3	3	2	2	5	5	2	2	4	3	3	3	1	1	1	1	2	2	2	2	3	3	3	2	2	2	3	1	3	3	1	1	2	1	3	2	3	3	2	2	2	2	2	2	2	2	3	3	3	3	1	1	1	1	3	3	4	4	2	1	2	2	2	2	1	1	3	3	3	3	3	2	2	2	2	1	3	3	2	2	5	4	1	1	2	2	1	1	2	2	2	2	2	1	2	1	2	2	2	1	3	2	2	2	2	2	4	3	3	3	3	2	2	2	1	1	2	2	5	2	3	3	2	2	2	2	2	2	4	4	4	4	3	1	3	2	1	1	2	2	1	1	2	2	3	3	1	1	3	3	3	2	3	3	3	3	1	1	2	2	3	1	1	1	4	3	3	3	3	2	4	1	4	1	2	1	3	1	3	2	1	1	1	1	2	1	2	1	1	1
21G.1553	1	1	2	2	1	1	3	3	1	1	3	3	3	3	4	3	2	2	3	1	3	1	1	1	2	1	4	4	1	1	3	3	2	2	2	2	4	4	1	1	3	3	3	3	3	3	2	2	2	1	3	3	2	1	2	1	2	2	1	1	2	2	4	4	3	2	2	1	3	2	2	2	3	3	4	3	3	3	3	3	3	3	2	2	2	2	4	4	3	3	2	2	3	3	1	1	4	4	2	1	2	2	2	2	3	3	2	1	2	1	3	3	2	1	1	1	2	2	3	3	1	1	2	2	2	2	3	3	4	4	2	2	3	3	2	2	4	4	3	3	2	1	2	2	3	2	3	3	3	3	1	1	2	1	2	2	1	1	2	1	3	3	2	2	2	2	2	2	3	1	2	2	3	3	3	2	2	2	2	1	2	2	2	2	3	3	2	2	2	2	1	1	6	4	3	3	1	1	1	1	2	2	4	4	2	2	2	2	1	1	4	1	3	1	2	1	2	2	3	3	3	3	4	4	3	1	2	1	1	1	3	2	2	1	2	1	1	1	2	1	2	2	1	1	2	2	3	2	4	4	3	3	2	1	2	2	1	1	2	2	3	3	3	3	3	1	2	2	4	4	2	1	3	3	2	2	3	2	2	2	2	2	3	3	2	2	2	2	2	2	2	2	1	1	3	3	3	3	3	2	1	1	2	2	3	1	1	1	2	2	2	2	3	2	1	1	3	1	2	1	3	3	2	2	2	2	3	3	2	2	3	2	3	1	3	1	2	2	2	2	2	2	2	1	2	2	3	3	2	2	3	3	2	2	1	1	2	1	2	2	3	3	2	2	1	1	3	3	3	3	2	2	2	2	1	1	3	3	4	4	1	1	2	2	2	2	2	1	1	1	3	3	3	3	2	2	3	1	1	1	2	2	3	3	3	2	3	3	2	2	2	2	1	1	3	2	3	2	3	3	4	3	3	2	3	3	3	3	1	1	2	2	4	4	2	1	3	3	3	3	3	3	2	2	2	1	3	2	4	4	2	2	3	3	3	2	1	1	2	2	2	2	1	1	1	1	2	2	2	2	3	3	4	4	4	3	2	2	3	3	1	1	2	1	2	1	1	1	5	3	2	2	2	1	2	2	2	2	4	4	2	2	2	2	3	2	2	2	2	2	1	1	2	1	1	1	3	3	4	1	3	2	3	3	1	1	3	3	2	2	3	3	2	2	3	3	2	1	3	3	3	1	2	1	2	2	3	1	3	3	3	1	2	2	3	3	3	3	2	2
21G.1554	2	2	3	1	1	1	3	2	2	2	2	2	3	3	3	3	1	1	3	3	3	1	2	2	2	2	4	4	2	2	2	2	2	2	2	2	3	3	4	3	4	1	3	1	3	1	3	2	2	2	4	2	1	1	3	3	2	1	2	1	2	2	4	4	3	2	4	2	2	2	1	1	3	3	3	3	2	2	1	1	3	2	2	2	2	2	3	2	1	1	1	1	3	1	1	1	3	3	2	2	3	3	2	1	3	3	2	2	3	1	3	3	3	3	2	2	3	3	4	4	3	3	2	2	3	2	3	3	2	2	3	2	3	1	2	2	2	1	2	2	2	2	2	1	3	1	5	5	1	1	2	1	3	2	4	4	1	1	2	2	3	3	2	1	2	2	3	3	3	1	1	1	3	3	3	2	2	1	1	1	2	2	2	1	3	1	2	1	2	2	2	2	7	2	3	3	1	1	2	2	3	3	4	2	3	3	4	2	3	3	4	3	3	2	1	1	1	1	3	3	3	3	4	3	1	1	1	1	2	1	2	2	2	2	2	1	1	1	2	2	2	1	3	3	2	2	2	2	4	4	3	3	2	1	3	3	2	1	2	2	2	2	1	1	3	1	3	3	4	4	1	1	2	2	2	1	2	2	1	1	2	1	3	3	1	1	3	3	3	3	2	2	5	5	1	1	2	2	1	1	2	2	2	2	2	2	3	3	2	2	2	1	2	2	2	2	2	2	1	1	3	3	1	1	2	2	3	3	5	1	3	2	4	4	1	1	2	2	2	1	2	2	2	1	2	2	2	2	1	1	3	3	2	2	1	1	2	1	2	2	2	2	3	3	1	1	2	2	4	4	2	2	1	1	3	3	3	3	4	4	3	3	2	1	1	1	2	2	1	1	1	1	1	1	1	1	3	3	1	1	2	1	2	2	3	3	3	3	2	2	1	1	3	3	3	1	1	1	3	2	4	1	3	2	3	3	3	3	3	3	2	2	3	3	3	2	3	1	3	3	3	3	3	3	2	2	3	2	2	2	5	5	1	1	3	3	2	2	1	1	2	2	2	2	3	2	2	2	2	2	3	3	5	2	4	4	3	1	2	2	3	1	2	2	1	1	2	2	5	5	3	3	2	2	2	2	2	2	4	3	4	3	2	2	3	1	2	2	2	2	3	3	2	1	1	1	3	3	3	2	2	2	3	3	3	1	2	2	3	3	3	1	3	3	4	4	2	1	3	3	2	2	4	4	1	1	3	3	3	3	3	3	2	1	2	2	2	2	1	1
21G.1558	1	1	1	1	4	4	1	1	2	2	1	1	1	1	4	4	2	2	3	2	3	2	2	1	1	1	4	4	4	4	2	2	2	2	1	1	2	1	4	4	4	4	3	3	3	1	2	2	2	1	3	3	2	2	3	3	1	1	1	1	3	2	2	1	3	3	1	1	3	3	2	2	3	3	3	2	2	2	3	1	3	3	2	1	3	3	5	5	3	2	2	2	3	3	3	1	4	3	2	2	1	1	2	1	3	3	2	1	4	2	2	2	2	2	2	2	2	2	1	1	2	2	1	1	1	1	2	2	2	2	2	2	3	3	2	2	3	3	3	2	1	1	2	2	2	2	5	5	2	2	2	1	3	1	4	4	1	1	2	1	3	3	2	2	3	3	2	1	3	3	1	1	3	3	3	3	2	2	2	2	2	2	3	3	1	1	2	1	2	1	1	1	7	7	3	2	1	1	2	2	2	2	2	2	1	1	2	2	1	1	4	4	1	1	2	2	2	2	2	1	3	3	4	2	3	3	2	2	2	2	1	1	1	1	3	3	2	2	1	1	2	2	1	1	2	1	3	3	1	1	3	3	1	1	2	2	2	2	2	2	2	2	1	1	3	3	3	1	4	4	1	1	1	1	2	1	2	2	2	2	2	2	3	3	1	1	3	3	4	4	2	2	3	3	3	1	3	3	2	1	2	2	1	1	3	3	3	3	3	2	3	3	2	2	2	2	2	2	2	1	3	3	2	1	2	2	3	3	3	2	3	3	3	3	4	2	2	2	1	1	1	1	1	1	3	3	2	2	1	1	2	1	5	5	2	2	2	2	1	1	3	2	3	2	2	1	3	3	4	3	3	2	2	1	5	2	2	2	5	4	3	3	2	1	2	2	2	2	1	1	1	1	3	3	2	2	3	3	1	1	1	1	3	3	2	2	3	1	2	2	2	2	1	1	3	3	3	3	3	1	4	4	2	2	3	3	3	1	2	2	2	2	3	2	3	1	3	1	3	3	3	2	3	2	2	2	3	3	3	3	5	2	1	1	1	1	3	1	2	1	2	1	2	2	1	1	2	2	1	1	2	2	4	4	5	5	3	3	3	1	1	1	2	1	5	1	2	2	5	5	3	1	2	1	2	1	2	2	4	3	2	2	4	1	3	3	1	1	3	1	3	1	2	2	3	3	3	3	4	4	3	3	3	3	3	1	2	2	2	2	3	3	1	1	4	4	3	3	2	2	4	2	4	4	3	3	3	1	2	2	3	3	2	2	3	3	3	1	2	2
21G.1561	1	1	1	1	4	4	2	1	2	2	1	1	3	1	4	4	2	1	2	1	3	3	1	1	1	1	4	4	4	4	2	2	2	2	1	1	2	2	2	2	3	3	3	3	1	1	2	2	2	1	4	2	2	2	2	2	2	2	2	2	3	3	5	4	3	3	3	1	3	2	2	1	3	2	4	2	3	3	1	1	3	3	2	2	2	2	3	3	1	1	2	2	3	3	2	1	4	2	1	1	1	1	3	3	1	1	2	2	4	4	3	3	2	1	2	2	2	2	3	3	1	1	3	3	3	1	3	2	4	2	2	2	3	3	1	1	3	2	2	1	2	1	1	1	3	1	3	3	2	2	2	2	2	2	2	2	3	3	2	2	3	2	2	1	3	2	2	2	3	1	2	2	3	2	3	3	2	2	4	4	3	3	2	2	1	1	2	2	1	1	2	2	4	4	3	3	1	1	1	1	4	2	3	3	3	3	3	1	1	1	2	1	2	1	2	2	1	1	1	1	3	3	4	2	4	1	2	1	2	1	2	1	1	1	2	2	3	3	1	1	2	2	1	1	1	1	3	3	4	4	3	3	1	1	2	2	1	1	2	2	2	1	3	1	3	3	3	3	4	4	2	2	1	1	2	2	2	2	2	2	2	2	3	3	1	1	3	3	4	4	1	1	3	3	3	1	3	3	0	0	1	1	1	1	2	2	1	1	3	2	3	1	3	2	1	1	2	1	2	2	4	3	2	2	2	2	3	1	3	2	3	3	2	2	4	4	3	3	2	2	1	1	2	2	2	2	3	3	2	2	2	1	4	1	1	1	2	2	2	2	3	1	2	2	3	2	2	2	0	0	1	1	2	2	3	3	1	1	3	3	3	3	2	2	2	2	2	2	2	2	2	2	1	1	1	1	2	2	3	1	2	2	2	2	3	3	3	3	2	2	2	2	2	2	3	2	3	3	3	3	4	4	1	1	3	1	4	1	2	2	2	2	2	2	1	1	3	3	3	2	2	2	3	3	3	1	5	5	4	4	4	1	2	2	1	1	2	1	2	2	2	2	2	2	0	0	1	1	1	1	3	3	5	5	4	4	4	4	2	2	2	1	1	1	1	1	2	2	3	3	1	1	4	2	2	2	2	1	4	4	4	4	1	1	3	3	1	1	3	3	1	1	2	2	3	3	3	3	4	4	3	3	3	3	3	3	2	2	2	2	2	2	3	1	3	2	3	3	3	3	4	1	1	1	0	0	2	2	3	3	3	1	2	1	3	3	3	1	2	2
21G.1569	2	2	2	2	4	4	2	2	2	2	2	1	1	1	4	4	2	2	3	3	3	3	2	1	2	2	2	2	1	1	3	1	2	2	0	0	1	1	2	2	3	2	3	3	3	1	3	3	2	1	3	2	2	2	3	3	2	2	2	1	3	2	0	0	2	2	4	1	3	3	3	2	3	3	3	3	3	1	2	1	2	1	1	1	3	2	5	5	2	2	2	2	3	3	2	2	4	1	3	3	1	1	2	2	3	3	2	2	4	4	3	1	2	2	2	2	2	2	4	4	3	3	2	2	0	0	3	3	2	2	1	1	3	1	2	2	3	3	3	2	2	2	2	2	2	1	5	1	1	1	2	2	3	3	2	2	3	3	2	2	3	2	2	2	3	3	3	2	4	1	2	2	3	3	3	3	1	1	4	4	2	2	3	3	3	1	1	1	2	2	2	1	4	4	3	3	2	2	2	2	4	2	2	2	3	1	3	3	3	1	1	1	3	1	2	2	2	2	3	3	3	1	4	2	4	4	2	2	2	2	2	2	2	2	3	2	2	1	2	2	3	3	1	1	2	2	2	2	3	1	2	2	2	1	3	3	2	2	2	2	4	1	2	1	3	3	3	2	4	4	1	1	3	1	2	2	3	2	2	2	3	3	2	1	2	2	2	1	2	2	1	1	4	4	3	3	2	1	0	0	2	2	2	1	2	2	3	3	2	2	3	2	3	1	2	2	2	1	1	1	4	4	2	1	1	1	3	3	5	5	3	3	4	4	4	4	2	2	2	1	2	1	1	1	2	2	3	3	1	1	3	3	5	5	1	1	2	2	1	1	3	1	3	3	3	3	3	2	4	4	3	2	2	2	3	3	3	3	5	5	3	1	2	1	2	2	2	2	2	2	2	2	2	1	2	2	3	3	3	1	2	1	2	1	3	3	3	3	2	2	2	2	3	3	3	3	2	2	3	1	3	3	3	3	3	1	3	3	3	3	2	2	2	2	1	1	2	2	3	3	0	0	3	3	2	1	4	4	4	4	5	5	1	1	3	2	2	2	0	0	2	2	1	1	2	1	2	2	2	1	3	3	2	2	4	3	4	1	0	0	3	3	1	1	1	1	2	2	5	4	2	2	2	1	2	2	2	1	4	3	4	4	2	2	2	2	2	1	2	2	3	3	2	2	3	3	3	2	3	2	3	1	3	3	3	1	2	2	3	2	3	1	3	3	4	4	2	2	1	1	4	4	1	1	3	3	3	3	3	1	4	4	3	3	3	2	3	2	2	2
21G.1570	2	2	2	2	4	4	2	1	2	2	1	1	3	3	3	2	2	2	2	2	3	1	2	2	2	2	4	4	4	4	3	2	3	2	3	3	2	2	3	1	4	3	3	1	3	3	3	2	1	1	3	3	2	2	3	3	2	2	2	2	1	1	4	4	2	2	1	1	3	3	3	3	3	3	4	4	2	2	1	1	3	1	2	2	3	3	5	2	2	2	2	2	3	3	3	3	4	3	2	2	2	1	1	1	1	1	2	1	4	4	1	1	2	1	2	1	2	1	4	4	1	1	3	3	2	2	1	1	2	2	2	1	2	1	2	2	4	4	1	1	1	1	2	2	2	1	5	5	2	2	1	1	3	3	2	2	1	1	2	2	3	3	2	2	2	1	3	3	3	3	3	3	3	2	3	3	2	2	2	1	3	3	2	2	2	1	2	1	2	2	2	1	4	4	2	2	1	1	1	1	2	2	4	3	3	3	2	1	1	1	1	1	1	1	2	2	2	2	3	3	3	1	4	4	4	4	2	2	2	1	3	2	2	2	2	1	3	3	1	1	2	2	1	1	2	2	3	3	2	2	3	3	1	1	3	3	2	2	2	1	3	2	2	2	3	3	3	2	2	2	2	2	1	1	1	1	2	1	2	2	3	3	3	3	2	2	3	1	3	3	1	1	3	3	1	1	2	2	1	1	1	1	2	2	3	3	3	1	2	2	2	1	2	2	1	1	1	1	2	2	3	3	2	1	1	1	3	3	3	1	3	3	4	1	5	5	2	2	2	2	1	1	2	2	3	3	3	3	2	1	3	3	5	2	1	1	2	2	2	2	3	3	3	2	3	1	3	2	3	3	3	2	1	1	2	1	1	1	5	5	3	3	2	2	2	2	2	1	1	1	3	3	2	2	2	2	3	3	1	1	1	1	1	1	2	2	3	3	2	2	2	2	2	1	3	3	3	3	3	3	3	1	3	1	3	3	4	1	2	1	2	2	4	4	3	1	3	1	3	3	2	2	3	3	3	3	5	1	4	1	2	2	2	2	1	1	2	1	2	1	2	2	2	2	2	2	2	2	2	2	3	3	4	2	5	3	2	1	3	3	3	3	1	1	1	1	2	2	5	5	2	2	1	1	2	2	2	1	2	2	4	4	4	4	2	2	2	2	2	2	1	1	2	2	3	3	1	1	3	2	3	3	3	1	2	1	4	3	3	3	3	3	1	1	4	4	2	2	3	3	4	3	2	2	2	2	2	2	3	3	3	1	3	3	3	1	2	2	2	1
21G.1573	2	1	2	1	4	4	2	2	2	1	1	1	3	3	3	3	2	2	2	2	3	1	1	1	1	1	3	3	2	2	3	3	2	2	3	3	4	2	3	3	3	3	1	1	1	1	3	3	2	2	3	3	2	2	2	2	2	1	2	1	2	1	5	5	3	3	3	3	3	3	2	2	3	3	4	3	3	3	3	3	3	1	2	1	2	2	3	3	1	1	2	2	3	3	3	3	3	3	2	1	2	2	3	3	2	2	2	2	2	2	3	3	2	2	1	1	3	3	4	4	3	3	3	2	2	2	2	1	4	3	2	2	3	2	1	1	4	4	2	2	1	1	2	2	2	2	1	1	2	2	3	2	3	3	2	1	3	3	1	1	2	2	2	2	2	1	2	2	3	1	2	1	2	2	1	1	2	1	1	1	2	2	2	2	3	1	2	1	1	1	1	1	7	4	2	2	1	1	1	1	4	4	2	2	2	1	4	2	2	1	4	2	2	1	2	2	2	1	4	4	3	2	4	4	4	2	2	2	1	1	3	3	1	1	2	2	3	3	1	1	2	2	3	3	1	1	2	2	3	3	3	3	2	2	2	2	1	1	1	1	4	4	3	2	2	2	3	3	4	4	1	1	3	3	2	1	2	2	1	1	3	3	3	3	1	1	3	3	4	3	1	1	4	4	3	1	3	3	3	2	2	1	1	1	3	3	3	3	3	3	1	1	3	3	1	1	1	1	2	2	4	3	2	2	1	1	3	1	3	3	3	3	2	2	3	1	2	2	3	1	2	2	3	3	3	1	3	2	2	2	3	3	2	1	1	1	2	2	1	1	2	2	3	3	3	1	3	1	4	4	3	3	2	2	5	5	2	2	3	3	3	2	2	2	2	2	2	2	2	2	3	1	2	2	2	2	3	2	3	3	2	2	3	3	2	2	3	2	2	2	1	1	2	1	3	3	2	2	1	1	4	2	3	3	3	3	4	4	1	1	2	2	2	2	1	1	3	3	3	3	3	2	2	2	2	2	2	2	4	2	4	2	3	3	3	3	2	1	1	1	2	1	2	2	3	3	1	1	2	1	3	2	2	2	4	4	4	4	3	3	3	3	1	1	2	2	2	1	5	3	2	2	2	2	2	2	2	2	3	3	4	3	4	1	3	3	2	2	2	2	1	1	2	2	2	1	2	2	3	3	2	2	3	3	2	2	2	2	3	3	3	1	2	2	4	4	2	2	1	1	1	1	2	2	3	2	2	2	2	2	4	3	3	3	3	3	3	2	2	2
21G.1576	2	2	3	3	1	1	3	3	2	2	1	1	3	3	4	3	2	1	2	2	3	3	1	1	2	2	2	2	1	1	3	2	2	2	0	0	0	0	3	3	3	3	3	3	1	1	3	3	1	1	1	1	2	2	2	2	2	2	1	1	3	2	4	4	3	3	1	1	3	3	1	1	3	2	4	3	3	1	3	3	3	3	2	2	2	2	4	4	1	1	2	2	3	3	1	1	3	3	0	0	3	2	2	1	3	3	2	2	2	1	3	3	3	3	1	1	3	3	4	4	1	1	2	2	3	1	3	3	2	2	3	2	3	2	1	1	2	1	2	1	2	2	2	2	2	1	5	2	3	2	2	1	3	3	2	2	1	1	2	2	3	3	2	1	2	2	3	1	3	1	1	1	0	0	3	2	2	2	2	2	2	1	2	2	2	2	1	1	2	2	1	1	4	4	1	1	1	1	1	1	2	2	2	2	1	1	3	3	2	2	4	2	2	2	2	2	2	2	3	3	3	3	3	2	4	3	2	2	2	2	1	1	1	1	1	1	1	1	2	1	3	3	2	2	2	1	3	3	3	1	3	1	2	2	3	3	1	1	0	0	2	2	3	2	3	3	2	1	2	1	2	1	3	1	2	2	3	2	2	2	3	3	3	3	2	2	3	3	3	2	2	1	2	2	3	3	3	3	3	3	1	1	2	1	2	2	1	1	2	2	3	2	2	2	1	1	2	2	2	2	4	4	2	1	2	2	3	3	3	3	3	1	2	2	3	3	3	3	2	1	2	2	1	1	2	2	3	3	2	2	3	1	5	5	2	1	1	1	2	2	3	3	2	2	3	1	3	2	4	3	3	2	2	2	5	1	3	3	4	4	3	1	2	2	2	2	1	1	1	1	3	3	3	2	2	2	1	1	1	1	1	1	2	1	3	3	3	2	0	0	2	2	2	1	2	2	2	2	3	3	0	0	2	2	3	3	4	4	1	1	2	2	3	2	2	2	3	2	3	3	0	0	3	3	2	2	2	2	4	4	4	4	3	3	3	3	1	1	0	0	2	1	2	1	3	3	2	1	2	2	3	2	2	2	4	3	4	2	0	0	2	1	2	1	1	1	2	1	5	5	3	1	2	2	2	1	2	2	4	4	4	3	2	2	2	2	1	1	2	2	4	4	2	1	2	2	2	2	4	4	3	3	3	3	1	1	2	2	2	2	3	3	2	2	4	1	1	1	3	1	3	1	2	2	2	2	3	2	3	3	3	1	2	2	3	3	3	2	2	2
21G.1579	2	1	1	1	4	2	1	1	2	1	1	1	3	3	4	3	1	1	3	2	2	2	3	2	2	2	1	1	2	1	3	3	2	2	2	2	2	1	1	1	3	2	3	1	3	3	3	3	2	1	3	2	2	2	2	2	2	2	1	1	2	2	5	5	3	3	3	3	3	3	3	3	2	2	3	3	3	3	3	1	3	3	2	2	2	2	5	3	3	1	2	2	3	3	3	3	4	2	3	2	2	2	1	1	1	1	2	1	4	4	3	1	2	1	2	1	3	3	4	4	3	1	3	3	3	2	3	2	4	3	2	2	3	3	2	2	3	1	2	2	2	2	1	1	3	3	3	3	1	1	1	1	3	3	2	2	2	2	2	1	3	2	2	2	3	3	3	3	3	1	1	1	3	3	3	3	2	2	2	2	2	2	2	2	3	1	2	1	2	2	2	1	4	4	3	3	1	1	1	1	3	1	2	2	3	3	2	1	2	2	2	2	3	3	1	1	2	2	1	1	1	1	4	1	3	3	1	1	1	1	3	3	2	1	2	2	1	1	2	1	2	2	3	1	3	3	2	2	4	3	3	1	2	1	3	3	1	1	2	2	2	2	1	1	3	3	2	2	4	4	1	1	2	2	2	2	3	1	2	2	3	3	3	2	2	1	2	2	4	4	1	1	4	4	3	3	3	3	2	2	2	1	2	2	2	1	1	1	2	2	2	2	2	2	2	2	2	2	2	2	4	4	2	2	2	1	3	3	3	3	2	2	4	4	3	2	3	2	2	1	1	1	1	1	2	2	3	3	2	2	2	1	5	5	1	1	2	2	2	2	2	1	3	2	1	1	3	3	4	4	2	2	2	2	3	3	3	1	2	2	1	1	2	2	2	2	1	1	2	1	3	1	3	2	2	2	3	3	1	1	2	2	1	1	2	2	3	1	2	2	2	1	1	1	3	3	2	1	3	3	4	4	2	2	3	3	4	4	3	2	2	2	4	4	2	1	3	2	3	3	2	2	3	3	3	1	3	3	4	4	5	4	3	1	2	2	2	2	1	1	2	2	1	1	1	1	2	2	2	1	3	3	5	5	2	2	4	3	3	1	1	1	2	2	2	1	1	1	5	5	2	2	1	1	2	2	2	2	2	2	4	4	2	2	2	2	2	2	3	3	4	4	2	2	2	1	2	2	4	3	3	3	2	2	2	1	2	2	3	2	3	2	2	2	3	3	2	2	3	2	2	1	4	4	2	2	3	3	3	3	2	1	3	3	3	3	2	2	1	1
21G.1580	1	1	3	3	4	4	2	1	2	1	1	1	3	3	4	3	2	1	2	2	3	3	1	1	2	2	4	4	4	4	3	3	2	1	3	1	1	1	3	3	3	3	3	3	1	1	3	3	2	2	4	2	1	1	2	2	2	2	2	1	3	2	5	5	4	4	3	1	2	1	2	2	3	3	4	4	3	3	3	1	3	1	2	2	3	2	5	3	3	3	2	2	3	3	3	2	3	1	3	1	3	3	2	2	2	2	2	1	4	4	3	3	2	2	2	1	2	2	4	1	2	2	2	2	3	2	2	2	4	4	3	3	1	1	2	1	1	1	2	1	2	2	1	1	2	2	3	1	2	2	1	1	3	3	3	3	1	1	2	1	2	2	1	1	2	2	3	1	3	3	1	1	3	3	3	2	2	1	2	2	2	2	1	1	2	1	2	2	1	1	2	1	4	4	2	2	2	1	2	2	3	2	3	3	1	1	4	4	3	2	2	2	3	3	1	1	2	2	4	4	3	3	4	4	1	1	2	1	1	1	3	3	2	2	2	1	2	2	2	2	3	3	3	3	2	1	3	2	3	3	3	3	1	1	3	3	1	1	2	2	2	2	3	3	1	1	3	3	5	1	2	1	3	3	2	2	2	2	1	1	3	3	2	2	1	1	3	3	2	1	1	1	4	4	3	1	3	3	2	2	1	1	2	1	2	2	3	1	2	2	2	2	2	2	2	2	1	1	1	1	4	4	2	1	2	2	3	2	1	1	3	1	5	5	3	3	2	2	2	2	2	1	1	1	2	2	2	2	1	1	2	1	4	4	1	1	1	1	2	2	2	2	3	3	1	1	3	3	3	2	2	2	2	2	3	3	2	2	5	5	3	3	1	1	1	1	2	2	2	2	2	2	3	3	1	1	3	3	1	1	1	1	2	2	3	3	3	3	2	2	1	1	3	3	3	2	2	2	2	2	3	1	3	2	3	3	3	3	3	3	2	2	3	2	1	1	3	3	3	3	2	2	3	3	3	2	1	1	4	4	2	2	2	2	1	1	1	1	2	2	2	2	2	1	3	3	2	1	2	2	4	3	5	4	4	4	2	2	3	2	1	1	2	1	1	1	2	2	5	5	3	3	4	4	2	2	2	2	4	4	4	4	4	4	2	1	2	1	3	3	1	1	1	1	3	3	2	1	3	3	3	3	3	3	3	3	2	1	2	2	1	1	3	2	5	4	1	1	3	3	4	2	2	1	3	1	2	2	3	3	3	3	3	1	2	2	3	1	1	1
21G.1586	2	2	1	1	4	4	3	1	2	2	2	1	3	1	4	3	3	3	3	3	3	3	2	1	2	1	4	4	2	2	3	3	2	2	2	1	3	3	3	3	3	2	3	3	3	3	2	2	1	1	3	3	2	2	3	1	2	1	1	1	3	1	4	1	3	3	1	1	3	3	2	2	3	3	3	3	2	2	1	1	1	1	2	2	1	1	1	1	1	1	2	2	3	3	3	2	3	3	2	1	2	2	3	2	3	1	2	2	4	4	3	3	3	3	2	2	3	3	4	4	2	1	2	2	2	2	3	1	2	2	3	3	3	3	2	2	4	4	2	2	2	1	2	2	2	2	1	1	1	1	2	1	3	3	2	2	1	1	2	1	3	3	2	1	3	2	3	2	3	3	1	1	3	3	3	3	2	2	2	1	3	3	3	2	3	1	1	1	2	2	1	1	7	7	2	2	2	1	2	2	4	4	3	3	3	3	1	1	1	1	2	1	3	3	1	1	2	1	2	1	2	2	3	3	2	2	2	1	1	1	2	2	1	1	2	1	1	1	2	1	3	3	2	2	2	1	3	3	4	4	2	2	1	1	3	2	2	1	2	2	3	2	1	1	3	3	3	2	1	1	3	3	2	1	2	2	2	2	2	2	2	1	3	3	2	2	3	3	3	3	2	2	3	3	3	1	3	3	1	1	2	2	2	1	2	2	3	3	2	1	2	1	2	1	2	2	2	2	2	1	4	4	2	1	2	1	3	2	2	2	2	1	4	4	4	4	2	2	2	2	2	2	1	1	2	2	1	1	1	1	3	3	2	2	1	1	1	1	2	2	3	1	3	1	3	1	3	3	4	3	3	3	2	2	3	2	3	1	4	3	3	3	1	1	2	2	2	2	2	1	2	2	2	1	2	2	3	2	3	1	2	2	3	1	3	3	3	3	0	0	2	2	2	2	2	2	2	2	1	1	3	3	3	3	3	1	4	2	3	2	2	2	3	3	2	2	3	3	3	3	3	3	3	2	2	2	3	3	4	1	4	2	2	2	2	1	2	1	2	2	2	2	2	1	3	3	1	1	2	1	3	3	5	5	4	4	3	3	3	1	2	2	2	2	1	1	1	1	3	3	3	1	2	1	2	2	2	2	4	4	4	4	3	2	2	2	1	1	2	2	3	3	2	2	3	3	2	2	1	1	2	2	3	3	1	1	2	2	2	2	3	3	3	1	3	2	2	2	2	2	4	3	4	4	3	3	2	2	3	3	4	3	3	3	3	3	2	2	1	1
21G.1587	2	2	2	1	1	1	3	3	2	1	3	1	3	3	4	4	3	1	2	2	3	3	1	1	1	1	4	4	4	4	3	3	3	3	3	1	3	1	1	1	3	3	3	3	3	1	3	2	2	2	3	3	2	2	3	3	1	1	1	1	3	3	4	4	2	2	1	1	2	2	3	3	3	3	3	3	2	2	3	1	3	3	2	2	2	2	4	4	1	1	2	2	3	1	3	3	4	3	2	1	2	2	2	1	3	1	2	2	3	3	3	3	1	1	2	1	2	2	3	1	1	1	3	3	2	1	3	1	4	1	3	3	3	1	2	1	2	2	2	2	2	2	2	2	3	3	3	3	2	2	2	1	3	3	2	2	1	1	2	2	3	1	2	1	3	3	3	3	3	1	1	1	3	3	3	2	2	2	2	2	3	2	3	3	2	2	2	1	2	1	2	2	7	2	3	1	2	1	2	1	4	4	2	1	2	2	4	2	2	2	2	2	2	2	1	1	2	2	3	3	3	1	4	3	3	3	2	2	1	1	2	2	1	1	1	1	3	2	1	1	2	1	3	3	1	1	3	2	3	3	3	3	2	2	3	3	1	1	2	2	2	2	3	2	3	1	3	2	2	2	1	1	3	3	2	2	2	2	1	1	3	3	3	3	2	2	3	2	3	3	1	1	3	3	3	2	3	2	3	3	1	1	2	2	3	3	3	3	2	2	2	2	1	1	2	2	2	2	2	2	3	3	2	2	2	2	3	3	5	5	2	2	4	4	3	2	2	2	2	2	1	1	1	1	2	2	3	3	1	1	1	1	5	5	1	1	2	1	2	2	3	3	3	3	1	1	3	3	4	4	2	1	2	2	5	5	3	1	4	4	3	1	2	1	2	1	2	1	1	1	1	1	3	3	2	2	3	3	3	2	2	2	2	1	3	3	3	3	2	2	2	1	2	2	2	2	2	2	3	1	4	3	2	2	3	3	4	4	3	1	2	1	3	3	3	3	1	1	3	3	3	2	3	3	2	2	2	2	4	2	4	1	2	1	1	1	2	2	2	2	2	2	1	1	1	1	2	2	2	2	3	3	2	2	5	5	3	3	3	3	1	1	2	1	1	1	1	1	4	4	3	3	3	3	2	2	2	2	4	4	3	2	2	2	2	2	2	2	3	3	3	1	2	2	3	3	2	2	3	3	3	3	2	2	2	2	2	2	2	2	3	3	3	3	3	3	2	1	3	2	4	4	3	3	2	1	2	2	3	3	4	4	1	1	3	3	2	1	2	2
21G.1590	2	2	2	2	1	1	3	3	2	2	3	3	3	3	4	3	1	1	2	2	3	1	2	1	3	3	4	4	4	1	3	3	2	2	2	1	3	3	3	2	3	3	3	3	3	1	2	1	2	2	3	3	2	1	3	2	2	2	1	1	2	2	1	1	3	3	1	1	3	2	2	2	3	3	3	3	3	1	1	1	3	3	2	2	2	2	4	2	2	2	2	2	2	1	3	1	4	4	1	1	2	1	2	2	2	2	2	1	4	4	3	3	2	1	1	1	2	2	1	1	2	2	3	3	2	1	2	2	2	2	3	3	3	3	2	1	3	3	2	2	2	1	2	1	3	3	3	1	2	1	2	2	3	1	4	4	2	2	2	2	2	2	2	2	2	1	2	2	2	1	1	1	2	2	2	2	2	2	2	2	2	2	3	1	2	1	1	1	2	1	1	1	4	4	3	2	1	1	2	1	3	2	2	1	1	1	4	4	3	3	2	2	3	3	2	2	1	1	1	1	2	1	4	4	3	3	1	1	2	1	2	1	1	1	1	1	3	3	1	1	2	1	3	1	2	2	2	2	4	3	3	3	2	1	3	3	2	2	2	2	4	3	3	3	1	1	3	2	5	4	2	1	3	3	2	2	2	2	2	2	3	2	3	3	2	2	3	3	3	3	2	1	3	1	3	3	2	2	3	3	2	2	2	2	3	1	3	3	3	2	2	2	2	1	2	2	2	2	2	2	4	4	1	1	2	1	2	1	3	1	3	1	4	2	5	5	3	3	2	2	2	1	2	1	2	1	2	2	2	2	3	2	5	5	1	1	2	2	1	1	2	1	3	3	3	3	3	3	2	2	3	3	2	2	2	2	3	1	4	4	1	1	2	2	1	1	1	1	2	2	3	3	3	2	2	1	3	2	2	1	1	1	2	2	3	3	3	3	2	2	2	1	3	1	3	3	2	2	1	1	4	3	3	3	3	3	4	3	3	1	1	1	3	2	2	2	3	3	3	3	2	2	3	3	2	1	2	2	3	2	4	4	2	2	2	1	2	2	2	2	2	2	2	1	2	1	2	2	2	2	3	3	5	2	5	3	4	4	2	2	2	2	2	1	5	5	2	2	3	2	2	2	3	3	2	2	2	2	4	4	4	4	2	2	2	2	2	2	3	1	4	4	2	2	3	2	2	1	3	3	3	3	1	1	3	3	4	4	2	2	3	1	2	2	3	1	2	2	2	1	3	2	2	1	3	1	3	2	3	2	4	4	3	3	3	3	2	1	2	1
21G.1592	2	2	3	3	4	4	3	3	2	2	2	1	3	3	3	2	2	1	2	2	3	3	2	2	3	2	4	4	1	1	2	2	2	2	2	1	3	1	3	2	3	2	3	3	3	1	3	3	2	2	3	3	1	1	1	1	2	2	1	1	3	2	5	5	2	2	4	2	2	1	1	1	3	2	2	1	3	3	3	2	3	3	1	1	3	2	5	5	2	2	2	2	3	1	2	2	4	1	3	3	2	2	2	2	3	3	2	2	4	4	3	3	1	1	2	2	2	2	4	2	1	1	2	2	3	3	3	3	2	2	3	3	3	1	2	2	3	3	3	2	1	1	2	2	2	2	5	5	1	1	2	1	3	1	2	2	1	1	2	2	3	3	2	1	3	2	3	3	3	1	3	2	2	2	2	2	2	1	4	1	3	3	3	1	3	3	1	1	2	2	2	2	7	7	3	3	2	2	2	2	4	4	4	4	2	1	4	4	3	1	2	2	3	2	2	1	2	2	3	3	3	3	3	3	4	3	2	2	2	2	2	2	2	2	2	2	2	1	2	2	2	2	3	1	2	2	3	3	4	3	2	2	2	2	3	3	2	2	2	2	3	3	2	2	3	1	3	2	4	4	2	2	2	2	2	2	3	3	2	1	3	3	1	1	2	2	3	2	3	3	2	2	4	4	3	2	3	3	2	1	2	1	2	2	2	2	3	3	2	2	3	2	2	1	2	1	2	2	2	2	4	4	2	2	2	1	3	3	5	1	3	1	2	2	3	3	2	2	3	3	2	2	2	2	2	2	2	2	1	1	2	2	5	5	2	2	2	2	1	1	1	1	3	3	3	3	2	2	4	4	3	3	1	1	1	1	2	2	5	3	3	3	2	2	2	2	2	2	2	1	3	1	3	1	1	1	3	3	3	3	2	2	2	1	3	3	3	3	2	2	2	2	2	1	3	3	3	3	2	1	3	3	2	1	1	1	3	3	3	3	2	2	3	3	3	3	3	1	3	2	2	2	3	3	3	3	5	2	4	4	2	2	1	1	2	1	1	1	2	1	2	2	1	1	2	1	2	2	1	1	4	2	5	2	4	1	4	1	3	3	3	2	1	1	5	5	1	1	5	5	1	1	2	1	2	2	2	2	3	3	3	3	2	2	2	2	1	1	3	3	3	3	2	1	3	3	2	2	3	3	3	3	3	3	3	1	2	2	2	2	3	1	3	1	4	4	2	2	1	1	3	1	2	2	2	1	3	2	3	3	4	2	2	2	3	3	3	3	2	2
21G.1593	2	2	2	2	4	1	3	1	2	2	3	3	3	1	4	3	2	2	2	1	3	3	2	1	2	1	2	2	4	4	3	3	3	1	3	3	4	2	3	2	3	3	3	3	1	1	3	3	1	1	4	4	2	2	2	2	2	2	2	2	3	2	5	5	3	3	1	1	3	1	2	2	3	3	3	3	3	3	3	3	3	3	2	2	2	2	4	4	1	1	2	2	3	2	3	1	4	2	2	1	1	1	2	1	3	1	2	2	2	2	3	3	2	2	1	1	2	1	4	4	1	1	2	2	2	1	1	1	4	2	2	2	3	3	1	1	3	1	2	2	2	2	1	1	3	1	1	1	2	2	2	2	3	1	4	4	1	1	2	2	2	2	2	2	3	3	3	3	3	1	2	1	3	2	3	3	2	2	4	4	2	1	3	3	3	3	1	1	2	2	1	1	6	4	3	2	1	1	1	1	4	2	4	3	3	2	4	4	1	1	4	1	1	1	2	2	2	2	3	2	3	3	4	4	3	3	2	2	1	1	3	3	1	1	1	1	1	1	1	1	2	2	3	3	3	3	3	3	3	1	2	2	2	2	2	2	1	1	2	2	1	1	2	1	3	1	3	3	4	4	2	2	2	2	1	1	3	2	2	2	3	1	3	3	2	2	3	2	4	4	1	1	1	1	2	2	3	3	2	1	2	2	1	1	2	1	3	3	2	2	3	1	1	1	1	1	1	1	2	2	3	3	2	2	2	1	3	3	3	3	3	2	4	4	2	1	2	2	2	2	1	1	1	1	3	1	3	3	1	1	3	3	4	1	1	1	2	2	2	2	3	1	2	2	1	1	3	1	2	2	3	2	2	2	3	3	3	2	5	5	3	3	1	1	1	1	2	1	1	1	1	1	1	1	1	1	3	3	3	3	1	1	2	1	2	2	3	3	2	2	2	2	2	1	3	2	3	3	3	3	4	4	2	1	3	3	3	3	3	1	2	2	4	4	1	1	3	2	3	3	2	2	3	3	3	1	3	3	4	2	5	5	1	1	3	3	2	1	1	1	2	1	2	2	3	1	2	2	2	2	3	2	5	5	4	4	3	2	3	1	2	1	1	1	3	1	1	1	5	3	2	1	1	1	2	2	2	2	3	2	4	4	2	2	3	3	2	2	2	2	3	1	2	1	3	3	3	2	4	3	3	3	3	2	1	1	4	4	2	2	3	1	2	2	3	3	2	1	2	1	4	3	2	1	3	1	3	3	2	2	3	1	3	3	3	3	2	2	2	2
21G.1595	2	1	3	3	4	1	2	1	2	1	1	1	3	3	4	3	1	1	3	2	2	2	2	2	2	2	4	1	4	2	2	2	2	2	3	2	4	4	3	3	3	3	3	3	1	1	3	3	2	2	3	2	2	2	3	2	1	1	1	1	2	2	5	5	2	2	3	3	3	2	3	3	2	2	4	3	3	1	3	3	3	1	1	1	3	3	5	3	3	2	2	1	3	1	2	2	3	3	2	2	2	1	3	3	1	1	1	1	4	4	3	1	2	2	2	2	3	2	4	4	1	1	3	2	2	2	3	3	2	2	4	4	2	1	1	1	4	4	2	2	1	1	2	2	2	2	5	5	1	1	2	2	3	2	4	4	1	1	2	2	2	2	2	2	2	2	2	2	3	3	3	1	2	2	3	2	2	2	1	1	2	2	1	1	3	3	2	1	2	1	1	1	6	6	3	3	1	1	1	1	2	1	1	1	2	1	4	2	2	1	4	2	1	1	2	1	1	1	2	2	3	3	2	2	4	4	2	2	2	2	3	2	1	1	3	1	2	2	2	2	2	2	2	2	2	2	3	3	2	1	3	3	2	1	3	3	2	2	2	1	4	3	3	2	3	3	2	2	4	4	1	1	1	1	2	2	2	2	1	1	3	3	3	2	2	2	3	2	4	4	2	2	3	1	3	3	3	2	1	1	2	1	2	2	3	3	1	1	2	2	2	1	2	1	2	1	2	2	2	1	4	3	2	2	2	1	3	3	3	2	3	3	5	5	5	5	2	2	2	1	1	1	2	2	3	3	3	3	2	1	3	3	2	2	1	1	2	2	2	2	1	1	2	2	3	3	3	2	3	2	3	3	2	1	3	1	2	1	5	5	2	2	2	2	2	2	2	2	1	1	2	2	2	2	2	2	3	3	1	1	2	1	3	1	2	2	3	3	2	2	2	2	2	2	4	4	3	3	3	2	4	1	2	2	3	3	4	3	3	3	2	2	4	4	2	1	2	1	3	3	2	2	3	3	3	2	5	5	2	2	2	1	3	3	2	1	1	1	2	2	2	2	2	2	3	3	2	1	2	2	3	3	5	5	4	4	2	2	3	3	1	1	2	2	3	2	1	1	3	3	2	2	2	2	2	2	2	2	3	3	4	4	2	1	3	1	2	1	2	2	1	1	2	2	3	3	1	1	3	3	3	3	3	1	1	1	3	2	2	2	3	3	3	1	5	2	2	1	2	1	3	1	2	2	3	3	2	2	3	3	4	4	3	3	3	2	3	1	2	2
21G.1603	2	2	2	2	4	4	2	2	2	2	1	1	3	3	3	3	2	1	2	2	1	1	2	2	2	1	4	2	4	1	3	3	2	2	2	2	3	3	2	2	3	2	3	1	3	1	3	3	2	1	3	3	2	2	1	1	2	1	2	1	3	3	5	5	2	2	3	3	3	3	2	2	3	2	4	4	3	3	1	1	3	3	2	1	2	2	3	2	3	3	2	1	3	3	3	2	4	4	2	1	2	1	3	2	3	3	2	1	4	4	1	1	2	1	2	1	3	2	4	3	3	3	3	3	2	1	3	2	4	4	2	1	3	1	1	1	4	4	2	1	2	2	2	1	3	3	3	3	2	2	2	1	3	3	2	2	3	2	1	1	3	3	1	1	2	2	2	2	3	1	2	2	3	3	3	3	2	1	2	2	2	1	3	3	3	3	2	2	2	1	1	1	7	7	3	3	1	1	2	2	1	1	2	1	2	2	4	4	2	1	2	2	1	1	1	1	2	1	3	1	3	3	3	3	3	3	2	1	1	1	3	3	1	1	1	1	1	1	1	1	2	2	3	3	1	1	3	3	4	4	3	3	2	2	2	2	1	1	2	2	3	3	1	1	3	3	2	2	2	2	2	2	1	1	2	2	3	3	2	2	3	3	3	3	1	1	2	2	4	4	1	1	4	4	3	3	3	3	2	2	2	1	2	2	3	3	3	1	3	3	2	2	3	2	2	1	2	1	2	2	3	3	2	2	2	1	3	3	3	3	2	2	4	2	5	2	3	3	2	2	1	1	2	2	3	2	3	3	2	2	3	3	4	2	2	1	2	2	2	2	3	1	2	2	2	2	2	2	3	3	3	3	2	1	2	1	3	3	3	1	3	1	2	1	2	1	1	1	2	1	3	2	1	1	2	2	2	2	3	1	2	1	1	1	2	2	2	1	2	2	2	1	2	1	2	2	2	2	3	1	4	3	2	2	3	3	4	4	1	1	2	1	4	3	3	1	3	3	3	3	3	3	3	3	2	2	3	2	2	2	4	4	3	3	3	3	2	1	2	1	1	1	2	1	1	1	2	2	2	2	3	2	4	4	5	5	4	3	3	3	3	3	2	1	5	2	2	2	5	5	2	2	2	1	2	2	2	2	2	2	4	4	4	4	3	3	2	1	2	1	4	4	2	2	3	3	2	2	3	3	3	2	3	2	2	2	4	4	3	2	1	1	2	2	1	1	2	2	2	2	1	1	4	4	2	2	2	2	3	3	3	3	2	2	3	3	3	3	2	1
21G.1604	2	1	2	2	4	4	1	1	2	2	1	1	3	1	3	3	2	2	2	2	3	3	1	1	1	1	4	4	4	1	2	1	3	2	3	3	2	1	1	1	4	2	2	2	3	3	2	2	1	1	3	3	2	2	3	3	2	2	1	1	2	2	1	1	2	1	3	1	3	3	2	2	2	1	4	4	2	2	3	3	3	3	2	1	3	3	5	5	3	3	2	2	2	2	3	3	3	3	2	1	2	1	2	1	1	1	2	2	4	3	3	1	2	2	2	1	3	1	3	3	3	3	3	3	2	2	3	2	4	2	2	2	3	3	2	2	3	3	2	1	2	2	1	1	3	1	1	1	1	1	2	2	3	3	4	4	1	1	2	2	2	2	2	2	2	2	3	1	3	1	2	1	3	2	2	2	2	1	4	4	1	1	3	2	1	1	1	1	2	2	2	1	7	4	3	2	1	1	1	1	1	1	1	1	2	2	2	2	1	1	4	4	3	3	1	1	2	1	3	3	3	3	4	4	4	2	2	2	2	2	2	2	1	1	1	1	1	1	2	2	3	2	2	2	3	3	2	2	4	4	2	2	2	1	3	3	2	1	1	1	2	1	2	1	3	3	3	2	4	1	3	3	3	3	1	1	3	3	1	1	3	3	3	3	1	1	3	2	4	4	2	2	3	3	3	3	2	2	2	1	1	1	2	2	3	2	3	3	2	2	2	1	1	1	1	1	2	1	2	2	4	3	1	1	2	2	3	2	5	5	3	3	3	3	5	3	3	2	2	2	2	1	3	2	3	3	3	2	1	1	3	1	5	5	2	1	2	2	2	2	3	1	2	2	3	3	2	2	4	4	2	2	2	2	1	1	3	3	5	5	3	3	1	1	1	1	1	1	2	1	3	1	3	2	2	2	3	1	1	1	1	1	1	1	3	3	3	3	2	2	2	2	3	2	3	2	3	2	3	3	4	4	2	1	3	3	4	1	1	1	2	2	2	2	1	1	3	3	3	3	2	2	3	3	3	1	3	3	4	4	4	2	3	1	1	1	3	1	2	2	1	1	2	2	1	1	1	1	2	1	3	3	5	2	4	4	2	1	3	3	3	1	1	1	3	2	1	1	5	5	2	2	3	1	2	2	2	2	4	4	4	1	4	4	3	3	1	1	2	2	3	3	2	2	3	3	3	3	2	2	3	1	3	1	2	1	3	2	3	3	3	3	3	1	5	1	3	2	2	2	3	3	4	2	2	2	3	3	3	1	2	1	2	2	3	3	2	2	2	1
21G.1606	2	2	2	2	4	1	3	3	2	2	3	3	3	3	4	4	1	1	2	2	3	3	1	1	1	1	4	4	4	4	3	3	2	2	3	2	4	4	3	3	4	4	3	1	3	3	3	2	2	2	4	4	2	2	3	1	2	2	1	1	2	2	5	5	2	1	3	3	3	3	3	2	2	2	3	3	3	3	3	3	3	3	2	2	2	2	4	4	3	1	2	1	3	3	2	2	3	3	2	1	2	2	3	3	3	3	2	1	4	1	3	3	2	2	1	1	3	3	4	3	3	3	3	3	2	2	3	3	2	2	2	2	2	2	2	1	4	1	1	1	2	1	2	1	2	2	5	5	4	1	2	2	3	1	2	1	3	3	2	2	3	3	2	2	2	1	3	2	3	1	3	1	3	2	3	3	2	1	1	1	2	2	3	3	3	3	2	2	2	2	2	1	6	4	3	2	1	1	2	1	2	2	4	1	1	1	4	2	2	1	4	4	2	2	1	1	2	2	4	3	3	3	2	2	3	3	1	1	2	2	3	3	1	1	2	2	2	1	2	2	2	2	3	3	2	2	2	2	4	4	3	3	1	1	3	3	2	1	2	2	3	2	3	1	1	1	2	2	2	2	2	1	1	1	1	1	2	2	2	2	3	3	3	3	2	2	3	2	2	2	1	1	4	3	1	1	3	3	2	2	2	2	2	2	3	3	3	1	2	2	2	2	1	1	1	1	2	2	2	2	3	2	1	1	2	2	3	1	3	3	3	3	1	1	5	5	2	2	2	2	2	2	2	2	2	2	2	2	1	1	3	3	2	2	1	1	2	1	1	1	3	3	2	2	2	2	3	3	3	2	3	1	2	2	3	1	2	2	5	5	3	3	2	2	2	2	2	1	1	1	1	1	2	2	2	2	3	1	1	1	2	2	3	3	3	3	2	2	2	2	2	2	3	1	2	2	2	2	3	3	4	4	2	2	3	3	3	3	2	2	2	2	4	4	2	1	3	2	3	3	2	2	3	3	3	1	3	3	2	2	2	1	1	1	3	1	1	1	2	2	2	1	3	3	1	1	2	2	2	2	2	2	5	2	5	5	3	3	3	3	2	2	2	1	5	1	2	2	4	2	2	2	2	2	2	2	2	2	2	2	4	1	4	4	2	2	2	2	2	2	1	1	2	2	3	3	1	1	3	3	3	3	1	1	2	1	3	3	3	3	3	3	2	2	3	3	3	2	2	1	3	1	2	1	3	2	3	2	3	3	3	1	2	2	3	3	2	2	2	2
21G.1608	2	2	2	2	4	4	1	1	2	1	1	1	3	3	3	3	3	3	5	1	3	3	1	1	2	2	4	2	3	3	2	2	2	2	2	2	3	3	1	1	3	3	2	1	3	3	2	2	2	2	4	3	2	2	1	1	2	2	2	2	2	1	5	5	4	2	1	1	2	1	2	2	3	3	3	3	3	3	2	2	3	1	2	2	2	1	3	1	2	1	2	1	3	1	2	1	4	4	1	1	2	1	3	3	1	1	2	2	4	1	3	3	2	2	2	1	2	2	1	1	2	2	3	3	3	3	2	2	4	2	2	2	3	1	2	2	4	4	2	2	2	2	2	1	3	3	3	3	3	3	1	1	2	1	4	4	3	3	2	1	3	3	2	2	3	3	3	2	1	1	1	1	3	3	3	3	1	1	4	1	3	2	2	2	2	2	1	1	2	2	1	1	7	3	2	1	2	1	1	1	2	2	3	3	3	3	1	1	1	1	4	1	1	1	2	1	2	2	3	1	2	2	3	3	3	2	1	1	1	1	3	2	2	2	3	2	1	1	2	2	3	2	3	2	1	1	3	3	1	1	3	3	1	1	3	2	1	1	2	2	4	4	2	2	3	3	3	3	4	4	2	1	3	1	2	1	3	3	2	2	3	2	3	3	2	2	3	3	3	3	2	2	4	4	3	3	2	2	2	2	2	2	1	1	2	2	3	1	3	3	2	2	3	2	2	2	2	2	2	2	4	4	2	1	2	2	3	3	3	1	3	2	2	2	5	5	2	2	2	1	2	1	1	1	2	2	1	1	1	1	1	1	5	5	2	1	2	1	2	2	3	2	2	2	3	2	3	3	4	4	2	1	2	1	3	3	3	1	3	3	3	3	1	1	2	1	2	2	2	1	3	3	1	1	2	2	3	3	1	1	2	1	2	1	3	3	2	2	2	2	2	2	2	2	2	2	3	1	3	3	4	1	1	1	3	3	4	4	3	3	2	1	4	4	2	1	3	3	3	3	2	2	3	1	2	2	3	3	4	4	1	1	2	2	3	1	2	1	1	1	2	1	2	2	1	1	2	2	2	2	3	2	4	4	5	5	3	2	3	1	3	3	2	2	2	2	1	1	2	2	3	1	1	1	2	2	1	1	4	4	4	4	2	2	2	2	2	2	3	2	1	1	2	2	3	2	2	2	1	1	3	3	3	2	2	1	2	2	3	3	3	3	2	2	3	3	2	1	3	3	4	4	4	4	1	1	3	1	3	3	1	1	2	2	3	3	3	2	1	1
21G.1609	2	2	3	2	4	1	3	1	1	1	1	1	4	4	4	2	2	2	2	1	3	3	1	1	2	1	2	2	3	3	3	2	2	1	3	2	2	2	3	2	3	3	1	1	1	1	1	1	2	2	3	3	2	2	1	1	2	2	2	1	2	2	5	5	4	4	3	3	2	2	1	1	3	3	3	3	3	3	3	1	2	2	2	1	2	1	3	3	3	3	2	2	3	3	1	1	4	2	2	1	2	2	2	1	3	1	1	1	4	4	2	2	1	1	2	1	3	2	4	4	3	1	3	1	2	1	2	2	4	4	3	2	3	1	2	2	3	3	2	2	2	2	2	2	3	2	1	1	1	1	1	1	1	1	2	2	3	3	2	2	3	3	1	1	3	3	2	2	3	1	2	2	3	3	3	3	2	1	4	4	3	2	2	2	3	3	2	2	2	2	1	1	7	7	2	2	1	1	2	2	4	4	4	4	2	2	4	4	3	3	2	2	3	3	2	1	2	2	3	3	3	3	4	1	3	3	2	2	2	1	3	3	2	2	2	2	1	1	2	2	3	2	2	2	3	2	3	2	4	3	3	3	2	1	3	2	2	1	2	1	2	2	2	2	3	2	2	2	5	5	3	1	1	1	2	1	3	3	2	1	3	2	3	3	2	2	3	2	3	2	2	1	3	1	3	3	2	1	2	1	2	1	2	2	3	3	1	1	2	2	2	2	2	2	2	2	1	1	2	2	3	1	2	2	2	2	3	2	5	5	3	3	4	1	2	2	3	3	2	2	2	2	1	1	2	2	2	2	1	1	3	3	5	2	2	1	2	1	2	1	2	2	2	2	3	3	3	3	4	4	3	1	2	2	3	3	3	3	4	4	3	3	2	2	2	1	1	1	2	2	3	3	1	1	2	1	3	3	1	1	1	1	1	1	3	3	3	2	2	2	2	1	2	2	3	3	2	2	2	1	3	3	2	2	3	3	4	4	3	3	2	2	2	2	1	1	3	3	3	2	3	2	3	3	3	3	3	1	3	2	2	2	1	1	3	3	2	1	2	2	2	2	3	3	1	1	2	2	1	1	4	2	2	2	4	4	3	2	3	3	1	1	2	2	5	1	2	1	5	5	2	2	2	2	2	2	2	2	4	4	3	2	2	2	1	1	2	2	2	2	4	1	2	1	3	3	2	2	3	3	3	3	3	3	1	1	2	1	3	3	3	3	3	3	4	4	2	2	3	3	4	3	4	1	1	1	2	2	3	3	4	1	3	3	3	3	2	2	1	1
21G.1612	2	2	2	1	4	4	1	1	1	1	1	1	1	1	3	2	2	1	2	2	3	3	1	1	2	2	2	2	1	1	2	2	2	2	3	3	4	1	3	1	3	1	3	3	1	1	3	3	2	1	4	4	2	2	2	2	2	2	2	2	3	2	5	4	3	3	1	1	2	1	2	2	3	3	3	3	2	2	3	1	2	1	2	1	3	2	4	2	3	3	2	2	1	1	2	1	4	4	1	1	3	1	2	2	1	1	1	1	4	4	1	1	3	3	1	1	3	2	4	4	3	3	3	1	2	1	2	2	4	4	2	1	3	3	2	2	3	2	2	2	2	1	2	1	3	3	5	5	3	3	2	1	3	1	2	1	1	1	1	1	2	2	3	3	2	2	2	2	3	3	1	1	3	3	3	2	2	1	2	2	3	2	2	2	2	2	2	2	2	2	1	1	7	7	2	1	1	1	1	1	3	2	4	3	3	1	4	4	3	3	2	2	3	3	2	2	2	2	3	3	3	3	4	4	3	1	2	2	2	2	2	1	2	2	2	2	2	2	1	1	2	2	3	3	2	2	3	3	2	2	3	3	1	1	2	2	1	1	2	2	3	3	2	2	3	3	3	2	4	1	1	1	3	3	2	2	3	2	1	1	2	2	3	3	2	2	2	2	3	3	2	2	3	3	3	1	2	2	3	2	1	1	2	2	3	3	3	3	2	2	3	3	3	2	2	1	1	1	2	1	4	4	2	1	2	2	3	3	3	1	2	2	4	2	3	2	2	2	2	2	1	1	2	2	2	2	3	3	2	2	3	3	2	1	1	1	1	1	1	1	3	3	2	2	2	1	3	3	3	2	3	3	2	1	3	3	3	3	4	3	3	1	2	2	2	2	2	1	2	2	3	3	3	1	2	2	2	2	3	3	2	2	2	2	3	3	2	2	0	0	1	1	2	2	4	3	3	3	3	2	1	1	3	3	3	3	4	3	3	3	2	2	3	1	2	2	3	3	3	3	3	2	3	3	3	3	3	3	2	1	2	2	1	1	2	1	2	1	2	2	2	2	1	1	2	2	1	1	2	2	3	3	4	4	2	2	4	4	3	3	3	3	2	1	1	1	2	1	3	3	3	2	3	3	2	2	2	2	4	4	3	2	4	4	2	2	2	1	2	2	3	3	2	2	3	1	1	1	4	3	3	3	3	3	3	1	2	2	2	2	2	2	1	1	4	1	3	3	2	2	1	1	4	1	3	1	2	2	2	2	1	1	3	2	3	3	2	2	2	2
21G.1614	1	1	2	2	1	1	3	3	2	2	3	3	3	3	4	4	2	2	2	2	3	3	2	2	1	1	4	4	4	4	2	2	2	2	1	1	3	1	1	1	3	2	3	1	3	3	3	3	2	2	2	2	2	2	2	2	2	2	2	2	2	1	5	5	3	3	4	4	3	2	2	2	3	2	4	3	3	3	2	2	3	3	2	2	3	2	4	4	3	3	2	2	1	1	1	1	4	3	1	1	3	2	2	2	3	3	2	2	4	1	3	2	2	2	1	1	3	2	3	1	2	2	3	3	2	2	1	1	1	1	3	3	2	2	2	2	4	4	2	2	1	1	2	2	2	1	5	3	3	3	2	2	1	1	4	4	1	1	2	2	2	2	2	2	2	2	3	2	3	3	1	1	3	2	2	2	1	1	4	2	2	2	2	2	1	1	1	1	2	2	2	1	6	6	2	1	1	1	1	1	2	2	2	2	2	2	4	4	3	3	4	2	3	2	1	1	2	2	3	3	3	1	4	4	3	2	2	2	2	2	3	3	1	1	2	1	1	1	1	1	3	3	3	3	3	1	3	3	3	3	3	3	2	1	2	2	1	1	2	2	2	2	3	3	3	3	3	2	5	4	2	2	3	3	2	2	3	3	1	1	3	2	3	3	2	2	2	2	3	3	2	2	1	1	3	1	3	2	3	1	1	1	1	1	2	2	3	3	2	1	2	2	2	2	2	2	2	2	2	1	3	3	2	2	2	2	3	3	5	5	1	1	4	4	1	1	2	2	2	1	2	2	1	1	2	2	3	3	2	2	3	3	4	2	1	1	2	2	2	2	2	1	2	2	3	1	3	3	4	4	3	3	2	1	1	1	3	3	5	5	1	1	2	2	2	1	1	1	2	2	3	3	3	1	2	2	3	2	1	1	2	2	3	2	2	2	3	2	1	1	2	2	2	1	4	4	3	3	3	1	4	4	3	2	3	1	4	2	3	3	2	2	3	3	3	1	3	1	3	3	2	2	3	3	2	2	3	3	4	1	5	5	2	2	3	3	2	2	1	1	2	2	2	2	3	1	2	2	1	1	3	3	5	5	4	1	2	2	3	3	1	1	2	1	5	5	2	1	2	2	3	2	4	1	2	2	1	1	4	4	4	4	3	2	3	3	2	2	3	3	1	1	2	2	3	3	3	2	3	1	3	2	2	2	3	3	4	2	3	3	3	3	2	2	4	4	1	1	2	2	1	1	4	4	3	3	3	3	3	3	1	1	2	1	3	2	2	2	2	2
21G.1620	1	1	2	2	4	4	1	1	2	2	1	1	3	3	4	4	2	2	2	2	3	3	2	2	2	2	1	1	3	2	3	3	2	2	2	2	3	3	3	1	3	1	3	3	3	3	2	2	1	1	3	3	2	2	3	3	2	2	2	2	2	2	4	4	3	3	3	3	2	2	3	3	3	2	4	3	1	1	1	1	3	3	2	2	2	1	3	3	1	1	2	1	3	1	2	2	3	3	2	1	3	3	2	2	3	1	2	2	3	2	3	3	2	2	2	1	3	3	3	3	1	1	2	2	3	2	3	1	4	4	3	1	3	3	1	1	4	4	2	2	2	2	2	2	2	2	3	3	3	2	2	1	3	3	1	1	2	2	1	1	2	2	1	1	3	1	3	1	4	1	2	2	3	3	3	3	2	2	2	1	2	2	1	1	1	1	2	2	2	2	1	1	4	3	2	1	1	1	2	2	4	3	2	2	3	1	4	4	2	1	2	2	2	2	2	1	1	1	1	1	2	2	4	4	1	1	2	2	1	1	2	2	2	2	3	2	2	2	2	1	3	3	3	3	1	1	3	3	4	4	2	1	1	1	2	2	1	1	2	1	3	1	2	2	3	3	3	2	2	2	1	1	3	1	2	2	3	3	2	2	2	2	2	2	2	1	3	2	3	2	2	2	1	1	3	3	3	3	2	2	2	1	2	1	2	2	3	3	3	1	1	1	3	3	2	2	3	3	2	1	3	3	1	1	2	2	3	3	2	1	3	3	4	4	4	4	2	2	1	1	1	1	2	2	2	1	3	3	1	1	3	3	2	2	2	2	2	2	2	2	3	2	2	2	3	3	3	3	4	4	3	1	2	2	3	2	3	3	3	3	3	3	1	1	2	1	2	2	1	1	1	1	3	3	2	2	3	2	3	1	2	2	1	1	2	2	3	3	2	2	1	1	2	1	2	2	3	3	3	3	4	3	3	3	3	3	4	3	3	3	2	1	2	2	2	2	3	1	3	1	2	2	3	3	2	2	2	2	4	4	4	4	3	3	1	1	1	1	2	2	2	2	2	2	2	2	1	1	2	1	3	3	4	4	2	2	4	4	3	3	1	1	2	2	2	2	1	1	5	3	2	2	2	2	2	2	2	2	4	4	4	4	3	3	2	2	1	1	3	3	3	3	1	1	3	3	3	2	2	1	2	2	3	3	3	1	2	2	3	1	3	1	2	2	4	3	2	1	3	3	4	4	4	4	2	2	3	3	2	2	1	1	3	3	3	3	1	1	2	1
21G.1621	2	2	1	1	4	4	2	2	2	2	1	1	4	3	4	4	2	1	3	3	1	1	2	2	3	3	4	4	4	4	3	3	2	2	3	2	3	3	3	1	4	3	3	3	3	1	2	2	2	1	4	3	2	2	2	2	2	1	1	1	1	1	5	5	1	1	3	2	2	2	3	3	2	2	3	3	3	3	3	3	3	3	2	2	2	2	5	5	3	3	2	1	3	3	2	1	3	3	2	2	2	2	3	3	3	1	2	2	4	4	3	3	2	1	2	1	2	2	4	1	1	1	3	3	2	1	3	3	4	4	1	1	1	1	2	2	4	4	3	1	2	2	2	2	3	2	5	1	1	1	2	2	2	2	4	2	2	1	2	2	2	2	2	2	2	2	2	1	2	1	2	2	3	2	2	2	2	2	2	1	3	3	3	3	2	1	2	2	2	2	2	1	7	4	3	3	2	2	2	1	4	3	4	2	3	3	4	4	2	2	2	2	1	1	2	2	2	2	3	3	3	2	2	2	4	3	1	1	2	1	3	3	2	2	3	2	2	2	2	2	2	2	3	3	2	2	3	3	2	2	3	3	2	2	3	3	2	1	2	2	3	3	2	2	3	3	3	3	4	4	2	2	1	1	2	1	2	1	2	2	3	3	2	2	1	1	3	3	3	1	2	1	4	4	3	3	2	2	3	3	1	1	2	1	2	2	3	3	2	2	2	2	1	1	1	1	2	1	2	2	4	2	1	1	2	2	3	3	2	2	3	3	3	2	5	5	2	2	2	1	1	1	2	1	3	1	3	3	2	2	3	3	5	4	2	2	2	2	2	2	3	3	2	2	2	2	3	2	4	4	3	3	2	2	3	2	2	2	5	5	2	2	2	2	2	2	2	2	1	1	2	2	3	1	2	2	3	3	1	1	2	2	2	2	3	3	3	3	2	2	1	1	3	1	3	2	3	3	3	3	4	4	2	2	3	3	3	3	2	1	2	2	4	4	2	2	3	3	3	3	2	2	3	3	3	3	5	2	2	2	2	2	3	1	3	2	1	1	2	1	2	1	3	3	3	3	2	2	2	2	3	3	4	2	4	4	2	2	3	2	2	1	2	1	5	1	2	2	5	3	2	2	2	2	2	2	2	2	2	1	4	4	2	2	3	3	2	2	2	1	3	3	1	1	3	3	3	3	2	2	3	3	3	3	1	1	4	4	2	2	3	3	2	1	1	1	2	2	1	1	1	1	2	2	3	2	3	3	3	1	4	4	3	3	3	3	2	2	2	1
21G.1624	2	2	3	2	4	4	3	2	1	1	3	1	4	3	4	4	2	2	3	1	3	1	2	1	2	2	4	4	2	2	2	2	2	2	2	1	3	2	3	2	3	3	3	3	1	1	2	2	2	1	2	2	2	2	1	1	2	2	1	1	2	2	5	4	2	2	1	1	3	3	2	1	3	2	2	1	3	3	3	1	3	3	2	1	3	3	4	4	2	2	1	1	3	3	1	1	3	3	1	1	1	1	1	1	3	3	2	2	4	4	2	1	2	2	2	2	1	1	4	1	3	1	2	2	3	3	3	3	2	1	2	2	3	3	2	2	3	2	2	2	1	1	2	2	2	2	5	5	3	2	1	1	3	3	2	1	3	2	2	2	2	2	1	1	1	1	3	3	3	3	1	1	3	3	3	3	2	2	2	2	2	2	2	2	3	3	1	1	2	2	2	2	4	4	3	3	1	1	2	2	3	1	4	4	2	1	4	3	3	3	2	2	3	2	1	1	2	1	4	4	3	1	3	3	3	3	1	1	2	2	3	2	1	1	3	3	1	1	1	1	3	3	3	3	2	1	3	3	4	2	3	2	1	1	3	3	2	2	2	2	3	2	3	2	3	1	2	1	4	4	2	2	1	1	2	1	2	2	1	1	3	2	3	3	2	2	3	1	4	4	2	1	4	4	1	1	2	2	3	2	2	1	2	2	3	2	3	3	2	2	3	3	2	2	2	2	2	2	1	1	3	3	2	2	2	2	3	2	4	1	3	3	5	5	3	3	3	3	2	2	2	2	1	1	2	2	2	1	1	1	3	3	4	4	2	2	2	1	2	1	3	3	2	2	2	1	3	2	4	4	3	2	2	2	3	3	2	2	5	5	3	3	1	1	1	1	2	2	2	1	3	1	3	3	2	2	3	3	2	2	2	2	3	2	3	3	3	2	0	0	2	2	2	1	2	2	2	2	3	1	4	4	3	3	1	1	4	4	2	2	2	1	3	3	3	3	1	1	3	3	3	2	2	2	2	2	5	3	4	4	4	3	3	3	3	3	2	2	1	1	2	2	1	1	3	1	2	2	2	2	3	3	5	5	2	2	4	3	3	3	1	1	1	1	1	1	2	2	3	2	2	2	2	2	1	1	2	2	4	4	4	4	2	2	2	2	1	1	2	1	4	3	2	2	3	1	2	1	3	3	2	2	1	1	3	3	2	2	3	3	3	3	1	1	4	3	3	2	3	3	4	4	4	4	1	1	1	1	3	2	2	1	3	3	2	2	2	2	1	1
21G.1626	2	2	2	1	4	4	3	1	2	1	2	1	2	2	4	4	2	2	2	1	3	2	2	2	2	2	4	4	1	1	3	2	3	2	3	2	2	1	2	1	3	3	3	3	3	3	2	2	2	1	3	3	2	2	3	1	2	2	2	2	3	3	4	1	3	3	1	1	3	3	3	2	3	3	4	4	3	3	1	1	3	1	2	2	2	2	4	2	2	2	2	2	3	1	2	1	3	3	1	1	3	3	2	2	3	3	2	2	4	4	3	3	3	3	2	2	3	3	4	3	1	1	2	2	2	2	3	2	2	2	1	1	3	1	2	1	3	3	2	2	2	2	2	1	3	3	3	3	1	1	2	2	3	2	2	2	2	1	2	2	3	2	1	1	3	3	3	3	3	3	2	1	3	3	3	2	2	2	2	1	3	3	3	1	3	3	2	1	2	1	2	2	6	6	3	2	1	1	2	2	2	2	3	2	3	3	2	2	1	1	4	4	3	1	2	2	1	1	3	3	3	3	4	3	1	1	2	2	1	1	2	2	2	1	1	1	1	1	2	2	3	2	3	2	1	1	3	2	3	2	3	3	2	2	2	2	1	1	2	2	4	4	2	2	2	2	3	1	4	4	1	1	3	3	2	2	3	3	2	2	3	3	2	2	2	2	2	2	3	3	2	1	3	3	3	1	3	3	3	3	1	1	2	2	2	2	1	1	2	2	1	1	1	1	2	2	2	2	2	1	4	4	2	1	2	2	3	3	3	3	3	3	1	1	2	2	2	2	1	1	1	1	3	3	1	1	2	2	1	1	3	1	5	5	2	2	2	2	2	2	3	3	2	2	3	3	3	3	4	4	3	3	1	1	1	1	2	2	5	3	3	1	2	2	1	1	2	2	2	1	2	2	3	3	1	1	3	3	3	3	1	1	3	3	2	1	3	3	2	2	2	1	3	3	2	2	2	2	2	2	1	1	3	3	1	1	3	3	3	3	2	1	2	2	2	1	3	1	2	1	3	3	2	2	3	3	3	3	3	3	4	4	1	1	3	3	1	1	2	2	2	2	2	2	1	1	2	2	1	1	3	3	2	2	4	2	4	4	3	3	1	1	2	1	1	1	1	1	5	2	3	3	2	1	2	2	2	1	4	4	4	4	2	2	2	2	1	1	2	2	1	1	2	2	3	3	3	1	2	2	3	3	3	3	2	1	2	2	3	3	3	3	2	1	4	2	2	2	3	3	4	4	2	2	2	2	2	2	3	2	3	3	3	3	2	1	2	1	1	1
21G.1632	2	2	3	1	4	4	3	3	2	2	2	2	3	1	4	3	3	3	2	2	3	3	1	1	2	2	2	2	1	1	3	2	2	2	2	2	1	1	3	3	2	2	3	3	1	1	2	1	2	1	3	3	2	2	3	3	1	1	1	1	3	2	4	4	2	2	2	2	2	2	2	2	3	2	4	4	3	1	3	3	3	2	2	1	2	2	5	5	2	2	2	1	3	1	3	3	3	3	3	3	2	2	3	3	1	1	2	2	4	4	2	2	2	1	1	1	2	2	2	1	2	1	3	2	3	3	3	2	4	1	3	3	3	3	2	2	4	4	3	3	1	1	2	2	2	2	3	3	2	2	2	2	3	3	2	2	3	3	2	2	3	2	2	2	3	3	3	3	3	1	2	1	3	3	3	3	2	1	1	1	2	2	2	1	2	2	2	1	2	2	1	1	7	1	2	2	1	1	2	2	2	2	3	3	2	1	4	2	2	1	4	4	2	2	2	1	1	1	2	1	3	3	4	4	3	3	2	2	2	2	2	1	2	2	2	2	2	2	2	1	2	2	3	3	2	2	3	2	4	4	1	1	2	2	3	2	2	2	2	1	1	1	1	1	3	3	2	2	4	4	1	1	3	2	2	2	2	1	2	2	3	3	3	3	2	1	3	3	3	3	2	2	4	1	3	3	3	3	2	2	2	1	1	1	2	2	3	3	3	3	3	3	3	1	2	2	3	2	2	2	3	2	2	1	1	1	1	1	3	3	3	3	2	2	3	2	2	2	2	2	2	2	2	1	2	2	3	3	2	1	3	3	5	1	1	1	2	1	2	1	1	1	3	3	3	3	3	3	2	2	3	2	2	2	3	3	2	2	4	3	3	3	1	1	2	1	1	1	2	2	2	2	3	3	1	1	3	3	1	1	2	1	3	2	3	3	3	2	2	2	2	1	2	2	2	2	2	1	3	3	4	3	3	2	1	1	4	4	3	3	2	2	3	3	1	1	3	3	3	3	3	3	3	3	3	3	4	4	4	4	2	2	1	1	2	2	1	1	1	1	2	2	2	1	2	2	2	2	2	2	3	3	5	5	3	3	3	3	3	1	2	2	1	1	5	1	2	2	5	4	2	2	3	3	2	2	2	1	4	4	2	2	4	4	2	1	2	2	2	2	1	1	2	2	3	3	3	3	2	2	3	3	3	3	1	1	4	4	3	2	3	3	1	1	4	3	2	2	1	1	2	2	4	1	1	1	3	3	2	2	4	4	3	1	3	1	2	2	1	1
21G.1636	2	2	2	1	4	4	2	1	2	2	3	3	3	3	3	3	1	1	2	2	3	2	2	2	2	1	4	4	1	1	2	1	3	3	1	1	3	3	2	2	3	3	3	3	3	3	3	3	2	2	3	3	2	2	3	1	2	2	2	1	2	2	4	4	3	3	2	1	3	3	2	2	3	2	4	3	3	3	3	1	3	2	2	1	2	2	5	3	2	2	2	2	3	3	2	2	4	4	3	3	3	3	2	2	3	2	2	1	4	4	3	1	2	2	2	2	2	2	2	2	1	1	2	2	3	2	3	3	4	1	3	3	3	3	2	2	4	4	2	2	1	1	2	2	3	2	3	1	2	2	1	1	2	1	4	1	2	1	1	1	3	3	2	2	2	2	3	3	3	3	1	1	2	1	2	1	2	1	4	2	3	2	3	3	3	3	2	2	2	2	2	1	6	6	3	3	1	1	2	1	4	2	2	1	3	2	2	1	1	1	4	4	3	3	1	1	2	2	3	2	3	3	4	4	4	4	2	2	2	2	3	2	2	2	2	2	2	1	2	2	3	2	3	1	2	2	2	2	4	4	2	2	2	2	3	3	2	1	2	1	3	3	2	2	3	1	3	3	2	2	1	1	3	2	2	2	2	2	2	1	3	3	3	3	2	2	2	2	3	2	2	2	3	3	3	3	3	3	2	1	1	1	2	1	3	3	1	1	2	2	3	1	3	3	2	1	3	3	2	1	2	2	2	2	2	2	3	3	4	3	3	3	4	1	2	2	3	3	2	2	2	2	3	1	2	2	3	2	1	1	3	3	5	1	2	2	2	2	2	2	1	1	3	3	1	1	3	3	4	4	2	2	2	2	3	1	2	1	5	3	3	3	2	1	1	1	2	1	2	2	3	2	1	1	2	2	3	3	3	1	2	1	2	1	2	2	3	2	2	2	2	2	3	3	2	2	1	1	3	3	3	3	2	2	3	3	3	3	3	3	2	2	3	2	1	1	3	1	3	2	3	3	2	1	2	1	4	4	2	1	2	2	2	1	3	3	1	1	2	2	2	1	2	2	1	1	2	2	1	1	4	4	2	2	3	3	4	4	2	2	2	2	1	1	1	1	2	2	2	2	2	2	1	1	2	2	2	1	4	3	2	2	4	4	2	2	1	1	3	3	4	4	2	2	3	3	3	3	3	2	2	2	3	3	3	3	4	1	3	2	3	3	1	1	3	3	2	2	3	3	4	4	2	2	1	1	3	2	3	3	3	3	2	1	3	3	2	2	1	1
21G.1643	2	2	3	3	4	4	2	1	2	2	3	3	1	1	4	4	2	2	3	1	2	2	2	2	1	1	4	4	2	1	3	3	2	2	2	2	1	1	2	2	1	1	3	3	3	3	2	2	2	1	4	1	2	2	1	1	2	1	2	2	3	3	5	5	3	3	1	1	3	1	2	1	3	3	4	3	3	3	3	3	3	3	2	2	2	2	5	2	2	2	2	2	3	3	3	3	4	4	1	1	2	2	3	2	2	2	2	1	2	2	3	3	2	2	1	1	3	2	4	1	3	3	3	3	2	2	3	3	2	2	2	2	3	3	2	2	3	3	2	2	2	2	2	2	3	2	5	5	2	2	1	1	3	1	2	2	2	2	2	1	3	3	3	3	2	2	3	2	3	3	3	1	3	3	3	3	2	2	2	2	3	3	2	1	1	1	2	2	2	2	2	2	4	4	3	3	1	1	2	1	2	2	4	3	3	1	2	2	1	1	1	1	1	1	2	2	2	2	3	3	3	3	4	2	3	3	2	1	2	2	3	3	2	1	2	1	2	2	2	1	3	3	3	3	2	2	3	3	2	2	3	3	1	1	3	2	2	1	2	2	2	2	3	1	3	3	2	2	4	4	2	2	1	1	2	2	3	3	2	1	3	3	3	3	2	2	3	3	3	3	2	2	4	4	3	1	3	2	3	1	1	1	2	2	3	3	3	3	2	2	1	1	2	2	1	1	2	2	2	1	4	2	2	2	2	2	3	3	3	3	3	3	4	4	4	3	2	2	1	1	2	2	2	1	2	1	3	3	1	1	3	3	2	1	1	1	2	1	2	1	3	1	2	2	3	1	3	2	3	3	3	3	2	2	5	2	3	1	4	4	3	3	1	1	1	1	2	2	1	1	1	1	3	2	1	1	3	3	1	1	2	1	3	3	3	3	3	3	2	2	1	1	3	3	2	2	2	2	3	3	4	4	2	2	3	3	4	3	3	1	2	2	4	4	1	1	3	3	3	3	3	3	3	3	3	3	4	2	3	3	2	2	1	1	2	2	1	1	2	2	2	2	2	2	3	3	2	1	2	2	3	3	4	2	4	2	3	3	3	3	1	1	2	1	1	1	2	1	4	4	3	3	1	1	2	2	2	2	4	2	4	4	4	4	3	2	1	1	3	2	3	1	2	1	3	2	1	1	4	4	3	3	3	3	3	3	4	2	2	2	2	1	3	3	3	2	2	2	2	1	3	1	2	2	2	1	3	3	3	3	3	1	3	1	2	2	1	1	2	2
21G.1649	1	1	1	1	4	4	1	1	2	1	2	1	3	1	4	4	2	2	3	2	2	2	3	3	2	2	4	2	4	4	2	2	2	2	2	2	4	2	2	1	3	1	1	1	1	1	3	1	2	2	3	3	2	2	3	3	1	1	2	2	3	2	1	1	3	3	1	1	3	3	3	3	3	3	3	3	3	3	1	1	2	1	1	1	3	3	5	5	3	3	2	2	3	3	3	1	4	3	3	1	2	2	2	1	2	1	2	2	4	2	3	3	2	2	1	1	2	2	1	1	2	1	3	3	2	2	3	1	4	1	3	3	3	3	1	1	4	1	2	2	1	1	1	1	3	2	2	1	2	1	1	1	3	3	4	4	3	2	2	2	1	1	2	2	2	2	3	1	1	1	2	1	3	3	2	1	2	1	2	1	3	3	3	3	2	2	1	1	2	2	2	1	4	4	3	2	1	1	1	1	4	4	2	1	2	1	2	2	1	1	4	4	3	1	2	1	2	2	3	2	3	3	4	3	1	1	1	1	1	1	2	2	2	2	1	1	2	1	2	1	3	2	1	1	3	1	3	3	4	1	3	2	1	1	3	3	2	2	2	2	3	1	3	2	1	1	2	2	4	4	2	2	3	3	2	2	2	1	2	1	3	3	2	2	2	2	3	1	3	3	2	1	3	3	3	3	2	1	3	2	2	2	2	2	3	2	3	1	3	3	3	3	2	2	2	2	2	2	2	1	3	3	1	1	2	2	3	3	5	1	3	3	3	2	5	5	3	3	2	2	2	2	3	2	3	3	3	2	2	1	1	1	5	5	2	2	2	2	1	1	3	3	3	3	2	2	3	2	4	4	2	1	2	2	5	2	3	2	5	1	1	1	2	2	2	2	2	1	1	1	3	2	2	2	2	2	3	3	3	3	2	2	1	1	2	1	2	1	2	2	2	1	3	2	2	2	2	2	3	1	4	4	3	2	3	1	4	1	1	1	2	2	4	4	3	3	1	1	3	3	3	3	1	1	3	3	3	3	4	4	2	2	2	1	2	1	2	2	1	1	2	2	2	2	2	1	2	2	2	2	2	2	2	2	4	4	3	3	3	1	2	2	2	2	5	5	1	1	5	5	2	2	3	1	2	2	2	2	4	2	4	2	2	1	3	3	2	1	2	2	1	1	2	2	3	1	3	2	3	3	1	1	3	3	2	2	2	2	2	1	1	1	2	1	3	1	2	1	1	1	3	3	1	1	3	3	3	2	3	2	4	2	3	1	3	2	2	1	2	2
21G.1656	2	2	3	2	4	4	1	1	2	1	3	3	3	3	4	4	2	1	3	2	3	3	1	1	2	2	4	4	1	1	3	3	2	2	2	2	4	4	3	3	3	3	3	3	3	1	2	2	2	1	3	3	2	2	2	1	2	2	2	1	3	3	5	4	3	3	2	2	2	2	2	2	3	3	3	3	2	2	3	1	3	3	2	2	3	3	4	2	3	2	2	2	2	2	2	1	4	4	1	1	2	1	2	2	3	3	1	1	4	4	2	1	1	1	2	2	1	1	4	4	3	3	3	2	3	2	3	2	4	2	3	2	3	3	2	1	1	1	2	2	2	2	1	1	2	2	5	1	2	2	2	1	3	3	1	1	1	1	2	2	2	2	2	2	2	2	2	2	1	1	2	1	3	3	3	3	2	2	4	1	2	2	2	2	3	3	2	2	2	2	1	1	7	2	2	2	1	1	1	1	2	2	2	2	3	2	2	2	1	1	4	2	3	3	2	2	2	1	3	3	3	3	3	3	3	3	2	2	1	1	2	1	2	2	3	3	1	1	2	2	3	2	2	1	3	1	3	3	4	4	3	3	2	1	3	3	2	2	2	1	2	2	1	1	3	3	2	2	4	4	2	2	2	2	2	2	3	3	2	2	3	2	2	2	2	2	3	3	3	3	2	2	1	1	3	2	3	2	3	3	2	1	1	1	3	2	1	1	2	2	1	1	3	3	2	1	3	3	2	2	3	3	2	2	2	2	3	3	4	4	3	3	5	5	3	2	2	2	2	1	2	1	1	1	3	3	3	1	2	2	1	1	5	5	2	2	1	1	2	2	3	1	2	2	1	1	3	2	4	4	3	2	2	2	3	3	3	2	5	5	3	1	2	1	2	1	2	2	2	2	3	2	2	2	2	2	3	3	3	3	2	1	1	1	3	1	3	3	2	2	2	1	1	1	2	2	3	3	3	3	3	3	2	2	3	3	4	3	2	2	2	1	4	2	3	2	3	3	3	3	2	2	3	3	2	2	5	5	3	3	2	1	1	1	2	1	2	2	2	2	2	2	1	1	1	1	2	2	2	2	2	2	2	2	5	4	4	1	2	2	1	1	2	2	3	3	2	1	5	4	2	2	2	2	2	2	2	2	4	3	4	4	2	2	3	3	1	1	2	2	3	3	1	1	3	2	3	2	2	2	3	3	3	3	1	1	4	4	3	2	3	3	3	3	4	4	2	1	3	3	4	2	4	4	2	2	3	2	2	2	4	4	3	3	3	3	2	2	3	1
21G.1658	2	2	3	3	1	1	3	3	2	2	1	1	4	3	3	3	1	1	2	1	2	2	2	2	1	1	4	4	2	2	3	3	2	2	3	2	4	3	3	3	1	1	3	3	1	1	2	2	2	2	3	2	2	2	2	2	2	1	2	1	3	3	5	4	3	3	4	4	2	2	2	1	3	3	4	3	3	3	2	1	3	3	2	2	3	2	4	3	3	3	2	2	3	3	3	3	4	4	1	1	3	2	2	1	3	3	2	2	4	4	1	1	3	2	2	2	3	3	3	2	1	1	3	3	2	1	2	2	2	2	3	3	3	3	2	2	3	2	2	1	2	1	2	2	3	2	3	3	2	2	2	2	3	3	2	1	3	3	2	1	3	3	1	1	2	2	3	3	3	1	2	2	3	3	3	2	2	1	2	2	2	2	1	1	3	2	2	2	2	2	2	2	7	2	3	2	1	1	2	2	3	3	4	3	3	3	4	1	3	3	2	2	2	2	1	1	2	1	3	3	2	2	3	3	3	1	2	1	2	2	3	3	2	2	3	3	2	1	2	1	2	2	2	1	2	2	3	3	4	1	3	2	1	1	3	3	1	1	2	2	3	1	2	1	3	3	2	2	4	2	1	1	2	2	2	1	2	2	2	1	2	2	3	2	1	1	2	2	3	3	2	2	3	1	3	3	2	2	2	1	2	2	2	1	3	3	3	3	2	2	3	3	3	1	0	0	2	2	1	1	4	4	1	1	2	1	1	1	3	1	3	1	5	5	2	1	2	2	2	1	2	2	3	2	3	1	3	1	2	2	3	1	5	2	1	1	2	2	1	1	3	3	2	2	2	2	2	2	4	4	3	1	2	1	3	3	3	1	4	4	3	3	1	1	1	1	1	1	2	2	3	3	3	1	2	2	3	3	3	3	1	1	2	2	3	3	3	3	1	1	2	1	2	2	2	2	3	1	3	3	4	4	1	1	2	2	2	1	3	3	2	2	3	1	3	3	3	3	3	3	3	3	2	2	3	3	3	3	1	1	5	5	3	1	3	1	2	1	2	2	2	2	2	1	2	1	2	2	2	2	3	3	4	4	5	5	3	3	3	2	3	3	2	2	1	1	2	2	5	5	3	3	3	2	2	2	2	2	4	4	2	2	4	2	2	2	2	1	3	3	3	3	2	2	3	3	2	2	4	3	3	3	3	1	3	3	2	2	2	2	3	3	3	3	2	2	2	2	3	2	4	4	4	4	2	2	3	3	3	1	1	1	2	1	1	1	3	3	1	1
21G.1659	2	2	2	2	4	4	2	2	1	1	3	3	1	1	4	4	2	2	3	1	3	3	2	1	1	1	4	4	2	2	2	2	2	2	2	2	3	1	3	3	3	3	1	1	3	3	3	3	2	2	3	3	2	2	2	2	2	2	1	1	2	2	4	4	2	2	4	4	2	2	2	2	3	3	3	3	2	1	1	1	2	2	2	2	3	2	2	2	3	2	2	1	3	1	3	3	4	4	1	1	3	3	2	2	3	3	2	2	4	4	2	2	3	2	2	2	2	1	4	3	3	3	3	3	3	3	3	1	2	2	1	1	3	3	2	2	3	3	2	2	1	1	2	2	3	3	5	5	3	1	2	2	3	3	2	2	3	3	2	2	3	3	2	2	2	1	3	3	1	1	1	1	3	3	3	3	1	1	1	1	2	2	2	2	2	1	2	2	2	2	2	2	4	4	3	3	2	1	2	2	3	3	4	4	1	1	4	4	1	1	2	2	3	2	2	1	1	1	3	3	3	3	4	4	1	1	2	2	2	1	3	3	2	2	3	1	1	1	2	2	3	3	2	2	2	1	3	2	4	4	2	1	2	2	3	3	1	1	2	2	3	3	2	1	3	1	3	2	4	4	1	1	1	1	2	1	2	2	2	2	3	2	2	2	2	1	3	3	3	3	2	2	4	1	2	2	3	2	1	1	2	1	2	2	2	2	3	3	2	2	2	2	1	1	1	1	2	2	2	2	3	3	2	2	2	2	3	3	1	1	1	1	5	4	5	3	2	2	2	2	2	2	2	1	2	2	2	2	1	1	3	1	2	2	1	1	2	1	2	2	1	1	3	3	3	1	3	3	4	3	3	3	2	2	5	3	3	2	4	4	3	3	1	1	1	1	1	1	2	2	3	1	3	3	2	2	1	1	1	1	2	2	2	2	2	2	2	2	1	1	2	2	3	3	2	2	2	1	3	1	3	3	3	3	3	3	3	3	3	3	2	2	3	3	1	1	3	3	2	2	3	3	3	3	2	2	3	2	4	2	5	2	2	2	3	1	2	1	2	1	2	1	1	1	3	3	1	1	2	1	3	3	4	4	2	2	2	2	3	2	1	1	2	2	3	1	1	1	2	2	2	2	3	3	2	2	2	1	4	4	4	4	2	2	2	2	1	1	3	2	3	3	2	1	3	3	2	1	3	3	2	1	2	2	3	1	4	4	2	2	3	1	3	3	3	3	1	1	1	1	4	2	4	4	1	1	2	1	3	3	2	2	2	2	3	3	2	2	1	1
21G.1660	2	2	3	3	1	1	3	3	2	2	2	1	3	3	4	4	2	2	2	2	3	3	1	1	3	2	2	2	2	2	3	2	3	3	1	1	3	3	3	3	4	2	3	3	3	3	2	2	1	1	3	2	2	2	1	1	2	2	1	1	2	2	4	4	3	2	2	1	2	2	2	2	1	1	4	3	3	3	3	3	3	3	2	1	3	3	2	2	3	2	2	2	1	1	2	1	4	4	1	1	3	2	2	2	3	3	2	2	4	1	3	2	3	2	2	2	3	2	4	4	1	1	3	2	2	1	3	1	4	2	2	1	3	1	2	2	3	2	2	2	2	1	2	1	2	1	5	5	1	1	2	2	3	3	2	2	1	1	2	2	3	2	3	3	2	2	3	3	3	3	1	1	3	2	3	3	2	2	2	1	3	1	1	1	1	1	2	1	2	1	2	2	4	4	3	2	2	2	2	2	4	3	4	1	1	1	4	4	3	2	2	2	3	3	2	2	2	2	3	3	3	2	4	2	4	4	1	1	2	2	2	2	1	1	3	3	1	1	2	2	3	1	2	2	2	2	3	3	4	4	2	1	2	2	3	3	1	1	2	2	3	2	2	1	3	3	3	3	4	4	1	1	2	1	2	1	2	2	2	2	3	2	3	3	1	1	3	2	2	2	2	2	5	5	3	3	3	2	2	2	2	2	2	2	2	2	4	4	2	2	2	1	2	1	2	2	3	3	1	1	4	3	2	2	1	1	3	3	5	5	3	2	4	4	5	5	3	2	2	2	2	1	2	2	2	2	3	2	1	1	3	1	5	4	1	1	2	1	1	1	1	1	3	3	3	3	3	3	4	4	3	3	2	2	2	2	3	1	4	4	3	3	2	1	2	1	2	2	2	2	3	2	1	1	1	1	3	3	3	1	1	1	3	3	3	2	3	3	2	2	2	2	3	1	2	2	3	3	3	3	4	4	3	3	1	1	3	3	3	3	2	2	2	1	3	3	3	3	3	2	3	3	3	2	2	2	3	3	4	4	5	5	3	3	3	2	2	2	1	1	2	2	1	1	3	3	2	1	1	1	2	2	5	5	4	2	4	3	3	3	3	2	2	2	1	1	1	1	3	3	2	2	1	1	1	1	2	1	4	4	4	3	2	2	2	2	1	1	3	2	3	1	2	2	3	3	3	1	3	3	2	2	3	3	1	1	2	1	3	3	3	1	3	3	4	4	2	2	3	3	3	2	4	4	1	1	3	3	3	2	4	4	3	1	2	2	3	3	1	1
21G.1661	2	2	2	1	4	1	3	1	2	1	1	1	3	1	3	3	3	3	5	5	3	2	3	3	2	2	4	4	4	4	2	2	2	2	2	2	3	3	3	3	3	3	3	3	3	3	2	2	2	2	3	1	1	1	3	2	2	2	2	2	3	2	5	5	3	3	1	1	3	3	2	2	3	2	4	4	3	3	1	1	3	3	2	2	2	2	4	3	1	1	2	2	3	1	1	1	4	4	1	1	2	2	2	2	2	2	2	2	2	2	3	3	2	1	2	1	3	3	3	3	2	1	3	3	2	1	2	2	4	4	3	3	3	3	2	1	2	1	2	2	2	2	2	1	3	3	3	2	2	1	2	1	2	1	4	4	1	1	2	2	3	2	2	2	3	1	3	3	3	3	1	1	3	3	3	3	2	2	1	1	2	2	3	3	3	3	2	2	1	1	2	2	4	4	3	3	1	1	1	1	2	2	3	2	1	1	3	2	3	3	4	4	3	3	1	1	2	1	4	4	3	2	4	3	1	1	2	2	1	1	2	2	1	1	2	2	2	1	2	1	2	2	3	1	1	1	3	3	3	1	3	1	2	2	2	2	1	1	2	2	3	2	3	3	1	1	3	3	4	1	2	2	1	1	2	2	2	2	2	2	3	3	3	3	1	1	3	3	4	1	1	1	1	1	3	3	3	3	3	1	2	2	2	1	2	1	3	1	2	2	2	1	3	3	2	2	2	2	2	2	3	3	1	1	2	2	2	1	3	2	3	3	4	1	2	2	2	2	2	2	2	2	1	1	3	2	2	1	2	1	2	2	5	5	1	1	1	1	2	2	2	2	3	2	3	1	3	2	3	2	3	2	2	2	5	5	2	2	4	4	3	3	2	2	2	2	2	2	2	2	3	2	2	2	2	2	3	3	3	1	1	1	2	1	3	2	3	3	1	1	2	2	3	3	2	2	3	3	3	3	3	3	3	3	3	3	2	2	2	1	2	2	2	2	3	3	2	1	3	3	3	3	3	2	2	1	3	3	4	3	5	5	1	1	3	1	2	2	2	2	2	1	2	2	1	1	2	2	2	1	3	3	2	2	5	5	3	2	3	2	1	1	2	2	2	2	1	1	5	5	3	3	2	1	2	2	2	2	4	4	4	4	2	2	2	2	1	1	3	3	3	1	2	1	3	3	2	2	3	3	3	3	3	3	3	3	2	2	3	3	1	1	2	2	4	4	1	1	1	1	3	3	3	3	2	1	3	3	3	3	4	4	1	1	3	3	1	1	1	1
21G.1662	2	2	1	1	4	4	3	2	2	2	1	1	3	1	3	3	2	2	2	1	3	2	3	1	2	2	4	4	4	1	3	2	2	2	3	3	1	1	3	3	3	1	3	1	3	3	3	2	2	2	4	4	2	2	3	3	2	1	2	2	3	3	5	5	3	3	1	1	3	3	2	2	3	3	4	4	3	3	3	1	3	3	2	2	2	2	5	1	2	2	2	2	3	3	3	1	4	3	1	1	2	2	3	1	1	1	2	2	5	2	3	3	1	1	1	1	1	1	4	3	2	1	2	1	3	2	3	1	4	1	3	3	3	2	2	1	4	4	2	1	1	1	2	1	2	2	3	3	2	2	2	2	3	3	2	2	3	1	2	2	3	3	2	2	3	3	3	1	3	3	1	1	3	1	3	2	1	1	2	2	3	3	2	2	2	2	2	2	1	1	2	2	7	4	3	3	2	2	2	1	2	2	3	3	1	1	4	2	2	2	4	4	2	1	1	1	1	1	2	1	3	1	4	4	3	1	2	1	2	1	1	1	2	2	2	1	2	2	1	1	2	2	1	1	2	2	3	1	4	4	2	2	2	1	3	2	2	1	2	2	2	2	3	3	3	3	1	1	4	2	2	2	3	2	2	2	2	2	2	1	3	3	2	2	1	1	3	1	3	2	2	1	4	1	3	3	2	2	3	2	2	2	1	1	3	1	3	1	3	2	3	3	3	2	2	2	2	2	2	1	3	3	2	2	2	1	3	1	5	3	3	3	3	3	3	3	2	1	2	2	2	2	2	1	3	3	2	2	2	2	1	1	5	5	2	2	2	2	2	2	3	1	3	2	3	3	3	3	3	1	3	1	2	2	5	5	2	2	4	4	3	3	1	1	2	2	2	1	2	2	3	3	2	2	2	2	3	3	3	3	1	1	2	1	2	1	3	2	2	2	2	2	2	2	2	2	3	2	3	3	3	3	3	3	3	2	4	4	2	1	2	2	2	2	3	3	3	1	3	3	3	3	3	2	3	3	2	2	2	2	2	2	2	2	2	2	1	1	2	2	1	1	2	1	1	1	2	2	2	1	2	2	2	2	5	3	3	1	3	3	1	1	2	1	1	1	2	1	3	2	2	2	2	2	2	2	2	2	4	1	4	4	4	4	2	2	1	1	3	3	1	1	2	2	3	3	3	3	2	2	3	3	3	3	1	1	4	4	2	2	3	2	2	2	3	3	2	2	3	3	4	1	2	2	1	1	1	1	3	3	3	3	3	1	3	2	3	3	2	2
21G.1664	2	2	2	2	4	4	2	2	1	1	3	3	3	3	4	3	2	1	3	1	3	2	2	2	1	1	4	4	2	1	2	2	2	2	2	2	3	3	3	3	3	3	3	1	3	3	3	3	2	2	2	1	2	2	2	2	2	2	2	1	2	2	5	4	4	4	1	1	2	2	2	2	3	3	4	2	3	2	1	1	2	2	1	1	3	2	3	3	3	2	2	2	3	1	3	1	4	3	2	2	2	1	2	2	3	3	2	2	4	1	2	2	3	2	2	2	3	3	4	4	1	1	2	2	1	1	2	1	1	1	2	1	3	3	2	2	4	3	2	2	1	1	2	2	3	3	3	3	1	1	1	1	3	1	2	2	3	3	2	2	3	2	2	2	3	2	2	2	3	1	1	1	3	3	3	3	2	2	2	1	2	2	2	1	3	3	2	2	2	2	2	2	7	7	3	3	2	2	2	1	3	2	3	1	3	3	3	1	2	2	2	2	2	2	2	2	1	1	2	2	3	3	3	2	4	3	2	2	2	1	2	2	2	1	3	1	1	1	1	1	3	3	3	3	2	1	3	3	4	4	3	3	1	1	3	2	1	1	1	1	2	2	2	2	3	1	2	2	4	4	2	1	1	1	2	2	3	2	2	2	2	2	3	2	1	1	3	2	2	2	2	1	3	3	3	3	3	3	2	1	2	2	1	1	3	3	3	3	3	3	3	3	3	3	1	1	1	1	2	1	3	3	1	1	2	2	3	3	1	1	3	3	5	4	3	1	2	1	2	2	2	2	2	2	2	2	2	2	1	1	3	3	2	1	1	1	1	1	2	2	2	1	2	2	3	1	2	2	4	4	3	3	1	1	1	1	1	1	5	5	3	3	2	2	1	1	2	1	2	2	3	2	3	3	2	2	3	2	1	1	2	2	2	2	3	2	3	3	2	2	1	1	1	1	2	2	3	2	3	1	4	1	2	2	3	3	3	3	2	2	2	1	3	3	3	1	3	3	3	2	2	2	3	3	2	2	3	3	3	2	2	2	2	1	3	1	2	2	2	1	2	2	3	3	3	3	2	2	2	2	3	3	5	2	4	4	4	3	3	3	3	1	1	1	1	1	2	1	3	2	2	2	3	2	2	2	1	1	4	1	4	3	2	2	2	1	2	2	3	1	3	3	2	2	3	3	3	3	2	2	1	1	2	2	2	2	2	1	3	3	3	3	1	1	3	3	3	1	3	3	4	4	4	4	2	2	3	3	2	2	4	4	3	3	2	2	2	2	1	1
21G.1665	1	1	3	3	4	4	3	2	2	2	3	3	3	3	4	4	2	2	2	1	3	3	2	1	2	2	2	2	2	1	3	3	3	3	2	1	3	1	4	4	4	4	3	1	3	3	2	2	2	1	4	4	2	2	2	2	2	1	2	2	2	2	5	5	3	3	2	2	3	3	3	2	3	2	3	3	2	1	3	3	3	3	2	2	2	2	4	3	3	3	2	2	3	3	2	2	4	3	1	1	3	2	2	1	3	3	2	2	4	2	2	2	2	1	2	2	2	2	4	3	1	1	3	2	2	2	3	3	4	2	2	2	3	3	2	2	4	4	2	2	1	1	2	2	2	2	3	1	2	1	2	2	3	3	2	1	2	2	2	1	3	3	2	2	2	2	1	1	3	3	2	2	3	3	3	3	2	2	2	1	3	2	2	1	2	2	2	2	2	1	2	2	7	7	2	1	1	1	2	2	3	2	4	4	3	3	4	1	3	1	2	2	1	1	1	1	2	1	3	2	3	1	4	3	3	3	2	2	1	1	2	1	2	2	2	1	2	1	2	2	3	2	3	3	2	2	3	3	4	1	3	1	2	2	3	2	2	1	1	1	3	1	3	1	3	3	3	1	4	4	2	2	3	2	2	2	2	2	2	2	2	2	3	3	1	1	3	3	3	3	2	2	5	3	1	1	2	2	3	3	2	1	2	2	2	2	3	3	3	2	3	3	3	3	1	1	2	2	2	2	4	4	2	2	2	2	3	3	2	2	3	3	4	4	4	4	2	1	2	2	2	2	2	1	2	1	2	2	1	1	3	3	4	4	1	1	2	2	2	2	2	1	3	3	3	1	2	2	3	3	3	3	1	1	5	5	1	1	4	3	3	3	2	2	1	1	2	2	2	2	2	2	3	1	2	1	3	3	1	1	1	1	2	2	3	2	3	3	2	2	2	2	3	3	3	2	3	2	3	3	3	3	3	3	3	1	4	4	3	1	2	2	3	3	3	1	3	3	3	3	3	3	3	3	3	2	3	3	4	4	2	2	1	1	3	3	2	1	2	1	2	2	3	1	2	1	2	2	2	2	2	2	2	2	4	1	2	1	2	1	3	3	2	2	1	1	2	1	3	3	2	2	4	4	2	2	2	2	1	1	4	4	2	2	3	3	1	1	2	1	3	3	2	2	3	1	3	3	3	3	3	2	3	1	2	1	3	2	2	2	3	3	1	1	4	1	2	2	3	2	4	4	2	1	2	1	3	1	3	1	3	3	3	1	3	2	2	2	2	2
21G.1666	2	2	2	2	4	4	3	3	2	1	2	2	3	3	4	4	3	3	5	5	3	3	2	1	2	2	4	2	4	4	2	2	2	1	2	2	3	3	3	1	4	3	3	3	3	1	2	2	2	2	3	3	1	1	2	1	2	2	1	1	3	3	5	5	3	2	4	1	3	3	3	3	3	2	4	2	3	3	3	1	3	1	2	1	2	1	5	5	2	2	2	1	3	1	2	1	4	2	1	1	3	3	2	2	3	3	2	1	4	1	3	3	3	2	2	1	2	1	4	4	1	1	3	2	3	3	3	2	4	4	3	1	3	1	2	2	3	2	3	3	2	1	2	2	2	1	5	5	1	1	1	1	2	1	2	1	1	1	2	2	2	2	2	1	3	3	1	1	3	3	1	1	3	3	3	3	2	2	1	1	3	3	3	2	3	2	2	1	2	2	2	1	7	4	3	3	2	1	2	1	4	4	4	2	3	2	4	4	1	1	2	2	3	3	2	2	2	2	3	3	3	3	3	3	4	3	1	1	2	2	2	2	2	2	3	3	2	2	2	2	2	1	3	3	2	2	3	3	4	4	3	2	2	1	3	2	1	1	2	2	2	2	2	1	3	3	3	3	4	4	2	1	2	2	2	1	3	3	2	2	1	1	1	1	2	2	2	2	3	3	2	1	4	1	2	2	3	3	2	2	2	1	2	1	2	1	3	3	3	3	3	3	3	2	2	2	3	2	2	1	4	4	2	2	2	2	3	2	2	1	3	3	4	3	2	2	2	2	3	1	2	1	2	2	2	1	2	2	2	1	3	3	5	4	2	2	2	2	2	2	2	2	3	3	3	3	2	2	4	4	2	2	1	1	3	2	2	2	4	4	3	3	2	2	2	2	2	2	2	2	2	1	2	1	1	1	3	3	3	3	2	1	3	2	3	3	3	2	2	2	2	2	2	2	2	2	2	2	3	1	4	3	2	2	3	3	3	3	3	2	2	2	3	3	3	3	3	1	3	3	3	3	2	2	3	1	2	1	4	4	5	2	3	3	3	3	2	2	1	1	2	2	1	1	3	1	2	2	2	2	4	3	5	5	4	4	4	2	3	3	3	3	1	1	1	1	2	1	5	4	2	2	1	1	2	2	2	2	3	3	3	2	4	2	2	2	1	1	2	1	3	3	1	1	3	3	2	2	3	3	3	3	3	3	1	1	2	2	2	2	1	1	1	1	4	4	1	1	3	3	4	1	2	2	1	1	3	3	3	2	4	4	2	2	3	3	2	2	1	1
21G.1678	2	2	2	1	4	1	2	1	2	1	1	1	3	3	4	3	3	1	2	1	3	1	2	2	2	2	2	2	1	1	2	2	2	1	3	3	2	1	2	2	3	3	3	3	1	1	2	2	2	2	3	3	2	2	3	3	2	2	2	1	3	3	5	5	3	2	2	1	3	3	2	2	3	3	3	3	3	2	1	1	3	3	2	2	2	1	4	4	2	1	2	2	3	3	3	1	4	4	1	1	3	1	2	1	3	3	2	2	4	4	3	3	3	1	2	1	3	3	4	3	3	3	2	2	2	2	1	1	4	4	3	3	3	3	2	1	1	1	3	2	2	1	1	1	3	2	2	1	2	2	2	2	2	2	2	2	3	3	2	2	3	3	2	1	2	2	1	1	4	1	1	1	3	3	2	2	2	1	2	2	3	3	1	1	3	1	2	1	2	2	1	1	6	4	2	2	1	1	2	2	3	3	4	4	1	1	4	2	3	3	4	2	2	1	2	2	2	2	3	3	3	2	4	4	3	2	2	1	2	1	2	2	2	2	3	3	2	2	2	2	3	1	3	2	2	1	3	3	4	4	3	2	2	1	2	1	1	1	2	2	3	2	3	1	2	2	2	1	4	2	2	2	3	3	2	1	2	2	1	1	3	2	3	3	2	1	3	2	3	3	2	2	4	3	3	3	3	2	3	2	2	2	2	2	2	2	3	1	2	2	3	3	1	1	2	2	3	3	2	2	3	3	2	2	2	1	3	2	5	3	1	1	2	2	4	2	2	2	1	1	2	2	3	3	2	2	2	2	2	2	3	1	2	1	2	1	2	2	2	1	2	2	3	2	1	1	3	2	3	1	3	1	2	1	3	3	1	1	3	3	3	1	1	1	2	1	2	2	2	2	3	3	3	3	2	2	3	3	1	1	1	1	2	1	3	2	3	3	2	2	2	2	2	2	2	2	3	2	3	1	4	3	3	3	3	3	4	4	2	2	2	2	2	1	2	1	3	3	3	3	3	2	3	3	2	2	5	3	3	1	5	5	1	1	1	1	2	2	2	1	1	1	2	1	1	1	2	1	2	2	4	2	2	2	5	5	3	3	3	1	1	1	1	1	5	5	2	1	3	2	2	2	4	4	2	2	2	1	4	4	2	1	4	4	2	1	2	2	3	2	3	1	2	2	3	3	2	2	4	4	3	3	3	3	1	1	2	2	3	3	3	3	3	3	4	4	1	1	1	1	4	4	4	4	1	1	3	3	3	2	4	4	1	1	3	2	2	2	2	1
21G.1681	1	1	1	1	4	4	2	2	2	2	1	1	3	3	4	2	2	2	1	1	3	3	2	1	2	2	2	2	1	1	2	2	2	1	2	2	3	3	3	3	3	3	3	3	1	1	3	2	2	2	4	3	2	2	2	1	2	2	1	1	3	3	4	4	3	2	2	2	2	2	2	2	3	3	3	3	3	3	3	3	3	3	2	2	2	2	4	4	1	1	2	2	3	3	3	3	4	1	3	1	2	2	2	2	3	3	2	2	4	4	3	3	2	1	1	1	2	2	1	1	2	2	3	2	2	1	3	1	4	4	3	1	2	1	2	1	4	2	2	2	2	1	2	2	3	2	5	5	2	2	3	1	3	1	1	1	3	3	2	2	3	3	2	2	2	2	2	1	3	3	2	2	3	2	2	2	2	2	2	2	2	2	2	1	1	1	2	2	2	2	1	1	4	4	2	2	1	1	2	1	4	4	2	2	3	3	1	1	1	1	1	1	1	1	2	2	1	1	2	2	3	3	3	2	3	3	2	1	1	1	3	2	1	1	2	1	3	1	2	2	3	3	3	3	1	1	3	3	3	3	3	3	2	1	3	3	1	1	2	1	1	1	3	1	3	1	3	2	4	4	3	3	2	1	1	1	3	2	2	2	3	3	3	2	2	2	3	2	2	2	1	1	1	1	3	3	3	2	3	3	1	1	2	1	2	1	3	3	3	2	1	1	2	1	2	1	3	3	2	2	4	4	1	1	2	2	3	3	2	2	3	3	3	3	5	5	2	2	3	3	2	2	3	3	3	3	3	2	2	2	1	1	4	2	1	1	2	2	2	1	2	2	3	3	1	1	3	1	4	4	2	2	2	2	2	1	3	3	4	4	1	1	2	2	2	2	2	2	2	1	3	3	2	2	2	2	3	3	3	3	2	1	3	1	2	2	3	3	2	2	1	1	2	2	2	2	2	2	1	1	4	4	2	1	3	1	4	4	1	1	2	2	4	4	3	3	2	2	3	3	3	3	3	2	2	2	3	2	2	2	5	5	3	3	2	2	1	1	2	2	2	1	3	3	3	3	1	1	1	1	3	3	5	5	4	3	3	2	2	2	3	3	1	1	2	1	1	1	5	5	3	3	2	2	1	1	2	2	4	4	4	4	4	4	3	3	2	2	2	1	1	1	2	2	3	3	3	3	3	3	3	3	3	3	1	1	2	2	2	2	3	3	3	3	4	4	1	1	3	1	4	4	4	2	2	2	2	2	3	2	3	1	1	1	3	3	2	2	1	1
21G.1686	2	2	2	1	4	4	2	2	2	2	1	1	3	3	3	3	2	1	2	2	3	3	3	1	3	3	4	4	4	1	2	2	2	2	2	1	4	4	3	1	3	3	3	3	3	3	3	3	2	2	3	3	2	2	2	1	2	2	2	2	3	3	1	1	3	3	1	1	2	2	2	1	3	1	4	3	3	3	3	3	3	3	1	1	2	2	5	5	3	1	2	2	3	3	3	3	4	4	1	1	3	3	3	3	3	2	2	2	4	2	3	1	3	1	1	1	2	2	4	4	1	1	2	2	2	1	1	1	3	3	3	3	3	3	2	2	4	2	2	2	2	1	2	2	3	3	3	1	1	1	2	1	1	1	4	4	2	2	2	2	2	2	2	2	3	3	3	1	3	1	2	2	3	3	3	1	2	2	2	2	2	2	2	2	3	1	2	1	2	2	1	1	4	4	3	3	1	1	2	2	4	4	2	1	3	3	3	2	1	1	2	1	1	1	2	2	2	2	1	1	1	1	4	1	3	3	2	2	2	2	1	1	2	1	2	1	3	1	2	2	2	2	3	1	3	2	3	2	4	4	2	2	1	1	3	2	2	1	2	2	3	2	3	2	3	3	3	3	4	4	1	1	3	2	1	1	3	3	2	1	3	3	3	3	2	2	2	2	3	3	2	2	4	4	3	1	3	3	3	1	2	1	2	2	1	1	3	3	3	2	1	1	1	1	2	2	3	3	2	1	4	3	2	2	2	2	3	3	5	5	3	3	4	1	2	2	3	3	2	1	2	2	2	2	1	1	3	3	2	2	1	1	5	1	2	2	2	2	2	1	3	3	1	1	3	3	3	3	4	4	3	2	2	2	3	1	2	1	4	3	3	3	1	1	2	1	1	1	2	2	3	2	3	1	2	2	3	2	3	3	2	2	2	2	3	1	2	2	1	1	1	1	2	1	3	3	3	3	3	1	3	3	2	2	3	3	3	3	1	1	2	1	3	3	2	1	3	3	3	3	2	2	3	3	1	1	3	3	4	1	4	2	3	1	2	2	1	1	1	1	2	2	2	1	3	3	2	2	1	1	4	4	2	2	4	4	3	3	3	2	1	1	1	1	2	1	1	1	5	2	3	2	1	1	2	2	2	2	3	3	4	4	4	4	2	2	2	2	2	2	3	3	2	2	3	3	3	3	3	2	3	3	3	3	1	1	2	2	2	2	3	3	3	3	4	3	2	2	3	3	1	1	4	4	2	1	3	2	2	2	3	3	2	2	3	3	2	2	2	2
21G.1688	2	1	3	3	4	4	2	2	2	2	3	3	1	1	4	3	2	1	3	3	3	1	2	1	2	2	4	4	2	1	3	3	2	2	2	2	3	3	3	2	3	3	1	1	3	1	2	2	1	1	4	4	2	2	3	3	2	2	2	2	3	3	5	4	4	4	2	2	2	1	2	2	3	3	3	3	2	1	1	1	3	3	1	1	3	3	5	3	3	3	2	2	3	3	3	1	3	3	1	1	2	2	3	3	3	1	2	2	4	2	3	3	2	2	2	2	2	2	4	1	1	1	2	2	3	3	1	1	4	2	3	3	3	3	2	1	3	3	3	2	2	2	2	1	3	3	3	3	2	1	2	1	3	3	4	2	1	1	2	2	2	2	2	2	2	2	3	2	3	3	2	2	3	3	2	2	2	2	2	1	2	1	2	2	2	1	2	2	2	1	2	2	4	4	3	3	2	1	2	1	3	3	2	2	3	1	4	4	3	3	2	2	2	2	1	1	2	2	3	3	3	3	4	4	3	3	2	2	1	1	2	2	1	1	3	3	1	1	2	1	3	1	1	1	2	2	3	3	1	1	3	3	1	1	3	3	1	1	2	2	2	2	3	1	3	3	2	2	2	2	2	2	1	1	2	2	3	2	2	2	2	2	3	3	1	1	3	3	4	2	1	1	2	1	3	3	3	3	2	2	2	2	2	1	2	2	3	3	2	2	2	1	3	3	2	2	2	2	1	1	4	4	1	1	2	1	3	3	3	2	3	3	5	4	4	4	2	2	1	1	2	2	2	2	2	2	3	3	1	1	3	3	4	2	1	1	2	2	2	1	3	2	3	3	3	3	3	3	3	3	3	2	2	1	3	3	2	2	5	4	3	3	1	1	1	1	2	2	2	2	3	3	1	1	1	1	3	3	3	1	2	1	3	3	3	3	3	2	2	2	1	1	3	3	2	2	3	3	3	3	4	4	3	1	3	3	3	3	3	3	2	2	3	3	2	2	3	1	3	3	2	2	3	3	2	2	3	3	4	4	4	1	2	2	3	1	1	1	2	2	2	2	2	2	2	1	2	2	1	1	2	2	2	2	4	4	2	2	3	2	1	1	2	2	3	3	1	1	3	2	3	2	1	1	2	1	2	2	4	1	4	3	2	1	2	2	2	1	2	1	3	3	2	2	3	3	3	3	2	1	3	3	2	2	2	1	4	2	3	3	3	3	2	2	4	2	2	1	2	1	2	2	2	1	1	1	2	1	3	3	1	1	3	3	2	2	3	3	1	1
21G.1694	1	1	1	1	1	1	3	3	2	2	3	3	3	3	4	4	1	1	2	2	3	3	1	1	1	1	4	4	4	4	3	3	2	2	1	1	1	1	3	3	3	3	3	3	3	3	2	2	1	1	3	3	2	2	1	1	2	2	1	1	1	1	5	3	3	3	1	1	3	3	3	2	2	2	3	3	3	3	3	2	3	3	2	1	2	2	3	3	3	3	2	1	3	3	1	1	3	3	2	1	3	3	2	1	1	1	2	1	4	4	1	1	3	2	2	2	3	3	4	4	1	1	2	2	2	1	3	1	2	2	2	1	2	1	2	1	4	1	1	1	2	2	1	1	3	1	5	5	3	1	2	2	2	2	4	4	1	1	2	2	2	2	1	1	3	3	3	3	3	3	1	1	3	3	3	2	1	1	2	2	2	1	2	1	2	1	1	1	2	2	2	2	4	1	2	2	2	2	2	2	4	3	4	4	1	1	4	4	2	2	2	2	3	3	2	2	1	1	3	2	3	3	3	2	4	3	2	2	1	1	3	3	2	2	1	1	1	1	1	1	2	2	3	1	3	3	3	3	1	1	3	3	2	1	3	3	2	1	2	2	3	1	2	2	3	3	2	2	2	2	1	1	3	3	2	1	2	2	2	1	3	3	3	3	1	1	3	3	4	4	2	2	1	1	3	3	2	2	2	2	2	2	2	2	2	2	3	1	2	2	2	2	2	1	1	1	2	2	2	1	4	4	2	1	2	2	3	3	2	1	3	3	4	1	5	2	2	1	2	1	1	1	3	1	3	3	3	3	2	2	3	3	2	2	1	1	2	2	2	1	3	3	2	2	1	1	3	3	4	4	3	3	2	2	3	1	3	3	5	5	1	1	2	2	2	1	2	1	2	2	2	1	3	2	2	2	3	3	2	2	2	2	3	3	3	3	3	3	2	2	2	1	2	1	1	1	2	2	3	3	4	3	2	1	3	3	4	4	3	3	2	2	3	1	3	2	3	3	3	3	2	1	3	3	3	2	2	2	2	1	4	4	2	2	1	1	1	1	2	2	2	1	2	1	1	1	2	2	1	1	3	3	2	2	4	1	3	1	3	3	2	2	2	1	0	0	2	2	4	3	2	2	2	2	1	1	2	1	3	3	4	2	4	4	2	2	2	2	2	2	3	1	2	1	3	3	3	3	3	3	3	3	2	2	2	2	2	2	2	2	3	3	2	2	4	4	1	1	3	1	4	4	4	2	3	3	3	3	3	3	3	2	2	2	3	3	3	2	1	1
21G.1701	2	2	3	3	4	1	3	3	2	2	1	1	4	3	4	4	3	1	3	1	2	2	2	2	1	1	4	4	2	2	2	2	3	3	1	1	3	1	1	1	3	3	3	1	3	3	3	3	2	1	3	1	2	2	3	1	2	2	2	1	2	2	5	4	3	2	2	1	3	3	3	2	3	2	4	4	3	3	3	3	3	1	2	2	2	1	3	1	1	1	2	1	3	3	3	1	3	3	2	1	3	2	2	2	3	3	2	1	4	4	1	1	2	1	2	1	3	2	3	3	1	1	3	2	2	2	3	1	4	4	2	2	3	3	1	1	4	4	2	2	2	2	2	2	3	2	3	3	2	2	1	1	3	3	2	1	3	2	2	1	3	3	3	2	2	2	1	1	3	1	2	2	3	2	3	3	2	2	2	1	2	2	3	3	2	1	2	1	1	1	2	1	4	4	2	2	1	1	1	1	2	2	2	2	1	1	2	2	1	1	2	1	2	1	2	1	1	1	2	2	3	3	3	2	4	4	2	1	1	1	3	2	1	1	1	1	1	1	2	1	3	3	3	3	2	1	3	3	4	3	2	2	2	2	3	2	2	2	2	2	2	2	2	2	3	3	2	2	2	1	2	2	2	2	1	1	3	3	2	2	2	2	3	3	1	1	2	2	3	1	2	2	4	4	3	1	3	1	3	3	2	2	2	1	2	2	3	3	2	2	1	1	1	1	1	1	2	2	2	2	4	4	2	1	2	2	2	2	1	1	3	2	4	2	2	2	2	2	2	1	1	1	1	1	3	2	3	3	1	1	1	1	4	2	1	1	1	1	2	1	3	3	2	2	3	3	3	3	4	4	2	2	2	2	3	3	3	2	4	4	3	1	2	1	2	1	1	1	2	2	1	1	3	3	2	2	3	1	1	1	1	1	3	1	2	2	3	3	2	2	2	2	3	3	3	2	3	3	2	1	3	1	2	1	3	3	3	2	1	1	1	1	2	1	2	2	1	1	3	3	2	2	3	3	3	2	4	4	4	4	4	4	2	2	3	2	1	1	2	1	2	2	3	3	3	3	2	1	2	2	3	3	5	5	2	2	4	1	3	3	3	1	2	2	2	2	1	1	5	2	3	2	2	2	2	2	2	2	4	4	4	4	2	2	3	3	2	2	3	2	1	1	2	1	3	1	2	2	3	3	3	3	3	2	1	1	3	2	2	2	3	3	2	2	3	1	2	2	2	1	4	2	4	4	2	2	2	2	3	3	4	4	3	3	3	3	2	1	2	2
21G.1702	1	1	2	1	4	1	3	3	2	1	3	1	4	4	4	3	2	2	3	1	3	2	2	2	2	2	2	1	2	2	3	3	3	2	2	2	3	3	2	1	3	2	3	3	3	3	2	2	2	2	4	4	2	2	2	2	2	2	2	1	2	1	4	4	3	2	2	1	3	2	3	3	3	3	3	3	3	3	3	3	3	3	2	2	2	2	4	4	3	1	2	2	3	3	1	1	4	2	2	1	2	1	2	2	3	3	1	1	4	4	3	1	3	3	2	2	3	1	4	4	3	1	3	3	2	2	3	3	4	4	4	2	3	3	2	1	4	4	2	2	1	1	2	2	3	3	5	5	2	1	2	2	3	3	2	2	2	2	1	1	2	2	3	3	2	2	1	1	1	1	2	2	2	2	3	2	2	2	1	1	2	2	3	1	1	1	2	1	2	2	1	1	6	4	3	2	1	1	1	1	2	2	3	3	3	3	2	2	2	1	2	2	2	1	2	1	2	1	2	2	3	3	3	3	3	3	2	2	1	1	3	3	2	2	3	3	2	1	2	2	2	2	3	2	3	3	3	3	3	2	2	2	1	1	3	2	2	1	1	1	3	1	2	2	3	1	3	3	4	4	2	1	3	1	2	2	3	3	2	2	2	2	3	2	1	1	3	3	3	3	2	1	3	3	3	1	3	3	1	1	2	1	2	2	2	1	1	1	2	2	2	1	2	2	1	1	2	2	1	1	4	4	2	2	2	2	3	3	3	3	3	3	2	1	5	1	3	1	2	2	2	2	2	2	1	1	3	3	2	2	1	1	5	4	2	2	1	1	2	2	3	2	3	3	3	1	3	2	3	3	3	3	2	2	3	3	1	1	4	1	3	2	2	1	2	1	2	1	1	1	3	3	3	3	2	2	3	3	3	1	2	2	3	1	3	2	3	3	2	2	2	2	3	3	2	2	3	3	3	2	4	1	2	2	3	3	4	4	3	3	2	1	3	3	2	2	3	3	3	3	3	3	1	1	2	2	5	5	4	4	5	2	3	3	3	3	1	1	2	1	2	2	2	2	2	1	2	2	2	2	3	3	2	2	4	4	3	2	2	2	2	1	2	2	2	1	1	1	5	2	2	2	2	2	2	2	2	1	2	1	4	4	2	2	3	2	2	2	2	2	1	1	2	2	3	3	3	3	2	2	3	3	3	3	1	1	2	2	2	2	3	3	2	1	3	1	2	2	3	3	4	4	4	4	3	3	2	1	3	2	3	3	2	2	3	3	3	1	1	1
21G.1706	2	2	2	2	4	4	2	2	1	1	3	1	0	0	3	3	3	3	3	3	3	3	2	2	2	2	4	1	2	1	2	2	2	2	2	2	3	3	3	1	3	1	3	3	3	1	3	2	2	2	1	1	2	1	2	2	2	1	1	1	3	3	4	4	2	2	2	2	0	0	2	2	2	2	4	4	3	3	3	2	3	2	1	1	3	2	4	3	3	3	2	1	3	3	1	1	3	3	2	1	2	2	2	2	3	3	2	2	4	4	1	1	1	1	2	2	3	1	4	1	3	1	1	1	3	3	3	3	2	2	1	1	3	3	2	2	4	4	2	2	1	1	0	0	2	2	0	0	2	2	0	0	3	3	2	2	3	1	2	1	3	3	2	2	0	0	2	2	3	3	1	1	3	2	3	1	1	1	4	4	2	1	1	1	1	1	1	1	2	1	0	0	7	4	3	2	0	0	2	2	3	3	4	4	1	1	4	4	3	3	2	2	2	2	2	2	1	1	0	0	3	3	4	4	2	1	1	1	2	2	3	3	2	1	3	3	2	2	2	2	3	3	1	1	2	2	0	0	4	4	0	0	1	1	3	2	1	1	2	2	3	3	2	2	3	1	3	3	4	4	2	2	2	2	2	1	3	2	2	2	2	2	3	3	1	1	3	2	4	2	2	2	4	1	0	0	2	1	0	0	2	2	2	2	2	2	1	1	0	0	2	2	0	0	2	2	2	2	1	1	3	2	2	2	2	2	2	2	4	1	3	3	4	4	3	3	2	2	1	1	2	1	3	1	3	2	3	3	2	1	3	3	1	1	1	1	2	2	2	1	2	1	2	2	1	1	0	0	0	0	3	1	1	1	0	0	3	3	4	4	3	3	2	2	1	1	2	2	2	2	3	3	1	1	2	2	3	1	3	3	1	1	1	1	3	3	3	3	2	2	1	1	3	1	2	2	3	2	3	1	3	1	3	2	2	1	3	3	3	3	2	2	0	0	3	3	1	1	3	3	3	3	3	3	2	2	3	3	2	2	0	0	1	1	3	1	2	1	2	1	2	2	2	2	3	3	2	2	2	2	3	2	5	5	4	4	0	0	3	3	3	3	2	2	5	5	2	1	4	3	3	3	3	3	2	2	2	1	4	1	3	1	2	1	2	2	1	1	2	2	3	3	2	2	3	1	3	3	0	0	2	1	3	2	3	3	2	2	3	2	3	3	3	3	4	4	2	2	3	3	3	3	4	4	0	0	2	2	3	1	4	1	3	2	2	2	2	2	1	1
21G.1707	1	1	3	1	4	4	2	2	2	2	1	1	4	3	4	4	3	2	3	3	3	2	2	2	2	2	4	4	1	1	3	3	2	2	3	3	3	1	3	1	2	1	3	1	3	3	2	2	1	1	2	2	2	2	2	2	2	1	2	1	3	1	4	4	3	3	1	1	3	3	2	2	3	3	4	4	3	2	3	3	3	2	2	2	3	2	2	1	3	3	2	2	3	1	3	3	3	3	2	1	1	1	2	2	3	3	2	2	4	4	3	3	2	2	2	1	2	1	3	3	1	1	2	2	2	1	1	1	1	1	1	1	3	3	2	2	3	2	2	2	2	2	2	2	3	2	3	1	2	2	2	2	3	3	2	2	1	1	2	1	3	3	2	2	2	2	3	3	3	3	3	1	3	3	3	3	1	1	2	1	2	2	1	1	3	2	2	2	2	2	2	2	7	2	3	2	2	2	1	1	3	3	4	4	1	1	4	4	3	3	2	2	3	2	2	2	2	1	2	2	3	3	3	2	4	3	2	2	2	2	3	2	2	1	3	3	1	1	2	1	3	3	2	2	2	1	3	3	4	3	2	2	1	1	3	3	2	1	2	2	3	2	3	3	2	1	2	1	4	1	2	2	3	3	2	2	2	2	1	1	3	2	3	2	1	1	3	3	4	2	2	2	5	5	3	3	2	2	2	2	1	1	2	1	2	2	3	3	2	1	2	1	2	2	1	1	2	2	2	1	3	3	2	1	2	2	2	2	3	3	3	3	4	4	2	2	2	1	2	1	2	2	2	2	2	2	3	3	2	2	1	1	4	2	1	1	2	1	2	2	3	3	2	2	3	2	2	2	0	0	3	3	2	1	5	3	3	3	4	4	3	3	2	2	2	2	2	2	2	2	3	3	1	1	2	2	3	3	3	3	2	2	2	2	3	1	3	3	2	1	2	2	1	1	2	2	2	2	1	1	3	3	3	2	1	1	3	3	2	1	2	2	4	4	1	1	3	3	2	2	3	3	3	1	2	1	3	2	4	3	2	1	1	1	1	1	1	1	2	1	2	2	2	2	3	3	1	1	1	1	3	3	5	5	5	4	3	3	0	0	3	1	1	1	1	1	1	1	5	5	3	3	2	2	2	2	2	1	4	4	4	4	2	2	2	2	2	2	3	2	3	3	2	2	3	3	3	3	2	2	3	3	3	2	1	1	2	1	2	2	2	1	2	2	3	3	2	1	2	2	4	3	4	4	3	3	3	3	3	3	3	1	3	1	2	2	2	2	2	1
21G.1709	2	2	3	3	4	4	3	3	2	1	3	3	3	3	4	4	2	2	3	3	1	1	2	2	2	2	4	4	2	2	3	3	2	2	2	2	1	1	2	2	4	1	3	3	3	3	2	2	2	2	3	3	2	2	3	1	1	1	2	2	2	2	5	5	2	2	3	1	3	2	1	1	2	2	3	3	3	3	2	2	3	3	1	1	3	3	4	2	3	3	2	1	1	1	2	2	4	3	1	1	3	3	2	2	3	3	2	2	4	4	2	2	3	3	2	2	3	3	4	4	1	1	3	3	1	1	3	1	4	2	2	2	3	3	2	2	3	3	2	2	1	1	2	2	2	2	5	1	2	2	1	1	3	1	4	2	2	2	2	2	2	2	3	3	3	2	2	2	3	3	2	2	3	3	3	3	2	2	2	1	2	2	1	1	3	3	2	2	2	2	2	2	7	4	3	2	2	2	2	2	4	4	4	4	2	1	4	4	1	1	3	3	3	1	2	1	1	1	3	3	3	1	4	4	1	1	1	1	1	1	2	2	1	1	3	3	2	1	2	2	3	3	2	1	2	2	3	2	4	4	1	1	2	1	3	3	2	2	2	2	4	4	2	2	3	3	3	1	4	4	1	1	2	1	2	1	3	3	2	2	2	1	3	3	1	1	2	2	2	2	2	2	5	5	1	1	3	3	3	3	2	2	2	2	2	2	3	3	2	2	3	3	3	3	1	1	2	2	2	1	4	2	2	1	2	1	2	1	4	4	2	1	4	3	2	2	2	2	1	1	1	1	2	1	2	2	2	2	2	2	3	3	2	2	1	1	2	2	2	1	2	1	3	3	3	3	3	2	4	3	3	2	1	1	1	1	2	2	5	4	3	3	1	1	2	2	2	1	1	1	1	1	1	1	2	1	3	3	1	1	2	1	2	2	3	3	3	3	2	2	2	1	2	2	2	2	2	2	2	2	4	4	3	2	1	1	3	3	3	2	2	1	3	3	3	3	3	1	3	2	2	2	3	3	2	2	3	3	4	4	5	3	2	2	3	3	2	1	2	1	2	2	2	2	3	2	2	1	2	2	3	3	4	2	4	4	4	3	2	2	1	1	2	1	1	1	2	2	5	5	3	3	1	1	2	1	2	1	4	2	4	4	2	2	2	2	1	1	3	3	1	1	2	2	1	1	3	1	2	1	1	1	3	2	1	1	4	4	3	3	3	1	3	3	4	4	2	1	1	1	4	4	4	4	1	1	3	3	3	3	1	1	3	2	3	3	2	2	2	1
21G.1710	2	2	3	2	4	1	3	3	2	2	3	1	3	3	4	4	3	3	3	2	3	1	2	2	2	2	4	4	4	2	2	2	2	2	2	2	3	2	3	2	3	2	3	3	3	1	2	2	2	1	2	1	2	2	3	3	2	2	2	2	3	3	4	2	3	3	3	3	2	2	2	2	3	3	4	4	3	3	1	1	3	1	2	2	3	3	5	2	1	1	2	2	3	3	2	2	3	3	2	1	3	3	2	1	3	3	2	2	4	1	3	3	2	2	2	2	2	2	4	4	3	3	2	2	2	1	3	3	2	1	3	2	3	1	1	1	1	1	2	2	2	2	1	1	2	1	3	3	2	1	1	1	3	2	1	1	3	3	2	2	3	3	2	2	3	3	1	1	3	3	2	2	3	3	2	2	1	1	2	2	3	1	2	2	2	2	2	2	2	1	2	2	7	7	3	1	1	1	2	2	4	3	2	1	1	1	1	1	2	2	2	2	2	2	1	1	1	1	3	3	3	3	4	4	4	4	1	1	1	1	2	1	2	2	1	1	2	1	2	2	3	3	3	2	2	2	3	2	3	1	2	2	1	1	3	3	1	1	2	2	2	1	1	1	3	3	3	3	4	4	2	1	2	2	2	2	3	3	2	2	3	3	3	1	2	1	2	2	3	3	2	2	4	2	3	3	2	2	3	2	2	2	2	2	3	2	3	3	3	2	3	3	2	1	2	2	3	3	2	2	4	3	2	2	2	2	3	2	1	1	2	2	4	4	4	2	2	1	2	1	2	2	1	1	3	2	2	2	2	2	3	1	5	4	1	1	2	2	1	1	2	2	3	3	3	1	3	3	4	2	3	1	1	1	5	5	1	1	5	4	3	1	2	1	1	1	2	2	2	2	2	2	1	1	2	2	2	2	3	1	2	2	2	2	3	2	2	2	2	2	2	1	2	1	3	3	2	2	3	1	3	3	3	1	3	3	4	4	3	3	2	2	2	1	2	1	3	3	3	3	2	2	3	3	3	1	5	5	1	1	4	4	3	3	1	1	2	2	1	1	2	2	1	1	2	1	2	1	2	2	3	3	5	2	4	2	3	1	2	2	3	3	1	1	5	1	2	2	2	2	2	2	1	1	2	2	1	1	4	4	3	3	4	2	3	3	2	2	3	3	3	1	2	2	3	2	2	2	3	1	3	2	3	3	1	1	2	2	3	3	3	1	3	3	4	4	2	1	2	1	2	2	4	4	2	1	3	1	2	2	3	2	1	1	3	2	2	2	1	1
21G.1712	2	2	2	1	4	1	1	1	2	1	1	1	2	2	4	4	3	2	3	3	3	3	2	1	2	2	2	2	1	1	2	2	2	2	3	2	3	3	1	1	3	2	2	2	3	3	2	2	1	1	4	3	2	2	3	2	1	1	1	1	3	3	4	4	3	1	3	3	3	3	3	2	3	3	4	4	2	1	3	3	3	3	2	2	2	1	2	1	1	1	2	1	2	2	3	2	4	4	2	1	3	2	2	1	3	3	2	2	3	3	3	3	2	2	2	1	3	1	4	4	1	1	2	2	2	2	2	1	4	2	3	3	3	3	2	2	4	1	3	2	2	2	2	2	2	2	3	3	0	0	2	2	3	2	1	1	2	1	2	2	3	1	1	1	2	2	3	3	3	3	2	1	3	2	3	1	2	2	4	1	3	3	1	1	2	2	2	2	2	2	1	1	4	3	2	2	1	1	2	1	2	2	3	2	3	3	1	1	1	1	2	2	3	2	1	1	1	1	1	1	2	1	3	3	4	1	1	1	1	1	2	2	2	2	1	1	2	1	1	1	2	2	1	1	3	3	3	3	2	2	3	3	1	1	3	2	1	1	2	2	3	3	2	1	3	3	2	2	4	2	2	2	3	1	2	2	3	3	2	2	3	2	3	3	2	2	3	2	3	3	1	1	3	1	2	2	3	1	2	2	2	1	1	1	3	2	3	3	3	3	3	2	3	3	1	1	2	2	2	2	4	4	2	2	2	2	3	3	2	2	1	1	3	2	4	4	2	2	1	1	1	1	1	1	1	1	2	2	1	1	3	3	5	5	2	2	2	1	2	2	2	2	2	2	3	1	4	4	3	3	3	3	2	2	3	1	3	3	3	3	3	2	2	2	2	2	2	2	2	2	2	2	3	3	2	2	3	3	3	1	2	1	1	1	3	3	3	3	2	2	2	1	2	1	2	2	2	2	1	1	4	4	2	2	3	3	4	4	1	1	1	1	2	2	1	1	1	1	1	1	3	2	2	1	2	2	2	2	4	4	4	1	1	1	3	3	2	2	2	2	2	2	2	2	3	3	2	2	2	2	3	3	5	5	3	2	4	4	3	2	1	1	2	1	1	1	2	2	5	5	3	3	4	2	2	1	1	1	4	3	4	4	2	2	2	2	2	2	3	3	1	1	2	2	3	2	1	1	3	2	2	2	3	2	2	2	2	2	2	2	1	1	2	1	3	3	2	2	3	1	4	4	4	4	3	3	3	2	2	2	1	1	3	3	3	2	3	3	1	1
21G.1714	2	1	3	3	0	0	2	2	2	2	2	2	3	3	4	3	1	1	3	3	3	1	2	1	1	1	4	2	2	2	3	3	2	1	3	3	3	3	3	3	4	4	3	3	3	3	2	2	2	1	3	2	2	1	3	1	1	1	1	1	2	2	5	1	1	1	2	2	2	2	3	3	3	2	0	0	2	1	3	1	3	3	1	1	2	2	3	3	3	3	2	2	3	3	3	1	3	3	1	1	3	1	2	2	3	2	1	1	4	2	3	3	3	3	2	2	3	3	2	1	1	1	2	2	1	1	2	2	4	4	3	3	3	3	2	1	2	2	3	3	2	2	2	2	2	2	5	3	2	1	2	1	3	3	1	1	1	1	2	1	2	1	2	2	2	2	2	2	1	1	1	1	1	1	3	3	1	1	1	1	2	1	2	2	1	1	1	1	2	2	1	1	4	4	3	2	2	2	2	2	3	3	4	4	2	2	4	2	3	2	2	2	2	2	1	1	2	2	2	1	3	3	2	2	3	3	2	1	2	2	2	2	1	1	3	1	2	2	2	2	3	3	2	1	2	2	3	3	4	4	3	3	2	2	3	3	1	1	2	2	4	4	2	2	3	3	3	2	4	4	1	1	1	1	2	2	3	2	2	2	1	1	2	2	1	1	3	2	3	3	2	2	5	1	3	3	3	2	2	1	2	2	2	2	3	3	3	3	2	2	2	2	3	1	2	2	2	2	1	1	3	3	2	1	2	1	3	1	2	2	2	2	3	3	5	5	2	1	1	1	1	1	3	1	3	3	3	3	2	1	1	1	4	4	1	1	2	1	2	2	2	2	3	3	1	1	0	0	0	0	3	3	1	1	2	2	2	1	4	4	3	3	2	1	2	2	2	1	2	2	2	1	3	3	1	1	3	3	3	3	2	1	2	1	3	2	3	2	2	1	2	2	3	3	3	3	3	2	3	3	4	4	2	2	3	3	3	3	3	3	2	2	2	2	2	2	3	3	3	3	3	2	3	3	2	2	3	3	4	4	0	0	1	1	3	3	2	2	2	2	2	1	2	2	3	3	2	2	2	2	3	2	4	4	4	4	4	4	2	2	3	2	2	1	1	1	2	1	5	5	1	1	3	3	2	1	1	1	4	4	3	3	2	2	2	2	2	2	2	1	3	1	1	1	3	3	3	3	2	2	2	2	3	3	3	3	4	4	3	2	1	1	3	3	4	2	2	2	3	3	3	2	4	4	3	3	2	2	2	2	1	1	2	2	3	3	2	1	1	1
21G.1716	1	1	3	2	4	4	3	1	1	1	3	3	3	3	4	3	2	1	2	2	3	3	2	1	2	2	2	2	1	1	3	2	3	2	2	2	3	1	1	1	1	1	3	3	1	1	2	2	2	1	3	1	2	2	2	2	2	2	1	1	3	3	5	4	2	2	4	2	2	2	2	1	3	3	3	3	2	2	3	1	3	3	2	2	3	2	5	2	3	3	2	2	3	3	3	3	4	4	1	1	1	1	3	2	3	3	2	1	4	1	3	3	2	1	2	1	3	3	4	4	3	3	2	2	3	3	3	3	4	2	3	3	3	3	2	1	3	2	3	3	1	1	2	1	2	2	5	1	2	2	2	1	3	3	4	4	1	1	2	1	3	2	2	2	2	2	1	1	3	1	2	1	3	3	3	3	2	2	4	1	1	1	3	2	1	1	2	2	2	2	2	2	7	4	3	3	1	1	2	1	3	2	4	4	3	3	2	2	1	1	2	2	3	3	2	2	2	2	3	3	3	3	4	4	2	1	2	2	2	2	2	1	2	2	2	2	1	1	2	2	2	2	2	1	2	1	3	3	1	1	3	2	2	1	3	2	2	2	2	2	3	2	2	2	3	1	2	2	4	4	3	1	2	1	2	1	3	3	1	1	3	2	3	3	2	2	2	2	3	3	2	2	4	4	3	3	3	3	3	3	1	1	2	2	2	1	1	1	2	2	3	2	1	1	2	1	3	3	2	2	4	4	2	2	1	1	3	3	3	3	3	2	4	3	5	5	2	2	2	1	2	2	1	1	2	2	3	3	2	1	3	3	4	4	1	1	2	2	2	1	3	1	2	2	3	3	2	2	3	3	3	3	2	2	3	1	3	1	4	4	3	3	1	1	1	1	2	2	2	1	3	1	2	1	1	1	3	3	1	1	1	1	3	3	3	3	3	3	2	2	2	2	2	1	3	2	3	3	3	1	3	3	3	1	3	1	4	4	2	1	2	2	4	4	2	2	3	3	3	2	3	3	3	3	3	3	3	3	4	2	5	5	1	1	2	2	2	2	2	2	2	2	2	2	3	3	1	1	2	1	3	3	4	4	2	2	3	3	3	3	1	1	2	2	1	1	1	1	5	3	1	1	4	4	2	2	2	2	4	2	2	2	2	1	3	2	2	2	3	3	3	1	2	2	3	3	1	1	4	4	3	3	3	3	3	3	2	1	2	2	2	1	1	1	4	4	2	1	2	2	4	1	2	2	1	1	3	1	3	3	1	1	2	2	3	3	3	2	2	2
21G.1717	1	1	3	3	4	4	2	1	2	2	1	1	3	3	4	3	2	2	3	2	3	3	1	1	1	1	4	4	4	4	3	3	2	2	1	1	2	1	2	1	2	2	3	1	3	3	3	3	2	2	3	2	2	2	2	2	2	2	1	1	3	2	4	4	3	3	3	3	2	2	3	3	1	1	4	3	3	3	1	1	1	1	2	2	1	1	2	2	2	2	1	1	2	1	3	1	4	4	3	1	3	3	3	3	2	1	2	2	4	2	3	3	1	1	2	1	1	1	4	4	2	2	2	2	2	1	3	1	4	2	3	1	3	3	2	2	3	3	3	3	2	1	2	1	3	3	5	5	3	3	2	2	3	3	3	3	1	1	2	1	2	1	1	1	2	2	1	1	3	3	2	2	3	2	3	3	1	1	2	2	2	2	1	1	3	3	2	2	2	2	2	2	4	4	2	2	1	1	2	2	3	3	4	4	1	1	4	4	3	3	4	2	2	1	2	2	2	2	2	1	2	1	4	1	3	3	2	2	2	1	2	2	2	1	3	3	1	1	2	2	3	3	3	3	2	1	3	3	4	4	3	3	2	1	2	2	1	1	2	2	2	2	1	1	3	3	2	2	4	1	2	2	1	1	2	2	2	2	2	1	2	2	3	3	1	1	3	3	4	4	1	1	4	1	3	1	3	3	3	1	1	1	2	1	2	2	3	3	3	3	2	2	3	2	2	2	1	1	1	1	4	2	2	1	1	1	2	2	1	1	3	3	4	4	1	1	2	2	2	2	2	2	2	1	3	2	2	2	1	1	2	2	4	4	1	1	1	1	1	1	3	3	1	1	3	3	2	2	3	3	2	1	2	2	3	3	3	2	5	3	1	1	2	2	1	1	2	2	2	2	3	1	3	1	1	1	3	3	1	1	2	2	2	1	3	2	3	2	1	1	1	1	1	1	3	3	3	3	3	3	1	1	3	3	1	1	3	3	2	2	2	2	2	2	1	1	3	3	3	2	3	2	3	2	2	2	3	3	4	2	4	2	2	2	3	1	2	2	2	2	2	1	2	2	3	3	1	1	2	2	4	3	5	5	4	4	2	2	3	1	1	1	2	2	1	1	2	1	5	5	3	3	4	2	2	2	2	2	4	1	2	2	4	4	2	2	1	1	2	2	1	1	1	1	3	2	1	1	2	2	3	3	3	1	3	3	2	1	3	2	2	2	2	2	4	3	2	1	2	1	2	2	1	1	1	1	1	1	3	3	4	1	3	3	2	2	3	1	1	1
21G.1719	2	1	2	2	4	4	2	2	1	1	3	1	3	1	4	4	2	1	3	3	2	2	2	2	1	1	4	4	3	3	2	2	2	1	2	2	1	1	3	3	3	3	3	3	3	3	3	2	2	2	4	4	2	2	3	3	2	1	1	1	3	3	5	5	3	3	2	1	3	2	3	3	3	3	3	3	3	3	3	3	3	3	2	2	2	2	4	4	3	3	2	2	3	3	3	3	4	1	1	1	2	2	2	1	3	1	2	2	4	2	3	3	2	2	2	1	3	2	4	3	3	2	3	2	2	2	2	1	4	1	2	1	3	2	2	2	4	1	3	3	1	1	2	1	3	3	5	3	2	1	2	2	2	2	2	2	3	1	2	2	2	2	2	1	2	2	1	1	3	3	2	1	3	3	2	2	2	1	1	1	3	3	2	2	2	1	1	1	2	2	2	1	4	4	3	2	1	1	2	2	4	4	1	1	2	2	2	2	1	1	4	1	3	3	2	1	2	2	3	1	3	3	3	2	3	3	2	2	1	1	3	2	2	2	3	3	2	2	1	1	3	2	3	3	1	1	3	3	4	2	3	3	1	1	3	2	1	1	2	2	3	3	3	3	2	1	2	1	4	4	3	3	1	1	1	1	2	2	1	1	3	3	3	3	1	1	3	2	4	4	2	1	1	1	3	3	2	1	2	2	2	1	2	2	3	3	3	3	3	2	3	2	3	1	2	2	2	1	2	2	3	3	2	2	2	2	3	1	2	1	3	3	4	1	5	5	2	2	1	1	2	2	2	1	2	2	2	1	2	2	3	3	2	2	1	1	1	1	2	1	2	2	3	3	1	1	3	3	4	2	3	3	1	1	3	3	1	1	4	4	3	3	1	1	2	2	2	2	2	1	3	3	3	3	2	2	3	3	1	1	1	1	2	2	3	3	3	3	2	2	2	2	1	1	3	2	2	2	3	1	4	4	2	2	3	3	3	3	3	3	2	2	2	1	2	1	3	3	3	3	2	1	3	3	3	3	3	3	4	2	5	5	2	2	3	1	1	1	2	2	2	1	2	2	1	1	2	2	2	2	3	2	2	2	5	1	3	3	3	1	2	2	2	2	3	3	2	2	4	4	2	2	4	4	2	1	2	2	4	4	3	2	2	2	2	2	1	1	3	3	1	1	2	2	3	2	3	3	2	2	3	1	2	2	2	2	2	2	3	3	3	3	3	2	4	3	2	1	1	1	3	3	4	4	1	1	3	3	3	1	3	3	2	2	3	3	3	1	1	1
21G.1722	2	2	3	3	4	4	3	3	2	2	3	3	1	1	4	4	2	2	0	0	3	2	2	1	2	1	4	4	2	2	3	3	3	2	2	2	1	1	4	4	4	4	3	3	3	3	2	2	2	2	3	3	2	2	1	1	2	1	1	1	2	2	4	4	2	1	4	1	2	2	3	3	3	2	3	3	3	3	3	1	2	2	2	2	2	2	3	3	2	2	2	1	1	1	1	1	4	4	1	1	2	2	2	2	3	3	2	1	4	4	1	1	2	2	2	2	3	3	4	2	1	1	3	1	1	1	3	3	4	2	2	2	3	3	2	2	3	3	3	2	1	1	2	2	2	2	3	3	1	1	1	1	3	1	4	4	1	1	2	2	3	3	2	2	2	2	2	2	1	1	1	1	3	3	3	3	1	1	2	2	3	3	1	1	1	1	2	1	1	1	2	1	4	4	2	2	2	2	2	2	3	2	4	1	2	1	4	2	3	3	2	2	2	2	2	2	1	1	2	2	3	2	2	1	4	4	1	1	2	2	2	2	2	1	3	3	1	1	2	2	3	2	3	1	2	2	3	3	4	1	2	1	2	2	3	3	1	1	2	1	4	2	3	3	3	2	2	2	4	4	2	1	2	2	2	2	3	1	2	2	3	3	2	2	1	1	2	2	2	2	2	2	5	5	3	3	3	3	2	2	2	2	2	1	3	3	4	1	2	2	1	1	2	2	2	2	2	2	1	1	3	2	2	1	3	2	3	1	1	1	2	1	4	3	5	5	2	1	2	2	2	2	3	3	3	2	2	2	2	1	1	1	4	4	1	1	1	1	2	2	1	1	3	3	3	3	2	1	0	0	3	3	1	1	1	1	2	2	5	5	3	3	1	1	1	1	2	2	2	2	2	2	3	3	2	1	3	3	3	1	2	1	3	2	2	1	3	3	2	2	2	2	1	1	2	2	3	2	3	3	3	1	3	3	3	1	3	3	3	3	2	1	2	1	1	1	3	3	3	3	0	0	3	2	2	1	3	3	4	4	2	2	2	2	3	1	1	1	1	1	2	2	2	2	2	2	2	2	2	2	3	3	2	2	4	4	3	3	0	0	1	1	2	2	1	1	2	1	2	2	2	2	2	2	2	2	2	2	3	3	3	3	4	4	2	2	2	2	2	1	3	3	2	1	3	3	3	1	2	2	2	1	3	2	3	3	4	4	3	2	1	1	2	2	4	4	2	2	3	1	2	1	4	2	1	1	3	2	3	3	4	4	3	1	3	3	2	1	1	1
21G.1728	2	2	1	1	2	2	3	1	2	2	1	1	4	3	4	4	2	2	3	3	2	2	2	2	1	1	4	2	1	1	3	3	2	2	2	1	3	2	3	3	3	2	1	1	1	1	1	1	2	1	3	3	2	2	3	3	2	1	2	2	3	3	4	4	3	3	1	1	3	3	2	2	3	3	3	3	1	1	3	3	3	2	2	2	2	2	4	4	2	1	2	2	3	1	3	3	4	4	1	1	3	1	3	3	1	1	2	2	2	2	3	3	3	3	1	1	2	1	3	3	1	1	3	2	2	2	3	2	2	2	2	2	3	2	2	2	3	3	2	2	2	1	1	1	3	3	3	3	2	1	2	2	1	1	2	1	1	1	2	1	3	2	2	2	3	3	1	1	3	1	2	1	3	3	3	3	2	2	4	4	3	1	3	2	3	1	1	1	2	2	1	1	7	7	3	3	1	1	2	1	4	2	3	3	3	3	2	2	1	1	4	2	2	2	2	2	2	2	2	1	3	3	4	4	2	2	2	2	2	2	3	3	2	2	2	2	1	1	2	2	3	3	2	2	1	1	3	3	4	1	3	3	1	1	3	3	1	1	2	2	4	1	2	2	2	2	3	2	5	5	2	2	3	3	2	1	3	2	1	1	3	2	3	2	2	2	3	3	3	2	2	2	4	4	3	3	2	2	2	2	1	1	2	2	2	2	3	3	3	3	2	1	2	1	1	1	2	1	2	1	3	3	2	1	1	1	3	3	3	3	3	1	2	2	3	2	2	1	2	1	2	1	1	1	2	2	3	2	2	2	3	3	4	1	1	1	2	1	1	1	2	2	3	3	3	1	3	1	3	3	3	3	2	1	3	3	1	1	4	4	3	3	2	1	1	1	1	1	2	2	3	2	3	1	2	2	3	3	3	3	2	2	1	1	2	2	3	3	2	1	2	2	2	1	2	2	3	3	3	2	1	1	2	2	1	1	3	1	2	2	2	1	2	2	2	2	3	3	3	3	2	2	3	3	3	3	5	3	4	2	5	5	2	2	3	3	1	1	2	2	2	1	1	1	2	1	1	1	2	2	3	3	2	2	4	4	3	3	3	3	3	3	2	2	1	1	2	1	4	2	3	3	2	2	2	2	1	1	4	4	4	4	2	1	3	2	1	1	3	3	1	1	2	2	2	2	3	3	4	4	3	2	3	3	3	3	2	2	2	2	3	3	3	3	4	4	3	3	3	3	4	3	2	2	2	2	2	2	3	3	3	3	1	1	3	1	3	3	2	2
21G.1731	2	2	3	3	4	4	3	2	1	1	2	2	3	3	4	3	3	3	5	2	3	2	2	1	2	1	2	2	4	1	3	2	1	1	2	1	4	1	3	3	3	2	3	1	3	3	2	2	2	2	4	3	2	2	3	3	2	2	1	1	3	3	4	1	3	3	1	1	3	3	3	1	3	3	0	0	3	3	1	1	3	3	2	2	2	1	3	2	2	2	1	1	2	2	3	1	4	3	1	1	2	2	2	2	3	3	2	1	4	4	3	3	3	3	1	1	2	2	3	3	3	1	2	2	2	2	3	1	4	4	2	1	3	3	2	2	4	4	3	2	1	1	2	2	2	2	3	3	3	2	1	1	2	2	2	1	1	1	2	2	3	3	1	1	2	1	3	3	3	3	2	2	3	3	3	3	2	2	4	1	3	2	1	1	3	3	2	2	2	2	1	1	2	2	2	2	1	1	1	1	3	2	4	4	1	1	4	2	3	1	2	2	2	2	2	1	1	1	3	2	3	3	3	3	4	3	2	2	2	2	1	1	2	2	2	2	1	1	2	2	3	2	1	1	3	3	2	2	4	4	2	2	1	1	3	3	1	1	2	2	2	2	3	3	3	3	2	1	4	4	1	1	2	2	2	2	3	2	1	1	3	3	3	2	1	1	2	2	4	4	1	1	3	3	1	1	3	3	2	2	2	1	2	2	2	2	3	3	2	2	2	1	2	1	2	2	3	3	2	1	4	3	2	2	1	1	3	2	2	2	3	2	3	3	3	3	2	2	3	3	2	2	3	3	3	3	3	3	1	1	1	1	5	4	1	1	1	1	2	2	3	2	3	2	3	1	3	3	4	3	2	2	2	1	3	2	2	2	3	3	3	3	2	2	2	1	2	2	1	1	3	3	3	3	2	2	2	1	1	1	2	1	2	2	3	3	3	3	2	2	2	1	1	1	2	2	2	2	3	3	4	4	3	3	1	1	3	3	3	1	2	2	4	4	1	1	3	3	2	2	3	2	3	3	3	3	3	3	4	4	2	1	3	1	3	3	1	1	1	1	2	2	1	1	3	3	2	1	2	1	3	3	5	2	4	4	3	3	3	3	2	2	1	1	1	1	2	1	3	2	3	1	2	2	2	2	2	2	4	4	4	4	2	2	3	3	2	2	2	2	3	3	2	1	3	3	2	2	3	3	2	2	3	3	1	1	2	2	2	2	3	3	3	1	4	3	2	2	3	3	4	4	4	1	2	1	3	2	2	2	3	1	2	2	3	3	2	2	2	1
21G.1733	2	1	3	1	4	4	3	1	2	2	3	3	3	1	4	3	2	2	3	2	3	3	2	1	2	1	2	2	2	2	2	2	3	2	2	2	4	1	3	3	1	1	3	3	3	1	3	2	2	2	4	4	2	2	2	2	2	1	2	2	3	3	3	3	3	2	1	1	3	3	3	2	3	3	3	3	3	3	3	1	3	3	2	2	2	2	5	5	1	1	2	2	3	3	1	1	3	3	2	2	3	1	2	2	3	3	2	2	4	4	3	3	3	3	1	1	2	1	4	4	3	1	3	2	2	2	2	1	4	2	2	1	3	1	2	2	3	1	3	2	2	2	1	1	3	3	5	1	0	0	2	2	3	3	2	1	1	1	2	1	3	3	1	1	2	2	1	1	3	3	2	2	3	3	3	3	1	1	4	2	2	2	2	2	3	3	2	2	1	1	2	2	7	4	2	2	1	1	1	1	2	2	3	1	2	1	2	2	1	1	4	4	3	3	2	2	2	2	3	1	3	2	3	2	3	3	2	2	1	1	3	3	2	1	2	2	3	1	1	1	2	2	3	2	2	2	3	3	4	1	3	2	1	1	3	2	2	1	2	2	3	3	3	3	3	1	3	3	5	5	2	2	3	3	2	1	3	2	1	1	3	3	2	2	2	2	3	3	3	3	2	2	3	3	1	1	2	2	3	3	1	1	1	1	2	2	3	3	2	2	1	1	3	3	1	1	1	1	2	2	4	4	2	2	2	1	3	3	3	3	3	3	2	2	2	2	2	2	2	2	2	2	1	1	2	1	3	3	2	2	3	1	5	5	1	1	2	2	2	2	3	3	3	3	3	3	3	3	4	4	3	1	2	2	5	5	2	2	4	4	3	3	2	1	1	1	2	2	2	2	3	2	3	3	2	2	3	3	3	3	2	1	3	1	3	2	3	2	1	1	2	2	2	1	2	2	3	3	3	3	3	3	3	3	3	3	4	3	3	2	1	1	2	2	2	1	3	1	3	3	3	2	2	2	3	2	2	2	2	1	2	2	3	3	3	1	2	2	1	1	1	1	2	1	3	2	2	2	2	2	4	4	5	5	5	5	4	4	3	3	3	1	1	1	1	1	2	2	3	3	2	2	2	1	2	1	1	1	4	4	4	4	3	2	2	2	2	2	3	3	3	1	1	1	3	3	1	1	4	3	3	3	3	3	1	1	2	2	2	2	3	3	2	2	4	4	2	2	2	2	1	1	4	4	2	2	3	2	2	2	4	3	3	1	3	2	3	1	1	1
21G.1736	1	1	2	1	4	4	2	2	1	1	1	1	3	3	3	3	3	1	5	5	3	3	1	1	2	1	2	2	1	1	3	2	3	2	1	1	3	3	1	1	3	2	1	1	3	1	2	1	1	1	4	4	2	2	2	2	1	1	2	1	2	2	5	4	3	3	3	3	3	3	2	2	3	3	3	3	3	3	3	3	3	3	2	2	2	2	4	4	3	2	2	2	3	3	2	2	4	4	1	1	2	2	3	3	1	1	2	2	4	4	3	3	2	2	2	2	3	3	3	3	2	2	3	3	3	3	2	1	2	1	1	1	1	1	2	2	4	4	2	2	2	2	1	1	2	2	3	3	4	2	2	1	3	3	2	2	3	1	2	2	3	3	2	1	2	2	2	2	4	4	2	2	3	3	3	3	2	2	4	4	2	2	2	1	3	3	2	2	1	1	2	1	7	4	3	2	1	1	1	1	4	4	1	1	3	1	4	4	2	2	4	4	2	2	2	2	2	2	3	1	3	2	4	3	1	1	2	1	1	1	2	2	1	1	2	1	1	1	2	2	3	3	3	2	3	3	3	3	3	1	3	1	1	1	2	2	1	1	2	2	4	2	2	2	2	1	2	1	4	4	1	1	3	3	2	2	2	2	2	2	2	1	2	1	2	1	2	2	3	3	1	1	3	3	3	3	2	2	2	2	1	1	1	1	2	2	3	1	3	3	2	2	3	1	2	1	1	1	2	2	4	4	1	1	2	1	3	3	1	1	3	3	2	1	2	2	2	2	1	1	1	1	1	1	1	1	3	3	2	2	3	3	1	1	1	1	2	2	2	2	2	2	3	3	1	1	2	2	4	4	3	1	2	2	5	5	3	3	3	3	3	1	2	1	2	1	2	2	2	2	2	2	3	3	2	2	3	3	3	1	2	2	2	1	2	1	3	3	2	2	1	1	3	3	2	2	3	3	3	3	3	3	3	2	3	1	4	4	3	3	2	2	3	3	2	1	3	3	3	3	3	3	2	2	1	1	3	3	4	2	2	1	1	1	3	1	2	1	2	2	2	2	2	2	1	1	2	2	2	1	2	2	5	5	4	2	2	2	2	2	1	1	1	1	2	1	2	1	2	2	2	2	2	2	1	1	2	2	4	4	4	4	3	2	2	2	2	2	3	2	1	1	2	2	2	2	1	1	2	2	3	3	3	1	3	3	2	2	2	2	3	3	2	1	3	2	2	1	3	2	4	4	1	1	3	2	3	3	2	2	1	1	3	3	3	3	2	2	1	1
21G.1738	2	1	1	1	4	4	3	2	2	2	1	1	1	1	3	2	1	1	2	2	2	2	3	3	2	2	4	4	4	4	2	2	2	2	2	2	2	2	3	2	3	3	3	3	1	1	3	2	2	1	3	3	2	2	1	1	2	2	2	2	3	3	4	2	3	3	2	1	2	2	2	2	3	3	3	3	3	3	2	1	3	1	1	1	2	2	5	4	1	1	2	2	3	1	2	2	3	2	2	2	3	3	3	1	3	3	2	2	4	4	3	3	3	3	2	2	3	2	4	3	1	1	3	3	2	1	3	1	4	4	2	2	3	2	1	1	2	2	3	2	2	2	1	1	3	3	3	3	3	2	1	1	3	1	2	2	3	3	2	2	2	2	2	1	2	2	3	2	3	1	2	1	3	2	3	2	1	1	2	1	3	3	3	3	2	2	1	1	2	2	2	2	4	4	3	3	1	1	1	1	2	2	3	3	3	3	2	2	2	2	2	2	1	1	2	2	2	1	4	2	1	1	4	4	3	3	1	1	1	1	2	2	2	2	1	1	1	1	2	1	3	2	3	3	2	2	3	3	3	2	3	2	2	2	3	2	1	1	2	2	4	4	3	3	1	1	3	3	1	1	1	1	3	3	2	1	3	2	2	2	3	3	3	3	2	2	3	3	3	2	2	1	4	3	3	3	2	2	3	2	2	2	2	2	2	2	3	1	3	3	2	2	2	2	1	1	2	2	1	1	4	3	2	2	2	1	3	3	5	5	3	3	4	1	2	1	2	2	2	2	2	2	1	1	2	2	3	2	2	2	3	1	5	4	1	1	2	1	2	2	1	1	2	2	2	2	3	3	3	3	3	3	2	2	3	3	1	1	5	5	3	3	2	2	1	1	2	2	2	2	2	1	2	2	2	2	3	3	1	1	2	1	2	1	3	3	3	3	2	2	2	1	3	3	3	2	2	2	2	2	4	3	2	2	3	3	3	1	1	1	2	2	2	2	2	2	3	3	3	3	2	2	3	1	3	1	3	3	3	2	2	1	3	1	3	3	1	1	1	1	2	2	2	1	3	3	2	2	2	2	3	2	4	4	5	4	4	2	3	3	1	1	2	2	3	3	2	2	4	4	2	2	2	1	2	2	2	2	4	2	4	4	4	2	3	2	2	2	3	3	3	1	2	1	3	2	3	1	2	2	3	3	2	1	1	1	2	2	3	3	3	1	2	2	1	1	2	2	2	2	4	3	2	2	3	3	3	3	3	3	3	3	3	1	3	3	1	1	2	2
21G.1739	2	2	3	3	4	4	3	2	2	2	2	2	3	3	4	3	3	3	5	5	3	3	2	2	2	2	4	2	4	4	3	3	3	3	2	1	1	1	2	2	4	1	3	3	3	3	2	2	1	1	4	4	2	2	3	2	1	1	1	1	2	2	4	4	2	2	2	1	2	2	2	2	3	3	4	4	3	1	2	2	3	3	2	1	1	1	2	1	2	1	1	1	3	1	1	1	4	3	3	2	3	3	2	2	3	3	2	2	4	4	3	3	3	2	2	2	2	2	1	1	2	1	2	2	2	2	3	3	3	3	2	2	3	3	2	2	2	2	2	2	2	2	2	2	3	3	5	3	2	2	2	2	3	3	4	1	1	1	2	2	3	3	1	1	2	2	3	3	1	1	1	1	3	3	2	2	2	1	4	2	2	1	2	1	2	1	1	1	2	2	2	2	4	4	3	3	1	1	2	2	2	2	2	1	3	1	4	4	2	2	3	1	3	1	2	1	2	2	4	2	1	1	3	3	4	1	2	2	2	2	3	3	1	1	3	3	1	1	2	2	2	2	3	3	3	3	3	3	1	1	3	3	1	1	3	3	2	2	2	1	4	4	3	3	3	1	2	2	4	4	2	2	3	2	2	2	2	2	2	2	3	3	3	3	2	1	3	3	3	3	2	1	5	4	3	3	2	2	2	2	1	1	2	2	2	2	3	3	2	2	2	1	3	3	2	2	2	2	1	1	3	3	2	1	2	2	2	2	1	1	3	3	5	4	1	1	3	1	2	2	2	1	2	2	2	2	2	2	2	2	3	1	5	1	2	1	2	1	2	2	2	2	3	3	1	1	3	2	4	4	3	3	2	2	5	5	3	3	4	2	3	3	2	1	2	2	1	1	2	2	2	2	2	1	2	2	3	2	3	1	2	2	2	2	3	3	2	2	2	2	2	1	2	2	3	3	2	2	3	1	4	3	3	3	3	3	4	4	3	3	2	2	2	2	3	2	3	3	3	3	3	2	3	3	3	2	5	5	4	4	3	3	2	1	1	1	1	1	2	1	2	2	2	1	1	1	2	2	1	1	3	3	2	2	2	2	3	1	3	2	2	1	1	1	1	1	2	2	5	2	2	2	2	1	2	2	2	1	2	1	4	3	4	1	3	3	1	1	3	3	3	1	2	1	3	1	1	1	3	1	3	1	3	3	1	1	3	2	2	2	3	3	1	1	4	4	2	2	3	1	4	2	4	4	3	3	3	2	3	3	3	3	1	1	2	2	2	2	2	2
21G.1741	2	2	3	3	4	4	3	2	2	2	3	3	3	3	4	3	1	1	3	3	2	2	2	2	2	2	4	4	1	1	3	2	2	2	2	2	3	1	3	3	3	1	3	1	3	3	3	2	2	1	4	3	2	1	2	1	2	1	2	2	2	2	4	4	3	2	1	1	2	2	2	2	3	1	0	0	2	1	3	1	3	3	1	1	3	3	4	4	2	2	2	1	3	1	1	1	3	3	2	2	3	3	2	2	3	3	1	1	4	4	3	3	3	3	2	2	3	3	1	1	3	3	3	3	1	1	2	2	1	1	3	2	3	3	2	2	4	2	2	2	1	1	2	2	2	2	3	3	2	2	1	1	3	3	4	2	1	1	2	2	1	1	3	1	2	2	1	1	3	1	2	2	2	2	3	2	2	2	1	1	3	3	1	1	2	1	2	2	2	2	2	2	4	4	3	3	1	1	2	1	3	2	1	1	1	1	3	3	2	2	3	2	2	1	2	2	2	1	2	2	3	3	4	3	2	1	2	1	2	1	2	1	2	2	3	1	3	2	2	2	2	2	2	1	1	1	3	2	2	1	3	3	2	2	3	3	1	1	2	2	3	3	2	2	2	2	2	2	5	5	1	1	2	2	2	2	3	2	2	1	1	1	3	3	1	1	2	2	2	2	2	2	2	2	3	3	3	3	0	0	2	1	2	1	2	2	4	4	2	2	3	3	3	3	1	1	2	2	2	1	3	3	2	2	2	1	3	3	2	2	2	2	3	3	5	5	2	2	2	2	2	2	3	1	3	3	2	2	1	1	3	3	2	2	1	1	2	2	1	1	1	1	2	2	1	1	3	1	4	4	3	3	1	1	1	1	3	2	5	4	3	3	1	1	1	1	2	2	2	2	3	2	1	1	2	2	2	2	3	3	2	1	2	1	3	3	3	3	2	2	1	1	3	3	3	3	2	2	2	2	4	4	2	2	3	2	3	3	3	3	2	2	1	1	3	1	3	1	3	2	0	0	3	3	2	2	5	5	4	1	5	5	3	3	3	3	2	2	2	2	2	1	2	2	2	1	2	2	1	1	4	3	5	5	5	5	3	3	3	3	3	1	2	1	1	1	1	1	2	2	3	3	2	2	2	1	2	2	1	1	4	4	4	4	3	3	2	2	2	2	3	1	2	1	3	1	3	3	2	2	3	1	3	2	3	3	2	2	3	2	3	2	1	1	3	3	3	1	3	3	3	3	2	2	3	2	2	2	3	3	4	4	3	3	3	2	2	2	1	1
21G.1743	2	2	3	3	4	3	1	1	2	1	1	1	3	1	4	3	2	1	2	1	3	3	2	1	2	2	4	4	4	1	3	3	2	1	2	2	1	1	3	3	3	2	3	1	3	3	3	2	2	2	4	4	2	2	3	3	2	2	2	1	3	3	5	4	3	3	1	1	3	3	2	2	2	2	4	4	3	3	3	3	2	2	2	2	2	2	4	2	1	1	2	2	3	1	3	3	4	4	1	1	3	2	2	2	3	2	2	2	4	4	3	1	2	1	2	2	3	1	4	3	2	1	3	3	2	2	3	3	2	2	2	2	3	2	2	2	3	1	3	3	1	1	2	1	3	2	5	5	2	2	1	1	3	3	2	2	3	3	2	2	3	3	1	1	2	2	2	2	2	1	1	1	3	2	2	1	2	2	2	1	2	2	3	1	3	3	2	2	1	1	2	2	4	4	3	2	1	1	1	1	2	2	2	2	1	1	2	2	3	3	4	4	1	1	2	2	2	1	4	1	3	3	3	2	3	1	2	2	1	1	2	2	2	2	3	1	2	1	2	2	3	3	3	1	3	3	3	2	3	1	3	3	1	1	3	3	2	2	2	2	3	1	3	3	3	3	2	1	4	4	2	1	1	1	2	1	3	3	2	2	3	3	3	3	1	1	2	2	4	4	2	2	4	4	3	3	3	3	2	2	1	1	2	1	3	2	3	3	2	2	2	1	3	1	2	2	2	2	2	1	4	4	2	2	2	2	3	3	5	5	3	3	4	4	2	2	2	2	2	1	2	2	2	2	2	2	3	3	2	2	1	1	2	2	2	1	2	1	2	2	2	1	3	2	1	1	3	3	0	0	3	3	2	2	3	3	1	1	4	3	1	1	2	2	2	2	2	2	2	2	2	2	3	3	2	2	3	3	1	1	1	1	2	1	3	2	3	3	2	2	2	2	3	1	2	2	2	2	3	3	4	4	3	3	3	1	3	3	3	2	2	2	3	1	2	1	3	3	3	3	2	2	3	3	2	2	4	4	4	4	5	4	1	1	3	1	2	2	1	1	2	1	2	1	1	1	2	2	2	2	3	3	2	2	5	4	3	1	3	2	1	1	2	2	1	1	2	1	4	3	2	1	2	1	2	1	2	2	4	4	4	2	2	2	2	2	1	1	3	3	3	1	2	2	3	3	3	3	4	3	3	3	3	2	1	1	2	2	3	3	3	3	2	2	4	3	1	1	3	3	4	4	4	2	3	1	3	3	3	3	1	1	3	1	3	3	2	1	2	1
21G.1744	2	2	1	1	4	1	3	2	1	1	1	1	3	3	4	4	3	3	3	3	1	1	2	2	2	2	4	4	4	4	2	2	2	2	2	2	3	3	3	3	4	4	3	3	3	3	3	2	2	1	4	2	2	2	1	1	2	1	1	1	2	2	4	4	3	3	2	1	2	2	2	2	3	3	4	4	3	2	3	1	3	3	2	2	1	1	5	2	1	1	2	2	3	1	2	2	3	3	2	1	1	1	2	1	3	3	2	2	4	1	3	3	2	2	2	1	3	3	4	3	2	1	3	3	2	2	1	1	2	1	3	3	3	3	2	2	4	4	3	3	2	2	1	1	3	2	3	3	2	2	2	2	3	1	2	2	3	3	2	2	3	2	3	3	2	1	2	2	3	1	1	1	2	1	3	2	2	1	2	1	3	2	2	2	3	3	2	1	2	2	1	1	4	4	2	2	1	1	1	1	2	1	2	2	1	1	2	2	3	3	4	4	1	1	2	1	2	1	4	4	3	3	4	4	3	3	1	1	1	1	3	3	2	2	1	1	1	1	2	2	3	3	3	3	1	1	3	3	2	2	3	3	2	1	2	2	2	2	2	2	4	4	3	1	3	1	3	2	1	1	1	1	3	1	2	1	2	2	2	2	3	3	2	2	2	2	3	3	3	3	2	2	3	1	3	3	2	2	3	2	2	2	2	2	3	2	3	1	3	3	2	1	2	1	1	1	2	2	2	2	3	3	2	2	2	2	3	1	3	3	3	3	4	4	2	2	2	2	2	2	2	2	2	2	2	2	3	3	2	2	1	1	5	4	2	1	2	2	2	2	2	2	3	3	3	1	3	2	4	4	3	1	2	1	3	3	1	1	3	3	3	1	1	1	2	2	2	2	2	2	2	1	2	2	2	2	2	2	3	1	2	2	2	2	3	2	2	2	0	0	1	1	3	3	4	3	2	2	3	3	4	3	2	2	3	1	3	3	3	3	1	1	2	1	3	3	2	1	3	3	2	2	3	3	2	2	3	3	3	3	5	2	1	1	3	3	2	1	2	2	1	1	3	3	3	3	1	1	2	1	4	4	5	5	5	5	2	2	3	3	2	2	2	2	3	3	1	1	4	2	3	2	2	2	2	1	2	2	2	2	4	4	2	2	2	2	2	2	3	2	1	1	1	1	3	3	2	2	3	3	3	1	2	2	1	1	4	4	3	3	2	2	2	1	4	1	2	1	3	3	4	2	4	2	0	0	3	3	3	3	1	1	1	1	2	1	3	2	2	1
21G.1745	2	2	1	1	4	4	3	2	2	2	1	1	3	1	4	4	2	2	3	3	3	3	2	2	3	2	4	4	1	1	3	2	3	3	2	1	2	2	2	1	2	2	3	1	3	3	2	2	2	1	4	3	2	2	3	3	1	1	2	2	2	2	4	4	3	2	1	1	3	2	3	2	3	3	3	3	2	2	1	1	3	3	2	2	3	2	4	2	3	3	2	1	2	2	3	1	3	2	1	1	2	2	3	1	1	1	2	1	4	4	3	3	2	1	2	2	3	3	4	3	3	3	3	3	2	2	2	2	2	1	3	1	3	3	2	2	3	3	2	1	2	2	2	1	2	2	3	3	1	1	1	1	1	1	2	2	2	1	2	2	3	3	2	2	2	2	1	1	3	3	1	1	3	3	3	3	2	1	2	2	2	1	3	1	2	1	2	2	2	2	2	1	6	4	2	2	1	1	1	1	3	3	2	2	1	1	4	2	3	1	4	4	2	2	2	1	2	2	3	2	2	2	4	4	3	1	1	1	1	1	3	3	1	1	3	3	1	1	2	2	3	3	3	1	3	3	3	3	4	1	3	2	1	1	3	3	1	1	2	2	2	2	2	1	3	1	2	2	4	4	2	2	3	3	2	2	2	2	1	1	3	2	2	2	2	2	3	3	3	3	2	2	3	3	3	3	2	2	3	2	2	1	1	1	2	2	3	3	2	2	3	3	2	1	2	1	2	2	2	2	4	4	1	1	2	2	3	3	5	5	3	1	5	4	4	4	3	2	2	2	2	2	3	3	3	2	2	2	1	1	1	1	5	2	2	2	2	2	2	2	1	1	3	3	2	2	3	3	4	4	2	1	2	2	5	2	3	2	1	1	2	2	2	2	2	1	1	1	1	1	3	3	3	2	2	2	3	3	3	3	2	1	3	1	2	2	3	2	1	1	1	1	2	1	2	2	2	1	3	1	2	1	3	3	3	3	3	1	1	1	2	2	4	3	1	1	2	2	3	3	2	2	3	3	3	3	3	3	4	1	4	2	2	2	1	1	2	2	2	2	2	2	2	2	3	1	2	2	2	2	3	2	5	2	4	4	4	4	2	2	2	2	2	2	5	5	2	1	2	2	2	2	3	1	2	1	2	2	1	1	4	4	2	2	2	2	2	1	2	2	1	1	2	2	3	1	3	1	3	2	2	2	3	2	1	1	4	2	3	1	3	3	2	2	3	1	3	2	1	1	4	4	2	1	2	1	3	3	2	1	4	1	3	2	3	3	2	1	2	2
21G.1747	2	2	2	1	1	1	3	1	2	2	1	1	3	2	3	3	3	3	5	5	3	3	2	1	2	2	4	1	2	1	2	2	2	2	1	1	1	1	1	1	2	2	3	1	3	3	2	2	2	1	4	4	2	2	3	1	1	1	1	1	2	2	5	4	3	2	2	2	3	3	2	2	3	3	4	4	2	1	1	1	3	3	2	2	2	2	4	2	1	1	2	2	1	1	2	2	4	3	2	1	2	2	3	3	3	3	2	2	4	4	3	3	3	3	2	2	2	1	4	1	3	3	2	2	2	2	3	3	4	2	3	3	3	1	2	2	3	3	2	1	2	2	2	1	2	2	5	5	2	2	2	2	3	1	2	2	3	3	2	2	2	1	2	1	3	3	3	3	3	1	3	3	3	3	3	3	1	1	4	1	2	2	3	3	3	3	2	2	2	2	2	2	7	4	3	2	2	2	2	2	4	3	1	1	1	1	4	4	3	3	2	2	2	2	2	2	2	1	2	2	3	3	4	4	4	3	2	2	2	1	2	2	2	2	2	2	1	1	2	2	3	3	3	3	2	1	3	2	4	1	2	2	1	1	2	2	2	2	2	2	2	2	3	3	1	1	2	2	4	1	2	2	3	3	2	2	2	2	2	1	2	1	3	1	1	1	3	3	3	3	2	1	3	1	3	3	2	2	1	1	1	1	1	1	2	1	3	3	3	1	2	2	2	2	2	1	3	2	1	1	4	3	2	2	2	2	2	2	3	3	3	2	4	1	2	2	2	2	2	2	2	1	2	1	2	1	3	3	2	2	2	1	4	2	1	1	2	2	2	2	1	1	3	3	3	1	3	3	4	4	3	2	2	2	3	1	3	3	5	5	3	1	2	2	2	2	2	2	2	2	3	3	2	1	2	1	3	3	3	1	2	1	2	2	3	3	3	3	2	1	1	1	2	2	2	2	3	1	3	2	3	1	3	3	3	3	3	3	3	2	2	2	3	3	3	3	1	1	3	3	2	2	3	3	3	3	3	3	4	4	3	3	2	1	1	1	2	1	2	2	2	2	2	1	2	2	2	2	1	1	4	3	4	4	4	1	2	1	2	1	2	1	1	1	1	1	2	1	5	5	3	2	2	2	2	2	1	1	4	3	4	4	2	2	3	2	1	1	3	2	1	1	2	2	2	2	2	2	3	3	3	3	2	2	1	1	4	4	2	2	2	2	1	1	2	2	2	2	2	2	3	1	2	1	3	2	3	3	1	1	1	1	3	1	2	2	2	2	2	1
21G.1758	2	2	3	3	4	4	3	3	2	2	3	1	3	1	3	3	3	1	2	2	3	3	2	2	2	2	4	4	2	1	3	2	2	2	2	2	3	3	3	3	4	2	3	1	3	1	2	1	1	1	3	1	2	1	3	2	2	2	2	2	3	1	5	5	2	2	2	1	3	3	3	3	3	3	3	2	3	2	3	1	3	1	2	2	3	3	5	5	2	1	2	2	3	3	2	2	3	2	2	2	3	2	2	2	2	2	2	2	4	3	3	3	2	2	1	1	1	1	4	4	2	1	2	2	2	1	1	1	2	2	3	2	3	2	2	1	4	2	2	2	1	1	2	1	3	3	5	5	2	2	1	1	3	1	2	2	1	1	2	2	3	3	2	2	3	3	3	3	3	1	2	2	3	3	3	3	2	2	1	1	2	2	3	3	3	3	2	2	2	1	2	2	7	4	3	2	1	1	2	1	2	1	2	1	2	1	3	3	3	1	4	1	3	3	1	1	1	1	3	1	3	3	3	3	4	3	2	2	1	1	3	3	2	1	2	2	2	2	2	2	2	2	3	3	2	2	3	3	3	3	3	3	1	1	3	3	2	1	2	1	2	2	1	1	3	2	3	1	4	2	1	1	2	2	1	1	3	2	2	2	3	1	3	3	2	1	3	3	3	2	2	2	2	1	3	3	3	3	3	1	2	2	2	2	2	2	3	3	2	2	3	3	2	2	2	2	3	2	2	2	3	3	2	1	1	1	2	2	1	1	2	2	4	2	5	5	3	3	2	2	2	1	1	1	2	2	3	3	2	2	3	3	2	1	1	1	2	2	2	2	3	1	3	3	3	1	3	3	4	2	2	2	1	1	3	3	2	2	5	4	3	3	1	1	2	1	2	1	2	2	3	3	2	2	2	2	2	2	3	1	2	1	3	3	2	2	3	3	2	2	2	2	2	1	4	4	2	2	3	2	3	1	3	3	3	3	4	4	2	2	2	2	4	4	1	1	3	2	3	3	3	2	3	3	3	2	5	5	2	2	4	4	3	3	3	2	2	1	1	1	2	2	2	2	2	2	1	1	2	2	3	3	5	5	2	1	3	3	3	2	3	3	1	1	1	1	2	2	4	2	2	2	2	2	2	2	2	2	4	4	4	4	4	1	3	1	2	2	3	3	3	3	2	2	3	3	3	3	3	2	3	3	3	3	2	2	3	3	3	3	3	1	1	1	3	3	2	2	2	2	2	2	2	2	2	2	3	2	2	2	3	3	2	1	3	3	2	2	1	1
21G.1761	2	2	3	3	4	4	3	1	1	1	3	1	4	1	3	2	3	3	5	3	3	3	2	2	2	2	4	3	1	1	3	3	3	1	3	3	3	2	2	2	2	2	3	3	3	1	2	2	2	2	3	2	2	1	3	1	2	2	1	1	2	2	4	4	3	3	2	1	3	3	2	2	3	3	3	3	3	3	1	1	3	1	1	1	2	1	5	5	3	3	2	2	3	3	3	1	4	4	1	1	2	2	2	2	3	1	2	1	4	2	2	1	2	2	1	1	2	2	4	1	3	1	2	2	3	3	3	2	4	4	2	2	3	3	2	2	3	1	2	2	2	2	2	2	2	2	5	5	3	1	1	1	3	3	2	2	3	1	1	1	2	2	2	2	2	2	3	1	3	3	1	1	3	3	3	3	1	1	4	4	2	2	2	2	3	2	2	2	2	2	2	1	7	3	2	2	2	2	2	2	3	3	4	4	3	1	4	1	3	1	2	2	2	2	2	2	1	1	3	3	2	1	3	2	3	3	1	1	2	2	2	1	2	2	3	2	1	1	2	1	3	3	3	3	3	3	3	3	4	4	2	1	1	1	3	3	2	2	2	1	4	4	2	1	3	3	2	2	4	4	2	2	1	1	2	1	3	3	2	2	3	3	3	2	2	2	3	3	3	3	2	2	3	2	3	3	3	3	3	3	2	2	2	2	2	1	4	3	2	2	3	1	3	2	1	1	3	3	1	1	4	2	2	1	2	2	3	3	3	1	3	3	2	2	2	2	2	2	2	2	2	2	2	1	2	2	3	2	2	1	3	3	4	4	1	1	1	1	1	1	2	2	3	3	3	1	2	2	4	3	3	3	2	2	2	2	3	3	4	3	3	3	2	2	1	1	2	2	2	1	2	2	1	1	2	2	3	2	1	1	2	2	2	2	3	3	3	3	2	2	2	2	2	1	2	2	3	3	2	1	4	4	2	2	3	3	3	3	3	2	2	2	2	2	1	1	3	3	3	3	3	2	3	3	2	1	3	3	3	2	3	2	1	1	3	1	2	1	2	1	2	2	3	1	3	3	1	1	1	1	3	3	5	5	4	4	4	4	2	2	3	3	2	1	2	2	1	1	2	1	2	1	3	3	2	1	2	2	3	2	4	4	2	2	2	2	2	2	3	3	3	3	2	2	3	2	3	3	2	2	2	2	3	3	3	2	2	2	3	3	3	2	2	2	4	3	2	2	3	2	2	2	4	4	2	1	3	3	3	3	3	1	3	3	2	2	2	2	1	1
21G.1766	2	1	3	3	4	4	3	1	2	2	1	1	4	1	4	4	2	2	1	1	3	3	1	1	3	3	4	4	1	1	2	2	2	2	2	2	4	1	3	3	3	2	3	3	3	1	3	3	2	2	4	4	2	1	3	3	2	2	2	2	3	2	2	2	3	2	1	1	3	2	3	2	2	2	3	3	3	1	3	1	3	3	2	1	3	2	3	3	3	3	2	2	3	3	3	3	3	3	2	2	2	2	2	1	2	2	2	2	4	4	3	1	1	1	1	1	3	2	3	3	2	2	3	3	3	3	2	2	4	4	3	2	3	2	1	1	4	1	2	2	2	2	1	1	2	2	5	5	2	2	2	1	3	3	2	2	3	3	2	2	3	1	2	2	3	2	3	2	1	1	1	1	3	3	2	2	2	1	4	4	3	2	2	1	2	2	2	2	2	1	1	1	7	6	3	3	2	2	2	1	4	4	2	2	1	1	4	4	2	2	4	1	1	1	2	2	2	1	3	1	3	3	4	3	3	3	2	1	2	2	3	3	1	1	2	2	1	1	2	1	2	2	3	3	2	1	3	2	4	4	2	1	2	2	2	2	2	1	1	1	2	2	2	2	3	3	2	2	1	1	2	1	3	3	1	1	2	2	2	2	3	3	3	3	2	1	3	3	3	3	2	1	3	3	3	1	2	2	2	2	2	2	2	2	2	2	3	3	3	3	3	2	1	1	2	2	3	3	2	1	3	3	2	2	2	1	3	3	2	2	2	1	4	4	2	2	2	2	2	1	2	2	1	1	2	2	3	3	1	1	1	1	5	5	2	2	2	2	2	1	2	2	3	3	3	3	3	3	4	4	2	1	2	2	3	3	3	1	4	2	1	1	2	2	2	2	2	1	2	2	3	3	3	3	2	2	3	3	3	3	2	2	3	2	2	2	3	2	2	2	2	2	3	1	2	2	2	2	3	3	4	3	2	1	1	1	3	3	2	2	2	2	3	3	3	2	3	1	3	3	2	2	3	3	3	3	4	3	2	2	5	4	3	3	3	2	3	3	2	2	2	1	2	2	1	1	1	1	1	1	3	3	5	2	3	3	3	3	3	3	2	2	2	2	5	5	2	2	5	4	2	2	3	1	2	2	2	2	4	4	4	4	4	4	2	2	2	1	3	3	3	3	2	2	3	1	2	2	3	3	3	2	3	2	2	1	3	2	3	3	3	1	2	1	3	3	2	2	3	3	4	1	4	4	3	3	2	2	2	1	3	3	3	3	3	3	3	3	1	1
21G.1770	2	2	2	2	4	4	2	2	1	1	2	2	4	3	4	4	2	2	3	3	3	3	1	1	3	2	4	4	4	1	2	2	1	1	3	3	4	4	3	3	2	2	3	3	1	1	2	2	2	2	4	4	2	1	2	2	2	2	2	2	2	2	4	4	2	1	4	4	2	2	3	3	3	3	3	3	2	2	1	1	2	1	2	2	2	2	2	2	2	2	2	1	1	1	1	1	4	4	3	1	3	3	2	2	3	3	2	2	4	4	2	1	3	2	2	2	2	2	1	1	3	1	2	2	3	1	3	3	4	2	3	2	3	1	2	1	3	3	2	2	1	1	2	2	2	2	3	3	2	2	1	1	3	3	4	4	1	1	2	2	3	3	3	3	2	2	3	3	3	1	2	1	3	3	3	3	1	1	1	1	1	1	2	2	2	2	2	2	2	2	2	2	4	1	3	3	1	1	2	1	4	3	4	1	1	1	4	4	3	3	2	2	3	3	2	1	2	2	3	3	3	1	4	4	4	2	2	1	2	1	1	1	2	2	3	1	1	1	2	2	3	2	2	2	2	2	2	2	4	4	3	3	1	1	3	3	2	2	2	2	3	3	2	1	3	3	2	2	4	1	1	1	2	2	2	2	3	3	2	2	3	2	2	2	2	1	2	2	4	4	1	1	3	3	1	1	3	3	3	3	2	2	2	2	2	2	3	3	3	2	3	1	2	1	2	2	2	2	1	1	4	4	2	2	2	2	3	3	5	5	3	2	5	5	2	2	2	1	3	3	2	2	2	2	2	2	3	3	1	1	3	1	5	2	2	2	2	1	2	2	3	3	3	3	3	3	2	2	4	4	3	3	2	1	3	3	3	3	5	5	3	1	2	1	2	2	2	2	2	2	2	1	1	1	2	2	3	1	1	1	1	1	2	2	3	3	3	3	2	1	2	2	3	1	3	2	3	3	3	3	4	4	2	2	3	2	4	3	3	2	2	2	2	1	3	1	3	1	3	3	1	1	3	3	2	1	3	3	4	2	5	5	2	1	3	3	2	2	1	1	2	2	2	2	3	3	2	2	2	1	3	3	5	2	2	2	4	4	2	2	2	2	2	2	1	1	2	1	5	2	3	3	1	1	2	2	2	2	4	4	3	3	4	4	2	1	2	1	2	2	3	3	1	1	3	3	3	3	4	2	3	3	3	3	3	1	2	2	3	3	3	1	1	1	3	2	2	2	3	3	3	3	2	1	1	1	3	2	2	2	4	4	3	1	3	3	2	1	1	1
21G.1774	2	1	2	2	4	4	2	2	2	2	2	1	3	1	4	4	2	2	3	3	3	3	2	2	2	1	4	4	4	4	2	1	2	2	1	1	1	1	2	1	2	1	3	3	3	3	2	2	2	2	4	2	2	2	2	1	2	1	2	1	2	2	4	4	2	2	1	1	3	3	3	3	2	2	2	2	3	3	3	3	3	3	1	1	3	3	5	5	3	3	2	2	3	2	2	1	4	4	2	1	2	2	2	1	3	3	2	2	4	4	3	1	2	2	2	2	3	3	4	4	3	1	2	2	2	1	3	3	2	2	2	2	3	3	2	2	3	3	3	3	1	1	2	2	2	2	5	1	2	2	2	2	2	2	4	2	3	3	2	2	3	2	2	2	2	2	3	3	4	3	2	1	3	3	3	2	2	1	4	2	2	1	2	2	1	1	1	1	2	2	2	1	6	6	3	3	1	1	2	2	4	4	4	4	2	2	4	4	2	2	2	2	3	3	2	1	2	2	4	3	3	3	4	4	4	4	1	1	2	1	2	2	2	2	3	3	3	2	2	1	2	2	3	3	2	1	3	2	1	1	3	2	1	1	3	3	2	2	2	2	2	1	2	2	3	1	3	3	4	4	1	1	3	3	1	1	3	3	2	2	3	2	3	3	2	2	3	3	3	3	2	2	3	3	3	3	3	2	3	3	2	1	2	2	2	2	1	1	2	2	1	1	3	3	2	2	2	2	1	1	4	3	2	1	1	1	3	3	4	4	3	3	5	5	3	3	2	2	2	1	2	2	1	1	2	2	3	3	1	1	3	3	5	1	1	1	2	2	1	1	3	1	2	2	3	3	3	3	4	4	3	3	2	2	3	3	3	3	5	4	3	3	2	2	2	2	2	2	1	1	1	1	3	2	2	2	3	3	3	3	1	1	2	2	3	2	3	3	2	2	2	1	3	3	2	2	2	2	3	1	4	3	3	3	3	3	4	3	3	3	2	2	4	2	1	1	3	1	3	3	3	3	3	2	3	2	5	3	4	4	5	5	3	3	3	1	2	1	2	2	2	2	2	2	1	1	2	2	1	1	3	3	5	5	5	3	4	3	3	3	1	1	1	1	1	1	2	2	5	5	3	3	3	1	2	1	1	1	4	4	4	4	2	2	3	3	1	1	2	2	3	3	2	1	3	3	3	2	3	3	3	3	3	3	1	1	2	1	3	3	3	1	3	1	4	4	3	3	2	2	4	4	4	2	0	0	3	3	3	3	4	4	3	3	3	3	3	3	2	2
21G.1775	2	1	3	1	4	4	1	1	2	2	1	1	4	4	4	4	2	2	3	2	2	2	2	1	2	2	1	1	1	1	3	3	2	1	2	2	3	2	3	3	3	3	3	3	3	1	2	2	2	2	4	1	2	1	3	3	2	2	2	1	2	2	4	4	4	1	1	1	3	3	2	2	3	3	4	4	2	2	1	1	3	3	2	2	3	2	4	4	1	1	2	2	3	3	3	1	4	3	1	1	3	2	2	1	3	1	2	2	4	4	3	1	1	1	2	2	3	3	4	3	3	3	3	2	2	2	3	2	4	4	3	3	3	1	1	1	3	3	3	3	2	1	2	1	2	2	3	1	3	3	2	2	3	1	3	3	3	1	1	1	2	1	2	2	2	2	1	1	3	3	2	1	3	3	3	2	2	2	2	1	2	2	3	1	2	1	2	2	2	1	1	1	4	4	3	3	2	2	2	2	3	3	1	1	2	1	4	2	3	3	2	2	3	1	1	1	2	2	4	4	3	3	4	2	4	3	2	2	1	1	2	2	1	1	2	2	2	2	1	1	3	3	3	3	1	1	3	2	2	2	3	2	2	2	3	2	2	2	2	1	3	3	3	1	3	1	2	2	2	2	2	1	1	1	2	1	2	2	2	1	2	2	3	3	2	1	3	2	3	3	2	2	3	1	3	3	2	2	2	1	1	1	1	1	2	2	3	1	3	1	3	3	2	2	2	1	3	3	2	2	3	3	1	1	2	2	3	2	5	5	1	1	4	4	4	2	2	2	2	2	1	1	1	1	3	1	3	3	2	2	1	1	5	2	1	1	2	2	2	2	1	1	3	3	3	1	3	3	4	4	2	2	1	1	4	4	3	3	4	4	1	1	2	2	2	1	2	2	2	2	3	3	3	3	2	2	3	3	2	1	2	2	2	2	3	3	3	2	2	2	2	2	2	2	2	2	3	3	3	1	3	3	3	1	3	3	3	3	3	1	2	1	3	3	1	1	2	1	3	3	3	3	2	2	1	1	3	3	4	4	5	2	2	2	3	3	2	1	2	1	2	2	2	1	1	1	2	2	2	2	3	3	1	1	5	5	4	4	3	3	3	3	1	1	1	1	1	1	2	2	3	3	3	3	2	1	2	2	4	1	3	2	4	4	2	2	1	1	3	3	3	1	2	2	3	1	3	2	3	3	3	3	2	2	1	1	2	2	2	2	3	3	1	1	4	3	1	1	1	1	4	3	1	1	2	1	3	3	3	2	3	1	3	3	3	3	3	3	2	2
21G.1778	2	2	2	2	4	4	2	2	1	1	3	3	4	4	3	3	1	1	3	3	3	3	1	1	1	1	4	4	1	1	2	2	2	2	2	2	3	1	4	4	4	1	3	3	3	3	3	3	1	1	4	4	2	2	3	1	2	2	1	1	2	2	4	4	2	2	3	3	2	2	3	2	3	3	3	3	3	3	3	2	3	2	1	1	2	2	3	3	3	3	2	1	3	1	2	1	4	4	2	2	3	1	2	1	3	3	2	2	2	1	3	3	3	3	2	1	3	2	4	4	3	3	3	3	2	2	3	1	2	1	4	1	3	3	2	1	3	3	2	2	1	1	1	1	3	3	5	5	2	2	1	1	3	1	2	2	3	3	2	2	3	3	2	2	3	1	3	2	3	3	1	1	3	3	3	3	2	1	2	1	2	2	2	2	3	3	2	2	2	2	2	1	4	4	3	3	1	1	2	2	2	2	3	1	2	2	2	2	2	2	3	3	3	3	2	1	1	1	3	3	3	3	4	4	3	1	2	2	2	2	3	3	1	1	2	2	1	1	2	2	2	1	2	2	1	1	3	2	4	4	3	3	1	1	3	3	2	2	2	1	4	4	2	2	3	2	2	2	5	4	3	3	2	1	1	1	3	2	2	2	2	2	3	3	1	1	3	3	2	2	1	1	1	1	3	3	3	2	1	1	2	2	2	2	2	2	3	3	3	2	3	3	1	1	2	2	2	2	2	1	3	3	2	1	2	2	3	3	3	1	3	3	4	4	1	1	2	1	2	2	2	2	2	1	2	2	3	1	1	1	3	3	2	2	1	1	1	1	2	2	2	2	3	3	1	1	2	2	4	4	3	3	2	2	5	5	3	3	5	1	3	3	2	1	2	1	2	2	1	1	1	1	3	1	2	2	3	3	1	1	1	1	3	3	3	3	3	3	2	2	2	2	2	2	2	2	3	1	2	2	3	1	3	1	3	1	3	2	2	2	2	2	2	2	3	3	3	1	3	3	3	3	3	2	2	2	5	3	2	2	2	2	2	1	1	1	2	2	1	1	2	2	1	1	1	1	2	2	2	1	3	2	2	2	4	1	3	2	3	3	3	1	1	1	3	1	1	1	2	2	3	2	3	3	2	2	2	1	1	1	4	4	2	2	2	2	1	1	3	1	3	1	2	1	3	3	3	1	3	3	3	3	2	2	1	1	4	2	3	3	3	3	3	1	4	4	2	2	3	3	4	4	4	4	1	1	3	3	3	3	4	4	3	3	2	2	2	2	1	1
21G.1786	2	2	3	1	4	4	3	3	2	2	1	1	4	4	4	3	2	2	2	1	3	2	2	2	2	2	2	2	4	4	3	3	2	2	2	2	4	3	3	1	2	1	2	2	1	1	3	2	2	1	3	3	2	2	3	3	1	1	2	2	3	2	2	1	3	2	1	1	3	2	2	2	3	1	4	4	3	3	3	2	3	3	2	2	3	3	4	4	3	3	2	2	3	3	3	1	3	3	2	2	2	2	2	2	3	3	2	2	4	4	2	2	2	1	2	2	2	1	4	4	2	2	3	1	3	3	2	2	2	2	2	2	2	2	1	1	4	4	3	3	2	2	2	1	2	1	5	5	2	2	2	2	3	2	1	1	1	1	2	2	3	3	2	2	3	2	3	3	3	1	2	1	3	3	2	2	2	2	2	1	2	1	2	2	1	1	1	1	2	1	2	1	7	7	2	1	2	1	2	1	2	2	1	1	2	1	3	2	2	2	2	2	3	3	2	2	2	1	3	1	1	1	3	3	4	4	1	1	2	1	2	2	1	1	2	2	2	2	2	2	2	2	2	2	2	2	2	2	4	4	2	2	1	1	3	3	2	2	2	2	1	1	1	1	3	3	3	3	4	2	2	2	3	3	2	1	2	2	2	2	3	3	3	2	2	1	3	2	3	2	2	1	3	3	3	3	3	2	2	2	2	1	1	1	2	2	3	1	3	1	3	1	1	1	1	1	2	2	2	2	4	3	2	2	2	1	3	3	2	2	2	2	3	2	5	2	2	2	2	2	1	1	2	1	2	1	2	2	1	1	1	1	5	5	2	2	2	1	2	2	2	1	3	3	3	3	3	2	4	4	3	3	2	2	3	1	3	1	5	2	1	1	2	2	2	1	2	1	2	1	2	2	2	1	2	1	3	3	3	3	1	1	3	3	3	2	3	2	2	2	1	1	1	1	2	2	3	1	3	3	4	1	3	3	3	3	4	2	1	1	1	1	3	3	2	1	3	3	3	3	2	2	3	3	2	2	2	2	2	2	4	4	3	3	3	2	2	2	2	2	2	1	2	1	3	3	2	1	2	2	3	3	5	2	3	3	3	3	3	3	3	2	2	1	5	1	2	2	5	5	2	2	1	1	2	2	2	2	4	4	4	2	2	1	3	3	2	2	3	3	3	3	2	2	3	3	2	2	3	3	2	2	3	3	2	1	3	2	3	3	3	1	3	1	3	3	3	2	3	3	4	4	2	2	3	3	2	2	3	3	3	1	3	3	3	2	3	3	1	1
21G.1788	1	1	2	2	4	4	1	1	2	2	1	1	1	1	2	2	2	2	2	2	3	3	2	1	2	2	4	2	4	4	2	2	2	2	3	3	2	1	3	1	3	3	3	3	1	1	3	3	2	2	4	4	2	2	2	1	2	2	1	1	3	2	5	5	3	3	1	1	3	3	2	1	3	3	3	3	3	2	3	3	3	2	2	2	3	3	5	5	3	3	2	2	3	3	3	2	4	4	1	1	1	1	2	1	1	1	1	1	4	1	1	1	3	3	2	1	2	1	3	1	2	1	3	3	2	2	3	3	4	2	2	2	3	2	2	1	3	3	2	2	2	2	1	1	3	1	5	5	3	3	2	2	3	3	2	2	1	1	2	2	3	3	2	1	3	2	1	1	3	1	1	1	3	3	3	3	2	1	2	2	3	3	2	2	3	3	2	1	2	2	1	1	6	6	2	1	2	1	2	2	3	3	4	1	3	1	4	1	3	3	2	1	3	1	2	2	2	2	3	3	3	3	4	4	3	1	2	2	2	1	3	1	2	2	2	1	3	1	2	1	2	2	3	3	1	1	3	3	3	2	3	2	1	1	2	2	1	1	2	2	3	1	2	2	3	3	3	3	2	2	2	1	3	1	1	1	2	2	2	2	3	1	3	3	2	2	3	2	3	3	2	2	3	2	1	1	2	2	3	2	2	2	2	2	2	2	3	2	2	2	3	3	3	2	2	1	1	1	2	2	3	3	2	2	3	1	3	3	4	4	1	1	4	2	2	1	2	2	2	1	1	1	2	2	3	2	3	3	1	1	3	1	5	5	1	1	2	2	2	2	3	3	2	2	3	3	3	3	3	3	2	2	2	2	2	1	3	3	5	5	3	3	2	2	2	2	1	1	2	1	3	3	2	2	2	2	3	3	1	1	1	1	1	1	3	3	3	3	2	2	2	1	2	1	2	2	2	2	3	2	4	1	3	3	3	1	3	1	3	3	2	2	3	3	1	1	3	3	3	3	3	3	3	3	3	3	5	5	4	4	4	4	2	1	3	1	2	2	2	2	1	1	2	2	3	3	1	1	1	1	3	3	2	2	2	2	4	4	3	3	1	1	2	1	1	1	1	1	3	3	3	3	3	1	2	2	2	2	4	2	4	4	2	1	2	2	2	2	3	3	1	1	2	2	2	2	3	3	4	2	3	3	2	2	1	1	4	4	2	2	3	3	1	1	3	3	2	2	3	2	4	1	2	1	2	2	2	2	2	2	3	3	3	3	2	2	2	1	2	2
21G.1791	1	1	1	1	4	4	2	2	2	2	1	1	3	3	4	2	3	3	3	1	2	1	2	2	1	1	4	4	4	1	2	2	2	1	2	2	4	4	3	3	3	3	3	3	3	3	3	2	2	2	4	3	2	2	3	1	1	1	2	2	2	2	4	4	2	2	2	2	3	3	3	2	3	1	3	3	3	2	1	1	3	3	2	2	3	2	5	3	2	1	2	2	3	3	2	1	3	2	2	2	2	2	2	2	2	2	2	2	4	4	3	3	2	1	2	1	2	1	4	1	2	2	2	2	2	2	3	3	1	1	3	3	3	1	2	2	4	4	2	2	2	2	1	1	3	3	3	1	2	1	2	1	3	3	2	2	1	1	2	2	3	1	1	1	3	3	3	3	3	3	3	3	3	3	1	1	2	2	2	2	2	2	2	2	2	2	1	1	2	2	1	1	7	1	3	3	1	1	2	2	2	2	2	2	1	1	4	4	2	2	4	2	2	2	2	2	2	2	3	3	3	2	3	3	3	3	2	2	2	1	2	2	2	2	3	2	3	2	2	2	3	2	3	3	3	3	3	3	3	3	3	3	1	1	3	3	2	1	1	1	2	1	2	2	3	1	3	3	4	4	2	2	3	3	2	2	2	2	2	2	3	3	3	3	2	2	3	3	4	4	1	1	4	4	3	3	3	3	3	3	2	1	2	2	3	1	1	1	2	2	2	2	2	2	2	1	2	2	2	1	3	3	1	1	2	1	2	2	5	2	3	3	4	1	3	3	1	1	2	2	2	2	2	2	3	3	3	2	2	1	1	1	5	2	2	2	2	2	2	2	3	2	3	3	1	1	3	3	3	3	2	1	2	2	5	5	3	2	4	4	1	1	2	2	2	1	1	1	2	1	3	2	2	1	1	1	3	2	2	2	2	2	2	1	3	3	3	3	2	2	1	1	3	1	2	2	3	3	3	1	4	4	2	2	3	1	3	2	3	3	2	1	2	2	3	3	1	1	3	3	2	2	3	3	3	3	3	3	4	2	2	2	2	2	1	1	2	2	2	2	2	2	1	1	1	1	2	2	2	1	3	2	2	2	4	4	4	4	3	1	2	2	2	2	5	1	2	2	4	4	2	2	2	1	2	2	2	2	4	4	4	1	4	4	2	2	2	1	2	2	1	1	2	2	2	1	3	3	3	2	3	3	2	1	2	1	3	3	3	3	3	3	1	1	4	3	2	2	1	1	4	1	4	4	2	1	3	2	3	2	4	4	1	1	3	3	3	3	2	2
21G.1796	1	1	3	2	4	4	2	2	2	2	1	1	4	4	4	4	2	2	3	3	3	3	1	1	2	1	4	2	1	1	3	3	1	1	2	2	3	1	3	1	1	1	3	1	3	3	2	2	2	2	4	4	2	1	2	2	2	1	1	1	2	2	4	4	3	3	2	2	2	2	2	1	1	1	3	3	1	1	3	3	3	3	2	2	3	3	2	2	3	2	2	2	3	3	3	3	4	4	1	1	3	3	2	1	3	3	1	1	4	2	3	3	3	3	2	2	3	1	4	1	1	1	3	1	1	1	3	3	4	2	3	3	3	3	2	2	3	3	2	2	1	1	2	2	2	2	3	3	2	2	1	1	3	3	2	1	1	1	2	2	2	1	3	3	2	2	2	1	3	3	2	2	3	3	3	2	2	2	2	2	3	2	2	2	1	1	2	2	2	2	1	1	6	4	3	3	1	1	2	2	3	3	4	4	1	1	4	4	3	2	3	2	2	1	2	2	1	1	2	2	1	1	4	3	3	3	2	2	2	2	2	2	2	2	3	3	2	2	1	1	3	3	3	1	3	3	0	0	4	4	3	1	1	1	3	3	1	1	2	1	3	2	2	2	3	3	3	2	5	5	3	1	2	1	2	1	3	1	0	0	3	1	3	2	1	1	3	3	3	2	2	2	3	1	1	1	3	3	2	1	2	2	2	2	1	1	4	1	2	2	1	1	3	1	2	2	2	2	2	2	3	3	2	1	2	2	3	3	2	1	3	2	3	2	0	0	2	1	2	2	2	2	2	1	2	2	3	3	1	1	3	3	4	4	1	1	2	1	2	2	2	2	3	3	1	1	2	2	4	4	3	3	2	1	2	2	1	1	5	5	1	1	2	2	2	2	2	2	2	1	3	3	3	1	2	2	3	3	3	3	2	2	2	2	3	3	3	2	2	2	2	2	3	3	2	2	2	2	2	2	4	4	2	2	2	1	3	3	3	3	2	2	2	1	3	3	1	1	3	2	2	2	3	3	2	2	3	1	4	1	5	2	3	1	3	3	2	2	2	1	2	1	2	1	3	3	1	1	2	1	3	3	5	5	5	5	4	3	3	3	2	2	1	1	1	1	2	2	5	5	3	3	1	1	2	2	2	2	4	4	4	2	4	4	3	3	2	2	1	1	3	1	2	2	3	3	3	3	3	3	2	2	3	3	3	1	4	2	3	3	3	3	3	1	4	4	2	1	3	3	3	3	2	2	3	3	3	3	3	3	4	4	3	3	3	3	2	2	3	3
21G.1797	2	2	1	1	4	1	3	3	2	2	3	1	4	4	4	4	2	1	3	3	3	1	1	1	3	2	4	4	1	1	2	2	3	3	2	2	3	3	3	1	4	2	3	3	3	1	3	3	1	1	2	2	2	1	3	3	2	1	2	1	3	3	4	4	2	2	2	1	3	3	3	3	2	2	4	4	3	2	2	1	3	1	2	1	2	2	5	2	1	1	2	2	3	3	1	1	4	3	1	1	3	3	2	1	1	1	2	1	4	4	1	1	3	3	2	2	3	3	3	1	2	1	3	3	3	2	2	2	4	4	3	2	3	3	2	1	3	2	3	3	2	1	2	2	3	3	3	3	2	2	2	2	3	3	2	2	2	1	1	1	3	2	2	2	2	2	3	2	3	2	2	1	3	3	3	3	1	1	4	4	3	1	1	1	2	2	2	2	2	2	2	2	4	4	2	2	1	1	2	2	2	2	3	3	3	1	4	4	3	1	4	2	2	2	1	1	2	1	4	3	3	1	4	4	1	1	1	1	2	1	1	1	1	1	1	1	1	1	2	2	3	3	3	1	2	1	3	3	3	3	3	3	2	2	3	1	1	1	2	1	2	2	2	1	3	3	3	2	4	4	2	2	2	1	2	1	3	3	2	1	3	3	2	2	2	2	3	3	3	2	1	1	4	4	3	1	3	2	3	3	2	2	2	1	3	3	3	1	3	3	3	1	3	1	2	2	1	1	2	2	3	3	2	2	1	1	3	3	3	3	3	3	2	1	5	5	2	2	2	1	2	2	2	1	2	2	3	3	2	1	3	3	5	5	2	2	2	2	2	2	3	3	3	2	3	3	3	3	4	4	3	3	2	2	1	1	3	3	4	4	3	1	2	2	2	2	2	2	1	1	3	1	2	1	2	2	3	1	1	1	2	1	3	2	3	2	3	3	2	2	2	1	2	1	2	2	2	2	3	3	3	1	2	1	3	3	4	2	2	1	2	2	4	1	2	2	3	3	3	3	3	3	3	3	1	1	2	2	4	4	2	1	2	1	3	3	1	1	2	2	2	1	2	1	2	2	2	1	2	2	3	2	4	2	5	5	4	4	3	3	3	3	1	1	1	1	1	1	4	2	3	3	3	3	2	2	2	2	4	4	4	3	4	4	2	2	1	1	3	2	1	1	2	2	3	2	1	1	4	4	3	3	3	3	3	3	4	2	2	2	2	1	2	2	4	4	2	1	3	1	4	4	2	2	2	1	1	1	3	3	3	2	2	1	2	2	3	2	2	2
21G.1798	1	1	3	3	1	1	3	3	2	2	1	1	4	4	3	3	2	2	2	1	3	3	3	3	2	2	4	2	4	4	3	3	2	1	3	3	1	1	1	1	2	2	1	1	1	1	3	3	1	1	3	3	1	1	3	2	2	1	1	1	3	2	4	2	3	1	1	1	3	2	3	3	2	2	4	3	3	3	3	2	3	3	2	2	2	2	4	3	3	3	2	2	1	1	3	3	4	4	2	1	3	3	2	2	3	3	2	1	4	2	3	3	3	2	2	2	2	2	1	1	2	1	3	3	3	1	2	2	2	2	3	3	1	1	2	1	4	4	2	1	2	1	1	1	2	2	3	3	2	2	1	1	3	3	2	2	1	1	2	2	3	3	2	2	3	3	3	3	3	3	1	1	3	3	2	2	2	1	4	2	3	3	2	2	2	2	2	2	1	1	1	1	7	7	3	3	2	2	2	2	2	2	2	1	2	1	3	2	2	2	2	2	3	3	2	1	2	2	4	4	3	3	3	2	4	3	2	1	2	1	2	1	1	1	1	1	1	1	2	2	3	2	3	3	3	2	3	3	4	4	3	3	1	1	3	2	2	1	2	2	3	3	3	3	3	1	3	3	4	2	2	2	1	1	2	2	3	3	2	1	3	2	3	3	2	1	2	2	3	1	1	1	4	1	2	2	3	3	3	3	1	1	2	2	2	2	1	1	3	3	3	3	2	1	2	2	2	2	2	2	4	4	2	2	1	1	3	3	5	5	3	1	4	4	3	3	2	2	2	2	1	1	2	1	2	2	2	2	1	1	3	3	5	4	1	1	2	1	2	1	2	1	3	2	1	1	3	3	4	2	2	2	1	1	2	2	3	3	4	4	2	1	2	2	2	1	2	2	2	1	3	3	2	2	1	1	3	1	3	1	2	2	1	1	3	3	3	2	2	2	2	2	3	3	2	2	2	2	3	3	4	4	2	2	3	1	3	3	3	3	2	2	2	2	2	2	3	3	3	2	3	2	3	3	2	2	4	3	4	4	4	4	1	1	3	3	1	1	1	1	2	2	1	1	2	1	2	2	1	1	3	3	4	4	4	3	4	2	3	3	2	2	2	2	5	2	2	1	5	5	2	2	1	1	2	1	2	2	4	3	4	4	2	2	2	2	1	1	3	1	4	4	2	1	3	3	1	1	2	2	3	3	2	2	1	1	2	2	2	2	1	1	3	3	4	4	2	1	3	3	3	1	2	2	3	3	2	2	2	2	3	3	1	1	3	3	3	2	1	1
21G.1800	2	2	1	1	4	2	1	1	2	1	3	3	3	1	3	3	2	2	0	0	3	3	3	3	2	1	2	2	1	1	3	2	2	2	3	2	2	1	3	1	3	1	3	3	1	1	3	3	2	1	3	3	2	1	3	3	1	1	2	1	3	3	5	5	3	3	1	1	3	3	2	2	3	3	3	2	2	2	3	3	3	3	2	1	2	2	5	3	1	1	2	2	3	1	3	3	4	4	2	1	3	2	2	2	3	1	2	2	4	4	3	3	3	3	2	1	3	3	3	3	2	2	2	1	3	1	3	3	4	4	2	2	3	3	2	1	3	3	2	2	2	2	1	1	3	3	3	3	0	0	2	1	3	3	4	1	1	1	2	1	3	3	3	2	2	2	3	2	3	3	2	1	3	3	3	2	2	1	4	4	2	2	2	2	2	2	2	1	2	2	1	1	6	4	1	1	2	1	2	2	2	2	1	1	2	1	4	2	2	2	4	4	3	1	2	2	2	2	3	1	1	1	4	1	3	3	1	1	1	1	3	2	2	1	1	1	2	2	2	2	2	2	3	1	2	1	2	2	3	3	3	3	2	2	3	2	2	1	2	2	4	4	2	2	3	3	2	2	2	2	3	2	3	3	2	2	3	2	2	1	3	3	3	3	2	2	3	3	3	2	2	1	4	4	2	2	2	2	0	0	2	1	2	1	3	2	3	1	3	2	1	1	1	1	1	1	2	2	2	2	3	3	2	2	2	2	3	3	2	1	2	1	3	3	5	5	2	2	2	2	2	2	1	1	2	2	3	3	1	1	1	1	5	5	2	2	1	1	2	2	1	1	3	2	1	1	3	3	4	4	3	2	2	1	3	1	3	3	5	4	3	1	2	1	2	2	2	2	2	2	2	2	2	2	2	2	3	3	3	3	1	1	3	2	3	3	3	3	2	2	2	2	2	1	3	3	2	2	3	1	4	4	2	2	3	3	4	4	3	3	2	2	3	2	1	1	3	1	3	2	0	0	3	3	3	3	3	3	4	4	5	5	2	1	2	2	1	1	1	1	2	2	1	1	2	2	2	1	2	2	3	3	4	4	5	4	3	1	3	1	2	2	2	2	5	1	2	1	5	4	2	2	3	3	2	2	2	2	4	2	4	4	2	2	2	2	2	2	2	2	4	1	2	2	3	3	1	1	3	3	3	3	3	3	1	1	2	2	2	2	1	1	3	1	4	4	2	2	3	2	4	4	2	2	1	1	2	1	3	3	3	3	2	1	2	2	3	3	2	2
21G.1812	2	1	2	2	4	4	2	2	1	1	3	1	3	1	4	2	3	2	3	3	3	1	2	2	2	1	2	2	1	1	2	2	2	2	3	2	4	4	3	3	3	3	3	3	3	1	2	2	2	2	2	1	2	2	3	3	2	2	2	1	2	2	5	5	3	3	4	1	3	3	2	2	2	2	4	4	3	2	3	1	3	3	2	2	2	2	4	3	3	1	2	2	3	3	3	3	4	4	3	3	2	2	3	3	1	1	2	1	4	4	3	1	3	2	1	1	2	1	4	4	3	1	2	2	2	2	3	3	4	4	2	2	3	3	2	2	2	2	3	3	2	2	1	1	3	1	5	5	3	3	2	2	3	3	4	2	3	3	2	2	3	3	2	2	2	1	2	2	3	3	2	1	3	3	3	3	2	1	2	1	2	1	1	1	3	3	2	2	2	2	2	1	6	2	3	3	1	1	2	2	3	2	4	4	2	2	4	4	3	2	2	2	3	2	2	2	2	2	3	3	1	1	4	4	3	3	2	1	2	2	3	1	2	1	2	2	3	3	2	1	2	2	2	2	1	1	3	3	1	1	3	3	2	2	2	2	2	2	2	2	4	3	3	2	3	3	2	2	2	2	1	1	1	1	2	2	3	2	2	1	3	3	3	2	2	1	2	2	3	3	2	2	3	3	1	1	3	3	2	2	1	1	2	2	3	3	2	1	2	2	2	2	2	1	1	1	3	1	2	2	3	3	2	2	3	1	3	3	5	3	3	3	2	1	2	1	3	3	2	1	2	1	1	1	2	2	3	2	2	2	3	1	5	5	2	1	2	2	1	1	3	3	2	2	2	1	3	2	4	2	3	3	2	2	1	1	3	3	4	4	3	1	2	1	2	2	2	1	2	2	3	3	3	3	2	2	3	3	3	3	2	2	3	2	3	1	3	2	1	1	2	1	3	1	2	2	3	3	3	3	4	3	2	2	3	3	3	3	2	1	1	1	2	2	2	1	3	3	3	3	3	3	3	3	2	2	4	3	2	2	2	2	1	1	3	1	2	2	2	2	2	1	2	2	1	1	2	1	2	1	4	3	4	2	5	5	2	2	3	3	1	1	2	1	5	1	2	2	3	3	2	2	2	1	2	2	2	2	4	4	4	4	2	2	3	3	1	1	3	2	4	4	2	2	3	3	3	3	3	3	3	1	2	1	1	1	4	4	3	3	3	1	2	2	4	4	2	2	3	1	3	1	4	4	1	1	3	3	3	3	3	3	2	2	3	3	3	3	2	1
21G.1813	2	2	1	1	4	4	1	1	2	2	1	1	3	3	4	3	2	2	2	2	3	3	1	1	3	1	4	4	4	4	2	2	2	2	3	2	3	3	2	2	3	3	3	1	1	1	2	1	1	1	3	2	2	1	2	2	1	1	2	2	2	2	5	4	2	2	3	3	2	2	3	3	2	2	3	3	3	3	3	3	3	3	2	1	3	2	5	5	2	1	2	2	3	3	3	1	4	4	2	1	3	2	3	3	3	3	1	1	4	4	3	3	3	3	2	2	2	2	4	3	3	1	3	3	2	1	3	3	2	2	2	2	2	2	1	1	2	1	1	1	1	1	1	1	3	1	5	5	2	2	2	2	3	2	4	1	1	1	2	2	2	1	2	2	2	2	3	1	3	1	2	1	3	2	2	2	2	2	2	2	3	3	2	1	2	1	2	2	2	2	2	2	7	7	3	3	2	2	2	1	2	2	3	3	3	2	2	1	1	1	2	2	1	1	2	2	2	1	3	3	2	1	2	2	4	3	2	1	2	2	3	3	1	1	3	1	2	1	2	2	3	3	3	3	1	1	3	3	3	1	3	2	2	2	3	3	1	1	2	1	3	3	2	2	3	3	3	3	4	4	1	1	3	1	2	2	3	3	2	2	3	2	3	2	2	1	3	3	3	3	2	2	4	4	3	3	2	2	3	2	2	2	2	2	2	2	3	3	2	2	3	3	2	2	1	1	1	1	2	2	3	3	2	2	2	2	3	3	3	3	3	3	4	4	5	5	3	3	2	1	1	1	1	1	2	1	3	3	2	2	3	3	5	5	2	2	2	1	2	2	2	1	3	3	1	1	3	2	4	4	2	2	1	1	2	2	2	1	5	3	3	3	2	2	2	2	2	2	1	1	3	3	1	1	2	2	3	2	1	1	2	1	3	1	2	2	3	3	2	2	2	2	2	1	3	3	3	3	3	3	4	4	2	2	3	3	2	2	3	3	2	2	4	4	2	2	3	1	3	1	2	2	3	3	2	1	5	3	4	2	5	5	3	3	2	1	1	1	2	2	2	1	2	2	3	3	2	2	1	1	4	4	5	5	2	2	3	3	3	2	1	1	2	1	5	1	2	1	5	5	2	1	1	1	2	2	2	2	4	4	3	1	2	2	2	2	2	2	3	3	3	3	1	1	2	1	3	1	4	3	3	3	3	3	1	1	4	4	2	2	3	1	1	1	3	3	2	2	2	2	4	4	2	2	3	3	3	3	3	3	4	4	3	1	3	3	3	1	2	1
21G.1816	2	2	3	3	4	4	2	1	2	1	1	1	3	3	3	3	3	3	3	3	2	1	3	3	2	1	4	4	2	2	3	3	2	2	3	2	4	1	3	3	3	1	3	3	1	1	3	2	2	2	4	4	2	2	3	3	2	2	1	1	3	2	1	1	3	3	1	1	3	3	2	2	3	2	3	3	2	2	3	3	3	3	2	2	3	3	5	3	2	2	2	2	3	1	2	1	4	4	3	1	3	3	1	1	3	1	1	1	4	4	3	1	3	3	2	1	3	2	4	4	1	1	2	1	2	2	3	2	4	4	2	2	3	3	1	1	4	4	3	3	2	1	2	1	3	3	3	1	2	2	2	1	1	1	4	2	3	3	2	2	2	2	2	1	2	2	2	1	3	3	3	3	2	2	3	2	2	1	1	1	2	2	3	3	3	1	1	1	2	2	2	2	4	2	3	3	1	1	2	2	3	1	1	1	1	1	4	4	3	2	2	2	2	1	1	1	2	2	4	4	2	1	3	1	3	3	2	2	1	1	3	2	1	1	2	2	2	1	2	1	3	3	3	3	3	1	3	3	3	2	3	1	2	1	2	2	1	1	2	1	1	1	3	3	3	1	3	3	5	5	2	2	2	2	2	1	3	3	2	2	3	3	3	3	2	2	3	2	3	3	2	2	3	3	3	3	2	2	2	2	2	1	2	2	1	1	2	1	2	2	2	1	2	2	2	2	2	2	1	1	4	4	2	2	2	1	3	3	5	5	3	3	5	1	3	1	3	3	2	2	2	1	3	3	3	3	2	2	1	1	1	1	5	2	1	1	1	1	2	2	3	3	2	1	2	2	2	1	3	2	3	3	2	1	3	3	2	2	5	3	3	1	2	1	2	1	1	1	2	2	2	2	3	3	2	2	3	3	1	1	2	1	2	2	2	2	3	1	2	2	2	2	2	2	2	2	3	2	3	1	4	4	3	3	3	1	4	3	3	3	1	1	2	2	2	1	3	3	3	3	3	2	3	3	3	2	3	3	2	2	1	1	2	2	3	1	1	1	2	2	2	2	2	2	3	1	1	1	2	1	3	3	4	2	4	2	4	4	3	2	3	3	2	1	1	1	1	1	4	4	3	2	2	2	2	1	2	1	4	1	4	4	2	2	2	2	2	1	2	2	1	1	1	1	2	2	2	2	3	3	3	3	3	3	1	1	4	4	3	1	3	3	2	2	4	4	3	2	3	3	1	1	2	1	0	0	3	2	3	2	1	1	3	3	3	3	2	2	2	2
21G.1817	2	2	3	3	3	3	3	1	1	1	3	1	3	3	4	2	2	2	2	2	3	3	2	1	2	2	4	4	4	4	3	3	2	1	2	1	3	3	3	3	3	3	3	3	1	1	2	1	2	1	2	2	1	1	2	2	2	1	2	2	1	1	5	5	3	3	1	1	3	3	2	2	3	3	4	4	3	3	1	1	3	2	2	2	1	1	2	2	1	1	2	1	3	3	2	2	3	3	2	2	2	2	1	1	1	1	2	2	4	4	1	1	1	1	2	2	2	1	4	4	2	1	2	2	2	2	3	3	4	4	2	2	3	3	2	2	3	3	3	2	2	2	1	1	3	3	5	1	1	1	2	2	1	1	2	2	3	1	2	2	2	2	1	1	3	3	1	1	3	1	3	2	3	3	3	3	1	1	2	2	2	1	3	1	2	1	2	2	2	2	1	1	2	2	3	3	1	1	2	2	4	4	4	4	1	1	3	3	2	1	2	2	3	2	1	1	2	2	3	3	3	1	4	1	3	3	2	1	1	1	3	2	1	1	3	2	2	2	2	2	2	2	1	1	3	1	3	3	3	3	3	3	2	1	3	3	2	2	2	2	2	2	3	3	2	2	2	2	5	5	2	2	2	2	2	1	2	2	2	2	3	3	3	3	2	2	3	3	3	2	2	1	5	5	3	3	3	3	2	1	1	1	2	2	3	2	3	1	3	3	2	2	3	3	1	1	3	3	1	1	4	1	1	1	2	2	3	3	3	3	3	3	4	4	2	1	3	3	2	2	2	1	1	1	3	2	2	2	1	1	3	3	1	1	1	1	2	1	2	2	1	1	2	2	3	1	3	3	3	3	2	2	2	1	3	1	3	3	3	1	3	3	2	1	1	1	2	1	2	2	3	2	3	1	2	2	2	2	1	1	2	2	3	3	3	3	3	2	1	1	2	1	1	1	4	4	2	2	2	2	4	1	3	3	3	3	2	2	1	1	1	1	2	2	2	2	3	3	3	3	3	3	3	3	1	1	3	2	4	4	5	1	2	1	1	1	2	2	2	2	1	1	2	1	1	1	2	2	2	2	3	3	2	1	4	4	2	2	2	1	1	1	2	2	5	1	2	1	3	3	2	2	2	2	1	1	2	2	4	4	3	3	2	1	3	3	2	1	2	2	5	3	2	2	2	2	2	2	3	3	3	3	3	2	1	1	4	2	3	2	3	3	2	2	1	1	2	2	2	2	1	1	1	1	3	3	3	3	3	3	3	3	3	1	3	3	3	3	2	2
21G.1820	1	1	2	1	4	4	3	3	1	1	1	1	3	3	4	3	1	1	2	2	3	2	3	1	2	1	4	4	4	4	3	3	2	2	2	1	4	4	3	3	3	1	3	3	1	1	2	2	2	2	3	3	2	2	2	2	2	2	2	2	3	2	1	1	3	3	1	1	3	3	2	2	3	3	3	3	3	3	3	1	3	3	2	2	2	2	4	3	1	1	2	2	3	3	3	2	4	4	2	2	3	3	2	2	1	1	2	2	4	4	3	3	2	2	2	2	3	1	4	4	3	1	2	2	2	2	3	3	4	2	2	1	2	2	1	1	1	1	2	1	2	1	1	1	3	1	5	1	1	1	2	2	3	3	2	2	2	2	1	1	2	2	2	2	2	2	3	3	1	1	1	1	2	2	3	3	2	1	2	2	2	2	3	3	3	2	2	2	2	2	2	2	7	7	3	3	1	1	1	1	3	2	4	4	1	1	4	2	3	1	2	2	3	3	2	2	2	2	2	2	3	3	4	3	3	3	2	2	1	1	3	3	2	1	2	1	1	1	1	1	3	2	3	3	2	1	2	1	4	4	3	1	2	2	3	3	2	1	2	2	4	4	3	1	1	1	3	3	5	2	2	2	3	3	2	1	2	2	2	1	3	3	3	3	1	1	3	3	4	3	2	1	3	3	3	3	2	2	3	3	2	1	2	2	3	3	3	3	3	3	2	2	3	3	1	1	2	2	2	1	4	3	1	1	2	2	3	1	3	2	3	3	3	3	5	5	2	2	2	2	2	2	2	1	2	2	2	2	2	1	3	1	5	5	1	1	2	2	2	1	2	1	3	3	3	3	2	1	3	2	3	3	2	2	3	2	1	1	4	4	2	1	2	2	1	1	1	1	2	2	2	1	2	2	2	2	2	2	2	2	1	1	2	1	3	2	2	2	2	2	2	2	2	1	2	2	2	2	3	3	4	3	2	2	3	3	3	3	1	1	2	1	3	3	2	2	3	1	3	3	2	2	3	2	3	2	3	2	3	1	4	4	2	2	3	1	2	2	2	2	1	1	2	2	1	1	2	2	2	2	3	2	2	2	4	4	4	2	3	3	3	1	2	2	2	2	1	1	4	3	2	2	2	1	2	2	2	2	3	3	4	3	4	2	2	2	2	2	2	2	1	1	2	2	3	3	3	1	3	3	2	2	3	1	3	1	2	2	3	3	3	3	2	2	4	4	2	1	2	1	2	1	2	2	3	2	3	2	3	3	4	4	2	2	3	3	2	2	2	2
21G.1821	2	1	1	1	4	2	2	1	2	1	3	1	3	1	3	2	2	1	2	2	3	3	3	1	3	3	4	4	4	1	3	2	2	2	3	3	3	3	3	3	3	1	3	3	1	1	2	2	2	1	4	2	2	1	3	3	1	1	2	2	2	2	5	2	3	3	4	4	2	1	2	1	3	3	4	3	3	3	3	1	2	2	2	2	2	1	5	5	1	1	2	2	3	1	1	1	2	1	3	3	1	1	2	2	3	3	2	2	4	2	3	3	3	2	2	2	3	3	3	3	2	2	3	1	3	3	3	3	4	4	2	2	3	3	2	1	3	2	3	2	2	2	2	2	3	3	5	5	2	1	2	1	3	3	2	2	1	1	2	1	3	3	2	2	3	3	3	3	3	3	1	1	3	1	3	3	1	1	2	1	3	3	2	2	3	2	2	1	2	1	1	1	4	1	3	1	1	1	2	1	2	2	2	1	3	1	4	4	2	1	4	4	1	1	1	1	2	1	2	1	3	3	4	4	4	4	2	2	1	1	2	2	1	1	2	2	1	1	2	2	2	2	3	3	3	3	3	3	3	3	2	1	2	2	3	2	1	1	2	2	2	2	3	3	3	3	3	1	4	4	2	2	3	3	2	2	3	3	2	2	3	2	3	3	2	1	3	3	3	3	2	1	4	4	3	1	2	2	3	3	1	1	2	1	3	3	1	1	2	2	3	1	3	3	2	2	2	2	2	2	3	3	2	2	2	2	3	3	3	3	3	3	4	2	3	3	2	2	2	1	2	2	2	2	2	2	3	3	2	1	1	1	5	5	2	1	1	1	2	2	3	3	2	2	3	1	3	1	4	4	3	3	2	2	5	5	3	3	5	4	3	3	1	1	2	2	2	2	2	2	3	2	2	2	2	2	3	3	1	1	1	1	2	2	3	3	3	3	2	2	2	2	1	1	2	2	3	3	3	3	3	1	2	2	3	3	4	3	3	3	2	2	2	2	3	1	1	1	3	3	2	2	3	2	2	1	5	2	1	1	2	1	3	1	3	1	2	1	2	1	2	2	1	1	1	1	1	1	2	2	3	3	2	2	5	5	3	2	3	3	1	1	2	2	1	1	2	2	3	2	3	2	3	3	2	2	2	2	4	4	3	3	4	2	2	2	2	2	3	1	3	3	2	2	3	3	3	3	3	3	3	3	3	2	1	1	2	2	3	3	2	2	3	3	4	3	2	2	3	3	4	3	2	2	3	3	3	3	3	2	3	3	3	1	3	3	3	3	2	2
22G.0041	2	1	3	3	4	4	2	2	2	2	1	1	4	3	4	4	3	1	5	5	3	3	2	2	2	2	4	4	4	4	3	3	2	2	2	2	3	1	3	3	3	2	3	3	1	1	3	2	2	1	4	3	2	2	3	3	2	1	2	2	2	2	4	4	3	3	1	1	3	2	2	2	3	3	3	3	3	1	2	2	3	3	1	1	3	3	4	4	2	1	2	1	3	1	1	1	3	3	1	1	2	2	2	2	1	1	2	2	4	4	3	3	2	2	2	2	3	1	4	1	3	3	3	3	3	1	3	3	2	1	2	2	3	3	2	1	3	3	3	3	2	1	1	1	3	2	5	5	3	1	2	1	3	3	4	2	3	2	2	2	2	2	3	3	2	2	3	3	4	3	2	2	3	3	3	2	2	1	2	2	2	2	2	1	3	3	1	1	2	2	1	1	4	4	3	2	2	2	2	2	3	3	4	4	1	1	4	2	3	2	2	2	2	2	2	2	2	1	3	2	3	3	4	4	3	3	2	2	2	2	2	2	2	2	3	3	2	2	2	2	2	2	1	1	2	1	3	2	4	4	3	3	1	1	3	3	1	1	2	2	3	1	2	2	3	3	3	3	4	4	1	1	1	1	1	1	1	1	2	2	2	1	3	3	1	1	1	1	2	1	2	2	5	5	3	3	1	1	2	2	2	2	2	2	1	1	4	4	2	2	2	2	3	1	2	2	2	2	1	1	3	3	2	1	2	2	3	3	3	2	3	1	4	4	2	2	2	2	2	1	2	2	1	1	2	2	3	2	1	1	3	1	2	2	1	1	2	2	2	2	3	2	2	2	3	3	3	3	4	3	3	3	2	2	1	1	3	3	5	1	3	3	2	2	1	1	2	2	2	2	1	1	1	1	2	2	3	3	3	3	1	1	3	1	3	3	3	3	2	2	2	1	3	3	3	3	3	3	3	2	4	4	2	2	3	3	4	3	2	2	2	2	3	2	1	1	3	3	3	3	3	3	3	2	2	2	3	3	4	4	5	5	1	1	1	1	2	1	2	1	2	2	1	1	3	3	2	2	1	1	3	3	5	2	4	4	2	2	3	3	2	2	1	1	1	1	2	2	5	3	3	2	1	1	2	2	1	1	4	4	4	4	2	2	3	2	2	1	3	3	3	3	2	2	3	3	3	3	3	2	2	2	3	3	3	2	4	4	2	2	3	3	1	1	4	4	2	1	3	3	3	3	4	2	2	1	3	3	3	3	3	1	3	1	3	3	2	2	1	1
22G.0103	2	1	3	1	4	4	3	3	2	1	2	2	0	0	4	4	2	2	3	2	3	1	2	2	2	2	4	4	0	0	3	3	3	3	0	0	1	1	0	0	4	3	3	2	3	3	2	2	1	1	3	3	2	2	1	1	2	1	2	1	3	2	4	1	4	4	1	1	3	3	2	2	3	3	4	4	3	3	1	1	3	1	2	2	2	2	3	3	1	1	1	1	3	1	0	0	4	3	0	0	3	3	2	1	3	3	2	2	2	1	2	2	3	3	2	2	2	1	3	3	3	1	3	3	0	0	3	2	4	4	3	1	3	3	1	1	2	1	2	2	2	1	2	2	2	2	3	1	3	3	2	1	0	0	3	2	3	3	2	2	3	2	2	1	0	0	3	3	1	1	1	1	2	2	2	1	2	2	4	4	2	1	1	1	3	1	1	1	2	1	0	0	7	7	0	0	0	0	2	1	3	2	3	2	3	3	2	2	3	3	2	2	2	2	2	2	2	2	3	2	3	3	4	4	2	2	2	2	1	1	2	2	2	2	3	1	0	0	0	0	3	3	2	1	2	2	3	3	3	2	3	2	1	1	2	2	1	1	2	2	2	1	2	2	3	3	2	2	2	2	2	2	2	1	2	1	0	0	2	2	3	3	3	3	2	1	3	3	3	2	1	1	1	1	3	3	0	0	1	1	2	2	2	1	2	2	1	1	2	2	2	2	3	2	2	2	2	1	2	1	3	3	1	1	2	2	3	3	3	3	3	1	2	1	4	4	2	2	1	1	2	1	1	1	2	2	3	1	2	2	3	3	4	2	2	1	2	2	1	1	3	1	3	1	3	3	0	0	4	4	2	1	2	2	0	0	2	2	5	5	3	1	2	2	2	1	2	2	2	1	3	1	1	1	2	2	3	3	1	1	2	2	2	2	2	2	3	3	2	2	2	2	1	1	2	2	3	2	3	3	4	4	3	3	3	3	4	3	3	3	2	2	3	2	1	1	3	3	3	2	3	2	3	3	1	1	5	5	4	4	2	1	1	1	3	1	2	2	2	2	2	2	2	1	3	1	2	2	2	1	3	3	0	0	3	3	0	0	2	2	1	1	0	0	5	3	1	1	3	2	1	1	2	2	2	2	2	2	2	1	0	0	0	0	2	2	2	1	3	3	1	1	2	2	3	3	3	2	0	0	3	3	3	3	2	2	1	1	3	3	1	1	3	2	4	3	2	2	3	2	4	3	4	1	3	2	3	2	0	0	2	1	2	2	2	2	0	0	1	1
22G.0143	2	1	1	1	4	1	3	3	2	1	1	1	3	1	3	3	2	2	1	1	3	3	1	1	1	1	4	2	1	1	2	2	2	1	2	2	3	1	3	1	3	1	3	1	1	1	3	2	2	2	3	3	2	2	2	2	2	1	2	1	2	2	5	4	3	3	3	3	3	3	3	1	3	2	4	3	3	3	3	1	3	3	2	2	3	2	5	2	3	3	2	2	3	2	3	3	4	3	2	1	2	2	2	2	3	3	2	2	4	4	1	1	2	2	2	2	2	2	4	3	1	1	3	2	2	1	3	1	2	2	3	3	2	1	2	1	4	4	2	2	1	1	2	2	2	2	5	5	2	2	2	2	2	1	2	2	3	1	2	2	3	3	2	1	2	2	1	1	3	3	1	1	3	2	3	2	2	1	4	4	3	2	3	3	2	2	2	2	2	2	1	1	7	7	3	3	1	1	2	1	2	2	2	2	1	1	4	2	1	1	4	4	2	1	2	2	2	1	3	3	3	1	4	4	3	3	2	2	2	2	1	1	2	1	2	2	2	2	2	1	2	2	2	2	2	2	3	2	4	4	3	1	1	1	2	2	1	1	2	2	3	3	3	2	3	3	3	3	2	2	2	1	1	1	2	2	3	2	2	1	3	2	3	3	2	2	3	2	2	2	2	2	3	1	3	3	3	3	3	2	1	1	2	2	2	1	1	1	3	3	2	1	2	2	1	1	2	2	2	1	4	4	2	2	2	1	2	2	3	3	3	3	3	1	5	5	2	1	2	2	2	2	3	2	2	2	3	3	2	2	3	1	4	4	1	1	2	2	2	2	3	3	3	3	3	1	3	3	4	1	3	3	2	2	3	1	1	1	4	4	1	1	2	2	2	2	2	1	2	2	3	3	3	2	2	2	3	3	1	1	2	1	3	2	3	3	3	3	2	2	2	2	3	3	3	3	2	1	3	1	4	3	3	2	3	3	4	4	2	2	2	2	2	1	2	2	3	3	3	1	3	3	3	3	1	1	3	1	4	4	2	2	1	1	3	3	2	2	2	2	2	2	1	1	3	3	2	1	1	1	3	3	2	2	5	4	3	3	3	3	2	2	2	2	1	1	2	1	3	3	3	2	2	1	2	2	2	2	2	2	4	2	4	4	3	3	2	2	3	3	3	3	2	1	3	3	3	3	3	2	3	1	3	3	1	1	4	2	3	3	3	1	2	2	3	2	2	2	3	3	4	2	1	1	2	2	3	2	3	3	2	1	3	3	3	3	3	3	1	1
22G.0162	2	1	2	1	4	4	3	3	1	1	3	1	0	0	3	3	2	2	2	1	3	1	1	1	1	1	0	0	0	0	3	3	2	2	0	0	4	4	0	0	3	3	3	3	1	1	3	2	2	2	3	3	2	2	3	3	2	1	2	1	2	2	1	1	3	3	1	1	3	2	2	2	3	3	4	4	3	3	3	3	3	3	2	2	3	3	4	3	1	1	2	2	3	3	0	0	4	2	2	1	2	2	2	2	3	1	2	1	4	4	3	1	2	1	2	2	3	2	3	1	3	3	3	3	2	2	2	1	1	1	3	3	2	1	2	2	4	4	2	2	2	1	2	1	3	2	3	3	3	3	1	1	0	0	2	2	3	3	0	0	3	3	2	1	2	1	1	1	3	1	1	1	3	3	2	1	2	2	4	4	2	2	2	1	2	1	2	2	2	2	1	1	4	3	0	0	1	1	1	1	2	2	4	2	1	1	4	4	1	1	4	4	1	1	2	2	2	1	3	3	3	3	4	4	4	4	2	2	1	1	3	3	1	1	1	1	0	0	0	0	2	2	2	2	1	1	3	3	1	1	3	3	2	2	3	3	2	1	2	2	4	2	3	3	3	3	2	1	2	1	2	2	3	3	2	2	0	0	1	1	3	3	3	3	1	1	2	2	4	4	0	0	3	1	3	2	2	1	2	1	1	1	2	2	2	1	1	1	3	3	2	1	0	0	1	1	2	1	2	1	4	4	2	2	2	2	3	2	1	1	3	3	3	1	5	5	3	3	2	2	2	2	2	1	2	2	3	3	0	0	3	3	5	5	2	1	1	1	2	2	3	3	3	2	3	3	2	2	4	4	3	2	1	1	3	1	2	2	5	5	3	1	2	2	2	2	1	1	2	2	3	3	3	3	2	2	3	1	1	1	1	1	3	2	2	2	3	2	2	2	2	2	0	0	3	2	2	2	3	3	4	3	3	3	3	3	0	0	3	3	2	2	3	3	1	1	0	0	3	3	3	3	3	2	1	1	1	1	4	4	2	2	3	3	3	1	2	2	0	0	1	1	2	1	3	1	2	1	2	1	3	3	0	0	4	4	2	1	3	3	2	2	1	1	3	3	2	2	3	2	2	2	2	2	2	2	2	2	2	2	0	0	4	4	3	3	2	1	2	2	3	3	2	1	3	3	2	2	0	0	3	2	3	3	1	1	2	2	2	1	1	1	2	2	3	3	3	3	0	0	4	4	0	0	3	3	3	3	0	0	2	2	2	2	3	2	0	0	1	1
22G.0201	2	1	3	1	4	1	3	3	1	1	2	1	3	3	3	2	2	2	2	2	3	3	1	1	2	2	4	1	3	3	3	3	1	1	2	2	4	4	4	1	1	1	3	3	3	3	3	2	1	1	2	2	2	2	2	2	2	2	2	1	3	3	5	4	3	2	3	3	3	2	2	1	3	2	4	4	3	3	3	3	3	3	2	1	2	2	3	2	1	1	1	1	3	1	3	3	3	3	2	2	2	1	2	1	3	3	2	2	4	2	3	3	2	2	2	1	2	1	1	1	2	2	3	1	2	2	3	3	4	2	2	2	2	2	1	1	2	1	2	2	0	0	1	1	3	3	5	1	3	3	2	2	1	1	4	2	3	3	2	1	2	2	2	2	3	2	2	2	3	3	2	2	0	0	3	2	2	1	4	2	3	2	2	1	3	3	2	1	2	2	2	1	4	4	3	3	1	1	2	2	2	2	3	3	1	1	4	2	3	3	4	4	3	1	0	0	1	1	2	1	3	3	3	1	3	1	2	1	1	1	3	3	2	1	3	3	2	2	1	1	3	2	3	3	2	2	3	3	4	4	3	2	2	2	2	2	1	1	2	2	3	2	3	2	3	3	3	3	1	1	2	2	2	2	2	1	3	3	2	2	3	3	3	2	2	2	3	2	3	3	2	1	4	1	3	1	3	3	2	1	2	1	2	1	3	3	3	3	2	2	3	2	2	1	2	1	3	1	2	1	3	3	2	1	2	2	2	2	5	5	3	1	1	1	5	2	2	2	2	1	2	2	2	1	2	2	2	1	2	1	3	1	5	1	1	1	2	2	1	1	2	2	3	3	1	1	2	1	4	4	2	2	2	1	3	3	3	3	4	4	3	1	2	2	2	2	2	2	2	2	2	2	1	1	2	1	3	3	1	1	1	1	2	2	3	3	2	1	2	2	2	1	3	3	2	2	2	2	3	1	4	3	3	3	3	3	4	4	3	1	2	2	4	3	2	2	3	2	3	3	3	3	2	2	3	1	3	1	3	3	2	2	1	1	3	1	2	1	2	2	2	2	2	2	1	1	2	2	2	1	2	2	2	2	4	4	4	3	3	3	2	1	2	2	5	5	2	2	5	4	3	1	4	4	2	2	2	2	4	2	3	2	2	2	2	2	1	1	3	3	3	3	2	1	3	3	1	1	3	1	3	3	2	1	1	1	2	1	3	3	3	3	2	2	3	3	2	2	3	3	3	3	4	4	1	1	2	2	3	3	2	1	1	1	3	3	2	2	2	2
22G.0322	2	2	1	1	4	2	2	2	2	1	1	1	3	3	4	4	2	2	2	1	2	1	3	1	2	1	4	4	4	4	3	3	2	2	2	2	4	4	0	0	3	3	3	1	3	1	3	3	2	2	4	4	2	2	2	1	2	1	1	1	2	2	4	1	2	2	1	1	3	3	2	2	2	2	4	3	3	3	3	1	3	3	2	2	2	2	3	2	3	3	2	2	3	3	3	3	3	3	2	2	2	2	3	1	1	1	2	2	2	2	3	3	2	2	2	1	2	1	3	1	2	2	3	3	2	1	3	3	4	4	2	2	3	3	1	1	4	4	2	2	2	2	0	0	3	3	3	3	2	2	3	2	0	0	2	1	3	3	1	1	3	2	1	1	3	2	2	1	3	3	3	3	3	1	2	2	2	2	1	1	3	2	2	2	2	2	2	2	2	2	1	1	7	4	2	2	1	1	1	1	4	4	2	1	2	1	4	2	2	2	2	2	1	1	2	2	2	1	2	2	3	2	4	4	2	1	2	1	1	1	3	3	1	1	2	1	0	0	1	1	2	2	3	3	1	1	2	2	3	3	3	2	2	2	3	3	1	1	2	2	3	2	3	1	3	1	3	3	4	2	2	1	3	1	2	2	3	3	2	2	3	3	3	3	2	2	3	2	4	4	2	2	4	3	3	3	2	2	2	2	1	1	2	2	2	1	3	3	2	2	2	1	3	3	2	1	2	1	2	2	3	3	2	2	2	2	3	2	3	2	3	3	3	3	4	4	3	3	2	1	1	1	1	1	2	1	3	1	0	0	2	1	5	4	2	1	2	2	2	2	3	3	3	3	3	3	0	0	4	4	3	2	2	1	5	5	3	2	3	3	3	3	1	1	2	1	2	1	2	1	2	2	3	3	2	2	3	3	3	3	2	1	3	3	3	2	3	3	2	2	0	0	0	0	3	2	2	2	1	1	0	0	2	2	3	3	0	0	1	1	2	2	4	2	3	2	1	1	3	1	3	2	3	2	2	2	3	2	4	2	4	2	3	3	3	3	2	2	2	2	1	1	2	2	3	3	1	1	2	2	4	4	5	5	3	3	4	3	0	0	3	3	1	1	1	1	2	1	5	4	2	2	1	1	2	2	2	2	2	2	4	2	2	1	3	3	2	2	2	2	1	1	2	2	1	1	1	1	3	1	3	3	2	2	2	1	4	4	2	2	1	1	3	2	4	4	2	2	2	2	4	1	2	2	3	3	2	2	2	2	4	4	2	2	3	3	3	2	2	2
22G.0323	2	2	1	1	4	4	3	3	2	2	1	1	1	1	4	4	2	2	2	1	3	3	2	2	3	3	4	4	1	1	3	3	3	2	1	1	4	3	3	3	3	3	1	1	1	1	2	1	2	2	3	3	2	1	3	3	1	1	2	2	3	3	4	4	2	2	1	1	3	3	2	2	3	2	3	3	3	1	2	1	3	3	2	2	2	2	2	2	3	1	2	2	3	3	3	2	4	4	1	1	1	1	3	2	1	1	2	2	2	2	3	3	2	2	2	2	2	2	3	1	1	1	3	2	2	2	2	2	2	1	3	2	3	3	1	1	4	4	2	2	2	2	1	1	2	1	5	5	2	2	2	2	3	1	4	4	1	1	2	2	3	3	2	1	3	3	3	1	3	3	1	1	3	2	2	1	2	2	2	2	3	3	3	3	2	2	2	2	2	1	2	2	6	4	3	3	1	1	2	2	4	4	2	1	1	1	4	4	2	2	4	4	2	1	2	2	2	2	2	1	3	3	4	3	4	1	1	1	2	1	2	1	2	1	2	2	3	3	2	1	2	1	3	3	2	2	3	2	4	2	2	2	1	1	3	2	2	2	2	1	1	1	2	2	3	3	3	2	4	4	2	2	3	3	2	2	2	2	2	1	3	2	3	2	2	2	3	3	3	3	2	2	5	3	1	1	2	2	2	2	2	1	2	2	2	1	3	3	3	3	3	2	3	3	2	2	2	1	1	1	3	3	2	2	2	2	3	2	5	5	3	3	5	5	5	3	2	2	2	1	1	1	1	1	3	1	3	2	1	1	1	1	4	4	1	1	1	1	1	1	1	1	3	3	3	3	3	3	4	4	2	1	2	2	1	1	3	3	4	4	1	1	2	2	2	2	2	2	2	2	3	1	3	3	2	2	2	2	2	1	2	2	2	2	3	3	3	3	2	2	2	1	3	3	2	2	2	2	3	1	3	3	2	1	3	3	3	2	2	1	2	2	2	2	2	2	3	3	3	3	2	2	3	3	2	1	3	3	4	4	4	4	3	1	2	2	1	1	1	1	2	2	2	2	3	1	1	1	1	1	3	3	5	5	4	3	3	1	1	1	2	1	1	1	3	3	1	1	3	3	3	2	2	2	2	1	2	2	4	4	3	3	2	2	3	3	2	2	3	1	4	3	2	2	3	2	2	2	3	3	3	2	3	3	2	1	3	2	3	3	3	1	2	2	3	3	1	1	3	2	2	2	2	2	3	3	3	3	2	2	1	1	3	3	2	1	3	2	1	1
22G.0339	1	1	2	1	4	1	1	1	2	2	1	1	1	1	2	2	3	3	5	5	2	1	2	2	2	2	4	4	4	4	2	2	2	1	3	1	3	3	3	3	3	3	3	3	3	3	2	2	2	2	3	3	2	2	2	2	2	2	1	1	3	2	4	4	2	2	3	3	3	2	3	3	3	3	3	3	2	2	1	1	3	3	2	2	2	1	4	3	3	3	2	2	3	3	3	3	4	4	2	2	2	2	2	2	3	3	2	2	2	2	3	3	2	2	1	1	2	2	3	3	1	1	2	1	2	2	2	1	2	1	3	2	2	2	2	2	3	3	2	1	2	1	2	2	2	2	1	1	3	3	2	2	2	1	4	2	1	1	2	1	2	2	2	2	3	2	2	1	3	3	1	1	3	2	3	2	2	2	4	4	3	2	2	2	2	1	2	2	2	2	1	1	7	7	3	2	1	1	1	1	3	1	4	4	1	1	4	2	3	3	4	4	1	1	1	1	2	2	3	3	3	3	4	3	2	1	2	2	2	1	2	2	2	2	2	1	1	1	2	2	3	3	3	2	3	3	3	3	4	4	3	2	2	1	2	2	1	1	2	2	2	2	3	3	3	3	2	2	4	1	2	1	1	1	2	2	2	2	2	2	3	3	3	3	2	2	3	3	3	3	2	2	3	1	3	3	3	2	3	3	2	1	2	1	3	3	3	1	3	3	1	1	3	1	2	1	3	2	2	2	4	4	1	1	2	1	3	1	5	3	3	3	1	1	5	2	3	2	2	2	2	2	1	1	2	2	3	3	1	1	1	1	5	5	2	2	2	1	2	2	1	1	3	2	3	3	2	1	4	3	2	1	2	2	3	3	3	3	5	4	3	1	2	2	2	1	1	1	2	2	3	3	2	2	2	1	3	3	3	3	2	1	3	3	3	3	3	3	2	2	1	1	2	2	2	2	2	2	3	1	4	4	2	2	3	3	4	2	3	3	2	2	3	3	1	1	3	3	3	3	3	3	3	1	2	2	3	3	2	2	5	5	2	1	3	1	3	3	1	1	2	1	2	1	3	1	2	2	1	1	4	4	2	2	4	2	3	3	3	3	1	1	1	1	5	5	2	2	5	5	3	2	2	2	2	1	2	2	3	2	2	2	4	4	2	2	2	2	2	2	3	3	2	1	3	3	2	1	3	3	3	3	3	2	1	1	2	2	3	3	1	1	1	1	4	4	1	1	3	3	4	4	4	4	2	2	3	3	2	2	3	3	1	1	3	3	3	3	1	1
22G.0370	1	1	3	2	3	1	3	1	2	2	3	3	3	3	3	3	1	1	2	2	3	3	3	3	2	2	4	4	0	0	3	3	1	1	0	0	3	3	0	0	3	3	3	3	3	3	2	1	2	2	3	2	1	1	3	1	2	1	1	1	3	2	4	1	3	3	1	1	3	3	2	2	3	3	3	3	3	3	1	1	3	3	2	1	2	2	3	3	1	1	2	1	3	3	3	3	3	3	1	1	2	1	1	1	1	1	2	2	4	4	3	1	2	2	2	1	2	2	3	3	2	2	0	0	1	1	3	2	3	2	4	4	1	1	2	1	4	4	2	2	1	1	0	0	2	2	5	5	1	1	2	2	0	0	4	1	3	3	2	2	2	2	2	1	0	0	1	1	2	2	1	1	2	2	2	2	1	1	2	2	2	2	1	1	2	2	2	1	2	2	1	1	4	4	0	0	1	1	2	2	2	2	4	1	1	1	4	4	2	2	4	4	2	2	1	1	2	2	3	2	1	1	4	1	3	3	1	1	2	1	3	3	2	1	1	1	0	0	0	0	3	3	3	3	2	1	2	2	4	4	3	3	1	1	3	3	1	1	2	2	2	2	3	1	1	1	3	3	1	1	2	2	1	1	1	1	0	0	1	1	3	3	3	3	1	1	3	3	4	4	0	0	1	1	3	3	3	3	1	1	1	1	2	2	0	0	1	1	3	3	2	1	3	3	2	2	3	3	2	1	3	3	1	1	2	2	3	3	3	3	3	3	2	2	5	1	3	2	2	2	2	2	2	2	3	3	3	3	2	2	2	1	4	4	1	1	1	1	2	2	3	2	3	3	1	1	0	0	4	2	2	2	2	2	2	2	3	1	4	4	1	1	2	2	0	0	1	1	2	2	3	2	3	2	2	1	1	1	1	1	2	1	1	1	3	1	2	2	0	0	2	2	0	0	2	2	2	1	3	3	4	4	2	1	3	3	0	0	1	1	1	1	2	2	2	1	3	1	3	3	2	2	3	3	3	3	2	2	4	4	2	1	2	2	1	1	2	2	0	0	2	2	3	1	3	1	1	1	2	2	0	0	0	0	3	2	4	2	0	0	3	2	2	1	1	1	2	2	4	3	2	2	2	1	2	2	2	2	3	3	0	0	4	2	2	2	1	1	1	1	4	4	2	2	3	3	2	1	3	3	3	3	3	3	1	1	2	2	2	2	3	3	2	1	4	4	2	2	1	1	4	4	0	0	2	1	3	3	0	0	3	3	3	1	3	3	2	2	2	2
22G.0409	1	1	3	3	4	1	2	2	2	1	1	1	1	1	4	2	2	2	3	1	3	3	2	1	2	1	2	2	2	1	2	2	2	1	3	1	3	3	1	1	3	3	3	3	1	1	2	2	2	2	4	4	2	1	3	2	2	2	2	1	3	3	1	1	3	1	1	1	3	3	3	3	3	3	3	2	1	1	1	1	3	3	1	1	2	2	5	5	3	3	2	2	1	1	1	1	3	3	1	1	2	2	2	2	2	1	2	2	4	4	3	1	2	2	2	2	3	3	3	3	2	2	2	2	2	2	3	1	2	2	4	2	3	2	1	1	4	4	2	2	1	1	1	1	2	2	3	1	2	2	2	2	3	1	2	2	3	3	2	2	3	3	2	2	1	1	1	1	3	3	2	1	2	2	2	2	2	1	2	2	2	2	3	3	2	2	2	2	2	2	1	1	2	1	3	3	1	1	2	2	2	2	4	4	1	1	2	2	1	1	4	4	1	1	2	2	2	2	2	2	3	3	2	2	4	3	2	1	1	1	3	3	1	1	1	1	2	2	2	1	3	1	3	3	2	1	2	2	3	3	3	2	2	2	2	2	1	1	2	1	3	2	1	1	3	3	3	3	4	4	1	1	3	1	2	2	3	2	2	2	3	2	3	3	2	2	3	3	1	1	2	1	4	4	3	3	2	2	2	2	1	1	2	2	1	1	1	1	2	2	3	2	3	1	2	1	2	2	2	2	3	3	2	2	2	1	3	3	5	1	3	1	4	4	5	5	1	1	2	2	1	1	1	1	3	3	3	1	1	1	1	1	5	5	2	2	2	2	2	1	3	1	2	2	2	2	2	2	3	3	2	2	2	2	4	3	2	2	5	5	3	3	2	1	2	2	1	1	1	1	3	3	3	3	2	1	3	2	3	3	2	2	2	2	3	1	3	2	2	2	2	2	3	3	2	2	1	1	1	1	4	4	3	3	3	1	3	2	3	1	2	2	4	4	1	1	3	3	3	3	3	3	3	2	3	3	3	1	2	2	2	1	3	1	3	1	2	1	2	2	2	2	2	1	1	1	2	1	1	1	3	3	2	2	5	4	3	1	3	2	2	2	2	2	4	1	2	2	3	3	2	2	2	2	2	2	2	2	4	1	4	3	2	1	2	2	2	2	2	2	1	1	2	2	2	2	2	1	3	3	3	1	3	3	2	2	2	2	2	2	1	1	1	1	4	3	2	2	2	2	3	3	4	1	2	2	3	3	3	3	4	4	3	3	3	2	3	1	2	2
22G.0423	2	2	3	3	4	4	2	2	2	2	1	1	3	3	4	4	2	2	2	2	3	3	1	1	2	2	2	2	1	1	2	2	3	2	3	3	3	3	1	1	1	1	3	1	1	1	3	2	2	1	3	3	2	2	2	1	2	1	2	2	3	3	5	4	2	1	2	2	2	2	3	2	3	3	3	2	3	2	1	1	3	3	2	1	2	2	3	3	3	3	2	2	2	1	3	3	4	3	1	1	2	1	2	2	3	3	2	2	4	4	3	3	2	1	2	1	3	3	4	3	3	2	3	3	2	2	2	2	4	2	2	2	3	3	2	1	1	1	3	2	2	2	1	1	3	3	1	1	2	1	2	1	3	2	2	2	3	3	2	1	3	3	2	2	2	2	2	2	3	1	2	2	3	2	3	3	2	2	2	2	3	2	3	3	3	3	2	2	2	1	2	1	7	4	3	3	1	1	2	2	4	1	2	2	2	2	2	2	3	1	2	2	2	2	2	1	2	1	1	1	3	3	3	3	3	3	2	2	1	1	3	3	2	2	3	3	2	2	1	1	3	3	3	3	2	2	3	3	2	1	3	3	1	1	3	3	2	2	2	2	4	4	3	3	2	2	2	2	4	4	2	2	1	1	1	1	2	2	2	1	3	3	3	3	1	1	3	3	4	3	2	2	2	1	3	3	2	1	3	3	1	1	2	1	2	2	1	1	2	2	3	3	3	3	1	1	1	1	2	2	4	4	2	2	2	2	3	2	3	3	3	3	5	5	2	2	2	2	2	1	2	2	1	1	2	1	3	2	1	1	1	1	2	2	1	1	2	1	2	1	2	2	3	3	1	1	3	3	3	3	3	3	1	1	5	3	2	2	5	3	1	1	2	2	2	1	2	2	2	2	3	3	3	3	2	2	3	3	3	3	2	2	3	1	3	3	3	2	2	2	2	2	3	3	2	1	2	2	3	3	3	3	3	2	3	3	4	4	2	2	2	2	2	1	2	1	3	3	3	3	3	2	3	3	3	2	5	3	2	1	4	1	1	1	3	2	2	2	2	2	2	2	2	2	1	1	2	2	2	1	3	3	5	5	4	4	2	2	3	3	1	1	2	2	5	5	2	2	3	3	3	3	2	1	2	1	2	2	4	2	4	4	4	2	2	2	2	2	3	3	3	1	2	2	3	3	3	3	4	4	3	3	3	3	2	1	2	2	3	1	3	3	2	1	4	4	2	1	3	3	4	3	4	4	2	2	3	2	3	2	3	1	3	3	3	3	2	1	3	3
23G.0002	2	1	3	3	3	2	1	1	1	1	1	1	3	3	4	3	2	1	3	1	3	2	2	1	2	2	2	2	1	1	3	3	2	1	2	2	3	3	3	3	3	3	3	3	3	3	3	3	2	1	3	3	2	2	3	3	1	1	2	2	2	2	5	4	2	2	3	2	3	2	3	3	3	2	4	4	1	1	1	1	3	3	2	2	3	3	3	2	1	1	2	2	3	1	3	3	4	3	3	3	2	2	3	3	3	3	2	2	4	4	3	3	2	2	2	2	3	2	3	1	3	3	2	2	3	2	1	1	3	3	4	1	2	2	1	1	4	3	2	2	1	1	2	2	2	2	1	1	1	1	3	2	3	3	2	2	3	3	2	2	3	3	2	1	2	2	1	1	3	1	2	2	3	3	2	2	2	2	2	1	2	2	3	1	1	1	1	1	2	1	1	1	7	7	2	2	1	1	2	1	2	1	1	1	2	2	4	2	3	3	2	1	2	2	2	2	2	2	4	2	2	2	4	4	1	1	1	1	1	1	3	3	1	1	1	1	3	1	1	1	2	1	3	3	1	1	3	2	3	2	3	3	2	2	3	2	1	1	2	1	3	2	3	2	3	3	2	2	2	2	2	1	3	1	2	1	2	2	2	1	3	3	3	3	2	2	3	3	3	3	2	2	4	4	3	3	2	2	2	2	2	1	2	1	3	3	3	3	3	3	3	3	2	2	2	2	3	3	2	2	4	4	1	1	2	2	3	1	2	2	2	1	2	1	5	5	2	1	2	2	1	1	2	1	1	1	3	3	2	2	1	1	5	4	1	1	2	2	2	1	2	2	3	3	3	3	3	3	3	3	2	2	2	1	5	2	2	1	4	4	2	2	2	2	2	2	2	2	1	1	3	1	2	2	2	2	3	2	3	3	1	1	2	1	3	1	3	3	2	2	2	1	3	3	2	2	2	1	3	3	4	4	2	2	3	3	4	4	3	2	2	1	2	2	1	1	2	2	3	3	3	3	3	3	2	2	3	2	2	2	2	1	3	3	2	1	1	1	2	1	2	2	2	2	3	1	2	2	2	2	3	3	5	5	2	2	4	3	3	2	3	1	1	1	2	2	1	1	4	4	3	2	3	3	2	2	2	1	4	3	4	3	4	4	3	2	1	1	2	2	1	1	2	2	3	3	3	3	2	2	3	3	1	1	3	2	3	3	2	2	3	2	3	1	3	3	3	3	2	2	4	2	4	1	3	1	3	2	3	3	3	1	3	3	3	3	3	2	2	1
23G.0005	1	1	1	1	4	1	3	2	2	2	1	1	3	3	3	3	3	3	3	3	3	1	2	2	2	2	2	1	2	2	3	2	2	1	3	1	3	1	3	1	3	3	3	3	3	1	3	3	2	1	4	3	2	2	2	2	2	2	1	1	2	2	5	4	3	3	3	2	2	2	3	3	3	3	4	4	3	3	3	3	3	3	2	2	2	2	3	3	1	1	2	2	3	3	1	1	3	2	1	1	3	2	2	2	3	3	2	2	4	2	3	3	3	2	2	1	2	2	1	1	2	1	2	2	2	2	3	1	4	4	2	2	1	1	2	2	2	1	2	2	2	2	2	2	3	3	3	3	2	2	1	1	3	3	2	2	2	2	2	2	3	3	2	1	2	2	3	1	3	1	2	2	3	3	3	2	2	2	2	2	2	2	3	3	2	2	2	2	1	1	2	1	7	7	3	3	1	1	1	1	2	2	4	3	1	1	4	4	1	1	4	4	2	1	1	1	2	2	4	4	3	3	3	3	3	3	2	2	1	1	3	3	2	2	1	1	2	2	2	2	2	2	2	1	3	3	3	3	4	4	2	2	1	1	3	3	2	2	2	2	2	2	2	1	3	3	3	3	4	4	2	2	1	1	2	2	3	3	2	1	3	1	2	2	2	2	2	2	3	3	2	2	3	3	3	3	3	3	2	2	1	1	2	2	2	2	3	1	2	1	2	2	2	2	2	2	2	2	2	1	3	3	2	1	2	2	3	1	5	5	3	3	3	3	4	2	2	2	2	2	2	2	2	2	3	2	2	2	1	1	2	2	4	4	1	1	2	1	2	2	2	2	3	3	2	2	3	2	4	3	2	1	2	1	3	3	3	3	2	1	3	3	1	1	2	2	1	1	1	1	3	3	3	3	2	2	1	1	2	2	1	1	2	1	3	3	2	2	1	1	2	2	1	1	2	2	1	1	3	3	4	4	3	3	3	3	4	3	1	1	2	2	3	3	2	2	2	1	3	1	2	2	3	3	3	3	5	3	4	4	2	2	3	3	1	1	1	1	2	2	2	2	2	1	3	3	2	2	2	2	3	3	5	5	4	3	3	3	3	2	2	1	2	2	1	1	2	2	5	2	3	3	2	2	2	2	2	2	4	4	4	4	4	4	3	3	2	2	2	2	3	3	2	2	3	3	3	3	4	3	3	2	3	3	2	2	2	2	2	2	3	1	1	1	3	3	3	2	3	2	3	3	2	2	2	1	2	2	3	3	2	2	1	1	3	3	2	2	2	2
23G.0006	2	2	2	2	4	4	3	1	1	1	3	3	3	3	4	4	2	2	3	3	3	2	2	2	2	2	4	4	2	1	3	3	3	3	2	2	2	1	2	2	3	3	2	2	3	1	2	2	1	1	3	3	2	2	3	1	2	2	2	1	2	2	4	2	3	2	2	1	2	2	3	3	3	3	3	3	3	1	3	1	3	3	2	1	3	2	4	4	1	1	2	2	1	1	3	3	4	4	1	1	2	2	3	1	3	1	2	2	3	3	3	3	1	1	2	2	2	2	4	1	1	1	3	2	2	2	2	1	2	1	3	1	3	3	2	2	4	4	2	2	1	1	2	1	2	2	3	1	2	2	2	1	3	3	2	1	3	3	2	1	2	1	2	1	2	2	1	1	3	3	2	1	3	3	2	2	2	2	1	1	2	2	1	1	3	1	2	2	2	2	1	1	4	2	2	2	1	1	2	1	2	2	3	1	1	1	4	3	3	2	2	2	3	3	1	1	2	2	4	3	1	1	4	1	3	3	2	2	2	2	2	2	2	2	3	3	1	1	1	1	3	3	2	2	2	1	3	3	4	1	3	3	2	2	3	2	2	2	2	2	3	3	3	1	3	3	2	2	4	2	1	1	1	1	2	2	2	2	2	1	2	2	3	3	1	1	3	2	2	1	2	1	5	1	2	1	3	2	3	3	2	1	2	2	2	2	3	1	3	3	2	2	3	2	2	2	2	2	2	2	4	3	2	2	2	2	3	3	2	2	3	1	4	4	4	2	2	2	2	2	2	1	1	1	2	2	3	3	1	1	3	3	5	4	1	1	2	2	2	2	1	1	2	2	3	3	3	3	4	4	3	3	2	1	5	2	2	1	4	4	3	1	2	2	2	2	2	2	2	2	3	3	2	1	1	1	3	3	3	3	2	2	3	1	3	2	3	2	2	2	2	2	3	3	2	2	3	2	3	1	4	4	2	1	3	3	4	4	3	3	2	2	2	2	3	1	3	3	3	3	2	2	3	3	2	2	5	3	4	4	2	2	2	1	2	2	1	1	2	1	2	2	2	2	3	3	2	2	2	2	3	3	5	5	4	4	4	2	3	3	3	3	1	1	5	1	2	2	2	2	2	2	1	1	2	2	2	2	4	3	3	3	2	2	3	3	2	2	2	2	1	1	2	2	3	1	3	1	2	2	3	3	2	2	3	1	4	2	3	2	3	3	2	1	5	5	2	2	1	1	3	3	4	2	3	3	2	2	3	1	1	1	2	2	3	3	3	3	2	1
23G.0007	2	2	3	2	4	4	3	3	2	1	2	2	3	3	4	4	1	1	2	2	3	3	2	1	2	2	4	1	4	4	3	3	2	2	2	1	4	4	2	2	3	3	3	3	3	3	2	2	2	2	3	3	2	2	3	1	1	1	2	2	3	3	4	4	3	2	2	2	2	2	3	2	3	3	3	2	3	2	3	3	3	3	2	2	2	2	3	2	3	3	2	2	3	3	3	3	3	2	1	1	2	2	3	2	2	2	2	2	4	4	2	2	2	1	2	2	3	1	3	1	1	1	2	2	1	1	3	1	4	4	3	2	2	2	1	1	2	2	2	2	2	2	2	1	2	2	3	3	2	2	2	1	3	1	3	3	2	2	1	1	3	2	1	1	2	2	1	1	3	3	1	1	3	1	3	3	1	1	1	1	3	2	2	2	3	2	2	1	2	1	1	1	7	1	0	0	1	1	2	2	3	2	2	1	3	1	4	4	2	1	4	4	2	2	2	1	2	2	3	1	3	3	4	3	1	1	2	2	2	1	2	2	2	2	3	2	2	2	2	2	3	2	3	3	1	1	3	3	4	1	3	3	2	2	2	2	2	1	2	1	2	2	1	1	3	3	3	3	4	4	2	1	2	2	1	1	3	3	2	2	3	3	3	2	2	1	2	2	3	3	2	2	1	1	3	3	3	3	2	1	1	1	1	1	2	2	3	1	3	3	2	2	2	1	1	1	2	2	2	2	4	4	2	2	1	1	3	2	2	2	1	1	4	4	4	2	2	2	2	2	2	2	2	1	2	1	3	3	2	1	2	2	5	5	2	1	2	2	2	2	2	2	3	3	1	1	3	3	4	4	2	1	2	2	3	1	3	3	3	3	1	1	2	2	2	1	2	1	2	2	3	2	2	2	2	2	3	3	3	3	2	1	1	1	3	1	3	3	1	1	2	1	2	1	2	2	3	3	3	3	4	4	2	2	3	3	4	4	1	1	2	2	4	2	2	2	3	2	3	3	2	2	3	3	2	2	2	2	4	4	4	2	2	2	3	1	1	1	2	1	2	2	2	2	3	2	2	1	1	1	3	3	0	0	4	4	3	2	3	2	1	1	1	1	1	1	2	2	5	3	2	1	3	3	2	2	2	2	4	1	3	3	4	4	2	1	1	1	3	3	3	1	2	2	3	3	3	3	3	1	3	3	2	2	1	1	4	2	3	3	3	3	2	2	4	4	2	2	3	3	4	2	1	1	2	2	2	2	1	1	3	3	3	3	3	3	2	1	1	1
23G.0008	2	1	3	1	4	4	3	3	2	2	3	3	3	3	4	4	1	1	2	2	3	1	1	1	1	1	4	4	4	4	2	2	2	2	2	1	3	3	3	2	3	1	1	1	1	1	3	3	2	2	3	3	1	1	2	2	2	2	2	2	3	1	5	5	2	2	3	1	3	3	2	1	3	3	3	3	3	2	3	3	3	3	2	2	2	2	4	3	1	1	2	2	2	2	3	1	3	2	2	2	3	3	2	2	3	3	2	2	4	4	3	3	2	1	1	1	3	2	3	3	1	1	2	2	2	1	3	3	2	2	1	1	1	1	2	2	4	4	1	1	1	1	2	2	2	2	3	1	3	3	2	2	3	2	2	1	2	1	2	1	3	2	3	2	2	2	3	1	3	3	1	1	2	2	2	2	2	1	4	4	2	2	3	1	3	3	2	1	2	1	2	2	7	6	3	3	1	1	1	1	2	2	3	3	1	1	3	3	3	3	2	2	3	3	2	2	2	2	3	3	3	1	3	3	3	3	2	1	1	1	2	2	1	1	2	1	3	2	1	1	2	2	3	2	3	1	3	3	1	1	3	3	2	2	3	2	1	1	2	2	2	1	1	1	3	3	3	2	4	4	3	2	2	2	2	1	2	2	1	1	3	3	3	3	2	2	2	2	2	1	2	2	4	4	1	1	3	3	2	2	2	2	2	2	3	2	3	3	3	2	3	2	3	1	2	2	1	1	2	1	4	4	1	1	1	1	3	3	2	2	3	3	2	2	5	5	2	2	2	2	1	1	1	1	2	2	3	3	2	2	2	1	5	5	2	1	1	1	2	1	3	3	3	2	1	1	3	3	4	4	2	2	2	2	3	3	2	2	4	4	3	3	2	1	2	2	2	2	2	1	2	1	3	1	2	2	2	1	1	1	2	2	2	2	3	3	2	2	2	2	2	2	2	2	4	2	3	3	3	3	4	4	2	2	3	3	2	2	3	3	2	2	3	3	2	2	3	3	3	3	3	3	3	3	2	2	2	2	2	2	2	2	3	3	3	1	2	2	1	1	2	1	2	2	3	3	1	1	2	2	4	4	5	2	4	4	4	4	3	3	1	1	2	2	1	1	2	2	5	3	2	1	1	1	2	1	2	2	4	2	3	3	2	2	3	3	2	2	2	2	3	3	2	2	3	3	2	1	3	3	3	3	3	3	1	1	2	2	2	2	3	3	2	1	3	2	1	1	2	2	4	4	2	2	3	3	3	3	3	2	4	1	3	3	3	3	3	3	2	1
23G.0010	2	2	3	2	4	4	3	2	2	2	3	3	3	3	4	3	1	1	3	2	2	2	2	2	2	2	4	1	2	2	3	3	2	2	2	1	1	1	4	4	4	1	3	3	3	1	2	2	2	2	3	1	2	2	2	2	2	2	1	1	2	2	4	4	2	2	2	2	2	2	3	3	3	2	3	3	2	1	1	1	3	3	1	1	3	2	5	4	2	2	1	1	3	3	3	3	4	3	3	1	2	2	2	2	3	3	2	1	4	4	3	1	3	1	2	2	2	1	3	3	3	1	2	2	3	3	3	1	4	4	2	2	3	3	2	2	4	4	3	3	2	2	1	1	3	3	3	3	1	1	1	1	2	2	3	2	3	1	2	1	3	2	2	2	2	2	3	1	3	3	1	1	3	3	3	2	2	2	1	1	2	2	2	2	2	2	1	1	2	1	2	2	4	4	3	3	2	2	2	2	3	2	2	2	3	3	4	1	3	1	2	2	2	2	2	2	2	1	2	2	3	3	3	3	1	1	2	1	2	1	2	2	2	2	3	2	1	1	1	1	3	3	3	1	2	2	3	3	4	4	3	3	1	1	3	3	1	1	2	1	4	4	3	2	3	3	1	1	4	4	2	1	2	1	1	1	3	1	2	2	2	2	3	1	2	1	2	2	2	1	2	2	4	3	3	1	3	3	1	1	2	1	2	2	3	2	3	3	3	2	2	1	3	3	2	2	3	3	2	2	3	1	2	2	2	2	3	3	5	2	2	2	4	1	4	2	2	2	2	2	2	2	1	1	2	2	2	2	2	2	3	1	4	2	1	1	2	2	2	2	2	2	3	3	1	1	3	1	4	4	3	3	2	2	5	1	3	3	5	1	3	1	2	2	2	2	2	2	2	2	2	2	1	1	2	2	2	1	3	3	2	1	2	1	3	3	3	3	2	2	2	1	3	1	3	3	2	2	3	1	4	4	3	2	3	1	3	3	3	3	2	2	3	2	3	3	1	1	3	3	2	2	3	2	3	2	3	3	4	4	4	1	2	2	3	3	1	1	1	1	2	1	1	1	1	1	2	1	2	2	4	3	5	2	4	4	1	1	3	3	3	3	1	1	1	1	2	2	2	2	2	2	3	3	2	2	2	2	4	4	2	1	4	4	2	2	2	2	3	3	3	3	1	1	3	3	3	3	2	1	3	3	2	2	3	3	4	2	3	2	3	3	3	1	3	3	2	2	3	1	3	3	4	4	2	2	3	2	2	2	4	3	3	3	3	2	2	2	1	1
23G.0011	2	2	2	2	4	4	1	1	2	1	1	1	4	3	3	3	1	1	1	1	3	3	2	2	1	1	4	4	2	1	3	2	2	2	3	2	4	2	3	3	3	3	3	3	1	1	3	3	1	1	3	1	2	2	3	3	2	2	1	1	3	2	5	4	4	4	1	1	2	2	2	2	3	2	3	3	3	1	3	3	2	2	2	2	2	2	2	2	2	1	2	2	3	3	3	3	4	4	2	1	3	3	3	3	3	1	2	2	4	1	3	3	3	3	2	1	3	3	4	3	3	1	2	2	2	2	3	2	4	2	2	2	3	2	1	1	3	3	2	1	2	2	1	1	3	3	5	1	4	2	2	2	2	2	2	1	3	1	2	2	3	3	1	1	2	2	2	1	3	3	3	3	3	3	3	3	2	1	2	1	1	1	3	3	2	1	2	2	2	1	2	1	4	4	3	3	1	1	2	2	2	2	3	1	3	3	1	1	1	1	2	2	3	3	2	2	2	2	3	1	3	3	3	2	3	3	2	2	2	1	2	2	2	2	2	2	2	2	2	2	2	2	3	1	3	1	3	2	1	1	3	3	1	1	2	2	1	1	2	2	3	1	2	1	2	2	2	1	4	2	2	2	2	1	1	1	2	2	2	1	3	3	3	3	1	1	3	3	4	4	2	2	4	4	3	1	2	2	3	3	1	1	2	1	2	1	3	3	2	2	1	1	2	2	2	1	3	2	2	1	3	3	1	1	1	1	3	3	3	3	3	3	2	2	2	2	2	2	2	2	2	1	2	1	3	1	3	3	2	1	3	3	5	5	1	1	2	2	2	2	3	3	2	2	3	3	2	2	4	3	3	2	2	2	3	3	3	1	5	5	3	3	1	1	1	1	2	1	2	2	3	3	3	3	1	1	2	2	1	1	2	2	2	2	3	3	3	3	1	1	1	1	2	2	4	3	3	3	3	3	4	4	1	1	3	3	3	1	2	2	2	2	2	2	2	2	3	3	3	3	3	3	2	1	2	1	3	3	2	2	5	5	2	2	1	1	2	2	2	2	2	2	2	2	2	2	2	2	2	1	4	4	2	2	2	2	3	1	3	2	1	1	1	1	1	1	1	1	5	5	3	3	2	1	2	2	2	1	4	2	4	2	4	4	3	2	2	2	2	2	1	1	2	2	3	3	1	1	3	3	2	2	3	3	1	1	2	2	2	2	3	3	2	2	4	4	2	2	3	3	4	4	4	1	2	1	3	3	3	3	1	1	3	1	3	3	2	1	2	1
23G.0013	2	1	1	1	4	4	2	1	2	1	1	1	4	1	4	4	2	2	3	3	3	3	2	1	2	1	2	2	1	1	3	2	3	1	2	2	3	3	3	3	3	3	3	1	1	1	3	2	2	2	3	1	1	1	1	1	2	2	2	2	3	2	1	1	2	2	1	1	3	3	2	2	2	2	3	3	3	3	2	2	3	3	2	1	2	1	3	3	2	2	1	1	3	1	2	2	4	3	3	3	1	1	3	2	2	1	2	2	2	1	3	3	2	2	2	1	3	2	2	2	2	2	3	1	1	1	3	2	4	4	3	1	3	3	2	2	3	1	2	2	2	2	2	1	2	2	5	1	3	2	2	2	3	3	1	1	1	1	2	1	3	1	2	2	2	2	3	3	1	1	1	1	3	2	2	1	2	1	2	2	2	2	3	1	3	1	1	1	2	1	1	1	6	6	1	1	1	1	2	2	4	3	2	2	1	1	4	4	3	2	4	4	2	1	2	1	1	1	4	4	3	3	4	1	3	3	2	2	2	2	3	2	2	2	1	1	1	1	2	2	3	3	3	3	1	1	2	2	4	3	3	2	1	1	2	2	2	2	1	1	2	1	2	2	1	1	3	3	4	1	2	1	1	1	2	1	2	2	1	1	3	3	2	2	2	2	3	2	3	3	1	1	3	1	3	3	3	2	2	2	2	2	2	2	3	1	3	3	3	2	2	2	1	1	2	1	2	2	1	1	3	3	2	2	2	1	3	2	1	1	2	2	4	4	2	2	3	2	2	2	1	1	2	1	2	2	3	2	1	1	2	2	4	4	1	1	2	2	2	2	2	1	3	3	1	1	3	3	4	2	3	2	2	2	5	5	2	1	4	4	1	1	2	2	1	1	1	1	2	2	3	2	3	3	2	1	3	3	2	1	2	1	2	2	3	3	3	3	2	2	1	1	2	1	2	2	2	2	3	1	4	3	3	3	3	3	3	3	2	2	2	2	2	2	2	2	3	1	3	2	2	2	3	3	2	2	4	2	4	2	4	4	3	3	3	3	2	2	2	1	2	1	2	2	1	1	1	1	1	1	3	3	5	5	3	3	4	4	3	2	3	1	2	1	2	2	2	2	4	4	2	2	1	1	2	1	2	2	2	2	4	4	2	2	3	3	2	2	3	2	3	3	2	2	1	1	1	1	3	3	3	3	3	3	2	1	2	2	2	2	3	3	2	2	4	4	2	1	3	3	4	1	4	4	3	3	3	3	2	2	4	4	1	1	2	1	2	2	1	1
23G.0014	2	1	2	2	4	4	3	3	1	1	3	3	3	3	4	3	3	3	5	2	3	2	2	2	2	2	2	2	4	4	3	3	2	1	3	3	4	4	3	3	3	2	3	3	3	1	3	3	2	1	4	4	2	2	2	2	2	1	1	1	3	3	4	4	3	3	1	1	3	3	3	3	2	2	4	3	3	2	1	1	3	3	2	2	2	2	4	4	3	1	2	2	3	3	2	1	4	4	1	1	2	1	2	1	3	2	2	2	4	4	3	3	3	3	2	2	2	2	4	3	1	1	3	3	2	2	2	1	4	4	2	2	3	3	2	2	3	3	3	3	2	2	1	1	3	3	5	3	2	2	2	1	2	1	2	1	1	1	2	1	3	2	1	1	2	1	3	3	3	1	1	1	3	2	3	2	2	2	2	1	3	3	2	2	3	2	2	2	2	2	2	1	7	3	3	2	2	2	2	2	2	2	2	1	1	1	4	4	3	3	2	2	2	1	1	1	1	1	2	1	3	3	4	3	4	4	2	2	1	1	1	1	2	2	1	1	1	1	2	2	3	2	2	2	3	3	2	2	4	3	2	1	1	1	3	2	1	1	2	2	3	3	2	2	3	3	3	3	4	4	2	2	2	2	2	2	2	1	2	1	3	3	3	1	2	2	2	2	3	3	2	2	3	3	1	1	3	3	1	1	2	2	2	2	2	2	3	3	2	2	2	1	2	1	2	2	2	1	2	2	3	3	2	2	2	2	3	3	2	2	2	2	3	3	5	2	2	2	2	1	2	2	3	1	3	3	3	2	2	2	1	1	4	4	1	1	1	1	2	2	3	2	3	3	3	3	3	3	4	4	2	2	2	2	3	3	2	1	3	3	3	3	2	2	2	1	2	2	1	1	2	1	3	3	2	2	2	1	1	1	2	2	2	2	2	2	3	3	1	1	2	2	2	1	2	2	2	2	3	3	4	4	2	1	3	3	4	3	3	1	2	2	4	4	1	1	3	3	3	3	3	3	3	2	3	1	3	3	4	2	1	1	1	1	2	2	1	1	2	1	2	2	1	1	1	1	2	1	2	2	3	3	2	2	4	4	3	3	3	3	2	1	1	1	1	1	2	2	2	2	2	2	1	1	2	2	2	2	3	3	4	4	2	2	2	2	2	2	2	2	3	3	2	2	3	1	2	1	3	1	2	2	3	3	1	1	2	2	3	2	3	1	3	3	4	2	2	2	3	3	4	1	4	2	1	1	2	1	3	2	3	3	1	1	3	3	3	3	2	1
23G.0015	2	1	3	3	4	1	3	3	1	1	3	3	3	3	4	4	1	1	2	2	2	2	2	2	1	1	4	2	4	4	3	3	2	2	2	2	3	3	2	1	3	1	3	3	3	3	3	3	2	1	4	4	2	2	3	1	2	2	2	2	2	2	5	5	3	3	1	1	3	3	3	3	3	2	3	3	2	2	3	3	3	3	2	2	2	2	5	4	2	1	2	2	3	3	2	1	3	2	2	2	2	2	2	2	2	2	2	2	4	2	3	3	2	2	1	1	2	2	3	3	3	3	2	2	2	2	3	3	4	2	2	2	3	3	2	1	3	3	2	2	2	2	2	2	3	3	3	3	3	2	2	2	3	3	4	2	2	1	2	1	2	2	2	2	2	1	3	3	3	1	3	1	2	2	3	3	2	2	2	1	3	3	2	2	3	3	2	2	2	2	2	1	4	2	3	2	1	1	1	1	2	2	4	4	1	1	2	2	1	1	1	1	1	1	1	1	2	2	3	3	3	3	3	3	3	3	2	1	2	2	3	3	1	1	1	1	1	1	2	2	3	2	1	1	3	2	3	2	1	1	3	3	2	2	3	3	1	1	2	2	3	3	3	3	3	1	2	2	4	4	2	1	3	3	2	1	2	2	2	2	3	2	3	3	2	2	3	3	4	4	1	1	4	3	3	3	2	2	1	1	2	2	2	2	2	2	3	3	2	2	2	1	3	3	1	1	1	1	2	1	3	3	2	1	2	2	3	3	2	2	2	2	3	2	5	4	2	2	2	1	2	2	2	1	2	2	3	2	2	2	1	1	5	4	2	2	1	1	2	2	1	1	3	2	3	3	3	2	4	4	3	3	2	1	1	1	2	2	5	5	3	3	1	1	2	1	1	1	1	1	3	1	3	1	2	1	3	3	3	3	2	1	2	2	3	3	3	3	2	2	2	2	1	1	2	2	3	3	3	3	4	3	3	3	3	1	4	4	1	1	2	2	4	4	1	1	3	3	3	2	2	2	3	3	3	3	3	3	3	3	4	2	1	1	1	1	1	1	2	2	2	2	1	1	3	3	2	2	2	2	3	3	2	2	4	4	2	1	1	1	1	1	2	2	1	1	2	1	5	5	3	3	1	1	2	2	2	1	4	2	4	3	4	4	3	2	1	1	2	2	3	3	1	1	3	1	3	1	3	2	3	3	3	1	1	1	4	4	3	3	3	3	3	2	3	1	3	3	3	3	4	3	2	2	1	1	3	1	2	2	3	2	2	2	3	3	1	1	2	2
23G.0020	2	2	3	3	4	4	1	1	1	1	3	3	3	3	3	3	1	1	3	3	3	1	2	2	2	1	4	4	2	2	3	3	2	2	2	1	3	3	3	3	3	3	3	1	3	1	3	3	2	2	2	1	2	2	2	2	2	2	2	1	2	2	4	4	3	3	4	4	2	2	2	2	3	2	4	4	3	3	1	1	3	1	2	2	2	2	5	5	2	2	2	2	3	1	1	1	3	3	2	1	1	1	3	2	3	3	2	2	4	1	2	2	3	3	2	1	3	2	1	1	2	2	3	3	2	1	2	1	2	2	4	2	3	3	2	1	3	3	2	2	1	1	2	2	3	2	3	3	2	2	2	2	3	3	2	2	2	2	2	2	3	3	2	2	2	2	2	2	3	3	1	1	2	2	2	2	1	1	2	2	2	1	2	1	3	1	2	2	2	2	2	2	7	7	3	3	1	1	2	1	2	1	1	1	3	3	3	3	2	2	2	2	2	1	2	1	1	1	3	3	3	1	4	4	1	1	2	1	2	1	2	2	1	1	3	3	3	1	1	1	3	3	3	1	2	2	2	2	4	4	3	3	2	2	3	2	2	2	2	2	4	4	2	2	3	2	2	1	5	4	2	1	1	1	1	1	2	2	1	1	2	2	3	3	1	1	3	3	3	3	2	2	5	5	3	3	2	2	3	1	2	2	2	2	3	3	3	3	3	3	3	2	1	1	2	1	2	2	1	1	3	3	1	1	1	1	3	3	4	4	2	1	4	4	5	4	2	2	1	1	2	1	3	1	3	3	2	2	1	1	2	1	2	2	1	1	2	2	2	2	2	2	2	2	1	1	3	1	4	4	3	3	2	2	5	5	3	1	5	5	3	3	2	2	1	1	1	1	1	1	1	1	3	3	2	2	3	3	3	1	1	1	3	2	3	3	3	3	2	2	2	1	3	3	2	2	2	1	2	1	3	3	3	3	3	1	3	3	3	3	2	2	3	3	2	2	3	3	3	3	3	3	3	3	2	2	3	3	3	3	2	1	3	3	1	1	2	1	2	2	2	2	1	1	3	3	2	2	2	2	3	2	5	2	1	1	3	3	2	2	2	1	2	1	2	1	2	2	5	2	2	2	1	1	2	2	2	2	1	1	3	3	2	2	1	1	1	1	3	3	3	3	2	2	1	1	3	1	2	2	3	1	2	1	1	1	4	4	3	3	3	3	3	1	4	4	3	1	3	3	3	3	4	2	2	1	2	2	3	1	2	2	2	2	2	2	2	2	1	1
